rank,oracle_cumsum,pto_cumsum,pair_rank_cumsum,random_cumsum,pto_regret,pair_rank_regret,random_regret
1,23.0,13.0,1.0,2.0,10.0,22.0,21.0
2,45.0,23.0,11.0,6.0,22.0,34.0,39.0
3,67.0,32.0,22.0,6.0,35.0,45.0,61.0
4,88.0,38.0,26.0,13.0,50.0,62.0,75.0
5,109.0,46.0,36.0,25.0,63.0,73.0,84.0
6,130.0,51.0,42.0,38.0,79.0,88.0,92.0
7,150.0,64.0,53.0,38.0,86.0,97.0,112.0
8,170.0,71.0,59.0,49.0,99.0,111.0,121.0
9,190.0,79.0,62.0,49.0,111.0,128.0,141.0
10,210.0,87.0,72.0,49.0,123.0,138.0,161.0
11,230.0,94.0,77.0,51.0,136.0,153.0,179.0
12,249.0,104.0,85.0,60.0,145.0,164.0,189.0
13,268.0,112.0,96.0,71.0,156.0,172.0,197.0
14,287.0,122.0,104.0,77.0,165.0,183.0,210.0
15,306.0,128.0,113.0,78.0,178.0,193.0,228.0
16,325.0,134.0,121.0,80.0,191.0,204.0,245.0
17,344.0,146.0,133.0,81.0,198.0,211.0,263.0
18,363.0,147.0,147.0,84.0,216.0,216.0,279.0
19,382.0,161.0,162.0,95.0,221.0,220.0,287.0
20,401.0,167.0,164.0,98.0,234.0,237.0,303.0
21,420.0,178.0,165.0,99.0,242.0,255.0,321.0
22,439.0,188.0,177.0,109.0,251.0,262.0,330.0
23,458.0,191.0,187.0,109.0,267.0,271.0,349.0
24,477.0,197.0,188.0,110.0,280.0,289.0,367.0
25,496.0,208.0,190.0,117.0,288.0,306.0,379.0
26,515.0,219.0,202.0,117.0,296.0,313.0,398.0
27,534.0,222.0,208.0,131.0,312.0,326.0,403.0
28,552.0,223.0,215.0,131.0,329.0,337.0,421.0
29,570.0,232.0,228.0,141.0,338.0,342.0,429.0
30,588.0,245.0,238.0,147.0,343.0,350.0,441.0
31,606.0,259.0,248.0,150.0,347.0,358.0,456.0
32,624.0,263.0,251.0,161.0,361.0,373.0,463.0
33,642.0,271.0,265.0,171.0,371.0,377.0,471.0
34,660.0,275.0,272.0,171.0,385.0,388.0,489.0
35,678.0,284.0,278.0,175.0,394.0,400.0,503.0
36,696.0,286.0,287.0,177.0,410.0,409.0,519.0
37,714.0,302.0,296.0,188.0,412.0,418.0,526.0
38,732.0,317.0,308.0,191.0,415.0,424.0,541.0
39,750.0,328.0,315.0,192.0,422.0,435.0,558.0
40,768.0,340.0,325.0,195.0,428.0,443.0,573.0
41,786.0,341.0,339.0,205.0,445.0,447.0,581.0
42,804.0,346.0,339.0,213.0,458.0,465.0,591.0
43,822.0,355.0,343.0,223.0,467.0,479.0,599.0
44,840.0,367.0,351.0,240.0,473.0,489.0,600.0
45,858.0,376.0,351.0,250.0,482.0,507.0,608.0
46,876.0,390.0,357.0,257.0,486.0,519.0,619.0
47,894.0,403.0,364.0,260.0,491.0,530.0,634.0
48,912.0,413.0,376.0,262.0,499.0,536.0,650.0
49,930.0,413.0,379.0,266.0,517.0,551.0,664.0
50,948.0,415.0,386.0,266.0,533.0,562.0,682.0
51,965.0,420.0,396.0,272.0,545.0,569.0,693.0
52,982.0,427.0,411.0,283.0,555.0,571.0,699.0
53,999.0,429.0,421.0,283.0,570.0,578.0,716.0
54,1016.0,440.0,430.0,285.0,576.0,586.0,731.0
55,1033.0,451.0,441.0,286.0,582.0,592.0,747.0
56,1050.0,461.0,442.0,288.0,589.0,608.0,762.0
57,1067.0,475.0,449.0,295.0,592.0,618.0,772.0
58,1084.0,478.0,455.0,297.0,606.0,629.0,787.0
59,1101.0,487.0,462.0,297.0,614.0,639.0,804.0
60,1118.0,498.0,468.0,297.0,620.0,650.0,821.0
61,1135.0,506.0,470.0,298.0,629.0,665.0,837.0
62,1152.0,517.0,481.0,298.0,635.0,671.0,854.0
63,1169.0,531.0,490.0,300.0,638.0,679.0,869.0
64,1186.0,542.0,501.0,301.0,644.0,685.0,885.0
65,1203.0,552.0,507.0,301.0,651.0,696.0,902.0
66,1220.0,563.0,515.0,304.0,657.0,705.0,916.0
67,1237.0,566.0,524.0,304.0,671.0,713.0,933.0
68,1254.0,578.0,531.0,304.0,676.0,723.0,950.0
69,1271.0,588.0,531.0,305.0,683.0,740.0,966.0
70,1288.0,598.0,541.0,305.0,690.0,747.0,983.0
71,1305.0,603.0,543.0,305.0,702.0,762.0,1000.0
72,1322.0,612.0,558.0,310.0,710.0,764.0,1012.0
73,1339.0,621.0,564.0,311.0,718.0,775.0,1028.0
74,1356.0,632.0,574.0,316.0,724.0,782.0,1040.0
75,1373.0,637.0,583.0,328.0,736.0,790.0,1045.0
76,1390.0,652.0,591.0,328.0,738.0,799.0,1062.0
77,1407.0,662.0,601.0,328.0,745.0,806.0,1079.0
78,1424.0,676.0,603.0,328.0,748.0,821.0,1096.0
79,1441.0,688.0,616.0,335.0,753.0,825.0,1106.0
80,1457.0,700.0,620.0,344.0,757.0,837.0,1113.0
81,1473.0,712.0,622.0,345.0,761.0,851.0,1128.0
82,1489.0,719.0,627.0,345.0,770.0,862.0,1144.0
83,1505.0,723.0,635.0,349.0,782.0,870.0,1156.0
84,1521.0,731.0,648.0,349.0,790.0,873.0,1172.0
85,1537.0,741.0,657.0,356.0,796.0,880.0,1181.0
86,1553.0,748.0,659.0,356.0,805.0,894.0,1197.0
87,1569.0,758.0,672.0,356.0,811.0,897.0,1213.0
88,1585.0,759.0,681.0,364.0,826.0,904.0,1221.0
89,1601.0,770.0,687.0,364.0,831.0,914.0,1237.0
90,1617.0,785.0,696.0,373.0,832.0,921.0,1244.0
91,1633.0,792.0,704.0,373.0,841.0,929.0,1260.0
92,1649.0,799.0,708.0,373.0,850.0,941.0,1276.0
93,1665.0,806.0,720.0,384.0,859.0,945.0,1281.0
94,1681.0,818.0,727.0,388.0,863.0,954.0,1293.0
95,1697.0,826.0,728.0,388.0,871.0,969.0,1309.0
96,1713.0,835.0,738.0,392.0,878.0,975.0,1321.0
97,1729.0,844.0,749.0,399.0,885.0,980.0,1330.0
98,1745.0,856.0,757.0,412.0,889.0,988.0,1333.0
99,1761.0,866.0,765.0,418.0,895.0,996.0,1343.0
100,1777.0,877.0,770.0,434.0,900.0,1007.0,1343.0
101,1793.0,889.0,777.0,441.0,904.0,1016.0,1352.0
102,1809.0,901.0,788.0,441.0,908.0,1021.0,1368.0
103,1825.0,906.0,788.0,445.0,919.0,1037.0,1380.0
104,1841.0,916.0,796.0,451.0,925.0,1045.0,1390.0
105,1857.0,922.0,806.0,454.0,935.0,1051.0,1403.0
106,1873.0,932.0,818.0,456.0,941.0,1055.0,1417.0
107,1889.0,933.0,823.0,459.0,956.0,1066.0,1430.0
108,1905.0,946.0,823.0,459.0,959.0,1082.0,1446.0
109,1921.0,950.0,829.0,459.0,971.0,1092.0,1462.0
110,1937.0,954.0,830.0,463.0,983.0,1107.0,1474.0
111,1953.0,963.0,838.0,467.0,990.0,1115.0,1486.0
112,1969.0,968.0,850.0,467.0,1001.0,1119.0,1502.0
113,1985.0,979.0,863.0,467.0,1006.0,1122.0,1518.0
114,2001.0,980.0,866.0,472.0,1021.0,1135.0,1529.0
115,2017.0,987.0,871.0,481.0,1030.0,1146.0,1536.0
116,2033.0,995.0,871.0,492.0,1038.0,1162.0,1541.0
117,2049.0,1002.0,888.0,498.0,1047.0,1161.0,1551.0
118,2065.0,1003.0,896.0,501.0,1062.0,1169.0,1564.0
119,2081.0,1017.0,912.0,503.0,1064.0,1169.0,1578.0
120,2097.0,1018.0,920.0,503.0,1079.0,1177.0,1594.0
121,2113.0,1025.0,931.0,503.0,1088.0,1182.0,1610.0
122,2129.0,1037.0,935.0,510.0,1092.0,1194.0,1619.0
123,2145.0,1044.0,944.0,516.0,1101.0,1201.0,1629.0
124,2161.0,1054.0,954.0,518.0,1107.0,1207.0,1643.0
125,2177.0,1057.0,967.0,522.0,1120.0,1210.0,1655.0
126,2193.0,1068.0,975.0,525.0,1125.0,1218.0,1668.0
127,2208.0,1079.0,979.0,526.0,1129.0,1229.0,1682.0
128,2223.0,1093.0,980.0,540.0,1130.0,1243.0,1683.0
129,2238.0,1096.0,984.0,544.0,1142.0,1254.0,1694.0
130,2253.0,1101.0,995.0,544.0,1152.0,1258.0,1709.0
131,2268.0,1109.0,1003.0,549.0,1159.0,1265.0,1719.0
132,2283.0,1118.0,1018.0,556.0,1165.0,1265.0,1727.0
133,2298.0,1124.0,1031.0,556.0,1174.0,1267.0,1742.0
134,2313.0,1127.0,1044.0,557.0,1186.0,1269.0,1756.0
135,2328.0,1135.0,1054.0,567.0,1193.0,1274.0,1761.0
136,2343.0,1144.0,1070.0,569.0,1199.0,1273.0,1774.0
137,2358.0,1153.0,1078.0,579.0,1205.0,1280.0,1779.0
138,2373.0,1159.0,1086.0,580.0,1214.0,1287.0,1793.0
139,2388.0,1164.0,1097.0,580.0,1224.0,1291.0,1808.0
140,2403.0,1170.0,1110.0,582.0,1233.0,1293.0,1821.0
141,2418.0,1182.0,1118.0,582.0,1236.0,1300.0,1836.0
142,2433.0,1189.0,1125.0,589.0,1244.0,1308.0,1844.0
143,2448.0,1189.0,1127.0,593.0,1259.0,1321.0,1855.0
144,2463.0,1197.0,1134.0,599.0,1266.0,1329.0,1864.0
145,2478.0,1202.0,1147.0,599.0,1276.0,1331.0,1879.0
146,2493.0,1211.0,1167.0,599.0,1282.0,1326.0,1894.0
147,2508.0,1221.0,1171.0,613.0,1287.0,1337.0,1895.0
148,2523.0,1227.0,1182.0,620.0,1296.0,1341.0,1903.0
149,2538.0,1239.0,1189.0,624.0,1299.0,1349.0,1914.0
150,2553.0,1251.0,1199.0,625.0,1302.0,1354.0,1928.0
151,2568.0,1260.0,1205.0,629.0,1308.0,1363.0,1939.0
152,2583.0,1269.0,1222.0,631.0,1314.0,1361.0,1952.0
153,2598.0,1278.0,1232.0,643.0,1320.0,1366.0,1955.0
154,2613.0,1289.0,1237.0,643.0,1324.0,1376.0,1970.0
155,2628.0,1295.0,1243.0,652.0,1333.0,1385.0,1976.0
156,2643.0,1302.0,1251.0,663.0,1341.0,1392.0,1980.0
157,2658.0,1314.0,1261.0,677.0,1344.0,1397.0,1981.0
158,2673.0,1323.0,1264.0,683.0,1350.0,1409.0,1990.0
159,2688.0,1331.0,1271.0,686.0,1357.0,1417.0,2002.0
160,2703.0,1344.0,1278.0,686.0,1359.0,1425.0,2017.0
161,2718.0,1349.0,1282.0,690.0,1369.0,1436.0,2028.0
162,2733.0,1359.0,1289.0,690.0,1374.0,1444.0,2043.0
163,2748.0,1371.0,1298.0,696.0,1377.0,1450.0,2052.0
164,2763.0,1378.0,1306.0,696.0,1385.0,1457.0,2067.0
165,2778.0,1390.0,1324.0,699.0,1388.0,1454.0,2079.0
166,2793.0,1401.0,1335.0,699.0,1392.0,1458.0,2094.0
167,2808.0,1411.0,1347.0,704.0,1397.0,1461.0,2104.0
168,2823.0,1422.0,1357.0,726.0,1401.0,1466.0,2097.0
169,2838.0,1429.0,1357.0,728.0,1409.0,1481.0,2110.0
170,2853.0,1436.0,1367.0,728.0,1417.0,1486.0,2125.0
171,2868.0,1440.0,1379.0,729.0,1428.0,1489.0,2139.0
172,2883.0,1451.0,1389.0,732.0,1432.0,1494.0,2151.0
173,2898.0,1459.0,1400.0,734.0,1439.0,1498.0,2164.0
174,2913.0,1468.0,1416.0,736.0,1445.0,1497.0,2177.0
175,2928.0,1476.0,1434.0,738.0,1452.0,1494.0,2190.0
176,2943.0,1490.0,1445.0,743.0,1453.0,1498.0,2200.0
177,2958.0,1502.0,1451.0,743.0,1456.0,1507.0,2215.0
178,2973.0,1506.0,1463.0,747.0,1467.0,1510.0,2226.0
179,2988.0,1510.0,1476.0,749.0,1478.0,1512.0,2239.0
180,3003.0,1511.0,1490.0,762.0,1492.0,1513.0,2241.0
181,3018.0,1515.0,1513.0,770.0,1503.0,1505.0,2248.0
182,3033.0,1518.0,1517.0,773.0,1515.0,1516.0,2260.0
183,3048.0,1531.0,1525.0,787.0,1517.0,1523.0,2261.0
184,3063.0,1541.0,1534.0,791.0,1522.0,1529.0,2272.0
185,3078.0,1544.0,1538.0,797.0,1534.0,1540.0,2281.0
186,3093.0,1548.0,1549.0,800.0,1545.0,1544.0,2293.0
187,3108.0,1559.0,1564.0,800.0,1549.0,1544.0,2308.0
188,3123.0,1568.0,1572.0,806.0,1555.0,1551.0,2317.0
189,3138.0,1571.0,1584.0,806.0,1567.0,1554.0,2332.0
190,3153.0,1584.0,1597.0,809.0,1569.0,1556.0,2344.0
191,3168.0,1595.0,1607.0,812.0,1573.0,1561.0,2356.0
192,3183.0,1598.0,1610.0,815.0,1585.0,1573.0,2368.0
193,3198.0,1607.0,1617.0,815.0,1591.0,1581.0,2383.0
194,3213.0,1617.0,1624.0,821.0,1596.0,1589.0,2392.0
195,3227.0,1617.0,1626.0,821.0,1610.0,1601.0,2406.0
196,3241.0,1625.0,1643.0,828.0,1616.0,1598.0,2413.0
197,3255.0,1630.0,1644.0,832.0,1625.0,1611.0,2423.0
198,3269.0,1631.0,1658.0,847.0,1638.0,1611.0,2422.0
199,3283.0,1631.0,1665.0,855.0,1652.0,1618.0,2428.0
200,3297.0,1642.0,1679.0,859.0,1655.0,1618.0,2438.0
201,3311.0,1648.0,1691.0,872.0,1663.0,1620.0,2439.0
202,3325.0,1660.0,1699.0,891.0,1665.0,1626.0,2434.0
203,3339.0,1667.0,1712.0,898.0,1672.0,1627.0,2441.0
204,3353.0,1673.0,1712.0,903.0,1680.0,1641.0,2450.0
205,3367.0,1679.0,1723.0,910.0,1688.0,1644.0,2457.0
206,3381.0,1687.0,1724.0,913.0,1694.0,1657.0,2468.0
207,3395.0,1699.0,1734.0,920.0,1696.0,1661.0,2475.0
208,3409.0,1712.0,1746.0,920.0,1697.0,1663.0,2489.0
209,3423.0,1726.0,1753.0,921.0,1697.0,1670.0,2502.0
210,3437.0,1744.0,1758.0,924.0,1693.0,1679.0,2513.0
211,3451.0,1751.0,1770.0,924.0,1700.0,1681.0,2527.0
212,3465.0,1754.0,1780.0,925.0,1711.0,1685.0,2540.0
213,3479.0,1756.0,1784.0,928.0,1723.0,1695.0,2551.0
214,3493.0,1763.0,1786.0,933.0,1730.0,1707.0,2560.0
215,3507.0,1774.0,1795.0,937.0,1733.0,1712.0,2570.0
216,3521.0,1780.0,1805.0,938.0,1741.0,1716.0,2583.0
217,3535.0,1788.0,1813.0,940.0,1747.0,1722.0,2595.0
218,3549.0,1796.0,1816.0,954.0,1753.0,1733.0,2595.0
219,3563.0,1806.0,1828.0,963.0,1757.0,1735.0,2600.0
220,3577.0,1814.0,1840.0,970.0,1763.0,1737.0,2607.0
221,3591.0,1818.0,1848.0,974.0,1773.0,1743.0,2617.0
222,3605.0,1836.0,1862.0,985.0,1769.0,1743.0,2620.0
223,3619.0,1848.0,1877.0,999.0,1771.0,1742.0,2620.0
224,3633.0,1856.0,1885.0,1001.0,1777.0,1748.0,2632.0
225,3647.0,1859.0,1893.0,1014.0,1788.0,1754.0,2633.0
226,3661.0,1860.0,1901.0,1020.0,1801.0,1760.0,2641.0
227,3675.0,1862.0,1908.0,1027.0,1813.0,1767.0,2648.0
228,3689.0,1874.0,1917.0,1027.0,1815.0,1772.0,2662.0
229,3703.0,1880.0,1929.0,1027.0,1823.0,1774.0,2676.0
230,3717.0,1882.0,1940.0,1032.0,1835.0,1777.0,2685.0
231,3731.0,1896.0,1949.0,1033.0,1835.0,1782.0,2698.0
232,3745.0,1907.0,1949.0,1046.0,1838.0,1796.0,2699.0
233,3759.0,1910.0,1960.0,1052.0,1849.0,1799.0,2707.0
234,3773.0,1915.0,1968.0,1056.0,1858.0,1805.0,2717.0
235,3787.0,1921.0,1980.0,1056.0,1866.0,1807.0,2731.0
236,3801.0,1937.0,1987.0,1060.0,1864.0,1814.0,2741.0
237,3815.0,1943.0,1999.0,1061.0,1872.0,1816.0,2754.0
238,3829.0,1955.0,2005.0,1074.0,1874.0,1824.0,2755.0
239,3843.0,1968.0,2009.0,1075.0,1875.0,1834.0,2768.0
240,3857.0,1982.0,2020.0,1080.0,1875.0,1837.0,2777.0
241,3871.0,1996.0,2028.0,1081.0,1875.0,1843.0,2790.0
242,3885.0,2005.0,2031.0,1087.0,1880.0,1854.0,2798.0
243,3899.0,2009.0,2034.0,1097.0,1890.0,1865.0,2802.0
244,3913.0,2017.0,2047.0,1100.0,1896.0,1866.0,2813.0
245,3927.0,2029.0,2048.0,1100.0,1898.0,1879.0,2827.0
246,3941.0,2040.0,2052.0,1100.0,1901.0,1889.0,2841.0
247,3955.0,2053.0,2067.0,1110.0,1902.0,1888.0,2845.0
248,3969.0,2057.0,2071.0,1117.0,1912.0,1898.0,2852.0
249,3983.0,2060.0,2083.0,1124.0,1923.0,1900.0,2859.0
250,3997.0,2064.0,2091.0,1126.0,1933.0,1906.0,2871.0
251,4011.0,2067.0,2101.0,1138.0,1944.0,1910.0,2873.0
252,4025.0,2081.0,2109.0,1138.0,1944.0,1916.0,2887.0
253,4039.0,2083.0,2111.0,1138.0,1956.0,1928.0,2901.0
254,4053.0,2088.0,2117.0,1138.0,1965.0,1936.0,2915.0
255,4067.0,2097.0,2124.0,1139.0,1970.0,1943.0,2928.0
256,4081.0,2107.0,2127.0,1139.0,1974.0,1954.0,2942.0
257,4095.0,2115.0,2135.0,1141.0,1980.0,1960.0,2954.0
258,4109.0,2126.0,2145.0,1147.0,1983.0,1964.0,2962.0
259,4123.0,2135.0,2155.0,1148.0,1988.0,1968.0,2975.0
260,4137.0,2144.0,2166.0,1148.0,1993.0,1971.0,2989.0
261,4151.0,2151.0,2167.0,1148.0,2000.0,1984.0,3003.0
262,4165.0,2162.0,2176.0,1148.0,2003.0,1989.0,3017.0
263,4179.0,2167.0,2180.0,1150.0,2012.0,1999.0,3029.0
264,4193.0,2176.0,2184.0,1155.0,2017.0,2009.0,3038.0
265,4207.0,2183.0,2196.0,1164.0,2024.0,2011.0,3043.0
266,4221.0,2195.0,2202.0,1175.0,2026.0,2019.0,3046.0
267,4235.0,2203.0,2209.0,1185.0,2032.0,2026.0,3050.0
268,4249.0,2204.0,2214.0,1196.0,2045.0,2035.0,3053.0
269,4263.0,2208.0,2224.0,1196.0,2055.0,2039.0,3067.0
270,4277.0,2217.0,2228.0,1197.0,2060.0,2049.0,3080.0
271,4291.0,2229.0,2233.0,1199.0,2062.0,2058.0,3092.0
272,4305.0,2234.0,2241.0,1204.0,2071.0,2064.0,3101.0
273,4319.0,2241.0,2245.0,1207.0,2078.0,2074.0,3112.0
274,4333.0,2243.0,2257.0,1216.0,2090.0,2076.0,3117.0
275,4347.0,2243.0,2268.0,1218.0,2104.0,2079.0,3129.0
276,4361.0,2256.0,2272.0,1220.0,2105.0,2089.0,3141.0
277,4375.0,2258.0,2274.0,1220.0,2117.0,2101.0,3155.0
278,4389.0,2268.0,2284.0,1224.0,2121.0,2105.0,3165.0
279,4403.0,2268.0,2284.0,1224.0,2135.0,2119.0,3179.0
280,4417.0,2279.0,2296.0,1237.0,2138.0,2121.0,3180.0
281,4431.0,2279.0,2298.0,1237.0,2152.0,2133.0,3194.0
282,4445.0,2288.0,2305.0,1248.0,2157.0,2140.0,3197.0
283,4459.0,2297.0,2319.0,1254.0,2162.0,2140.0,3205.0
284,4473.0,2307.0,2326.0,1254.0,2166.0,2147.0,3219.0
285,4487.0,2314.0,2336.0,1254.0,2173.0,2151.0,3233.0
286,4501.0,2316.0,2347.0,1264.0,2185.0,2154.0,3237.0
287,4515.0,2326.0,2353.0,1264.0,2189.0,2162.0,3251.0
288,4529.0,2328.0,2364.0,1268.0,2201.0,2165.0,3261.0
289,4543.0,2331.0,2373.0,1271.0,2212.0,2170.0,3272.0
290,4557.0,2335.0,2382.0,1271.0,2222.0,2175.0,3286.0
291,4571.0,2345.0,2389.0,1286.0,2226.0,2182.0,3285.0
292,4585.0,2345.0,2394.0,1290.0,2240.0,2191.0,3295.0
293,4599.0,2355.0,2404.0,1295.0,2244.0,2195.0,3304.0
294,4613.0,2368.0,2409.0,1298.0,2245.0,2204.0,3315.0
295,4627.0,2379.0,2426.0,1300.0,2248.0,2201.0,3327.0
296,4641.0,2386.0,2432.0,1320.0,2255.0,2209.0,3321.0
297,4655.0,2390.0,2432.0,1320.0,2265.0,2223.0,3335.0
298,4669.0,2392.0,2439.0,1320.0,2277.0,2230.0,3349.0
299,4683.0,2398.0,2450.0,1325.0,2285.0,2233.0,3358.0
300,4697.0,2400.0,2456.0,1330.0,2297.0,2241.0,3367.0
301,4711.0,2409.0,2459.0,1340.0,2302.0,2252.0,3371.0
302,4725.0,2410.0,2460.0,1349.0,2315.0,2265.0,3376.0
303,4739.0,2418.0,2472.0,1349.0,2321.0,2267.0,3390.0
304,4753.0,2420.0,2482.0,1354.0,2333.0,2271.0,3399.0
305,4767.0,2425.0,2483.0,1354.0,2342.0,2284.0,3413.0
306,4781.0,2433.0,2483.0,1356.0,2348.0,2298.0,3425.0
307,4795.0,2435.0,2494.0,1356.0,2360.0,2301.0,3439.0
308,4809.0,2442.0,2499.0,1365.0,2367.0,2310.0,3444.0
309,4823.0,2447.0,2513.0,1369.0,2376.0,2310.0,3454.0
310,4837.0,2451.0,2515.0,1380.0,2386.0,2322.0,3457.0
311,4851.0,2462.0,2520.0,1381.0,2389.0,2331.0,3470.0
312,4865.0,2469.0,2531.0,1388.0,2396.0,2334.0,3477.0
313,4879.0,2475.0,2535.0,1392.0,2404.0,2344.0,3487.0
314,4893.0,2476.0,2549.0,1403.0,2417.0,2344.0,3490.0
315,4907.0,2483.0,2553.0,1405.0,2424.0,2354.0,3502.0
316,4921.0,2496.0,2562.0,1406.0,2425.0,2359.0,3515.0
317,4935.0,2502.0,2566.0,1408.0,2433.0,2369.0,3527.0
318,4948.0,2515.0,2566.0,1415.0,2433.0,2382.0,3533.0
319,4961.0,2516.0,2578.0,1427.0,2445.0,2383.0,3534.0
320,4974.0,2516.0,2581.0,1434.0,2458.0,2393.0,3540.0
321,4987.0,2524.0,2592.0,1438.0,2463.0,2395.0,3549.0
322,5000.0,2528.0,2595.0,1441.0,2472.0,2405.0,3559.0
323,5013.0,2537.0,2609.0,1448.0,2476.0,2404.0,3565.0
324,5026.0,2555.0,2618.0,1455.0,2471.0,2408.0,3571.0
325,5039.0,2565.0,2627.0,1460.0,2474.0,2412.0,3579.0
326,5052.0,2573.0,2636.0,1460.0,2479.0,2416.0,3592.0
327,5065.0,2580.0,2645.0,1471.0,2485.0,2420.0,3594.0
328,5078.0,2589.0,2652.0,1473.0,2489.0,2426.0,3605.0
329,5091.0,2596.0,2660.0,1475.0,2495.0,2431.0,3616.0
330,5104.0,2610.0,2672.0,1488.0,2494.0,2432.0,3616.0
331,5117.0,2620.0,2674.0,1489.0,2497.0,2443.0,3628.0
332,5130.0,2630.0,2688.0,1494.0,2500.0,2442.0,3636.0
333,5143.0,2637.0,2696.0,1507.0,2506.0,2447.0,3636.0
334,5156.0,2638.0,2696.0,1514.0,2518.0,2460.0,3642.0
335,5169.0,2648.0,2702.0,1517.0,2521.0,2467.0,3652.0
336,5182.0,2660.0,2711.0,1527.0,2522.0,2471.0,3655.0
337,5195.0,2667.0,2723.0,1533.0,2528.0,2472.0,3662.0
338,5208.0,2672.0,2724.0,1539.0,2536.0,2484.0,3669.0
339,5221.0,2681.0,2731.0,1540.0,2540.0,2490.0,3681.0
340,5234.0,2682.0,2738.0,1553.0,2552.0,2496.0,3681.0
341,5247.0,2685.0,2750.0,1555.0,2562.0,2497.0,3692.0
342,5260.0,2695.0,2756.0,1563.0,2565.0,2504.0,3697.0
343,5273.0,2704.0,2767.0,1573.0,2569.0,2506.0,3700.0
344,5286.0,2715.0,2772.0,1576.0,2571.0,2514.0,3710.0
345,5299.0,2718.0,2780.0,1576.0,2581.0,2519.0,3723.0
346,5312.0,2725.0,2790.0,1576.0,2587.0,2522.0,3736.0
347,5325.0,2729.0,2790.0,1576.0,2596.0,2535.0,3749.0
348,5338.0,2730.0,2802.0,1582.0,2608.0,2536.0,3756.0
349,5351.0,2730.0,2807.0,1583.0,2621.0,2544.0,3768.0
350,5364.0,2738.0,2815.0,1587.0,2626.0,2549.0,3777.0
351,5377.0,2743.0,2823.0,1592.0,2634.0,2554.0,3785.0
352,5390.0,2752.0,2832.0,1592.0,2638.0,2558.0,3798.0
353,5403.0,2758.0,2838.0,1593.0,2645.0,2565.0,3810.0
354,5416.0,2768.0,2838.0,1598.0,2648.0,2578.0,3818.0
355,5429.0,2776.0,2847.0,1613.0,2653.0,2582.0,3816.0
356,5442.0,2788.0,2861.0,1620.0,2654.0,2581.0,3822.0
357,5455.0,2797.0,2873.0,1621.0,2658.0,2582.0,3834.0
358,5468.0,2803.0,2885.0,1623.0,2665.0,2583.0,3845.0
359,5481.0,2813.0,2888.0,1628.0,2668.0,2593.0,3853.0
360,5494.0,2824.0,2898.0,1633.0,2670.0,2596.0,3861.0
361,5507.0,2838.0,2904.0,1635.0,2669.0,2603.0,3872.0
362,5520.0,2841.0,2915.0,1639.0,2679.0,2605.0,3881.0
363,5533.0,2854.0,2920.0,1639.0,2679.0,2613.0,3894.0
364,5546.0,2863.0,2934.0,1644.0,2683.0,2612.0,3902.0
365,5559.0,2864.0,2940.0,1651.0,2695.0,2619.0,3908.0
366,5572.0,2869.0,2949.0,1653.0,2703.0,2623.0,3919.0
367,5585.0,2884.0,2963.0,1664.0,2701.0,2622.0,3921.0
368,5598.0,2896.0,2976.0,1664.0,2702.0,2622.0,3934.0
369,5611.0,2903.0,2982.0,1674.0,2708.0,2629.0,3937.0
370,5624.0,2907.0,2996.0,1681.0,2717.0,2628.0,3943.0
371,5637.0,2918.0,3001.0,1690.0,2719.0,2636.0,3947.0
372,5650.0,2928.0,3002.0,1693.0,2722.0,2648.0,3957.0
373,5663.0,2932.0,3016.0,1698.0,2731.0,2647.0,3965.0
374,5676.0,2948.0,3024.0,1703.0,2728.0,2652.0,3973.0
375,5689.0,2948.0,3033.0,1715.0,2741.0,2656.0,3974.0
376,5702.0,2949.0,3040.0,1715.0,2753.0,2662.0,3987.0
377,5715.0,2959.0,3045.0,1720.0,2756.0,2670.0,3995.0
378,5728.0,2967.0,3051.0,1727.0,2761.0,2677.0,4001.0
379,5741.0,2979.0,3059.0,1734.0,2762.0,2682.0,4007.0
380,5754.0,2990.0,3061.0,1741.0,2764.0,2693.0,4013.0
381,5767.0,2995.0,3072.0,1748.0,2772.0,2695.0,4019.0
382,5780.0,2995.0,3074.0,1748.0,2785.0,2706.0,4032.0
383,5793.0,2997.0,3078.0,1752.0,2796.0,2715.0,4041.0
384,5806.0,3005.0,3090.0,1762.0,2801.0,2716.0,4044.0
385,5819.0,3011.0,3092.0,1762.0,2808.0,2727.0,4057.0
386,5832.0,3021.0,3105.0,1762.0,2811.0,2727.0,4070.0
387,5845.0,3021.0,3108.0,1773.0,2824.0,2737.0,4072.0
388,5858.0,3033.0,3123.0,1781.0,2825.0,2735.0,4077.0
389,5871.0,3044.0,3133.0,1781.0,2827.0,2738.0,4090.0
390,5884.0,3060.0,3134.0,1781.0,2824.0,2750.0,4103.0
391,5897.0,3070.0,3146.0,1784.0,2827.0,2751.0,4113.0
392,5910.0,3078.0,3157.0,1784.0,2832.0,2753.0,4126.0
393,5923.0,3091.0,3168.0,1792.0,2832.0,2755.0,4131.0
394,5936.0,3091.0,3179.0,1805.0,2845.0,2757.0,4131.0
395,5949.0,3091.0,3187.0,1808.0,2858.0,2762.0,4141.0
396,5962.0,3103.0,3193.0,1808.0,2859.0,2769.0,4154.0
397,5975.0,3116.0,3206.0,1811.0,2859.0,2769.0,4164.0
398,5988.0,3120.0,3217.0,1811.0,2868.0,2771.0,4177.0
399,6001.0,3127.0,3218.0,1815.0,2874.0,2783.0,4186.0
400,6014.0,3138.0,3226.0,1816.0,2876.0,2788.0,4198.0
401,6027.0,3142.0,3241.0,1822.0,2885.0,2786.0,4205.0
402,6040.0,3146.0,3250.0,1822.0,2894.0,2790.0,4218.0
403,6053.0,3153.0,3258.0,1823.0,2900.0,2795.0,4230.0
404,6066.0,3154.0,3267.0,1823.0,2912.0,2799.0,4243.0
405,6079.0,3154.0,3280.0,1823.0,2925.0,2799.0,4256.0
406,6092.0,3162.0,3285.0,1823.0,2930.0,2807.0,4269.0
407,6105.0,3164.0,3293.0,1836.0,2941.0,2812.0,4269.0
408,6118.0,3168.0,3299.0,1839.0,2950.0,2819.0,4279.0
409,6131.0,3171.0,3308.0,1839.0,2960.0,2823.0,4292.0
410,6144.0,3190.0,3317.0,1839.0,2954.0,2827.0,4305.0
411,6157.0,3195.0,3327.0,1841.0,2962.0,2830.0,4316.0
412,6170.0,3209.0,3327.0,1841.0,2961.0,2843.0,4329.0
413,6183.0,3219.0,3334.0,1846.0,2964.0,2849.0,4337.0
414,6196.0,3229.0,3345.0,1858.0,2967.0,2851.0,4338.0
415,6209.0,3233.0,3355.0,1860.0,2976.0,2854.0,4349.0
416,6222.0,3246.0,3365.0,1865.0,2976.0,2857.0,4357.0
417,6235.0,3257.0,3373.0,1869.0,2978.0,2862.0,4366.0
418,6248.0,3261.0,3379.0,1875.0,2987.0,2869.0,4373.0
419,6261.0,3268.0,3389.0,1878.0,2993.0,2872.0,4383.0
420,6274.0,3274.0,3389.0,1878.0,3000.0,2885.0,4396.0
421,6287.0,3285.0,3403.0,1884.0,3002.0,2884.0,4403.0
422,6300.0,3300.0,3413.0,1884.0,3000.0,2887.0,4416.0
423,6313.0,3308.0,3418.0,1889.0,3005.0,2895.0,4424.0
424,6326.0,3319.0,3434.0,1899.0,3007.0,2892.0,4427.0
425,6339.0,3323.0,3440.0,1905.0,3016.0,2899.0,4434.0
426,6352.0,3331.0,3454.0,1905.0,3021.0,2898.0,4447.0
427,6365.0,3337.0,3465.0,1909.0,3028.0,2900.0,4456.0
428,6378.0,3350.0,3472.0,1909.0,3028.0,2906.0,4469.0
429,6391.0,3359.0,3488.0,1909.0,3032.0,2903.0,4482.0
430,6404.0,3360.0,3498.0,1916.0,3044.0,2906.0,4488.0
431,6417.0,3363.0,3498.0,1916.0,3054.0,2919.0,4501.0
432,6430.0,3368.0,3501.0,1916.0,3062.0,2929.0,4514.0
433,6443.0,3375.0,3505.0,1931.0,3068.0,2938.0,4512.0
434,6456.0,3384.0,3509.0,1933.0,3072.0,2947.0,4523.0
435,6469.0,3397.0,3514.0,1943.0,3072.0,2955.0,4526.0
436,6482.0,3404.0,3518.0,1945.0,3078.0,2964.0,4537.0
437,6495.0,3409.0,3529.0,1954.0,3086.0,2966.0,4541.0
438,6508.0,3412.0,3540.0,1954.0,3096.0,2968.0,4554.0
439,6521.0,3423.0,3541.0,1961.0,3098.0,2980.0,4560.0
440,6534.0,3437.0,3549.0,1963.0,3097.0,2985.0,4571.0
441,6547.0,3437.0,3555.0,1963.0,3110.0,2992.0,4584.0
442,6560.0,3441.0,3555.0,1965.0,3119.0,3005.0,4595.0
443,6573.0,3441.0,3563.0,1969.0,3132.0,3010.0,4604.0
444,6586.0,3452.0,3563.0,1970.0,3134.0,3023.0,4616.0
445,6599.0,3463.0,3577.0,1972.0,3136.0,3022.0,4627.0
446,6612.0,3471.0,3586.0,1975.0,3141.0,3026.0,4637.0
447,6625.0,3479.0,3596.0,1975.0,3146.0,3029.0,4650.0
448,6638.0,3487.0,3610.0,1979.0,3151.0,3028.0,4659.0
449,6651.0,3490.0,3618.0,1980.0,3161.0,3033.0,4671.0
450,6664.0,3502.0,3621.0,1980.0,3162.0,3043.0,4684.0
451,6677.0,3509.0,3629.0,1996.0,3168.0,3048.0,4681.0
452,6690.0,3515.0,3638.0,1996.0,3175.0,3052.0,4694.0
453,6703.0,3522.0,3638.0,2000.0,3181.0,3065.0,4703.0
454,6716.0,3535.0,3651.0,2000.0,3181.0,3065.0,4716.0
455,6729.0,3542.0,3658.0,2009.0,3187.0,3071.0,4720.0
456,6742.0,3552.0,3669.0,2014.0,3190.0,3073.0,4728.0
457,6755.0,3567.0,3678.0,2015.0,3188.0,3077.0,4740.0
458,6768.0,3575.0,3681.0,2017.0,3193.0,3087.0,4751.0
459,6781.0,3588.0,3686.0,2017.0,3193.0,3095.0,4764.0
460,6794.0,3598.0,3695.0,2018.0,3196.0,3099.0,4776.0
461,6807.0,3607.0,3707.0,2022.0,3200.0,3100.0,4785.0
462,6820.0,3615.0,3712.0,2037.0,3205.0,3108.0,4783.0
463,6833.0,3620.0,3726.0,2040.0,3213.0,3107.0,4793.0
464,6846.0,3630.0,3731.0,2042.0,3216.0,3115.0,4804.0
465,6859.0,3638.0,3739.0,2046.0,3221.0,3120.0,4813.0
466,6872.0,3645.0,3748.0,2056.0,3227.0,3124.0,4816.0
467,6885.0,3655.0,3752.0,2063.0,3230.0,3133.0,4822.0
468,6898.0,3663.0,3759.0,2072.0,3235.0,3139.0,4826.0
469,6911.0,3674.0,3766.0,2082.0,3237.0,3145.0,4829.0
470,6924.0,3678.0,3774.0,2082.0,3246.0,3150.0,4842.0
471,6937.0,3685.0,3776.0,2088.0,3252.0,3161.0,4849.0
472,6950.0,3700.0,3790.0,2095.0,3250.0,3160.0,4855.0
473,6963.0,3712.0,3800.0,2100.0,3251.0,3163.0,4863.0
474,6976.0,3714.0,3809.0,2103.0,3262.0,3167.0,4873.0
475,6989.0,3727.0,3815.0,2103.0,3262.0,3174.0,4886.0
476,7002.0,3728.0,3815.0,2110.0,3274.0,3187.0,4892.0
477,7015.0,3732.0,3829.0,2110.0,3283.0,3186.0,4905.0
478,7028.0,3743.0,3833.0,2113.0,3285.0,3195.0,4915.0
479,7041.0,3755.0,3836.0,2113.0,3286.0,3205.0,4928.0
480,7054.0,3769.0,3847.0,2116.0,3285.0,3207.0,4938.0
481,7067.0,3783.0,3855.0,2121.0,3284.0,3212.0,4946.0
482,7080.0,3790.0,3868.0,2129.0,3290.0,3212.0,4951.0
483,7093.0,3804.0,3868.0,2129.0,3289.0,3225.0,4964.0
484,7106.0,3815.0,3876.0,2129.0,3291.0,3230.0,4977.0
485,7119.0,3822.0,3887.0,2145.0,3297.0,3232.0,4974.0
486,7132.0,3827.0,3903.0,2147.0,3305.0,3229.0,4985.0
487,7145.0,3834.0,3906.0,2155.0,3311.0,3239.0,4990.0
488,7158.0,3838.0,3914.0,2161.0,3320.0,3244.0,4997.0
489,7171.0,3845.0,3917.0,2165.0,3326.0,3254.0,5006.0
490,7184.0,3856.0,3922.0,2178.0,3328.0,3262.0,5006.0
491,7197.0,3865.0,3930.0,2178.0,3332.0,3267.0,5019.0
492,7210.0,3880.0,3942.0,2185.0,3330.0,3268.0,5025.0
493,7223.0,3882.0,3947.0,2186.0,3341.0,3276.0,5037.0
494,7236.0,3895.0,3949.0,2187.0,3341.0,3287.0,5049.0
495,7249.0,3895.0,3958.0,2187.0,3354.0,3291.0,5062.0
496,7262.0,3903.0,3970.0,2193.0,3359.0,3292.0,5069.0
497,7275.0,3906.0,3980.0,2194.0,3369.0,3295.0,5081.0
498,7288.0,3919.0,3989.0,2204.0,3369.0,3299.0,5084.0
499,7300.0,3934.0,3999.0,2204.0,3366.0,3301.0,5096.0
500,7312.0,3936.0,4009.0,2210.0,3376.0,3303.0,5102.0
501,7324.0,3946.0,4020.0,2219.0,3378.0,3304.0,5105.0
502,7336.0,3960.0,4027.0,2227.0,3376.0,3309.0,5109.0
503,7348.0,3971.0,4030.0,2228.0,3377.0,3318.0,5120.0
504,7360.0,3979.0,4039.0,2229.0,3381.0,3321.0,5131.0
505,7372.0,3996.0,4051.0,2236.0,3376.0,3321.0,5136.0
506,7384.0,4004.0,4060.0,2251.0,3380.0,3324.0,5133.0
507,7396.0,4007.0,4070.0,2251.0,3389.0,3326.0,5145.0
508,7408.0,4019.0,4074.0,2251.0,3389.0,3334.0,5157.0
509,7420.0,4031.0,4077.0,2252.0,3389.0,3343.0,5168.0
510,7432.0,4038.0,4084.0,2261.0,3394.0,3348.0,5171.0
511,7444.0,4040.0,4092.0,2261.0,3404.0,3352.0,5183.0
512,7456.0,4046.0,4106.0,2264.0,3410.0,3350.0,5192.0
513,7468.0,4058.0,4111.0,2269.0,3410.0,3357.0,5199.0
514,7480.0,4065.0,4123.0,2269.0,3415.0,3357.0,5211.0
515,7492.0,4070.0,4134.0,2275.0,3422.0,3358.0,5217.0
516,7504.0,4082.0,4145.0,2281.0,3422.0,3359.0,5223.0
517,7516.0,4092.0,4156.0,2289.0,3424.0,3360.0,5227.0
518,7528.0,4108.0,4159.0,2294.0,3420.0,3369.0,5234.0
519,7540.0,4110.0,4166.0,2297.0,3430.0,3374.0,5243.0
520,7552.0,4116.0,4175.0,2301.0,3436.0,3377.0,5251.0
521,7564.0,4125.0,4180.0,2301.0,3439.0,3384.0,5263.0
522,7576.0,4130.0,4192.0,2302.0,3446.0,3384.0,5274.0
523,7588.0,4139.0,4203.0,2305.0,3449.0,3385.0,5283.0
524,7600.0,4153.0,4204.0,2314.0,3447.0,3396.0,5286.0
525,7612.0,4153.0,4213.0,2321.0,3459.0,3399.0,5291.0
526,7624.0,4169.0,4225.0,2329.0,3455.0,3399.0,5295.0
527,7636.0,4185.0,4239.0,2333.0,3451.0,3397.0,5303.0
528,7648.0,4198.0,4247.0,2338.0,3450.0,3401.0,5310.0
529,7660.0,4199.0,4247.0,2341.0,3461.0,3413.0,5319.0
530,7672.0,4211.0,4247.0,2344.0,3461.0,3425.0,5328.0
531,7684.0,4226.0,4256.0,2355.0,3458.0,3428.0,5329.0
532,7696.0,4235.0,4270.0,2360.0,3461.0,3426.0,5336.0
533,7708.0,4246.0,4279.0,2363.0,3462.0,3429.0,5345.0
534,7720.0,4248.0,4297.0,2376.0,3472.0,3423.0,5344.0
535,7732.0,4258.0,4306.0,2382.0,3474.0,3426.0,5350.0
536,7744.0,4267.0,4318.0,2394.0,3477.0,3426.0,5350.0
537,7756.0,4272.0,4333.0,2399.0,3484.0,3423.0,5357.0
538,7768.0,4277.0,4333.0,2399.0,3491.0,3435.0,5369.0
539,7780.0,4286.0,4334.0,2399.0,3494.0,3446.0,5381.0
540,7792.0,4299.0,4343.0,2406.0,3493.0,3449.0,5386.0
541,7804.0,4300.0,4352.0,2412.0,3504.0,3452.0,5392.0
542,7816.0,4308.0,4354.0,2423.0,3508.0,3462.0,5393.0
543,7828.0,4308.0,4368.0,2430.0,3520.0,3460.0,5398.0
544,7840.0,4318.0,4373.0,2432.0,3522.0,3467.0,5408.0
545,7852.0,4323.0,4377.0,2432.0,3529.0,3475.0,5420.0
546,7864.0,4326.0,4386.0,2440.0,3538.0,3478.0,5424.0
547,7876.0,4330.0,4389.0,2445.0,3546.0,3487.0,5431.0
548,7888.0,4339.0,4392.0,2445.0,3549.0,3496.0,5443.0
549,7900.0,4339.0,4403.0,2449.0,3561.0,3497.0,5451.0
550,7912.0,4347.0,4408.0,2451.0,3565.0,3504.0,5461.0
551,7924.0,4361.0,4419.0,2451.0,3563.0,3505.0,5473.0
552,7936.0,4371.0,4421.0,2452.0,3565.0,3515.0,5484.0
553,7948.0,4382.0,4430.0,2452.0,3566.0,3518.0,5496.0
554,7960.0,4384.0,4432.0,2458.0,3576.0,3528.0,5502.0
555,7972.0,4388.0,4434.0,2459.0,3584.0,3538.0,5513.0
556,7984.0,4394.0,4441.0,2468.0,3590.0,3543.0,5516.0
557,7996.0,4403.0,4447.0,2477.0,3593.0,3549.0,5519.0
558,8008.0,4416.0,4454.0,2485.0,3592.0,3554.0,5523.0
559,8020.0,4419.0,4467.0,2485.0,3601.0,3553.0,5535.0
560,8032.0,4426.0,4468.0,2485.0,3606.0,3564.0,5547.0
561,8044.0,4434.0,4474.0,2493.0,3610.0,3570.0,5551.0
562,8056.0,4438.0,4482.0,2499.0,3618.0,3574.0,5557.0
563,8068.0,4445.0,4482.0,2502.0,3623.0,3586.0,5566.0
564,8080.0,4453.0,4482.0,2502.0,3627.0,3598.0,5578.0
565,8092.0,4460.0,4483.0,2502.0,3632.0,3609.0,5590.0
566,8104.0,4475.0,4494.0,2502.0,3629.0,3610.0,5602.0
567,8116.0,4479.0,4503.0,2506.0,3637.0,3613.0,5610.0
568,8128.0,4480.0,4503.0,2514.0,3648.0,3625.0,5614.0
569,8140.0,4487.0,4513.0,2514.0,3653.0,3627.0,5626.0
570,8152.0,4489.0,4517.0,2518.0,3663.0,3635.0,5634.0
571,8164.0,4495.0,4527.0,2523.0,3669.0,3637.0,5641.0
572,8176.0,4499.0,4536.0,2529.0,3677.0,3640.0,5647.0
573,8188.0,4505.0,4539.0,2529.0,3683.0,3649.0,5659.0
574,8200.0,4516.0,4548.0,2529.0,3684.0,3652.0,5671.0
575,8212.0,4526.0,4559.0,2541.0,3686.0,3653.0,5671.0
576,8224.0,4527.0,4568.0,2543.0,3697.0,3656.0,5681.0
577,8236.0,4535.0,4578.0,2552.0,3701.0,3658.0,5684.0
578,8248.0,4548.0,4589.0,2555.0,3700.0,3659.0,5693.0
579,8260.0,4558.0,4600.0,2555.0,3702.0,3660.0,5705.0
580,8272.0,4568.0,4603.0,2555.0,3704.0,3669.0,5717.0
581,8284.0,4569.0,4608.0,2563.0,3715.0,3676.0,5721.0
582,8296.0,4579.0,4618.0,2565.0,3717.0,3678.0,5731.0
583,8308.0,4590.0,4628.0,2578.0,3718.0,3680.0,5730.0
584,8320.0,4601.0,4633.0,2588.0,3719.0,3687.0,5732.0
585,8332.0,4606.0,4635.0,2588.0,3726.0,3697.0,5744.0
586,8344.0,4623.0,4638.0,2588.0,3721.0,3706.0,5756.0
587,8356.0,4629.0,4646.0,2592.0,3727.0,3710.0,5764.0
588,8368.0,4632.0,4648.0,2600.0,3736.0,3720.0,5768.0
589,8380.0,4633.0,4649.0,2600.0,3747.0,3731.0,5780.0
590,8392.0,4645.0,4660.0,2600.0,3747.0,3732.0,5792.0
591,8404.0,4651.0,4674.0,2601.0,3753.0,3730.0,5803.0
592,8416.0,4660.0,4684.0,2606.0,3756.0,3732.0,5810.0
593,8428.0,4667.0,4696.0,2610.0,3761.0,3732.0,5818.0
594,8440.0,4681.0,4706.0,2617.0,3759.0,3734.0,5823.0
595,8452.0,4697.0,4713.0,2617.0,3755.0,3739.0,5835.0
596,8464.0,4697.0,4714.0,2621.0,3767.0,3750.0,5843.0
597,8476.0,4703.0,4720.0,2629.0,3773.0,3756.0,5847.0
598,8488.0,4711.0,4729.0,2631.0,3777.0,3759.0,5857.0
599,8500.0,4716.0,4738.0,2631.0,3784.0,3762.0,5869.0
600,8512.0,4725.0,4738.0,2638.0,3787.0,3774.0,5874.0
601,8524.0,4738.0,4740.0,2643.0,3786.0,3784.0,5881.0
602,8536.0,4747.0,4752.0,2643.0,3789.0,3784.0,5893.0
603,8548.0,4755.0,4763.0,2646.0,3793.0,3785.0,5902.0
604,8560.0,4760.0,4774.0,2654.0,3800.0,3786.0,5906.0
605,8572.0,4767.0,4779.0,2654.0,3805.0,3793.0,5918.0
606,8584.0,4769.0,4792.0,2654.0,3815.0,3792.0,5930.0
607,8596.0,4778.0,4801.0,2661.0,3818.0,3795.0,5935.0
608,8608.0,4794.0,4805.0,2671.0,3814.0,3803.0,5937.0
609,8620.0,4805.0,4811.0,2681.0,3815.0,3809.0,5939.0
610,8632.0,4817.0,4819.0,2692.0,3815.0,3813.0,5940.0
611,8644.0,4824.0,4829.0,2692.0,3820.0,3815.0,5952.0
612,8656.0,4834.0,4836.0,2698.0,3822.0,3820.0,5958.0
613,8668.0,4844.0,4851.0,2701.0,3824.0,3817.0,5967.0
614,8680.0,4856.0,4860.0,2706.0,3824.0,3820.0,5974.0
615,8692.0,4863.0,4867.0,2715.0,3829.0,3825.0,5977.0
616,8704.0,4869.0,4872.0,2715.0,3835.0,3832.0,5989.0
617,8716.0,4883.0,4881.0,2715.0,3833.0,3835.0,6001.0
618,8728.0,4886.0,4887.0,2721.0,3842.0,3841.0,6007.0
619,8740.0,4891.0,4891.0,2733.0,3849.0,3849.0,6007.0
620,8752.0,4895.0,4906.0,2733.0,3857.0,3846.0,6019.0
621,8764.0,4906.0,4914.0,2743.0,3858.0,3850.0,6021.0
622,8776.0,4910.0,4924.0,2752.0,3866.0,3852.0,6024.0
623,8788.0,4924.0,4932.0,2759.0,3864.0,3856.0,6029.0
624,8800.0,4931.0,4939.0,2762.0,3869.0,3861.0,6038.0
625,8812.0,4932.0,4947.0,2762.0,3880.0,3865.0,6050.0
626,8824.0,4937.0,4947.0,2765.0,3887.0,3877.0,6059.0
627,8836.0,4949.0,4952.0,2773.0,3887.0,3884.0,6063.0
628,8848.0,4954.0,4958.0,2781.0,3894.0,3890.0,6067.0
629,8860.0,4963.0,4971.0,2783.0,3897.0,3889.0,6077.0
630,8872.0,4972.0,4973.0,2784.0,3900.0,3899.0,6088.0
631,8884.0,4973.0,4977.0,2786.0,3911.0,3907.0,6098.0
632,8896.0,4983.0,4987.0,2800.0,3913.0,3909.0,6096.0
633,8908.0,4983.0,4995.0,2802.0,3925.0,3913.0,6106.0
634,8920.0,4983.0,5003.0,2806.0,3937.0,3917.0,6114.0
635,8932.0,4996.0,5009.0,2808.0,3936.0,3923.0,6124.0
636,8944.0,5003.0,5015.0,2819.0,3941.0,3929.0,6125.0
637,8956.0,5012.0,5022.0,2825.0,3944.0,3934.0,6131.0
638,8968.0,5022.0,5028.0,2832.0,3946.0,3940.0,6136.0
639,8980.0,5032.0,5029.0,2835.0,3948.0,3951.0,6145.0
640,8992.0,5042.0,5038.0,2839.0,3950.0,3954.0,6153.0
641,9004.0,5046.0,5038.0,2851.0,3958.0,3966.0,6153.0
642,9016.0,5048.0,5050.0,2851.0,3968.0,3966.0,6165.0
643,9028.0,5057.0,5057.0,2851.0,3971.0,3971.0,6177.0
644,9040.0,5063.0,5058.0,2852.0,3977.0,3982.0,6188.0
645,9052.0,5070.0,5063.0,2858.0,3982.0,3989.0,6194.0
646,9064.0,5070.0,5071.0,2858.0,3994.0,3993.0,6206.0
647,9076.0,5077.0,5074.0,2865.0,3999.0,4002.0,6211.0
648,9088.0,5082.0,5082.0,2865.0,4006.0,4006.0,6223.0
649,9100.0,5084.0,5088.0,2867.0,4016.0,4012.0,6233.0
650,9112.0,5089.0,5100.0,2869.0,4023.0,4012.0,6243.0
651,9124.0,5097.0,5113.0,2871.0,4027.0,4011.0,6253.0
652,9136.0,5097.0,5118.0,2875.0,4039.0,4018.0,6261.0
653,9148.0,5105.0,5121.0,2877.0,4043.0,4027.0,6271.0
654,9160.0,5109.0,5123.0,2877.0,4051.0,4037.0,6283.0
655,9172.0,5115.0,5130.0,2882.0,4057.0,4042.0,6290.0
656,9184.0,5124.0,5137.0,2891.0,4060.0,4047.0,6293.0
657,9196.0,5128.0,5142.0,2891.0,4068.0,4054.0,6305.0
658,9208.0,5143.0,5152.0,2897.0,4065.0,4056.0,6311.0
659,9220.0,5160.0,5156.0,2906.0,4060.0,4064.0,6314.0
660,9232.0,5172.0,5160.0,2907.0,4060.0,4072.0,6325.0
661,9244.0,5176.0,5169.0,2907.0,4068.0,4075.0,6337.0
662,9256.0,5185.0,5178.0,2913.0,4071.0,4078.0,6343.0
663,9268.0,5188.0,5178.0,2931.0,4080.0,4090.0,6337.0
664,9280.0,5193.0,5184.0,2931.0,4087.0,4096.0,6349.0
665,9292.0,5198.0,5196.0,2943.0,4094.0,4096.0,6349.0
666,9304.0,5211.0,5205.0,2945.0,4093.0,4099.0,6359.0
667,9316.0,5213.0,5214.0,2945.0,4103.0,4102.0,6371.0
668,9328.0,5221.0,5217.0,2945.0,4107.0,4111.0,6383.0
669,9340.0,5221.0,5233.0,2951.0,4119.0,4107.0,6389.0
670,9352.0,5229.0,5241.0,2951.0,4123.0,4111.0,6401.0
671,9364.0,5238.0,5243.0,2954.0,4126.0,4121.0,6410.0
672,9376.0,5250.0,5249.0,2954.0,4126.0,4127.0,6422.0
673,9388.0,5257.0,5258.0,2957.0,4131.0,4130.0,6431.0
674,9400.0,5267.0,5258.0,2968.0,4133.0,4142.0,6432.0
675,9412.0,5279.0,5265.0,2975.0,4133.0,4147.0,6437.0
676,9424.0,5287.0,5272.0,2979.0,4137.0,4152.0,6445.0
677,9436.0,5295.0,5279.0,2981.0,4141.0,4157.0,6455.0
678,9448.0,5312.0,5293.0,2981.0,4136.0,4155.0,6467.0
679,9460.0,5313.0,5300.0,2985.0,4147.0,4160.0,6475.0
680,9472.0,5326.0,5304.0,2993.0,4146.0,4168.0,6479.0
681,9484.0,5326.0,5315.0,2997.0,4158.0,4169.0,6487.0
682,9496.0,5342.0,5318.0,3000.0,4154.0,4178.0,6496.0
683,9508.0,5353.0,5319.0,3001.0,4155.0,4189.0,6507.0
684,9520.0,5360.0,5324.0,3002.0,4160.0,4196.0,6518.0
685,9532.0,5369.0,5336.0,3005.0,4163.0,4196.0,6527.0
686,9544.0,5380.0,5343.0,3009.0,4164.0,4201.0,6535.0
687,9556.0,5393.0,5346.0,3011.0,4163.0,4210.0,6545.0
688,9568.0,5402.0,5347.0,3015.0,4166.0,4221.0,6553.0
689,9580.0,5405.0,5353.0,3016.0,4175.0,4227.0,6564.0
690,9592.0,5421.0,5364.0,3016.0,4171.0,4228.0,6576.0
691,9604.0,5427.0,5369.0,3018.0,4177.0,4235.0,6586.0
692,9616.0,5430.0,5371.0,3019.0,4186.0,4245.0,6597.0
693,9628.0,5432.0,5378.0,3025.0,4196.0,4250.0,6603.0
694,9640.0,5447.0,5385.0,3028.0,4193.0,4255.0,6612.0
695,9652.0,5455.0,5394.0,3028.0,4197.0,4258.0,6624.0
696,9664.0,5463.0,5404.0,3029.0,4201.0,4260.0,6635.0
697,9676.0,5467.0,5414.0,3036.0,4209.0,4262.0,6640.0
698,9688.0,5477.0,5428.0,3044.0,4211.0,4260.0,6644.0
699,9700.0,5487.0,5439.0,3054.0,4213.0,4261.0,6646.0
700,9712.0,5498.0,5440.0,3057.0,4214.0,4272.0,6655.0
701,9724.0,5507.0,5448.0,3062.0,4217.0,4276.0,6662.0
702,9736.0,5511.0,5449.0,3067.0,4225.0,4287.0,6669.0
703,9748.0,5525.0,5460.0,3070.0,4223.0,4288.0,6678.0
704,9760.0,5530.0,5461.0,3070.0,4230.0,4299.0,6690.0
705,9772.0,5534.0,5470.0,3082.0,4238.0,4302.0,6690.0
706,9784.0,5537.0,5477.0,3085.0,4247.0,4307.0,6699.0
707,9796.0,5542.0,5490.0,3085.0,4254.0,4306.0,6711.0
708,9808.0,5545.0,5492.0,3092.0,4263.0,4316.0,6716.0
709,9820.0,5558.0,5504.0,3092.0,4262.0,4316.0,6728.0
710,9832.0,5561.0,5507.0,3099.0,4271.0,4325.0,6733.0
711,9844.0,5568.0,5516.0,3101.0,4276.0,4328.0,6743.0
712,9856.0,5572.0,5519.0,3111.0,4284.0,4337.0,6745.0
713,9868.0,5575.0,5527.0,3116.0,4293.0,4341.0,6752.0
714,9880.0,5586.0,5531.0,3116.0,4294.0,4349.0,6764.0
715,9892.0,5599.0,5535.0,3127.0,4293.0,4357.0,6765.0
716,9904.0,5606.0,5539.0,3128.0,4298.0,4365.0,6776.0
717,9916.0,5614.0,5545.0,3131.0,4302.0,4371.0,6785.0
718,9928.0,5625.0,5555.0,3131.0,4303.0,4373.0,6797.0
719,9940.0,5632.0,5572.0,3136.0,4308.0,4368.0,6804.0
720,9952.0,5632.0,5580.0,3141.0,4320.0,4372.0,6811.0
721,9964.0,5639.0,5585.0,3141.0,4325.0,4379.0,6823.0
722,9976.0,5651.0,5602.0,3145.0,4325.0,4374.0,6831.0
723,9988.0,5660.0,5614.0,3146.0,4328.0,4374.0,6842.0
724,10000.0,5669.0,5618.0,3156.0,4331.0,4382.0,6844.0
725,10012.0,5678.0,5620.0,3165.0,4334.0,4392.0,6847.0
726,10024.0,5688.0,5628.0,3169.0,4336.0,4396.0,6855.0
727,10036.0,5692.0,5633.0,3178.0,4344.0,4403.0,6858.0
728,10048.0,5703.0,5639.0,3188.0,4345.0,4409.0,6860.0
729,10060.0,5707.0,5642.0,3199.0,4353.0,4418.0,6861.0
730,10072.0,5715.0,5644.0,3209.0,4357.0,4428.0,6863.0
731,10084.0,5724.0,5653.0,3216.0,4360.0,4431.0,6868.0
732,10096.0,5739.0,5658.0,3225.0,4357.0,4438.0,6871.0
733,10108.0,5749.0,5664.0,3227.0,4359.0,4444.0,6881.0
734,10119.0,5757.0,5667.0,3228.0,4362.0,4452.0,6891.0
735,10130.0,5768.0,5675.0,3228.0,4362.0,4455.0,6902.0
736,10141.0,5773.0,5679.0,3233.0,4368.0,4462.0,6908.0
737,10152.0,5791.0,5690.0,3237.0,4361.0,4462.0,6915.0
738,10163.0,5791.0,5704.0,3238.0,4372.0,4459.0,6925.0
739,10174.0,5801.0,5708.0,3238.0,4373.0,4466.0,6936.0
740,10185.0,5804.0,5721.0,3248.0,4381.0,4464.0,6937.0
741,10196.0,5811.0,5735.0,3248.0,4385.0,4461.0,6948.0
742,10207.0,5821.0,5735.0,3257.0,4386.0,4472.0,6950.0
743,10218.0,5828.0,5738.0,3257.0,4390.0,4480.0,6961.0
744,10229.0,5828.0,5751.0,3262.0,4401.0,4478.0,6967.0
745,10240.0,5836.0,5758.0,3267.0,4404.0,4482.0,6973.0
746,10251.0,5850.0,5760.0,3268.0,4401.0,4491.0,6983.0
747,10262.0,5862.0,5771.0,3274.0,4400.0,4491.0,6988.0
748,10273.0,5867.0,5777.0,3274.0,4406.0,4496.0,6999.0
749,10284.0,5879.0,5782.0,3281.0,4405.0,4502.0,7003.0
750,10295.0,5879.0,5789.0,3281.0,4416.0,4506.0,7014.0
751,10306.0,5886.0,5789.0,3284.0,4420.0,4517.0,7022.0
752,10317.0,5889.0,5791.0,3292.0,4428.0,4526.0,7025.0
753,10328.0,5893.0,5799.0,3300.0,4435.0,4529.0,7028.0
754,10339.0,5900.0,5805.0,3305.0,4439.0,4534.0,7034.0
755,10350.0,5911.0,5810.0,3310.0,4439.0,4540.0,7040.0
756,10361.0,5921.0,5818.0,3310.0,4440.0,4543.0,7051.0
757,10372.0,5932.0,5826.0,3328.0,4440.0,4546.0,7044.0
758,10383.0,5935.0,5837.0,3336.0,4448.0,4546.0,7047.0
759,10394.0,5943.0,5846.0,3341.0,4451.0,4548.0,7053.0
760,10405.0,5948.0,5859.0,3350.0,4457.0,4546.0,7055.0
761,10416.0,5948.0,5865.0,3355.0,4468.0,4551.0,7061.0
762,10427.0,5965.0,5873.0,3358.0,4462.0,4554.0,7069.0
763,10438.0,5984.0,5884.0,3358.0,4454.0,4554.0,7080.0
764,10449.0,5985.0,5898.0,3365.0,4464.0,4551.0,7084.0
765,10460.0,5994.0,5902.0,3370.0,4466.0,4558.0,7090.0
766,10471.0,5996.0,5915.0,3375.0,4475.0,4556.0,7096.0
767,10482.0,6007.0,5923.0,3377.0,4475.0,4559.0,7105.0
768,10493.0,6014.0,5932.0,3377.0,4479.0,4561.0,7116.0
769,10504.0,6015.0,5940.0,3379.0,4489.0,4564.0,7125.0
770,10515.0,6023.0,5955.0,3382.0,4492.0,4560.0,7133.0
771,10526.0,6023.0,5963.0,3391.0,4503.0,4563.0,7135.0
772,10537.0,6023.0,5969.0,3392.0,4514.0,4568.0,7145.0
773,10548.0,6029.0,5973.0,3392.0,4519.0,4575.0,7156.0
774,10559.0,6037.0,5985.0,3410.0,4522.0,4574.0,7149.0
775,10570.0,6049.0,5996.0,3410.0,4521.0,4574.0,7160.0
776,10581.0,6064.0,6001.0,3411.0,4517.0,4580.0,7170.0
777,10592.0,6077.0,6008.0,3414.0,4515.0,4584.0,7178.0
778,10603.0,6082.0,6012.0,3420.0,4521.0,4591.0,7183.0
779,10614.0,6091.0,6018.0,3420.0,4523.0,4596.0,7194.0
780,10625.0,6093.0,6024.0,3425.0,4532.0,4601.0,7200.0
781,10636.0,6097.0,6029.0,3428.0,4539.0,4607.0,7208.0
782,10647.0,6106.0,6039.0,3429.0,4541.0,4608.0,7218.0
783,10658.0,6118.0,6050.0,3438.0,4540.0,4608.0,7220.0
784,10669.0,6128.0,6069.0,3445.0,4541.0,4600.0,7224.0
785,10680.0,6138.0,6079.0,3445.0,4542.0,4601.0,7235.0
786,10691.0,6150.0,6081.0,3450.0,4541.0,4610.0,7241.0
787,10702.0,6150.0,6091.0,3450.0,4552.0,4611.0,7252.0
788,10713.0,6162.0,6093.0,3455.0,4551.0,4620.0,7258.0
789,10724.0,6169.0,6101.0,3457.0,4555.0,4623.0,7267.0
790,10735.0,6176.0,6103.0,3457.0,4559.0,4632.0,7278.0
791,10746.0,6179.0,6112.0,3459.0,4567.0,4634.0,7287.0
792,10757.0,6186.0,6115.0,3470.0,4571.0,4642.0,7287.0
793,10768.0,6195.0,6120.0,3475.0,4573.0,4648.0,7293.0
794,10779.0,6203.0,6129.0,3491.0,4576.0,4650.0,7288.0
795,10790.0,6212.0,6148.0,3496.0,4578.0,4642.0,7294.0
796,10801.0,6217.0,6150.0,3496.0,4584.0,4651.0,7305.0
797,10812.0,6226.0,6156.0,3497.0,4586.0,4656.0,7315.0
798,10823.0,6233.0,6168.0,3501.0,4590.0,4655.0,7322.0
799,10834.0,6243.0,6177.0,3506.0,4591.0,4657.0,7328.0
800,10845.0,6245.0,6189.0,3509.0,4600.0,4656.0,7336.0
801,10856.0,6246.0,6196.0,3509.0,4610.0,4660.0,7347.0
802,10867.0,6253.0,6197.0,3512.0,4614.0,4670.0,7355.0
803,10878.0,6261.0,6201.0,3512.0,4617.0,4677.0,7366.0
804,10889.0,6264.0,6209.0,3514.0,4625.0,4680.0,7375.0
805,10900.0,6273.0,6210.0,3514.0,4627.0,4690.0,7386.0
806,10911.0,6285.0,6222.0,3518.0,4626.0,4689.0,7393.0
807,10922.0,6294.0,6230.0,3530.0,4628.0,4692.0,7392.0
808,10933.0,6299.0,6237.0,3530.0,4634.0,4696.0,7403.0
809,10944.0,6302.0,6252.0,3539.0,4642.0,4692.0,7405.0
810,10955.0,6304.0,6259.0,3539.0,4651.0,4696.0,7416.0
811,10966.0,6315.0,6270.0,3546.0,4651.0,4696.0,7420.0
812,10977.0,6324.0,6271.0,3547.0,4653.0,4706.0,7430.0
813,10988.0,6325.0,6275.0,3553.0,4663.0,4713.0,7435.0
814,10999.0,6333.0,6278.0,3563.0,4666.0,4721.0,7436.0
815,11010.0,6337.0,6290.0,3563.0,4673.0,4720.0,7447.0
816,11021.0,6343.0,6297.0,3566.0,4678.0,4724.0,7455.0
817,11032.0,6345.0,6301.0,3576.0,4687.0,4731.0,7456.0
818,11043.0,6351.0,6310.0,3579.0,4692.0,4733.0,7464.0
819,11054.0,6365.0,6316.0,3583.0,4689.0,4738.0,7471.0
820,11065.0,6380.0,6329.0,3588.0,4685.0,4736.0,7477.0
821,11076.0,6390.0,6331.0,3588.0,4686.0,4745.0,7488.0
822,11087.0,6396.0,6338.0,3588.0,4691.0,4749.0,7499.0
823,11098.0,6404.0,6345.0,3588.0,4694.0,4753.0,7510.0
824,11109.0,6418.0,6353.0,3600.0,4691.0,4756.0,7509.0
825,11120.0,6420.0,6361.0,3600.0,4700.0,4759.0,7520.0
826,11131.0,6423.0,6368.0,3606.0,4708.0,4763.0,7525.0
827,11142.0,6434.0,6368.0,3619.0,4708.0,4774.0,7523.0
828,11153.0,6441.0,6373.0,3625.0,4712.0,4780.0,7528.0
829,11164.0,6446.0,6384.0,3629.0,4718.0,4780.0,7535.0
830,11175.0,6462.0,6392.0,3629.0,4713.0,4783.0,7546.0
831,11186.0,6469.0,6411.0,3642.0,4717.0,4775.0,7544.0
832,11197.0,6470.0,6427.0,3642.0,4727.0,4770.0,7555.0
833,11208.0,6477.0,6428.0,3649.0,4731.0,4780.0,7559.0
834,11219.0,6489.0,6438.0,3653.0,4730.0,4781.0,7566.0
835,11230.0,6489.0,6445.0,3653.0,4741.0,4785.0,7577.0
836,11241.0,6498.0,6454.0,3654.0,4743.0,4787.0,7587.0
837,11252.0,6505.0,6459.0,3654.0,4747.0,4793.0,7598.0
838,11263.0,6509.0,6465.0,3658.0,4754.0,4798.0,7605.0
839,11274.0,6514.0,6474.0,3658.0,4760.0,4800.0,7616.0
840,11285.0,6526.0,6474.0,3660.0,4759.0,4811.0,7625.0
841,11296.0,6536.0,6488.0,3660.0,4760.0,4808.0,7636.0
842,11307.0,6544.0,6502.0,3670.0,4763.0,4805.0,7637.0
843,11318.0,6554.0,6515.0,3675.0,4764.0,4803.0,7643.0
844,11329.0,6558.0,6522.0,3677.0,4771.0,4807.0,7652.0
845,11340.0,6561.0,6535.0,3686.0,4779.0,4805.0,7654.0
846,11351.0,6569.0,6546.0,3692.0,4782.0,4805.0,7659.0
847,11362.0,6574.0,6553.0,3700.0,4788.0,4809.0,7662.0
848,11373.0,6575.0,6558.0,3700.0,4798.0,4815.0,7673.0
849,11384.0,6585.0,6563.0,3703.0,4799.0,4821.0,7681.0
850,11395.0,6593.0,6569.0,3703.0,4802.0,4826.0,7692.0
851,11406.0,6593.0,6573.0,3706.0,4813.0,4833.0,7700.0
852,11417.0,6609.0,6575.0,3706.0,4808.0,4842.0,7711.0
853,11428.0,6619.0,6575.0,3706.0,4809.0,4853.0,7722.0
854,11439.0,6628.0,6578.0,3706.0,4811.0,4861.0,7733.0
855,11450.0,6634.0,6593.0,3725.0,4816.0,4857.0,7725.0
856,11461.0,6639.0,6599.0,3727.0,4822.0,4862.0,7734.0
857,11472.0,6649.0,6604.0,3732.0,4823.0,4868.0,7740.0
858,11483.0,6658.0,6614.0,3733.0,4825.0,4869.0,7750.0
859,11494.0,6669.0,6622.0,3737.0,4825.0,4872.0,7757.0
860,11505.0,6671.0,6631.0,3742.0,4834.0,4874.0,7763.0
861,11516.0,6674.0,6634.0,3742.0,4842.0,4882.0,7774.0
862,11527.0,6682.0,6636.0,3751.0,4845.0,4891.0,7776.0
863,11538.0,6686.0,6640.0,3755.0,4852.0,4898.0,7783.0
864,11549.0,6690.0,6651.0,3760.0,4859.0,4898.0,7789.0
865,11560.0,6699.0,6661.0,3760.0,4861.0,4899.0,7800.0
866,11571.0,6710.0,6664.0,3765.0,4861.0,4907.0,7806.0
867,11582.0,6716.0,6668.0,3771.0,4866.0,4914.0,7811.0
868,11593.0,6718.0,6681.0,3779.0,4875.0,4912.0,7814.0
869,11604.0,6733.0,6685.0,3783.0,4871.0,4919.0,7821.0
870,11615.0,6741.0,6696.0,3786.0,4874.0,4919.0,7829.0
871,11626.0,6756.0,6703.0,3792.0,4870.0,4923.0,7834.0
872,11637.0,6764.0,6704.0,3800.0,4873.0,4933.0,7837.0
873,11648.0,6774.0,6704.0,3800.0,4874.0,4944.0,7848.0
874,11659.0,6782.0,6719.0,3809.0,4877.0,4940.0,7850.0
875,11670.0,6792.0,6735.0,3809.0,4878.0,4935.0,7861.0
876,11681.0,6798.0,6748.0,3822.0,4883.0,4933.0,7859.0
877,11692.0,6807.0,6748.0,3822.0,4885.0,4944.0,7870.0
878,11703.0,6810.0,6757.0,3824.0,4893.0,4946.0,7879.0
879,11714.0,6820.0,6760.0,3826.0,4894.0,4954.0,7888.0
880,11725.0,6823.0,6771.0,3830.0,4902.0,4954.0,7895.0
881,11736.0,6832.0,6774.0,3832.0,4904.0,4962.0,7904.0
882,11747.0,6835.0,6785.0,3833.0,4912.0,4962.0,7914.0
883,11758.0,6858.0,6789.0,3835.0,4900.0,4969.0,7923.0
884,11769.0,6864.0,6800.0,3835.0,4905.0,4969.0,7934.0
885,11780.0,6866.0,6805.0,3847.0,4914.0,4975.0,7933.0
886,11791.0,6885.0,6813.0,3849.0,4906.0,4978.0,7942.0
887,11802.0,6892.0,6818.0,3853.0,4910.0,4984.0,7949.0
888,11813.0,6900.0,6820.0,3862.0,4913.0,4993.0,7951.0
889,11824.0,6901.0,6826.0,3868.0,4923.0,4998.0,7956.0
890,11835.0,6909.0,6833.0,3871.0,4926.0,5002.0,7964.0
891,11846.0,6918.0,6846.0,3879.0,4928.0,5000.0,7967.0
892,11857.0,6936.0,6857.0,3881.0,4921.0,5000.0,7976.0
893,11868.0,6945.0,6860.0,3886.0,4923.0,5008.0,7982.0
894,11879.0,6958.0,6869.0,3898.0,4921.0,5010.0,7981.0
895,11890.0,6961.0,6873.0,3898.0,4929.0,5017.0,7992.0
896,11901.0,6963.0,6880.0,3901.0,4938.0,5021.0,8000.0
897,11912.0,6972.0,6885.0,3907.0,4940.0,5027.0,8005.0
898,11923.0,6983.0,6885.0,3909.0,4940.0,5038.0,8014.0
899,11934.0,6984.0,6885.0,3915.0,4950.0,5049.0,8019.0
900,11945.0,6991.0,6897.0,3919.0,4954.0,5048.0,8026.0
901,11956.0,6994.0,6898.0,3925.0,4962.0,5058.0,8031.0
902,11967.0,6997.0,6899.0,3927.0,4970.0,5068.0,8040.0
903,11978.0,7009.0,6900.0,3938.0,4969.0,5078.0,8040.0
904,11989.0,7010.0,6905.0,3941.0,4979.0,5084.0,8048.0
905,12000.0,7014.0,6912.0,3944.0,4986.0,5088.0,8056.0
906,12011.0,7020.0,6926.0,3946.0,4991.0,5085.0,8065.0
907,12022.0,7027.0,6938.0,3947.0,4995.0,5084.0,8075.0
908,12033.0,7038.0,6944.0,3952.0,4995.0,5089.0,8081.0
909,12044.0,7042.0,6944.0,3952.0,5002.0,5100.0,8092.0
910,12055.0,7044.0,6947.0,3953.0,5011.0,5108.0,8102.0
911,12066.0,7059.0,6952.0,3954.0,5007.0,5114.0,8112.0
912,12077.0,7059.0,6960.0,3972.0,5018.0,5117.0,8105.0
913,12088.0,7065.0,6969.0,3973.0,5023.0,5119.0,8115.0
914,12099.0,7070.0,6982.0,3974.0,5029.0,5117.0,8125.0
915,12110.0,7080.0,6995.0,3979.0,5030.0,5115.0,8131.0
916,12121.0,7088.0,7000.0,3983.0,5033.0,5121.0,8138.0
917,12132.0,7096.0,7009.0,3991.0,5036.0,5123.0,8141.0
918,12143.0,7096.0,7021.0,4002.0,5047.0,5122.0,8141.0
919,12154.0,7103.0,7026.0,4009.0,5051.0,5128.0,8145.0
920,12165.0,7119.0,7040.0,4009.0,5046.0,5125.0,8156.0
921,12176.0,7123.0,7043.0,4015.0,5053.0,5133.0,8161.0
922,12187.0,7127.0,7053.0,4019.0,5060.0,5134.0,8168.0
923,12198.0,7131.0,7063.0,4019.0,5067.0,5135.0,8179.0
924,12209.0,7141.0,7076.0,4019.0,5068.0,5133.0,8190.0
925,12220.0,7145.0,7078.0,4028.0,5075.0,5142.0,8192.0
926,12231.0,7156.0,7081.0,4038.0,5075.0,5150.0,8193.0
927,12242.0,7158.0,7082.0,4053.0,5084.0,5160.0,8189.0
928,12253.0,7169.0,7097.0,4062.0,5084.0,5156.0,8191.0
929,12264.0,7178.0,7104.0,4064.0,5086.0,5160.0,8200.0
930,12275.0,7186.0,7112.0,4065.0,5089.0,5163.0,8210.0
931,12286.0,7186.0,7115.0,4071.0,5100.0,5171.0,8215.0
932,12297.0,7195.0,7115.0,4082.0,5102.0,5182.0,8215.0
933,12308.0,7201.0,7117.0,4082.0,5107.0,5191.0,8226.0
934,12319.0,7216.0,7122.0,4095.0,5103.0,5197.0,8224.0
935,12330.0,7217.0,7132.0,4105.0,5113.0,5198.0,8225.0
936,12341.0,7223.0,7137.0,4110.0,5118.0,5204.0,8231.0
937,12352.0,7230.0,7144.0,4116.0,5122.0,5208.0,8236.0
938,12363.0,7241.0,7149.0,4131.0,5122.0,5214.0,8232.0
939,12374.0,7250.0,7153.0,4131.0,5124.0,5221.0,8243.0
940,12385.0,7250.0,7153.0,4140.0,5135.0,5232.0,8245.0
941,12396.0,7259.0,7159.0,4150.0,5137.0,5237.0,8246.0
942,12407.0,7263.0,7162.0,4155.0,5144.0,5245.0,8252.0
943,12418.0,7273.0,7175.0,4159.0,5145.0,5243.0,8259.0
944,12429.0,7282.0,7184.0,4163.0,5147.0,5245.0,8266.0
945,12440.0,7284.0,7194.0,4170.0,5156.0,5246.0,8270.0
946,12451.0,7292.0,7204.0,4171.0,5159.0,5247.0,8280.0
947,12462.0,7301.0,7211.0,4177.0,5161.0,5251.0,8285.0
948,12473.0,7310.0,7214.0,4180.0,5163.0,5259.0,8293.0
949,12484.0,7321.0,7219.0,4183.0,5163.0,5265.0,8301.0
950,12495.0,7324.0,7228.0,4183.0,5171.0,5267.0,8312.0
951,12506.0,7330.0,7237.0,4189.0,5176.0,5269.0,8317.0
952,12517.0,7343.0,7238.0,4201.0,5174.0,5279.0,8316.0
953,12528.0,7351.0,7239.0,4205.0,5177.0,5289.0,8323.0
954,12539.0,7352.0,7242.0,4211.0,5187.0,5297.0,8328.0
955,12550.0,7354.0,7249.0,4221.0,5196.0,5301.0,8329.0
956,12561.0,7370.0,7259.0,4228.0,5191.0,5302.0,8333.0
957,12572.0,7389.0,7274.0,4235.0,5183.0,5298.0,8337.0
958,12583.0,7390.0,7286.0,4239.0,5193.0,5297.0,8344.0
959,12594.0,7390.0,7290.0,4247.0,5204.0,5304.0,8347.0
960,12605.0,7406.0,7297.0,4249.0,5199.0,5308.0,8356.0
961,12616.0,7414.0,7303.0,4252.0,5202.0,5313.0,8364.0
962,12627.0,7426.0,7303.0,4260.0,5201.0,5324.0,8367.0
963,12638.0,7427.0,7314.0,4262.0,5211.0,5324.0,8376.0
964,12649.0,7437.0,7322.0,4262.0,5212.0,5327.0,8387.0
965,12660.0,7449.0,7323.0,4265.0,5211.0,5337.0,8395.0
966,12671.0,7454.0,7331.0,4265.0,5217.0,5340.0,8406.0
967,12682.0,7457.0,7343.0,4277.0,5225.0,5339.0,8405.0
968,12693.0,7462.0,7344.0,4277.0,5231.0,5349.0,8416.0
969,12704.0,7474.0,7352.0,4280.0,5230.0,5352.0,8424.0
970,12715.0,7486.0,7366.0,4280.0,5229.0,5349.0,8435.0
971,12726.0,7499.0,7379.0,4280.0,5227.0,5347.0,8446.0
972,12737.0,7508.0,7382.0,4281.0,5229.0,5355.0,8456.0
973,12748.0,7515.0,7398.0,4294.0,5233.0,5350.0,8454.0
974,12759.0,7526.0,7408.0,4296.0,5233.0,5351.0,8463.0
975,12770.0,7529.0,7421.0,4307.0,5241.0,5349.0,8463.0
976,12781.0,7544.0,7433.0,4313.0,5237.0,5348.0,8468.0
977,12792.0,7544.0,7443.0,4320.0,5248.0,5349.0,8472.0
978,12803.0,7553.0,7452.0,4322.0,5250.0,5351.0,8481.0
979,12814.0,7557.0,7464.0,4322.0,5257.0,5350.0,8492.0
980,12825.0,7566.0,7477.0,4332.0,5259.0,5348.0,8493.0
981,12836.0,7570.0,7479.0,4332.0,5266.0,5357.0,8504.0
982,12847.0,7571.0,7487.0,4339.0,5276.0,5360.0,8508.0
983,12858.0,7582.0,7503.0,4339.0,5276.0,5355.0,8519.0
984,12869.0,7594.0,7514.0,4344.0,5275.0,5355.0,8525.0
985,12880.0,7596.0,7527.0,4355.0,5284.0,5353.0,8525.0
986,12891.0,7598.0,7534.0,4369.0,5293.0,5357.0,8522.0
987,12902.0,7608.0,7545.0,4377.0,5294.0,5357.0,8525.0
988,12913.0,7614.0,7555.0,4381.0,5299.0,5358.0,8532.0
989,12924.0,7622.0,7563.0,4387.0,5302.0,5361.0,8537.0
990,12935.0,7630.0,7574.0,4390.0,5305.0,5361.0,8545.0
991,12946.0,7631.0,7578.0,4396.0,5315.0,5368.0,8550.0
992,12957.0,7640.0,7592.0,4396.0,5317.0,5365.0,8561.0
993,12968.0,7646.0,7604.0,4404.0,5322.0,5364.0,8564.0
994,12979.0,7658.0,7608.0,4404.0,5321.0,5371.0,8575.0
995,12990.0,7660.0,7615.0,4404.0,5330.0,5375.0,8586.0
996,13001.0,7669.0,7622.0,4407.0,5332.0,5379.0,8594.0
997,13012.0,7676.0,7626.0,4407.0,5336.0,5386.0,8605.0
998,13023.0,7685.0,7637.0,4417.0,5338.0,5386.0,8606.0
999,13034.0,7693.0,7639.0,4424.0,5341.0,5395.0,8610.0
1000,13045.0,7708.0,7655.0,4424.0,5337.0,5390.0,8621.0
1001,13056.0,7711.0,7656.0,4425.0,5345.0,5400.0,8631.0
1002,13067.0,7721.0,7668.0,4425.0,5346.0,5399.0,8642.0
1003,13078.0,7729.0,7673.0,4425.0,5349.0,5405.0,8653.0
1004,13089.0,7731.0,7688.0,4427.0,5358.0,5401.0,8662.0
1005,13100.0,7739.0,7692.0,4432.0,5361.0,5408.0,8668.0
1006,13111.0,7749.0,7695.0,4442.0,5362.0,5416.0,8669.0
1007,13122.0,7763.0,7702.0,4442.0,5359.0,5420.0,8680.0
1008,13133.0,7772.0,7710.0,4442.0,5361.0,5423.0,8691.0
1009,13144.0,7781.0,7719.0,4451.0,5363.0,5425.0,8693.0
1010,13155.0,7790.0,7727.0,4457.0,5365.0,5428.0,8698.0
1011,13166.0,7798.0,7737.0,4465.0,5368.0,5429.0,8701.0
1012,13177.0,7807.0,7742.0,4467.0,5370.0,5435.0,8710.0
1013,13188.0,7808.0,7753.0,4484.0,5380.0,5435.0,8704.0
1014,13199.0,7810.0,7762.0,4484.0,5389.0,5437.0,8715.0
1015,13210.0,7817.0,7774.0,4487.0,5393.0,5436.0,8723.0
1016,13221.0,7817.0,7777.0,4490.0,5404.0,5444.0,8731.0
1017,13232.0,7820.0,7788.0,4505.0,5412.0,5444.0,8727.0
1018,13243.0,7837.0,7797.0,4512.0,5406.0,5446.0,8731.0
1019,13254.0,7842.0,7802.0,4512.0,5412.0,5452.0,8742.0
1020,13265.0,7848.0,7805.0,4512.0,5417.0,5460.0,8753.0
1021,13276.0,7855.0,7813.0,4514.0,5421.0,5463.0,8762.0
1022,13287.0,7858.0,7814.0,4521.0,5429.0,5473.0,8766.0
1023,13298.0,7872.0,7816.0,4526.0,5426.0,5482.0,8772.0
1024,13309.0,7876.0,7818.0,4530.0,5433.0,5491.0,8779.0
1025,13320.0,7883.0,7830.0,4536.0,5437.0,5490.0,8784.0
1026,13331.0,7885.0,7841.0,4539.0,5446.0,5490.0,8792.0
1027,13342.0,7894.0,7842.0,4543.0,5448.0,5500.0,8799.0
1028,13353.0,7912.0,7852.0,4546.0,5441.0,5501.0,8807.0
1029,13364.0,7921.0,7860.0,4548.0,5443.0,5504.0,8816.0
1030,13375.0,7929.0,7864.0,4552.0,5446.0,5511.0,8823.0
1031,13386.0,7931.0,7870.0,4559.0,5455.0,5516.0,8827.0
1032,13397.0,7932.0,7877.0,4563.0,5465.0,5520.0,8834.0
1033,13408.0,7934.0,7892.0,4568.0,5474.0,5516.0,8840.0
1034,13419.0,7942.0,7901.0,4569.0,5477.0,5518.0,8850.0
1035,13430.0,7953.0,7908.0,4572.0,5477.0,5522.0,8858.0
1036,13441.0,7960.0,7918.0,4573.0,5481.0,5523.0,8868.0
1037,13452.0,7965.0,7929.0,4577.0,5487.0,5523.0,8875.0
1038,13462.0,7967.0,7933.0,4577.0,5495.0,5529.0,8885.0
1039,13472.0,7977.0,7944.0,4580.0,5495.0,5528.0,8892.0
1040,13482.0,7978.0,7953.0,4581.0,5504.0,5529.0,8901.0
1041,13492.0,7991.0,7956.0,4581.0,5501.0,5536.0,8911.0
1042,13502.0,7997.0,7967.0,4587.0,5505.0,5535.0,8915.0
1043,13512.0,8004.0,7974.0,4587.0,5508.0,5538.0,8925.0
1044,13522.0,8011.0,7975.0,4603.0,5511.0,5547.0,8919.0
1045,13532.0,8014.0,7987.0,4604.0,5518.0,5545.0,8928.0
1046,13542.0,8021.0,7993.0,4611.0,5521.0,5549.0,8931.0
1047,13552.0,8023.0,8002.0,4611.0,5529.0,5550.0,8941.0
1048,13562.0,8032.0,8012.0,4623.0,5530.0,5550.0,8939.0
1049,13572.0,8042.0,8028.0,4631.0,5530.0,5544.0,8941.0
1050,13582.0,8050.0,8038.0,4634.0,5532.0,5544.0,8948.0
1051,13592.0,8054.0,8048.0,4645.0,5538.0,5544.0,8947.0
1052,13602.0,8059.0,8058.0,4645.0,5543.0,5544.0,8957.0
1053,13612.0,8070.0,8063.0,4651.0,5542.0,5549.0,8961.0
1054,13622.0,8083.0,8075.0,4653.0,5539.0,5547.0,8969.0
1055,13632.0,8093.0,8083.0,4654.0,5539.0,5549.0,8978.0
1056,13642.0,8099.0,8096.0,4664.0,5543.0,5546.0,8978.0
1057,13652.0,8106.0,8099.0,4664.0,5546.0,5553.0,8988.0
1058,13662.0,8106.0,8110.0,4667.0,5556.0,5552.0,8995.0
1059,13672.0,8109.0,8123.0,4670.0,5563.0,5549.0,9002.0
1060,13682.0,8109.0,8132.0,4684.0,5573.0,5550.0,8998.0
1061,13692.0,8113.0,8137.0,4687.0,5579.0,5555.0,9005.0
1062,13702.0,8122.0,8139.0,4687.0,5580.0,5563.0,9015.0
1063,13712.0,8131.0,8139.0,4687.0,5581.0,5573.0,9025.0
1064,13722.0,8141.0,8150.0,4687.0,5581.0,5572.0,9035.0
1065,13732.0,8150.0,8154.0,4692.0,5582.0,5578.0,9040.0
1066,13742.0,8157.0,8163.0,4700.0,5585.0,5579.0,9042.0
1067,13752.0,8160.0,8174.0,4705.0,5592.0,5578.0,9047.0
1068,13762.0,8164.0,8181.0,4715.0,5598.0,5581.0,9047.0
1069,13772.0,8170.0,8185.0,4723.0,5602.0,5587.0,9049.0
1070,13782.0,8181.0,8201.0,4723.0,5601.0,5581.0,9059.0
1071,13792.0,8188.0,8216.0,4723.0,5604.0,5576.0,9069.0
1072,13802.0,8196.0,8223.0,4729.0,5606.0,5579.0,9073.0
1073,13812.0,8197.0,8229.0,4729.0,5615.0,5583.0,9083.0
1074,13822.0,8197.0,8242.0,4732.0,5625.0,5580.0,9090.0
1075,13832.0,8204.0,8248.0,4733.0,5628.0,5584.0,9099.0
1076,13842.0,8213.0,8250.0,4742.0,5629.0,5592.0,9100.0
1077,13852.0,8216.0,8250.0,4742.0,5636.0,5602.0,9110.0
1078,13862.0,8224.0,8258.0,4742.0,5638.0,5604.0,9120.0
1079,13872.0,8235.0,8268.0,4744.0,5637.0,5604.0,9128.0
1080,13882.0,8246.0,8272.0,4747.0,5636.0,5610.0,9135.0
1081,13892.0,8250.0,8278.0,4756.0,5642.0,5614.0,9136.0
1082,13902.0,8250.0,8281.0,4760.0,5652.0,5621.0,9142.0
1083,13912.0,8254.0,8290.0,4763.0,5658.0,5622.0,9149.0
1084,13922.0,8260.0,8297.0,4763.0,5662.0,5625.0,9159.0
1085,13932.0,8263.0,8307.0,4767.0,5669.0,5625.0,9165.0
1086,13942.0,8266.0,8317.0,4778.0,5676.0,5625.0,9164.0
1087,13952.0,8270.0,8318.0,4783.0,5682.0,5634.0,9169.0
1088,13962.0,8278.0,8318.0,4791.0,5684.0,5644.0,9171.0
1089,13972.0,8288.0,8326.0,4791.0,5684.0,5646.0,9181.0
1090,13982.0,8299.0,8336.0,4791.0,5683.0,5646.0,9191.0
1091,13992.0,8308.0,8346.0,4803.0,5684.0,5646.0,9189.0
1092,14002.0,8316.0,8358.0,4814.0,5686.0,5644.0,9188.0
1093,14012.0,8327.0,8364.0,4814.0,5685.0,5648.0,9198.0
1094,14022.0,8328.0,8373.0,4814.0,5694.0,5649.0,9208.0
1095,14032.0,8337.0,8382.0,4814.0,5695.0,5650.0,9218.0
1096,14042.0,8343.0,8394.0,4814.0,5699.0,5648.0,9228.0
1097,14052.0,8347.0,8395.0,4819.0,5705.0,5657.0,9233.0
1098,14062.0,8352.0,8408.0,4822.0,5710.0,5654.0,9240.0
1099,14072.0,8356.0,8413.0,4836.0,5716.0,5659.0,9236.0
1100,14082.0,8361.0,8413.0,4841.0,5721.0,5669.0,9241.0
1101,14092.0,8367.0,8422.0,4846.0,5725.0,5670.0,9246.0
1102,14102.0,8374.0,8422.0,4850.0,5728.0,5680.0,9252.0
1103,14112.0,8375.0,8429.0,4858.0,5737.0,5683.0,9254.0
1104,14122.0,8387.0,8430.0,4864.0,5735.0,5692.0,9258.0
1105,14132.0,8387.0,8436.0,4868.0,5745.0,5696.0,9264.0
1106,14142.0,8398.0,8443.0,4869.0,5744.0,5699.0,9273.0
1107,14152.0,8399.0,8452.0,4873.0,5753.0,5700.0,9279.0
1108,14162.0,8408.0,8457.0,4880.0,5754.0,5705.0,9282.0
1109,14172.0,8408.0,8462.0,4881.0,5764.0,5710.0,9291.0
1110,14182.0,8408.0,8467.0,4881.0,5774.0,5715.0,9301.0
1111,14192.0,8414.0,8468.0,4881.0,5778.0,5724.0,9311.0
1112,14202.0,8416.0,8479.0,4885.0,5786.0,5723.0,9317.0
1113,14212.0,8429.0,8490.0,4889.0,5783.0,5722.0,9323.0
1114,14222.0,8438.0,8500.0,4897.0,5784.0,5722.0,9325.0
1115,14232.0,8444.0,8504.0,4898.0,5788.0,5728.0,9334.0
1116,14242.0,8448.0,8512.0,4898.0,5794.0,5730.0,9344.0
1117,14252.0,8455.0,8513.0,4898.0,5797.0,5739.0,9354.0
1118,14262.0,8461.0,8516.0,4898.0,5801.0,5746.0,9364.0
1119,14272.0,8467.0,8528.0,4904.0,5805.0,5744.0,9368.0
1120,14282.0,8475.0,8538.0,4909.0,5807.0,5744.0,9373.0
1121,14292.0,8490.0,8541.0,4919.0,5802.0,5751.0,9373.0
1122,14302.0,8503.0,8543.0,4919.0,5799.0,5759.0,9383.0
1123,14312.0,8515.0,8548.0,4919.0,5797.0,5764.0,9393.0
1124,14322.0,8517.0,8559.0,4927.0,5805.0,5763.0,9395.0
1125,14332.0,8522.0,8563.0,4927.0,5810.0,5769.0,9405.0
1126,14342.0,8528.0,8564.0,4927.0,5814.0,5778.0,9415.0
1127,14352.0,8541.0,8572.0,4940.0,5811.0,5780.0,9412.0
1128,14362.0,8545.0,8584.0,4940.0,5817.0,5778.0,9422.0
1129,14372.0,8558.0,8591.0,4946.0,5814.0,5781.0,9426.0
1130,14382.0,8570.0,8594.0,4948.0,5812.0,5788.0,9434.0
1131,14392.0,8579.0,8600.0,4953.0,5813.0,5792.0,9439.0
1132,14402.0,8591.0,8610.0,4960.0,5811.0,5792.0,9442.0
1133,14412.0,8594.0,8622.0,4966.0,5818.0,5790.0,9446.0
1134,14422.0,8596.0,8631.0,4969.0,5826.0,5791.0,9453.0
1135,14432.0,8605.0,8634.0,4976.0,5827.0,5798.0,9456.0
1136,14442.0,8608.0,8644.0,4977.0,5834.0,5798.0,9465.0
1137,14452.0,8608.0,8644.0,4980.0,5844.0,5808.0,9472.0
1138,14462.0,8610.0,8653.0,4986.0,5852.0,5809.0,9476.0
1139,14472.0,8612.0,8661.0,4989.0,5860.0,5811.0,9483.0
1140,14482.0,8615.0,8665.0,4994.0,5867.0,5817.0,9488.0
1141,14492.0,8617.0,8678.0,4994.0,5875.0,5814.0,9498.0
1142,14502.0,8622.0,8684.0,4999.0,5880.0,5818.0,9503.0
1143,14512.0,8641.0,8687.0,5003.0,5871.0,5825.0,9509.0
1144,14522.0,8655.0,8693.0,5023.0,5867.0,5829.0,9499.0
1145,14532.0,8662.0,8699.0,5036.0,5870.0,5833.0,9496.0
1146,14542.0,8664.0,8708.0,5037.0,5878.0,5834.0,9505.0
1147,14552.0,8671.0,8712.0,5040.0,5881.0,5840.0,9512.0
1148,14562.0,8678.0,8718.0,5040.0,5884.0,5844.0,9522.0
1149,14572.0,8683.0,8723.0,5056.0,5889.0,5849.0,9516.0
1150,14582.0,8689.0,8728.0,5058.0,5893.0,5854.0,9524.0
1151,14592.0,8694.0,8741.0,5058.0,5898.0,5851.0,9534.0
1152,14602.0,8697.0,8751.0,5066.0,5905.0,5851.0,9536.0
1153,14612.0,8697.0,8760.0,5066.0,5915.0,5852.0,9546.0
1154,14622.0,8709.0,8769.0,5074.0,5913.0,5853.0,9548.0
1155,14632.0,8714.0,8780.0,5079.0,5918.0,5852.0,9553.0
1156,14642.0,8725.0,8793.0,5081.0,5917.0,5849.0,9561.0
1157,14652.0,8727.0,8800.0,5093.0,5925.0,5852.0,9559.0
1158,14662.0,8732.0,8803.0,5098.0,5930.0,5859.0,9564.0
1159,14672.0,8737.0,8805.0,5110.0,5935.0,5867.0,9562.0
1160,14682.0,8738.0,8807.0,5110.0,5944.0,5875.0,9572.0
1161,14692.0,8741.0,8820.0,5114.0,5951.0,5872.0,9578.0
1162,14702.0,8747.0,8827.0,5117.0,5955.0,5875.0,9585.0
1163,14712.0,8756.0,8830.0,5117.0,5956.0,5882.0,9595.0
1164,14722.0,8764.0,8834.0,5117.0,5958.0,5888.0,9605.0
1165,14732.0,8775.0,8841.0,5121.0,5957.0,5891.0,9611.0
1166,14742.0,8775.0,8849.0,5125.0,5967.0,5893.0,9617.0
1167,14752.0,8782.0,8862.0,5133.0,5970.0,5890.0,9619.0
1168,14762.0,8786.0,8874.0,5137.0,5976.0,5888.0,9625.0
1169,14772.0,8790.0,8874.0,5137.0,5982.0,5898.0,9635.0
1170,14782.0,8794.0,8889.0,5138.0,5988.0,5893.0,9644.0
1171,14792.0,8802.0,8895.0,5138.0,5990.0,5897.0,9654.0
1172,14802.0,8814.0,8902.0,5143.0,5988.0,5900.0,9659.0
1173,14812.0,8825.0,8916.0,5150.0,5987.0,5896.0,9662.0
1174,14822.0,8830.0,8920.0,5153.0,5992.0,5902.0,9669.0
1175,14832.0,8833.0,8920.0,5154.0,5999.0,5912.0,9678.0
1176,14842.0,8841.0,8932.0,5162.0,6001.0,5910.0,9680.0
1177,14852.0,8846.0,8942.0,5165.0,6006.0,5910.0,9687.0
1178,14862.0,8847.0,8945.0,5166.0,6015.0,5917.0,9696.0
1179,14872.0,8849.0,8951.0,5166.0,6023.0,5921.0,9706.0
1180,14882.0,8853.0,8955.0,5166.0,6029.0,5927.0,9716.0
1181,14892.0,8856.0,8957.0,5166.0,6036.0,5935.0,9726.0
1182,14902.0,8868.0,8968.0,5179.0,6034.0,5934.0,9723.0
1183,14912.0,8879.0,8971.0,5180.0,6033.0,5941.0,9732.0
1184,14922.0,8892.0,8978.0,5180.0,6030.0,5944.0,9742.0
1185,14932.0,8892.0,8989.0,5186.0,6040.0,5943.0,9746.0
1186,14942.0,8902.0,8997.0,5189.0,6040.0,5945.0,9753.0
1187,14952.0,8915.0,9011.0,5194.0,6037.0,5941.0,9758.0
1188,14962.0,8930.0,9021.0,5195.0,6032.0,5941.0,9767.0
1189,14972.0,8933.0,9031.0,5196.0,6039.0,5941.0,9776.0
1190,14982.0,8943.0,9038.0,5197.0,6039.0,5944.0,9785.0
1191,14992.0,8943.0,9044.0,5204.0,6049.0,5948.0,9788.0
1192,15002.0,8943.0,9051.0,5206.0,6059.0,5951.0,9796.0
1193,15012.0,8954.0,9054.0,5210.0,6058.0,5958.0,9802.0
1194,15022.0,8966.0,9064.0,5210.0,6056.0,5958.0,9812.0
1195,15032.0,8966.0,9075.0,5210.0,6066.0,5957.0,9822.0
1196,15042.0,8981.0,9082.0,5210.0,6061.0,5960.0,9832.0
1197,15052.0,8989.0,9082.0,5212.0,6063.0,5970.0,9840.0
1198,15062.0,8992.0,9088.0,5219.0,6070.0,5974.0,9843.0
1199,15072.0,8997.0,9092.0,5229.0,6075.0,5980.0,9843.0
1200,15082.0,9009.0,9100.0,5230.0,6073.0,5982.0,9852.0
1201,15092.0,9017.0,9110.0,5230.0,6075.0,5982.0,9862.0
1202,15102.0,9030.0,9111.0,5231.0,6072.0,5991.0,9871.0
1203,15112.0,9038.0,9119.0,5236.0,6074.0,5993.0,9876.0
1204,15122.0,9039.0,9127.0,5246.0,6083.0,5995.0,9876.0
1205,15132.0,9045.0,9137.0,5246.0,6087.0,5995.0,9886.0
1206,15142.0,9057.0,9143.0,5246.0,6085.0,5999.0,9896.0
1207,15152.0,9071.0,9146.0,5247.0,6081.0,6006.0,9905.0
1208,15162.0,9074.0,9157.0,5247.0,6088.0,6005.0,9915.0
1209,15172.0,9082.0,9168.0,5253.0,6090.0,6004.0,9919.0
1210,15182.0,9091.0,9181.0,5257.0,6091.0,6001.0,9925.0
1211,15192.0,9092.0,9190.0,5258.0,6100.0,6002.0,9934.0
1212,15202.0,9092.0,9192.0,5269.0,6110.0,6010.0,9933.0
1213,15212.0,9097.0,9194.0,5270.0,6115.0,6018.0,9942.0
1214,15222.0,9101.0,9198.0,5274.0,6121.0,6024.0,9948.0
1215,15232.0,9109.0,9201.0,5274.0,6123.0,6031.0,9958.0
1216,15242.0,9122.0,9203.0,5285.0,6120.0,6039.0,9957.0
1217,15252.0,9127.0,9209.0,5287.0,6125.0,6043.0,9965.0
1218,15262.0,9129.0,9220.0,5294.0,6133.0,6042.0,9968.0
1219,15272.0,9146.0,9222.0,5307.0,6126.0,6050.0,9965.0
1220,15282.0,9155.0,9225.0,5307.0,6127.0,6057.0,9975.0
1221,15292.0,9158.0,9229.0,5315.0,6134.0,6063.0,9977.0
1222,15302.0,9162.0,9236.0,5325.0,6140.0,6066.0,9977.0
1223,15312.0,9173.0,9244.0,5331.0,6139.0,6068.0,9981.0
1224,15322.0,9180.0,9256.0,5342.0,6142.0,6066.0,9980.0
1225,15332.0,9190.0,9258.0,5348.0,6142.0,6074.0,9984.0
1226,15342.0,9203.0,9260.0,5348.0,6139.0,6082.0,9994.0
1227,15352.0,9204.0,9260.0,5353.0,6148.0,6092.0,9999.0
1228,15362.0,9211.0,9263.0,5357.0,6151.0,6099.0,10005.0
1229,15372.0,9224.0,9276.0,5361.0,6148.0,6096.0,10011.0
1230,15382.0,9232.0,9288.0,5361.0,6150.0,6094.0,10021.0
1231,15392.0,9245.0,9298.0,5361.0,6147.0,6094.0,10031.0
1232,15402.0,9255.0,9310.0,5372.0,6147.0,6092.0,10030.0
1233,15412.0,9268.0,9319.0,5377.0,6144.0,6093.0,10035.0
1234,15422.0,9268.0,9329.0,5381.0,6154.0,6093.0,10041.0
1235,15432.0,9269.0,9334.0,5385.0,6163.0,6098.0,10047.0
1236,15442.0,9274.0,9338.0,5393.0,6168.0,6104.0,10049.0
1237,15452.0,9276.0,9345.0,5396.0,6176.0,6107.0,10056.0
1238,15462.0,9280.0,9348.0,5396.0,6182.0,6114.0,10066.0
1239,15472.0,9283.0,9350.0,5404.0,6189.0,6122.0,10068.0
1240,15482.0,9286.0,9361.0,5404.0,6196.0,6121.0,10078.0
1241,15492.0,9298.0,9374.0,5410.0,6194.0,6118.0,10082.0
1242,15502.0,9310.0,9378.0,5413.0,6192.0,6124.0,10089.0
1243,15512.0,9321.0,9389.0,5414.0,6191.0,6123.0,10098.0
1244,15522.0,9332.0,9399.0,5414.0,6190.0,6123.0,10108.0
1245,15532.0,9340.0,9415.0,5419.0,6192.0,6117.0,10113.0
1246,15542.0,9342.0,9426.0,5419.0,6200.0,6116.0,10123.0
1247,15552.0,9352.0,9436.0,5428.0,6200.0,6116.0,10124.0
1248,15562.0,9354.0,9443.0,5435.0,6208.0,6119.0,10127.0
1249,15572.0,9362.0,9445.0,5437.0,6210.0,6127.0,10135.0
1250,15582.0,9375.0,9452.0,5439.0,6207.0,6130.0,10143.0
1251,15592.0,9379.0,9453.0,5441.0,6213.0,6139.0,10151.0
1252,15602.0,9387.0,9461.0,5447.0,6215.0,6141.0,10155.0
1253,15612.0,9396.0,9468.0,5449.0,6216.0,6144.0,10163.0
1254,15622.0,9400.0,9475.0,5449.0,6222.0,6147.0,10173.0
1255,15632.0,9415.0,9482.0,5460.0,6217.0,6150.0,10172.0
1256,15642.0,9422.0,9492.0,5464.0,6220.0,6150.0,10178.0
1257,15652.0,9435.0,9500.0,5470.0,6217.0,6152.0,10182.0
1258,15662.0,9438.0,9509.0,5474.0,6224.0,6153.0,10188.0
1259,15672.0,9447.0,9515.0,5474.0,6225.0,6157.0,10198.0
1260,15682.0,9461.0,9517.0,5486.0,6221.0,6165.0,10196.0
1261,15692.0,9470.0,9527.0,5488.0,6222.0,6165.0,10204.0
1262,15702.0,9481.0,9527.0,5499.0,6221.0,6175.0,10203.0
1263,15712.0,9491.0,9530.0,5499.0,6221.0,6182.0,10213.0
1264,15722.0,9493.0,9531.0,5499.0,6229.0,6191.0,10223.0
1265,15732.0,9500.0,9537.0,5500.0,6232.0,6195.0,10232.0
1266,15742.0,9509.0,9544.0,5504.0,6233.0,6198.0,10238.0
1267,15752.0,9514.0,9551.0,5509.0,6238.0,6201.0,10243.0
1268,15762.0,9522.0,9558.0,5514.0,6240.0,6204.0,10248.0
1269,15772.0,9523.0,9561.0,5520.0,6249.0,6211.0,10252.0
1270,15782.0,9535.0,9570.0,5525.0,6247.0,6212.0,10257.0
1271,15792.0,9541.0,9570.0,5536.0,6251.0,6222.0,10256.0
1272,15802.0,9547.0,9577.0,5539.0,6255.0,6225.0,10263.0
1273,15812.0,9555.0,9579.0,5540.0,6257.0,6233.0,10272.0
1274,15822.0,9564.0,9581.0,5549.0,6258.0,6241.0,10273.0
1275,15832.0,9573.0,9585.0,5553.0,6259.0,6247.0,10279.0
1276,15842.0,9580.0,9585.0,5556.0,6262.0,6257.0,10286.0
1277,15852.0,9585.0,9595.0,5566.0,6267.0,6257.0,10286.0
1278,15862.0,9594.0,9602.0,5567.0,6268.0,6260.0,10295.0
1279,15872.0,9603.0,9614.0,5581.0,6269.0,6258.0,10291.0
1280,15882.0,9615.0,9619.0,5592.0,6267.0,6263.0,10290.0
1281,15892.0,9627.0,9630.0,5592.0,6265.0,6262.0,10300.0
1282,15902.0,9633.0,9646.0,5593.0,6269.0,6256.0,10309.0
1283,15912.0,9642.0,9657.0,5593.0,6270.0,6255.0,10319.0
1284,15922.0,9648.0,9663.0,5593.0,6274.0,6259.0,10329.0
1285,15932.0,9653.0,9664.0,5593.0,6279.0,6268.0,10339.0
1286,15942.0,9659.0,9664.0,5593.0,6283.0,6278.0,10349.0
1287,15952.0,9661.0,9664.0,5599.0,6291.0,6288.0,10353.0
1288,15962.0,9666.0,9665.0,5610.0,6296.0,6297.0,10352.0
1289,15972.0,9673.0,9666.0,5610.0,6299.0,6306.0,10362.0
1290,15982.0,9679.0,9668.0,5618.0,6303.0,6314.0,10364.0
1291,15992.0,9689.0,9676.0,5618.0,6303.0,6316.0,10374.0
1292,16002.0,9690.0,9678.0,5619.0,6312.0,6324.0,10383.0
1293,16012.0,9693.0,9678.0,5622.0,6319.0,6334.0,10390.0
1294,16022.0,9696.0,9681.0,5622.0,6326.0,6341.0,10400.0
1295,16032.0,9703.0,9689.0,5638.0,6329.0,6343.0,10394.0
1296,16042.0,9709.0,9694.0,5651.0,6333.0,6348.0,10391.0
1297,16052.0,9725.0,9700.0,5654.0,6327.0,6352.0,10398.0
1298,16062.0,9731.0,9710.0,5664.0,6331.0,6352.0,10398.0
1299,16072.0,9738.0,9718.0,5664.0,6334.0,6354.0,10408.0
1300,16082.0,9742.0,9720.0,5666.0,6340.0,6362.0,10416.0
1301,16092.0,9744.0,9732.0,5667.0,6348.0,6360.0,10425.0
1302,16102.0,9748.0,9735.0,5679.0,6354.0,6367.0,10423.0
1303,16112.0,9751.0,9744.0,5679.0,6361.0,6368.0,10433.0
1304,16122.0,9752.0,9745.0,5686.0,6370.0,6377.0,10436.0
1305,16132.0,9754.0,9750.0,5691.0,6378.0,6382.0,10441.0
1306,16142.0,9759.0,9764.0,5699.0,6383.0,6378.0,10443.0
1307,16152.0,9769.0,9765.0,5712.0,6383.0,6387.0,10440.0
1308,16162.0,9774.0,9766.0,5716.0,6388.0,6396.0,10446.0
1309,16172.0,9785.0,9770.0,5724.0,6387.0,6402.0,10448.0
1310,16182.0,9794.0,9775.0,5727.0,6388.0,6407.0,10455.0
1311,16192.0,9800.0,9784.0,5727.0,6392.0,6408.0,10465.0
1312,16202.0,9800.0,9791.0,5744.0,6402.0,6411.0,10458.0
1313,16212.0,9807.0,9804.0,5747.0,6405.0,6408.0,10465.0
1314,16222.0,9813.0,9804.0,5755.0,6409.0,6418.0,10467.0
1315,16232.0,9828.0,9815.0,5759.0,6404.0,6417.0,10473.0
1316,16242.0,9835.0,9815.0,5759.0,6407.0,6427.0,10483.0
1317,16252.0,9843.0,9819.0,5769.0,6409.0,6433.0,10483.0
1318,16262.0,9844.0,9829.0,5772.0,6418.0,6433.0,10490.0
1319,16272.0,9845.0,9837.0,5775.0,6427.0,6435.0,10497.0
1320,16282.0,9855.0,9855.0,5787.0,6427.0,6427.0,10495.0
1321,16292.0,9858.0,9863.0,5790.0,6434.0,6429.0,10502.0
1322,16302.0,9863.0,9875.0,5806.0,6439.0,6427.0,10496.0
1323,16312.0,9870.0,9885.0,5809.0,6442.0,6427.0,10503.0
1324,16322.0,9884.0,9886.0,5813.0,6438.0,6436.0,10509.0
1325,16332.0,9891.0,9891.0,5813.0,6441.0,6441.0,10519.0
1326,16342.0,9900.0,9902.0,5822.0,6442.0,6440.0,10520.0
1327,16352.0,9905.0,9905.0,5829.0,6447.0,6447.0,10523.0
1328,16362.0,9911.0,9916.0,5842.0,6451.0,6446.0,10520.0
1329,16372.0,9923.0,9922.0,5849.0,6449.0,6450.0,10523.0
1330,16382.0,9930.0,9925.0,5852.0,6452.0,6457.0,10530.0
1331,16392.0,9937.0,9925.0,5861.0,6455.0,6467.0,10531.0
1332,16402.0,9939.0,9940.0,5870.0,6463.0,6462.0,10532.0
1333,16412.0,9958.0,9946.0,5884.0,6454.0,6466.0,10528.0
1334,16422.0,9966.0,9946.0,5884.0,6456.0,6476.0,10538.0
1335,16432.0,9968.0,9946.0,5888.0,6464.0,6486.0,10544.0
1336,16442.0,9975.0,9958.0,5888.0,6467.0,6484.0,10554.0
1337,16452.0,9980.0,9958.0,5888.0,6472.0,6494.0,10564.0
1338,16462.0,9987.0,9972.0,5896.0,6475.0,6490.0,10566.0
1339,16472.0,9994.0,9977.0,5896.0,6478.0,6495.0,10576.0
1340,16482.0,10002.0,9981.0,5896.0,6480.0,6501.0,10586.0
1341,16492.0,10008.0,9991.0,5898.0,6484.0,6501.0,10594.0
1342,16502.0,10010.0,9999.0,5907.0,6492.0,6503.0,10595.0
1343,16512.0,10012.0,10004.0,5907.0,6500.0,6508.0,10605.0
1344,16522.0,10021.0,10012.0,5913.0,6501.0,6510.0,10609.0
1345,16532.0,10030.0,10019.0,5913.0,6502.0,6513.0,10619.0
1346,16542.0,10036.0,10031.0,5926.0,6506.0,6511.0,10616.0
1347,16552.0,10043.0,10038.0,5931.0,6509.0,6514.0,10621.0
1348,16562.0,10045.0,10046.0,5946.0,6517.0,6516.0,10616.0
1349,16572.0,10050.0,10052.0,5947.0,6522.0,6520.0,10625.0
1350,16582.0,10063.0,10059.0,5950.0,6519.0,6523.0,10632.0
1351,16592.0,10065.0,10072.0,5953.0,6527.0,6520.0,10639.0
1352,16602.0,10077.0,10090.0,5958.0,6525.0,6512.0,10644.0
1353,16612.0,10079.0,10100.0,5971.0,6533.0,6512.0,10641.0
1354,16622.0,10084.0,10102.0,5972.0,6538.0,6520.0,10650.0
1355,16632.0,10096.0,10102.0,5987.0,6536.0,6530.0,10645.0
1356,16642.0,10100.0,10102.0,5998.0,6542.0,6540.0,10644.0
1357,16652.0,10102.0,10105.0,6002.0,6550.0,6547.0,10650.0
1358,16662.0,10105.0,10114.0,6005.0,6557.0,6548.0,10657.0
1359,16672.0,10114.0,10127.0,6005.0,6558.0,6545.0,10667.0
1360,16682.0,10118.0,10137.0,6006.0,6564.0,6545.0,10676.0
1361,16692.0,10125.0,10148.0,6006.0,6567.0,6544.0,10686.0
1362,16702.0,10132.0,10154.0,6015.0,6570.0,6548.0,10687.0
1363,16712.0,10135.0,10158.0,6016.0,6577.0,6554.0,10696.0
1364,16722.0,10136.0,10166.0,6022.0,6586.0,6556.0,10700.0
1365,16732.0,10142.0,10171.0,6023.0,6590.0,6561.0,10709.0
1366,16742.0,10146.0,10181.0,6025.0,6596.0,6561.0,10717.0
1367,16752.0,10156.0,10192.0,6029.0,6596.0,6560.0,10723.0
1368,16762.0,10167.0,10206.0,6029.0,6595.0,6556.0,10733.0
1369,16772.0,10173.0,10213.0,6034.0,6599.0,6559.0,10738.0
1370,16782.0,10183.0,10213.0,6034.0,6599.0,6569.0,10748.0
1371,16792.0,10187.0,10223.0,6038.0,6605.0,6569.0,10754.0
1372,16802.0,10195.0,10229.0,6055.0,6607.0,6573.0,10747.0
1373,16812.0,10195.0,10237.0,6065.0,6617.0,6575.0,10747.0
1374,16822.0,10204.0,10238.0,6065.0,6618.0,6584.0,10757.0
1375,16832.0,10213.0,10241.0,6076.0,6619.0,6591.0,10756.0
1376,16842.0,10216.0,10251.0,6077.0,6626.0,6591.0,10765.0
1377,16852.0,10216.0,10260.0,6085.0,6636.0,6592.0,10767.0
1378,16862.0,10222.0,10273.0,6090.0,6640.0,6589.0,10772.0
1379,16872.0,10223.0,10281.0,6090.0,6649.0,6591.0,10782.0
1380,16882.0,10232.0,10292.0,6094.0,6650.0,6590.0,10788.0
1381,16892.0,10242.0,10296.0,6099.0,6650.0,6596.0,10793.0
1382,16902.0,10252.0,10313.0,6099.0,6650.0,6589.0,10803.0
1383,16912.0,10258.0,10319.0,6105.0,6654.0,6593.0,10807.0
1384,16922.0,10263.0,10326.0,6106.0,6659.0,6596.0,10816.0
1385,16932.0,10266.0,10333.0,6110.0,6666.0,6599.0,10822.0
1386,16942.0,10281.0,10340.0,6110.0,6661.0,6602.0,10832.0
1387,16952.0,10296.0,10340.0,6121.0,6656.0,6612.0,10831.0
1388,16962.0,10306.0,10351.0,6121.0,6656.0,6611.0,10841.0
1389,16972.0,10315.0,10354.0,6122.0,6657.0,6618.0,10850.0
1390,16982.0,10316.0,10366.0,6122.0,6666.0,6616.0,10860.0
1391,16992.0,10320.0,10376.0,6123.0,6672.0,6616.0,10869.0
1392,17002.0,10325.0,10385.0,6125.0,6677.0,6617.0,10877.0
1393,17012.0,10325.0,10393.0,6131.0,6687.0,6619.0,10881.0
1394,17022.0,10331.0,10406.0,6133.0,6691.0,6616.0,10889.0
1395,17032.0,10333.0,10414.0,6139.0,6699.0,6618.0,10893.0
1396,17042.0,10335.0,10416.0,6148.0,6707.0,6626.0,10894.0
1397,17052.0,10341.0,10419.0,6151.0,6711.0,6633.0,10901.0
1398,17062.0,10343.0,10434.0,6158.0,6719.0,6628.0,10904.0
1399,17072.0,10345.0,10436.0,6164.0,6727.0,6636.0,10908.0
1400,17082.0,10352.0,10437.0,6169.0,6730.0,6645.0,10913.0
1401,17092.0,10366.0,10446.0,6179.0,6726.0,6646.0,10913.0
1402,17102.0,10371.0,10450.0,6181.0,6731.0,6652.0,10921.0
1403,17112.0,10379.0,10457.0,6192.0,6733.0,6655.0,10920.0
1404,17122.0,10389.0,10469.0,6192.0,6733.0,6653.0,10930.0
1405,17132.0,10398.0,10475.0,6200.0,6734.0,6657.0,10932.0
1406,17142.0,10411.0,10485.0,6200.0,6731.0,6657.0,10942.0
1407,17152.0,10413.0,10494.0,6200.0,6739.0,6658.0,10952.0
1408,17162.0,10426.0,10499.0,6200.0,6736.0,6663.0,10962.0
1409,17172.0,10433.0,10506.0,6207.0,6739.0,6666.0,10965.0
1410,17182.0,10443.0,10507.0,6220.0,6739.0,6675.0,10962.0
1411,17192.0,10447.0,10513.0,6227.0,6745.0,6679.0,10965.0
1412,17202.0,10453.0,10515.0,6237.0,6749.0,6687.0,10965.0
1413,17212.0,10454.0,10517.0,6240.0,6758.0,6695.0,10972.0
1414,17222.0,10460.0,10518.0,6254.0,6762.0,6704.0,10968.0
1415,17232.0,10465.0,10531.0,6255.0,6767.0,6701.0,10977.0
1416,17242.0,10474.0,10536.0,6258.0,6768.0,6706.0,10984.0
1417,17252.0,10483.0,10542.0,6259.0,6769.0,6710.0,10993.0
1418,17262.0,10483.0,10559.0,6259.0,6779.0,6703.0,11003.0
1419,17272.0,10485.0,10563.0,6261.0,6787.0,6709.0,11011.0
1420,17282.0,10491.0,10582.0,6267.0,6791.0,6700.0,11015.0
1421,17292.0,10497.0,10587.0,6267.0,6795.0,6705.0,11025.0
1422,17302.0,10500.0,10593.0,6267.0,6802.0,6709.0,11035.0
1423,17312.0,10504.0,10602.0,6268.0,6808.0,6710.0,11044.0
1424,17322.0,10515.0,10611.0,6268.0,6807.0,6711.0,11054.0
1425,17331.0,10525.0,10618.0,6285.0,6806.0,6713.0,11046.0
1426,17340.0,10528.0,10624.0,6285.0,6812.0,6716.0,11055.0
1427,17349.0,10538.0,10634.0,6294.0,6811.0,6715.0,11055.0
1428,17358.0,10547.0,10636.0,6294.0,6811.0,6722.0,11064.0
1429,17367.0,10550.0,10642.0,6295.0,6817.0,6725.0,11072.0
1430,17376.0,10552.0,10646.0,6304.0,6824.0,6730.0,11072.0
1431,17385.0,10557.0,10660.0,6311.0,6828.0,6725.0,11074.0
1432,17394.0,10557.0,10665.0,6317.0,6837.0,6729.0,11077.0
1433,17403.0,10567.0,10670.0,6319.0,6836.0,6733.0,11084.0
1434,17412.0,10570.0,10673.0,6322.0,6842.0,6739.0,11090.0
1435,17421.0,10573.0,10686.0,6322.0,6848.0,6735.0,11099.0
1436,17430.0,10582.0,10686.0,6326.0,6848.0,6744.0,11104.0
1437,17439.0,10583.0,10695.0,6332.0,6856.0,6744.0,11107.0
1438,17448.0,10589.0,10704.0,6334.0,6859.0,6744.0,11114.0
1439,17457.0,10595.0,10705.0,6336.0,6862.0,6752.0,11121.0
1440,17466.0,10599.0,10714.0,6336.0,6867.0,6752.0,11130.0
1441,17475.0,10607.0,10727.0,6336.0,6868.0,6748.0,11139.0
1442,17484.0,10615.0,10729.0,6336.0,6869.0,6755.0,11148.0
1443,17493.0,10622.0,10734.0,6340.0,6871.0,6759.0,11153.0
1444,17502.0,10624.0,10747.0,6354.0,6878.0,6755.0,11148.0
1445,17511.0,10638.0,10755.0,6357.0,6873.0,6756.0,11154.0
1446,17520.0,10646.0,10760.0,6367.0,6874.0,6760.0,11153.0
1447,17529.0,10654.0,10767.0,6377.0,6875.0,6762.0,11152.0
1448,17538.0,10656.0,10783.0,6381.0,6882.0,6755.0,11157.0
1449,17547.0,10657.0,10794.0,6386.0,6890.0,6753.0,11161.0
1450,17556.0,10665.0,10809.0,6401.0,6891.0,6747.0,11155.0
1451,17565.0,10670.0,10818.0,6405.0,6895.0,6747.0,11160.0
1452,17574.0,10679.0,10831.0,6414.0,6895.0,6743.0,11160.0
1453,17583.0,10679.0,10832.0,6425.0,6904.0,6751.0,11158.0
1454,17592.0,10679.0,10837.0,6425.0,6913.0,6755.0,11167.0
1455,17601.0,10688.0,10843.0,6430.0,6913.0,6758.0,11171.0
1456,17610.0,10693.0,10857.0,6432.0,6917.0,6753.0,11178.0
1457,17619.0,10706.0,10857.0,6434.0,6913.0,6762.0,11185.0
1458,17628.0,10713.0,10857.0,6436.0,6915.0,6771.0,11192.0
1459,17637.0,10716.0,10857.0,6438.0,6921.0,6780.0,11199.0
1460,17646.0,10718.0,10863.0,6444.0,6928.0,6783.0,11202.0
1461,17655.0,10726.0,10871.0,6449.0,6929.0,6784.0,11206.0
1462,17664.0,10726.0,10875.0,6452.0,6938.0,6789.0,11212.0
1463,17673.0,10732.0,10889.0,6454.0,6941.0,6784.0,11219.0
1464,17682.0,10735.0,10902.0,6455.0,6947.0,6780.0,11227.0
1465,17691.0,10748.0,10912.0,6467.0,6943.0,6779.0,11224.0
1466,17700.0,10762.0,10912.0,6474.0,6938.0,6788.0,11226.0
1467,17709.0,10762.0,10920.0,6474.0,6947.0,6789.0,11235.0
1468,17718.0,10765.0,10924.0,6481.0,6953.0,6794.0,11237.0
1469,17727.0,10769.0,10929.0,6481.0,6958.0,6798.0,11246.0
1470,17736.0,10775.0,10935.0,6496.0,6961.0,6801.0,11240.0
1471,17745.0,10784.0,10945.0,6496.0,6961.0,6800.0,11249.0
1472,17754.0,10788.0,10950.0,6505.0,6966.0,6804.0,11249.0
1473,17763.0,10796.0,10953.0,6515.0,6967.0,6810.0,11248.0
1474,17772.0,10814.0,10954.0,6515.0,6958.0,6818.0,11257.0
1475,17781.0,10822.0,10959.0,6524.0,6959.0,6822.0,11257.0
1476,17790.0,10826.0,10966.0,6537.0,6964.0,6824.0,11253.0
1477,17799.0,10840.0,10976.0,6537.0,6959.0,6823.0,11262.0
1478,17808.0,10847.0,10987.0,6550.0,6961.0,6821.0,11258.0
1479,17817.0,10852.0,10996.0,6550.0,6965.0,6821.0,11267.0
1480,17826.0,10857.0,11005.0,6555.0,6969.0,6821.0,11271.0
1481,17835.0,10865.0,11005.0,6560.0,6970.0,6830.0,11275.0
1482,17844.0,10867.0,11010.0,6564.0,6977.0,6834.0,11280.0
1483,17853.0,10869.0,11017.0,6564.0,6984.0,6836.0,11289.0
1484,17862.0,10873.0,11028.0,6565.0,6989.0,6834.0,11297.0
1485,17871.0,10875.0,11036.0,6577.0,6996.0,6835.0,11294.0
1486,17880.0,10880.0,11054.0,6582.0,7000.0,6826.0,11298.0
1487,17889.0,10890.0,11057.0,6589.0,6999.0,6832.0,11300.0
1488,17898.0,10902.0,11067.0,6601.0,6996.0,6831.0,11297.0
1489,17907.0,10912.0,11069.0,6601.0,6995.0,6838.0,11306.0
1490,17916.0,10912.0,11070.0,6610.0,7004.0,6846.0,11306.0
1491,17925.0,10914.0,11073.0,6610.0,7011.0,6852.0,11315.0
1492,17934.0,10914.0,11078.0,6610.0,7020.0,6856.0,11324.0
1493,17943.0,10917.0,11092.0,6613.0,7026.0,6851.0,11330.0
1494,17952.0,10917.0,11095.0,6613.0,7035.0,6857.0,11339.0
1495,17961.0,10926.0,11095.0,6616.0,7035.0,6866.0,11345.0
1496,17970.0,10934.0,11098.0,6622.0,7036.0,6872.0,11348.0
1497,17979.0,10939.0,11103.0,6627.0,7040.0,6876.0,11352.0
1498,17988.0,10945.0,11107.0,6627.0,7043.0,6881.0,11361.0
1499,17997.0,10945.0,11110.0,6634.0,7052.0,6887.0,11363.0
1500,18006.0,10955.0,11111.0,6637.0,7051.0,6895.0,11369.0
1501,18015.0,10964.0,11113.0,6641.0,7051.0,6902.0,11374.0
1502,18024.0,10971.0,11121.0,6649.0,7053.0,6903.0,11375.0
1503,18033.0,10980.0,11132.0,6650.0,7053.0,6901.0,11383.0
1504,18042.0,10987.0,11138.0,6663.0,7055.0,6904.0,11379.0
1505,18051.0,10999.0,11147.0,6669.0,7052.0,6904.0,11382.0
1506,18060.0,11010.0,11154.0,6672.0,7050.0,6906.0,11388.0
1507,18069.0,11019.0,11166.0,6677.0,7050.0,6903.0,11392.0
1508,18078.0,11019.0,11167.0,6679.0,7059.0,6911.0,11399.0
1509,18087.0,11030.0,11176.0,6685.0,7057.0,6911.0,11402.0
1510,18096.0,11034.0,11183.0,6703.0,7062.0,6913.0,11393.0
1511,18105.0,11036.0,11193.0,6708.0,7069.0,6912.0,11397.0
1512,18114.0,11044.0,11203.0,6711.0,7070.0,6911.0,11403.0
1513,18123.0,11044.0,11210.0,6711.0,7079.0,6913.0,11412.0
1514,18132.0,11044.0,11220.0,6717.0,7088.0,6912.0,11415.0
1515,18141.0,11044.0,11225.0,6727.0,7097.0,6916.0,11414.0
1516,18150.0,11047.0,11233.0,6732.0,7103.0,6917.0,11418.0
1517,18159.0,11058.0,11241.0,6735.0,7101.0,6918.0,11424.0
1518,18168.0,11059.0,11244.0,6736.0,7109.0,6924.0,11432.0
1519,18177.0,11065.0,11247.0,6738.0,7112.0,6930.0,11439.0
1520,18186.0,11072.0,11252.0,6744.0,7114.0,6934.0,11442.0
1521,18195.0,11083.0,11252.0,6752.0,7112.0,6943.0,11443.0
1522,18204.0,11083.0,11262.0,6753.0,7121.0,6942.0,11451.0
1523,18213.0,11084.0,11266.0,6753.0,7129.0,6947.0,11460.0
1524,18222.0,11089.0,11276.0,6756.0,7133.0,6946.0,11466.0
1525,18231.0,11099.0,11277.0,6769.0,7132.0,6954.0,11462.0
1526,18240.0,11108.0,11278.0,6769.0,7132.0,6962.0,11471.0
1527,18249.0,11111.0,11281.0,6769.0,7138.0,6968.0,11480.0
1528,18258.0,11116.0,11291.0,6769.0,7142.0,6967.0,11489.0
1529,18267.0,11127.0,11298.0,6771.0,7140.0,6969.0,11496.0
1530,18276.0,11130.0,11310.0,6771.0,7146.0,6966.0,11505.0
1531,18285.0,11133.0,11316.0,6771.0,7152.0,6969.0,11514.0
1532,18294.0,11134.0,11327.0,6781.0,7160.0,6967.0,11513.0
1533,18303.0,11141.0,11338.0,6802.0,7162.0,6965.0,11501.0
1534,18312.0,11144.0,11344.0,6808.0,7168.0,6968.0,11504.0
1535,18321.0,11146.0,11345.0,6808.0,7175.0,6976.0,11513.0
1536,18330.0,11149.0,11345.0,6808.0,7181.0,6985.0,11522.0
1537,18339.0,11155.0,11347.0,6819.0,7184.0,6992.0,11520.0
1538,18348.0,11158.0,11356.0,6834.0,7190.0,6992.0,11514.0
1539,18357.0,11160.0,11360.0,6847.0,7197.0,6997.0,11510.0
1540,18366.0,11164.0,11367.0,6857.0,7202.0,6999.0,11509.0
1541,18375.0,11169.0,11369.0,6859.0,7206.0,7006.0,11516.0
1542,18384.0,11181.0,11374.0,6859.0,7203.0,7010.0,11525.0
1543,18393.0,11184.0,11379.0,6859.0,7209.0,7014.0,11534.0
1544,18402.0,11196.0,11395.0,6860.0,7206.0,7007.0,11542.0
1545,18411.0,11207.0,11398.0,6870.0,7204.0,7013.0,11541.0
1546,18420.0,11217.0,11400.0,6872.0,7203.0,7020.0,11548.0
1547,18429.0,11230.0,11401.0,6872.0,7199.0,7028.0,11557.0
1548,18438.0,11238.0,11402.0,6876.0,7200.0,7036.0,11562.0
1549,18447.0,11245.0,11403.0,6877.0,7202.0,7044.0,11570.0
1550,18456.0,11246.0,11407.0,6881.0,7210.0,7049.0,11575.0
1551,18465.0,11251.0,11419.0,6881.0,7214.0,7046.0,11584.0
1552,18474.0,11259.0,11422.0,6893.0,7215.0,7052.0,11581.0
1553,18483.0,11267.0,11427.0,6897.0,7216.0,7056.0,11586.0
1554,18492.0,11270.0,11435.0,6905.0,7222.0,7057.0,11587.0
1555,18501.0,11277.0,11438.0,6909.0,7224.0,7063.0,11592.0
1556,18510.0,11281.0,11443.0,6910.0,7229.0,7067.0,11600.0
1557,18519.0,11282.0,11444.0,6920.0,7237.0,7075.0,11599.0
1558,18528.0,11282.0,11449.0,6922.0,7246.0,7079.0,11606.0
1559,18537.0,11288.0,11456.0,6924.0,7249.0,7081.0,11613.0
1560,18546.0,11289.0,11457.0,6929.0,7257.0,7089.0,11617.0
1561,18555.0,11294.0,11457.0,6938.0,7261.0,7098.0,11617.0
1562,18564.0,11296.0,11466.0,6940.0,7268.0,7098.0,11624.0
1563,18573.0,11302.0,11472.0,6942.0,7271.0,7101.0,11631.0
1564,18582.0,11310.0,11473.0,6944.0,7272.0,7109.0,11638.0
1565,18591.0,11314.0,11476.0,6951.0,7277.0,7115.0,11640.0
1566,18600.0,11324.0,11476.0,6955.0,7276.0,7124.0,11645.0
1567,18609.0,11332.0,11485.0,6956.0,7277.0,7124.0,11653.0
1568,18618.0,11340.0,11486.0,6963.0,7278.0,7132.0,11655.0
1569,18627.0,11353.0,11497.0,6966.0,7274.0,7130.0,11661.0
1570,18636.0,11362.0,11499.0,6967.0,7274.0,7137.0,11669.0
1571,18645.0,11379.0,11503.0,6969.0,7266.0,7142.0,11676.0
1572,18654.0,11381.0,11504.0,6973.0,7273.0,7150.0,11681.0
1573,18663.0,11384.0,11516.0,6979.0,7279.0,7147.0,11684.0
1574,18672.0,11399.0,11525.0,6985.0,7273.0,7147.0,11687.0
1575,18681.0,11407.0,11538.0,6988.0,7274.0,7143.0,11693.0
1576,18690.0,11413.0,11540.0,6994.0,7277.0,7150.0,11696.0
1577,18699.0,11414.0,11554.0,6999.0,7285.0,7145.0,11700.0
1578,18708.0,11422.0,11568.0,7002.0,7286.0,7140.0,11706.0
1579,18717.0,11434.0,11571.0,7016.0,7283.0,7146.0,11701.0
1580,18726.0,11438.0,11578.0,7016.0,7288.0,7148.0,11710.0
1581,18735.0,11446.0,11586.0,7020.0,7289.0,7149.0,11715.0
1582,18744.0,11460.0,11599.0,7026.0,7284.0,7145.0,11718.0
1583,18753.0,11472.0,11602.0,7043.0,7281.0,7151.0,11710.0
1584,18762.0,11476.0,11604.0,7046.0,7286.0,7158.0,11716.0
1585,18771.0,11479.0,11605.0,7048.0,7292.0,7166.0,11723.0
1586,18780.0,11479.0,11611.0,7051.0,7301.0,7169.0,11729.0
1587,18789.0,11484.0,11618.0,7052.0,7305.0,7171.0,11737.0
1588,18798.0,11497.0,11628.0,7058.0,7301.0,7170.0,11740.0
1589,18807.0,11505.0,11631.0,7058.0,7302.0,7176.0,11749.0
1590,18816.0,11513.0,11636.0,7067.0,7303.0,7180.0,11749.0
1591,18825.0,11523.0,11653.0,7072.0,7302.0,7172.0,11753.0
1592,18834.0,11529.0,11660.0,7075.0,7305.0,7174.0,11759.0
1593,18843.0,11534.0,11677.0,7080.0,7309.0,7166.0,11763.0
1594,18852.0,11534.0,11682.0,7083.0,7318.0,7170.0,11769.0
1595,18861.0,11547.0,11682.0,7089.0,7314.0,7179.0,11772.0
1596,18870.0,11559.0,11683.0,7096.0,7311.0,7187.0,11774.0
1597,18879.0,11564.0,11686.0,7097.0,7315.0,7193.0,11782.0
1598,18888.0,11570.0,11687.0,7105.0,7318.0,7201.0,11783.0
1599,18897.0,11574.0,11698.0,7113.0,7323.0,7199.0,11784.0
1600,18906.0,11575.0,11698.0,7114.0,7331.0,7208.0,11792.0
1601,18915.0,11582.0,11708.0,7114.0,7333.0,7207.0,11801.0
1602,18924.0,11598.0,11714.0,7118.0,7326.0,7210.0,11806.0
1603,18933.0,11603.0,11718.0,7122.0,7330.0,7215.0,11811.0
1604,18942.0,11615.0,11725.0,7124.0,7327.0,7217.0,11818.0
1605,18951.0,11625.0,11734.0,7125.0,7326.0,7217.0,11826.0
1606,18960.0,11631.0,11736.0,7126.0,7329.0,7224.0,11834.0
1607,18969.0,11650.0,11746.0,7126.0,7319.0,7223.0,11843.0
1608,18978.0,11660.0,11758.0,7129.0,7318.0,7220.0,11849.0
1609,18987.0,11664.0,11766.0,7130.0,7323.0,7221.0,11857.0
1610,18996.0,11674.0,11769.0,7130.0,7322.0,7227.0,11866.0
1611,19005.0,11684.0,11776.0,7134.0,7321.0,7229.0,11871.0
1612,19014.0,11690.0,11788.0,7140.0,7324.0,7226.0,11874.0
1613,19023.0,11700.0,11795.0,7147.0,7323.0,7228.0,11876.0
1614,19032.0,11707.0,11803.0,7152.0,7325.0,7229.0,11880.0
1615,19041.0,11711.0,11811.0,7156.0,7330.0,7230.0,11885.0
1616,19050.0,11713.0,11819.0,7159.0,7337.0,7231.0,11891.0
1617,19059.0,11717.0,11825.0,7167.0,7342.0,7234.0,11892.0
1618,19068.0,11725.0,11835.0,7171.0,7343.0,7233.0,11897.0
1619,19077.0,11730.0,11837.0,7171.0,7347.0,7240.0,11906.0
1620,19086.0,11734.0,11843.0,7182.0,7352.0,7243.0,11904.0
1621,19095.0,11742.0,11852.0,7192.0,7353.0,7243.0,11903.0
1622,19104.0,11745.0,11860.0,7196.0,7359.0,7244.0,11908.0
1623,19113.0,11747.0,11868.0,7199.0,7366.0,7245.0,11914.0
1624,19122.0,11757.0,11882.0,7199.0,7365.0,7240.0,11923.0
1625,19131.0,11762.0,11882.0,7199.0,7369.0,7249.0,11932.0
1626,19140.0,11768.0,11892.0,7209.0,7372.0,7248.0,11931.0
1627,19149.0,11769.0,11903.0,7219.0,7380.0,7246.0,11930.0
1628,19158.0,11769.0,11908.0,7231.0,7389.0,7250.0,11927.0
1629,19167.0,11773.0,11916.0,7239.0,7394.0,7251.0,11928.0
1630,19176.0,11779.0,11921.0,7240.0,7397.0,7255.0,11936.0
1631,19185.0,11784.0,11931.0,7240.0,7401.0,7254.0,11945.0
1632,19194.0,11786.0,11932.0,7240.0,7408.0,7262.0,11954.0
1633,19203.0,11796.0,11936.0,7245.0,7407.0,7267.0,11958.0
1634,19212.0,11803.0,11951.0,7248.0,7409.0,7261.0,11964.0
1635,19221.0,11803.0,11953.0,7254.0,7418.0,7268.0,11967.0
1636,19230.0,11811.0,11962.0,7259.0,7419.0,7268.0,11971.0
1637,19239.0,11814.0,11969.0,7260.0,7425.0,7270.0,11979.0
1638,19248.0,11819.0,11978.0,7270.0,7429.0,7270.0,11978.0
1639,19257.0,11822.0,11982.0,7274.0,7435.0,7275.0,11983.0
1640,19266.0,11836.0,11996.0,7287.0,7430.0,7270.0,11979.0
1641,19275.0,11838.0,12007.0,7293.0,7437.0,7268.0,11982.0
1642,19284.0,11838.0,12009.0,7296.0,7446.0,7275.0,11988.0
1643,19293.0,11843.0,12014.0,7304.0,7450.0,7279.0,11989.0
1644,19302.0,11847.0,12019.0,7304.0,7455.0,7283.0,11998.0
1645,19311.0,11856.0,12031.0,7312.0,7455.0,7280.0,11999.0
1646,19320.0,11872.0,12036.0,7324.0,7448.0,7284.0,11996.0
1647,19329.0,11873.0,12055.0,7324.0,7456.0,7274.0,12005.0
1648,19338.0,11877.0,12057.0,7327.0,7461.0,7281.0,12011.0
1649,19347.0,11891.0,12068.0,7328.0,7456.0,7279.0,12019.0
1650,19356.0,11896.0,12084.0,7331.0,7460.0,7272.0,12025.0
1651,19365.0,11905.0,12094.0,7332.0,7460.0,7271.0,12033.0
1652,19374.0,11915.0,12101.0,7332.0,7459.0,7273.0,12042.0
1653,19383.0,11925.0,12105.0,7332.0,7458.0,7278.0,12051.0
1654,19392.0,11926.0,12112.0,7338.0,7466.0,7280.0,12054.0
1655,19401.0,11933.0,12123.0,7343.0,7468.0,7278.0,12058.0
1656,19410.0,11940.0,12138.0,7345.0,7470.0,7272.0,12065.0
1657,19419.0,11947.0,12146.0,7353.0,7472.0,7273.0,12066.0
1658,19428.0,11952.0,12149.0,7353.0,7476.0,7279.0,12075.0
1659,19437.0,11966.0,12163.0,7353.0,7471.0,7274.0,12084.0
1660,19446.0,11971.0,12167.0,7354.0,7475.0,7279.0,12092.0
1661,19455.0,11974.0,12168.0,7357.0,7481.0,7287.0,12098.0
1662,19464.0,11994.0,12179.0,7357.0,7470.0,7285.0,12107.0
1663,19473.0,11994.0,12187.0,7359.0,7479.0,7286.0,12114.0
1664,19482.0,11994.0,12196.0,7371.0,7488.0,7286.0,12111.0
1665,19491.0,12003.0,12204.0,7371.0,7488.0,7287.0,12120.0
1666,19500.0,12010.0,12210.0,7376.0,7490.0,7290.0,12124.0
1667,19509.0,12015.0,12214.0,7382.0,7494.0,7295.0,12127.0
1668,19518.0,12018.0,12225.0,7383.0,7500.0,7293.0,12135.0
1669,19527.0,12032.0,12228.0,7384.0,7495.0,7299.0,12143.0
1670,19536.0,12042.0,12232.0,7395.0,7494.0,7304.0,12141.0
1671,19545.0,12042.0,12247.0,7405.0,7503.0,7298.0,12140.0
1672,19554.0,12060.0,12253.0,7411.0,7494.0,7301.0,12143.0
1673,19563.0,12074.0,12261.0,7412.0,7489.0,7302.0,12151.0
1674,19572.0,12082.0,12267.0,7412.0,7490.0,7305.0,12160.0
1675,19581.0,12089.0,12271.0,7418.0,7492.0,7310.0,12163.0
1676,19590.0,12089.0,12273.0,7427.0,7501.0,7317.0,12163.0
1677,19599.0,12101.0,12281.0,7441.0,7498.0,7318.0,12158.0
1678,19608.0,12107.0,12291.0,7444.0,7501.0,7317.0,12164.0
1679,19617.0,12115.0,12305.0,7454.0,7502.0,7312.0,12163.0
1680,19626.0,12127.0,12309.0,7462.0,7499.0,7317.0,12164.0
1681,19635.0,12138.0,12322.0,7462.0,7497.0,7313.0,12173.0
1682,19644.0,12144.0,12339.0,7466.0,7500.0,7305.0,12178.0
1683,19653.0,12150.0,12343.0,7475.0,7503.0,7310.0,12178.0
1684,19662.0,12155.0,12350.0,7475.0,7507.0,7312.0,12187.0
1685,19671.0,12168.0,12356.0,7476.0,7503.0,7315.0,12195.0
1686,19680.0,12175.0,12360.0,7478.0,7505.0,7320.0,12202.0
1687,19689.0,12176.0,12368.0,7479.0,7513.0,7321.0,12210.0
1688,19698.0,12179.0,12373.0,7486.0,7519.0,7325.0,12212.0
1689,19707.0,12179.0,12378.0,7491.0,7528.0,7329.0,12216.0
1690,19716.0,12190.0,12386.0,7491.0,7526.0,7330.0,12225.0
1691,19725.0,12198.0,12392.0,7498.0,7527.0,7333.0,12227.0
1692,19734.0,12210.0,12397.0,7498.0,7524.0,7337.0,12236.0
1693,19743.0,12214.0,12397.0,7504.0,7529.0,7346.0,12239.0
1694,19752.0,12225.0,12408.0,7505.0,7527.0,7344.0,12247.0
1695,19761.0,12239.0,12419.0,7512.0,7522.0,7342.0,12249.0
1696,19770.0,12247.0,12425.0,7516.0,7523.0,7345.0,12254.0
1697,19779.0,12258.0,12426.0,7527.0,7521.0,7353.0,12252.0
1698,19788.0,12263.0,12431.0,7532.0,7525.0,7357.0,12256.0
1699,19797.0,12265.0,12440.0,7538.0,7532.0,7357.0,12259.0
1700,19806.0,12270.0,12443.0,7548.0,7536.0,7363.0,12258.0
1701,19815.0,12275.0,12448.0,7548.0,7540.0,7367.0,12267.0
1702,19824.0,12279.0,12451.0,7553.0,7545.0,7373.0,12271.0
1703,19833.0,12283.0,12457.0,7553.0,7550.0,7376.0,12280.0
1704,19842.0,12285.0,12466.0,7559.0,7557.0,7376.0,12283.0
1705,19851.0,12288.0,12480.0,7559.0,7563.0,7371.0,12292.0
1706,19860.0,12303.0,12486.0,7561.0,7557.0,7374.0,12299.0
1707,19869.0,12305.0,12496.0,7561.0,7564.0,7373.0,12308.0
1708,19878.0,12311.0,12497.0,7572.0,7567.0,7381.0,12306.0
1709,19887.0,12313.0,12500.0,7572.0,7574.0,7387.0,12315.0
1710,19896.0,12319.0,12509.0,7572.0,7577.0,7387.0,12324.0
1711,19905.0,12324.0,12512.0,7580.0,7581.0,7393.0,12325.0
1712,19914.0,12334.0,12522.0,7584.0,7580.0,7392.0,12330.0
1713,19923.0,12341.0,12531.0,7592.0,7582.0,7392.0,12331.0
1714,19932.0,12354.0,12541.0,7592.0,7578.0,7391.0,12340.0
1715,19941.0,12354.0,12551.0,7600.0,7587.0,7390.0,12341.0
1716,19950.0,12361.0,12559.0,7603.0,7589.0,7391.0,12347.0
1717,19959.0,12367.0,12572.0,7612.0,7592.0,7387.0,12347.0
1718,19968.0,12367.0,12588.0,7617.0,7601.0,7380.0,12351.0
1719,19977.0,12371.0,12590.0,7619.0,7606.0,7387.0,12358.0
1720,19986.0,12372.0,12595.0,7621.0,7614.0,7391.0,12365.0
1721,19995.0,12379.0,12597.0,7634.0,7616.0,7398.0,12361.0
1722,20004.0,12379.0,12602.0,7635.0,7625.0,7402.0,12369.0
1723,20013.0,12387.0,12604.0,7638.0,7626.0,7409.0,12375.0
1724,20022.0,12387.0,12607.0,7645.0,7635.0,7415.0,12377.0
1725,20031.0,12390.0,12616.0,7647.0,7641.0,7415.0,12384.0
1726,20040.0,12390.0,12622.0,7647.0,7650.0,7418.0,12393.0
1727,20049.0,12400.0,12630.0,7662.0,7649.0,7419.0,12387.0
1728,20058.0,12403.0,12639.0,7662.0,7655.0,7419.0,12396.0
1729,20067.0,12408.0,12651.0,7664.0,7659.0,7416.0,12403.0
1730,20076.0,12423.0,12657.0,7664.0,7653.0,7419.0,12412.0
1731,20085.0,12430.0,12666.0,7668.0,7655.0,7419.0,12417.0
1732,20094.0,12439.0,12685.0,7670.0,7655.0,7409.0,12424.0
1733,20103.0,12445.0,12699.0,7670.0,7658.0,7404.0,12433.0
1734,20112.0,12446.0,12707.0,7680.0,7666.0,7405.0,12432.0
1735,20121.0,12461.0,12707.0,7683.0,7660.0,7414.0,12438.0
1736,20130.0,12461.0,12711.0,7687.0,7669.0,7419.0,12443.0
1737,20139.0,12467.0,12720.0,7688.0,7672.0,7419.0,12451.0
1738,20148.0,12479.0,12730.0,7691.0,7669.0,7418.0,12457.0
1739,20157.0,12481.0,12740.0,7692.0,7676.0,7417.0,12465.0
1740,20166.0,12493.0,12744.0,7692.0,7673.0,7422.0,12474.0
1741,20175.0,12500.0,12755.0,7693.0,7675.0,7420.0,12482.0
1742,20184.0,12501.0,12757.0,7693.0,7683.0,7427.0,12491.0
1743,20193.0,12509.0,12767.0,7701.0,7684.0,7426.0,12492.0
1744,20202.0,12516.0,12775.0,7708.0,7686.0,7427.0,12494.0
1745,20211.0,12527.0,12778.0,7712.0,7684.0,7433.0,12499.0
1746,20220.0,12528.0,12778.0,7712.0,7692.0,7442.0,12508.0
1747,20229.0,12537.0,12781.0,7712.0,7692.0,7448.0,12517.0
1748,20238.0,12542.0,12781.0,7719.0,7696.0,7457.0,12519.0
1749,20247.0,12545.0,12784.0,7722.0,7702.0,7463.0,12525.0
1750,20256.0,12545.0,12787.0,7722.0,7711.0,7469.0,12534.0
1751,20265.0,12553.0,12794.0,7726.0,7712.0,7471.0,12539.0
1752,20274.0,12567.0,12797.0,7730.0,7707.0,7477.0,12544.0
1753,20283.0,12573.0,12800.0,7732.0,7710.0,7483.0,12551.0
1754,20292.0,12574.0,12813.0,7737.0,7718.0,7479.0,12555.0
1755,20301.0,12594.0,12817.0,7743.0,7707.0,7484.0,12558.0
1756,20310.0,12596.0,12817.0,7748.0,7714.0,7493.0,12562.0
1757,20319.0,12608.0,12831.0,7756.0,7711.0,7488.0,12563.0
1758,20328.0,12616.0,12835.0,7756.0,7712.0,7493.0,12572.0
1759,20337.0,12633.0,12835.0,7756.0,7704.0,7502.0,12581.0
1760,20346.0,12643.0,12838.0,7758.0,7703.0,7508.0,12588.0
1761,20355.0,12644.0,12846.0,7758.0,7711.0,7509.0,12597.0
1762,20364.0,12656.0,12852.0,7768.0,7708.0,7512.0,12596.0
1763,20373.0,12656.0,12857.0,7780.0,7717.0,7516.0,12593.0
1764,20382.0,12662.0,12866.0,7786.0,7720.0,7516.0,12596.0
1765,20391.0,12673.0,12868.0,7786.0,7718.0,7523.0,12605.0
1766,20400.0,12677.0,12873.0,7788.0,7723.0,7527.0,12612.0
1767,20409.0,12680.0,12888.0,7788.0,7729.0,7521.0,12621.0
1768,20418.0,12690.0,12896.0,7794.0,7728.0,7522.0,12624.0
1769,20427.0,12698.0,12896.0,7801.0,7729.0,7531.0,12626.0
1770,20436.0,12711.0,12902.0,7813.0,7725.0,7534.0,12623.0
1771,20445.0,12716.0,12909.0,7813.0,7729.0,7536.0,12632.0
1772,20454.0,12728.0,12912.0,7814.0,7726.0,7542.0,12640.0
1773,20463.0,12731.0,12914.0,7820.0,7732.0,7549.0,12643.0
1774,20472.0,12735.0,12926.0,7823.0,7737.0,7546.0,12649.0
1775,20481.0,12737.0,12928.0,7825.0,7744.0,7553.0,12656.0
1776,20490.0,12747.0,12940.0,7825.0,7743.0,7550.0,12665.0
1777,20499.0,12750.0,12947.0,7826.0,7749.0,7552.0,12673.0
1778,20508.0,12763.0,12955.0,7835.0,7745.0,7553.0,12673.0
1779,20517.0,12766.0,12969.0,7835.0,7751.0,7548.0,12682.0
1780,20526.0,12772.0,12972.0,7840.0,7754.0,7554.0,12686.0
1781,20535.0,12784.0,12981.0,7846.0,7751.0,7554.0,12689.0
1782,20544.0,12799.0,12990.0,7846.0,7745.0,7554.0,12698.0
1783,20553.0,12801.0,12996.0,7855.0,7752.0,7557.0,12698.0
1784,20562.0,12801.0,13006.0,7855.0,7761.0,7556.0,12707.0
1785,20571.0,12806.0,13006.0,7866.0,7765.0,7565.0,12705.0
1786,20580.0,12820.0,13014.0,7869.0,7760.0,7566.0,12711.0
1787,20589.0,12828.0,13022.0,7870.0,7761.0,7567.0,12719.0
1788,20598.0,12839.0,13032.0,7872.0,7759.0,7566.0,12726.0
1789,20607.0,12841.0,13032.0,7872.0,7766.0,7575.0,12735.0
1790,20616.0,12853.0,13034.0,7872.0,7763.0,7582.0,12744.0
1791,20625.0,12855.0,13038.0,7877.0,7770.0,7587.0,12748.0
1792,20634.0,12862.0,13048.0,7878.0,7772.0,7586.0,12756.0
1793,20643.0,12868.0,13049.0,7888.0,7775.0,7594.0,12755.0
1794,20652.0,12874.0,13055.0,7892.0,7778.0,7597.0,12760.0
1795,20661.0,12879.0,13058.0,7896.0,7782.0,7603.0,12765.0
1796,20670.0,12879.0,13060.0,7898.0,7791.0,7610.0,12772.0
1797,20679.0,12890.0,13063.0,7902.0,7789.0,7616.0,12777.0
1798,20688.0,12895.0,13063.0,7915.0,7793.0,7625.0,12773.0
1799,20697.0,12902.0,13067.0,7917.0,7795.0,7630.0,12780.0
1800,20706.0,12921.0,13070.0,7920.0,7785.0,7636.0,12786.0
1801,20715.0,12922.0,13071.0,7926.0,7793.0,7644.0,12789.0
1802,20724.0,12922.0,13085.0,7926.0,7802.0,7639.0,12798.0
1803,20733.0,12930.0,13092.0,7926.0,7803.0,7641.0,12807.0
1804,20742.0,12936.0,13092.0,7930.0,7806.0,7650.0,12812.0
1805,20751.0,12938.0,13104.0,7939.0,7813.0,7647.0,12812.0
1806,20760.0,12946.0,13109.0,7950.0,7814.0,7651.0,12810.0
1807,20769.0,12946.0,13118.0,7957.0,7823.0,7651.0,12812.0
1808,20778.0,12952.0,13124.0,7957.0,7826.0,7654.0,12821.0
1809,20787.0,12962.0,13131.0,7960.0,7825.0,7656.0,12827.0
1810,20796.0,12971.0,13147.0,7967.0,7825.0,7649.0,12829.0
1811,20805.0,12972.0,13149.0,7969.0,7833.0,7656.0,12836.0
1812,20814.0,12980.0,13149.0,7975.0,7834.0,7665.0,12839.0
1813,20823.0,12987.0,13160.0,7980.0,7836.0,7663.0,12843.0
1814,20832.0,12989.0,13164.0,7989.0,7843.0,7668.0,12843.0
1815,20841.0,12997.0,13173.0,7989.0,7844.0,7668.0,12852.0
1816,20850.0,13003.0,13173.0,7992.0,7847.0,7677.0,12858.0
1817,20859.0,13005.0,13177.0,7992.0,7854.0,7682.0,12867.0
1818,20868.0,13008.0,13180.0,8003.0,7860.0,7688.0,12865.0
1819,20877.0,13016.0,13185.0,8011.0,7861.0,7692.0,12866.0
1820,20886.0,13029.0,13189.0,8016.0,7857.0,7697.0,12870.0
1821,20895.0,13042.0,13189.0,8016.0,7853.0,7706.0,12879.0
1822,20904.0,13050.0,13198.0,8018.0,7854.0,7706.0,12886.0
1823,20913.0,13061.0,13203.0,8018.0,7852.0,7710.0,12895.0
1824,20922.0,13064.0,13217.0,8018.0,7858.0,7705.0,12904.0
1825,20931.0,13065.0,13222.0,8018.0,7866.0,7709.0,12913.0
1826,20940.0,13078.0,13230.0,8020.0,7862.0,7710.0,12920.0
1827,20949.0,13086.0,13231.0,8027.0,7863.0,7718.0,12922.0
1828,20958.0,13095.0,13247.0,8033.0,7863.0,7711.0,12925.0
1829,20967.0,13095.0,13257.0,8038.0,7872.0,7710.0,12929.0
1830,20976.0,13108.0,13259.0,8042.0,7868.0,7717.0,12934.0
1831,20985.0,13111.0,13265.0,8042.0,7874.0,7720.0,12943.0
1832,20994.0,13124.0,13265.0,8042.0,7870.0,7729.0,12952.0
1833,21003.0,13127.0,13272.0,8046.0,7876.0,7731.0,12957.0
1834,21012.0,13131.0,13287.0,8046.0,7881.0,7725.0,12966.0
1835,21021.0,13133.0,13299.0,8054.0,7888.0,7722.0,12967.0
1836,21030.0,13143.0,13303.0,8064.0,7887.0,7727.0,12966.0
1837,21039.0,13148.0,13306.0,8064.0,7891.0,7733.0,12975.0
1838,21048.0,13161.0,13312.0,8064.0,7887.0,7736.0,12984.0
1839,21057.0,13165.0,13318.0,8067.0,7892.0,7739.0,12990.0
1840,21066.0,13172.0,13321.0,8067.0,7894.0,7745.0,12999.0
1841,21075.0,13175.0,13328.0,8073.0,7900.0,7747.0,13002.0
1842,21084.0,13175.0,13336.0,8087.0,7909.0,7748.0,12997.0
1843,21093.0,13180.0,13336.0,8100.0,7913.0,7757.0,12993.0
1844,21102.0,13192.0,13338.0,8103.0,7910.0,7764.0,12999.0
1845,21111.0,13195.0,13350.0,8120.0,7916.0,7761.0,12991.0
1846,21120.0,13205.0,13358.0,8125.0,7915.0,7762.0,12995.0
1847,21129.0,13214.0,13364.0,8125.0,7915.0,7765.0,13004.0
1848,21137.0,13229.0,13368.0,8131.0,7908.0,7769.0,13006.0
1849,21145.0,13232.0,13373.0,8140.0,7913.0,7772.0,13005.0
1850,21153.0,13235.0,13383.0,8142.0,7918.0,7770.0,13011.0
1851,21161.0,13237.0,13386.0,8148.0,7924.0,7775.0,13013.0
1852,21169.0,13244.0,13393.0,8153.0,7925.0,7776.0,13016.0
1853,21177.0,13247.0,13393.0,8157.0,7930.0,7784.0,13020.0
1854,21185.0,13251.0,13397.0,8157.0,7934.0,7788.0,13028.0
1855,21193.0,13254.0,13398.0,8161.0,7939.0,7795.0,13032.0
1856,21201.0,13262.0,13400.0,8161.0,7939.0,7801.0,13040.0
1857,21209.0,13273.0,13400.0,8166.0,7936.0,7809.0,13043.0
1858,21217.0,13285.0,13406.0,8169.0,7932.0,7811.0,13048.0
1859,21225.0,13288.0,13408.0,8178.0,7937.0,7817.0,13047.0
1860,21233.0,13291.0,13411.0,8187.0,7942.0,7822.0,13046.0
1861,21241.0,13295.0,13417.0,8187.0,7946.0,7824.0,13054.0
1862,21249.0,13306.0,13424.0,8193.0,7943.0,7825.0,13056.0
1863,21257.0,13312.0,13428.0,8201.0,7945.0,7829.0,13056.0
1864,21265.0,13314.0,13436.0,8211.0,7951.0,7829.0,13054.0
1865,21273.0,13315.0,13446.0,8218.0,7958.0,7827.0,13055.0
1866,21281.0,13324.0,13449.0,8221.0,7957.0,7832.0,13060.0
1867,21289.0,13333.0,13451.0,8225.0,7956.0,7838.0,13064.0
1868,21297.0,13337.0,13465.0,8229.0,7960.0,7832.0,13068.0
1869,21305.0,13350.0,13471.0,8237.0,7955.0,7834.0,13068.0
1870,21313.0,13351.0,13479.0,8238.0,7962.0,7834.0,13075.0
1871,21321.0,13353.0,13480.0,8240.0,7968.0,7841.0,13081.0
1872,21329.0,13357.0,13483.0,8248.0,7972.0,7846.0,13081.0
1873,21337.0,13357.0,13486.0,8248.0,7980.0,7851.0,13089.0
1874,21345.0,13364.0,13496.0,8259.0,7981.0,7849.0,13086.0
1875,21353.0,13368.0,13504.0,8262.0,7985.0,7849.0,13091.0
1876,21361.0,13369.0,13505.0,8267.0,7992.0,7856.0,13094.0
1877,21369.0,13376.0,13517.0,8267.0,7993.0,7852.0,13102.0
1878,21377.0,13377.0,13520.0,8278.0,8000.0,7857.0,13099.0
1879,21385.0,13390.0,13526.0,8280.0,7995.0,7859.0,13105.0
1880,21393.0,13391.0,13535.0,8287.0,8002.0,7858.0,13106.0
1881,21401.0,13400.0,13538.0,8290.0,8001.0,7863.0,13111.0
1882,21409.0,13404.0,13540.0,8293.0,8005.0,7869.0,13116.0
1883,21417.0,13410.0,13540.0,8295.0,8007.0,7877.0,13122.0
1884,21425.0,13422.0,13550.0,8297.0,8003.0,7875.0,13128.0
1885,21433.0,13425.0,13556.0,8303.0,8008.0,7877.0,13130.0
1886,21441.0,13430.0,13560.0,8303.0,8011.0,7881.0,13138.0
1887,21449.0,13444.0,13565.0,8315.0,8005.0,7884.0,13134.0
1888,21457.0,13453.0,13573.0,8327.0,8004.0,7884.0,13130.0
1889,21465.0,13453.0,13577.0,8330.0,8012.0,7888.0,13135.0
1890,21473.0,13457.0,13581.0,8330.0,8016.0,7892.0,13143.0
1891,21481.0,13463.0,13587.0,8339.0,8018.0,7894.0,13142.0
1892,21489.0,13478.0,13596.0,8339.0,8011.0,7893.0,13150.0
1893,21497.0,13484.0,13608.0,8344.0,8013.0,7889.0,13153.0
1894,21505.0,13489.0,13609.0,8344.0,8016.0,7896.0,13161.0
1895,21513.0,13490.0,13616.0,8350.0,8023.0,7897.0,13163.0
1896,21521.0,13499.0,13619.0,8357.0,8022.0,7902.0,13164.0
1897,21529.0,13513.0,13631.0,8358.0,8016.0,7898.0,13171.0
1898,21537.0,13523.0,13635.0,8364.0,8014.0,7902.0,13173.0
1899,21545.0,13526.0,13645.0,8366.0,8019.0,7900.0,13179.0
1900,21553.0,13540.0,13648.0,8369.0,8013.0,7905.0,13184.0
1901,21561.0,13541.0,13657.0,8371.0,8020.0,7904.0,13190.0
1902,21569.0,13543.0,13674.0,8379.0,8026.0,7895.0,13190.0
1903,21577.0,13554.0,13682.0,8384.0,8023.0,7895.0,13193.0
1904,21585.0,13554.0,13682.0,8384.0,8031.0,7903.0,13201.0
1905,21593.0,13554.0,13684.0,8387.0,8039.0,7909.0,13206.0
1906,21601.0,13566.0,13687.0,8400.0,8035.0,7914.0,13201.0
1907,21609.0,13571.0,13695.0,8404.0,8038.0,7914.0,13205.0
1908,21617.0,13578.0,13702.0,8405.0,8039.0,7915.0,13212.0
1909,21625.0,13581.0,13707.0,8419.0,8044.0,7918.0,13206.0
1910,21633.0,13582.0,13711.0,8419.0,8051.0,7922.0,13214.0
1911,21641.0,13590.0,13714.0,8424.0,8051.0,7927.0,13217.0
1912,21649.0,13603.0,13715.0,8424.0,8046.0,7934.0,13225.0
1913,21657.0,13613.0,13728.0,8429.0,8044.0,7929.0,13228.0
1914,21665.0,13627.0,13732.0,8431.0,8038.0,7933.0,13234.0
1915,21673.0,13627.0,13734.0,8431.0,8046.0,7939.0,13242.0
1916,21681.0,13636.0,13736.0,8434.0,8045.0,7945.0,13247.0
1917,21689.0,13643.0,13743.0,8440.0,8046.0,7946.0,13249.0
1918,21697.0,13646.0,13748.0,8453.0,8051.0,7949.0,13244.0
1919,21705.0,13653.0,13750.0,8453.0,8052.0,7955.0,13252.0
1920,21713.0,13659.0,13757.0,8454.0,8054.0,7956.0,13259.0
1921,21721.0,13661.0,13762.0,8454.0,8060.0,7959.0,13267.0
1922,21729.0,13669.0,13775.0,8463.0,8060.0,7954.0,13266.0
1923,21737.0,13671.0,13789.0,8467.0,8066.0,7948.0,13270.0
1924,21745.0,13673.0,13802.0,8467.0,8072.0,7943.0,13278.0
1925,21753.0,13676.0,13812.0,8467.0,8077.0,7941.0,13286.0
1926,21761.0,13682.0,13816.0,8470.0,8079.0,7945.0,13291.0
1927,21769.0,13685.0,13821.0,8484.0,8084.0,7948.0,13285.0
1928,21777.0,13694.0,13823.0,8490.0,8083.0,7954.0,13287.0
1929,21785.0,13701.0,13826.0,8490.0,8084.0,7959.0,13295.0
1930,21793.0,13713.0,13826.0,8496.0,8080.0,7967.0,13297.0
1931,21801.0,13722.0,13837.0,8496.0,8079.0,7964.0,13305.0
1932,21809.0,13724.0,13855.0,8502.0,8085.0,7954.0,13307.0
1933,21817.0,13726.0,13859.0,8515.0,8091.0,7958.0,13302.0
1934,21825.0,13729.0,13863.0,8515.0,8096.0,7962.0,13310.0
1935,21833.0,13730.0,13870.0,8515.0,8103.0,7963.0,13318.0
1936,21841.0,13744.0,13878.0,8528.0,8097.0,7963.0,13313.0
1937,21849.0,13751.0,13887.0,8537.0,8098.0,7962.0,13312.0
1938,21857.0,13751.0,13891.0,8549.0,8106.0,7966.0,13308.0
1939,21865.0,13752.0,13899.0,8563.0,8113.0,7966.0,13302.0
1940,21873.0,13763.0,13908.0,8573.0,8110.0,7965.0,13300.0
1941,21881.0,13764.0,13913.0,8583.0,8117.0,7968.0,13298.0
1942,21889.0,13774.0,13913.0,8583.0,8115.0,7976.0,13306.0
1943,21897.0,13783.0,13915.0,8586.0,8114.0,7982.0,13311.0
1944,21905.0,13783.0,13918.0,8587.0,8122.0,7987.0,13318.0
1945,21913.0,13788.0,13922.0,8592.0,8125.0,7991.0,13321.0
1946,21921.0,13801.0,13934.0,8604.0,8120.0,7987.0,13317.0
1947,21929.0,13807.0,13940.0,8604.0,8122.0,7989.0,13325.0
1948,21937.0,13813.0,13942.0,8613.0,8124.0,7995.0,13324.0
1949,21945.0,13819.0,13948.0,8617.0,8126.0,7997.0,13328.0
1950,21953.0,13819.0,13951.0,8620.0,8134.0,8002.0,13333.0
1951,21961.0,13827.0,13957.0,8629.0,8134.0,8004.0,13332.0
1952,21969.0,13829.0,13972.0,8631.0,8140.0,7997.0,13338.0
1953,21977.0,13836.0,13974.0,8635.0,8141.0,8003.0,13342.0
1954,21985.0,13844.0,13976.0,8636.0,8141.0,8009.0,13349.0
1955,21993.0,13849.0,13977.0,8646.0,8144.0,8016.0,13347.0
1956,22001.0,13854.0,13984.0,8647.0,8147.0,8017.0,13354.0
1957,22009.0,13858.0,14002.0,8648.0,8151.0,8007.0,13361.0
1958,22017.0,13866.0,14015.0,8652.0,8151.0,8002.0,13365.0
1959,22025.0,13876.0,14022.0,8665.0,8149.0,8003.0,13360.0
1960,22033.0,13880.0,14032.0,8666.0,8153.0,8001.0,13367.0
1961,22041.0,13893.0,14041.0,8666.0,8148.0,8000.0,13375.0
1962,22049.0,13896.0,14042.0,8669.0,8153.0,8007.0,13380.0
1963,22057.0,13903.0,14052.0,8680.0,8154.0,8005.0,13377.0
1964,22065.0,13909.0,14062.0,8686.0,8156.0,8003.0,13379.0
1965,22073.0,13916.0,14067.0,8691.0,8157.0,8006.0,13382.0
1966,22081.0,13918.0,14072.0,8697.0,8163.0,8009.0,13384.0
1967,22089.0,13920.0,14081.0,8702.0,8169.0,8008.0,13387.0
1968,22097.0,13930.0,14084.0,8704.0,8167.0,8013.0,13393.0
1969,22105.0,13937.0,14093.0,8709.0,8168.0,8012.0,13396.0
1970,22113.0,13950.0,14097.0,8712.0,8163.0,8016.0,13401.0
1971,22121.0,13954.0,14101.0,8714.0,8167.0,8020.0,13407.0
1972,22129.0,13960.0,14112.0,8718.0,8169.0,8017.0,13411.0
1973,22137.0,13962.0,14116.0,8719.0,8175.0,8021.0,13418.0
1974,22145.0,13963.0,14118.0,8723.0,8182.0,8027.0,13422.0
1975,22153.0,13971.0,14125.0,8726.0,8182.0,8028.0,13427.0
1976,22161.0,13977.0,14133.0,8726.0,8184.0,8028.0,13435.0
1977,22169.0,13987.0,14140.0,8726.0,8182.0,8029.0,13443.0
1978,22177.0,13989.0,14141.0,8726.0,8188.0,8036.0,13451.0
1979,22185.0,13995.0,14153.0,8728.0,8190.0,8032.0,13457.0
1980,22193.0,14002.0,14158.0,8730.0,8191.0,8035.0,13463.0
1981,22201.0,14002.0,14165.0,8734.0,8199.0,8036.0,13467.0
1982,22209.0,14012.0,14168.0,8747.0,8197.0,8041.0,13462.0
1983,22217.0,14024.0,14173.0,8752.0,8193.0,8044.0,13465.0
1984,22225.0,14032.0,14177.0,8760.0,8193.0,8048.0,13465.0
1985,22233.0,14036.0,14190.0,8760.0,8197.0,8043.0,13473.0
1986,22241.0,14039.0,14195.0,8760.0,8202.0,8046.0,13481.0
1987,22249.0,14039.0,14204.0,8760.0,8210.0,8045.0,13489.0
1988,22257.0,14053.0,14214.0,8763.0,8204.0,8043.0,13494.0
1989,22265.0,14054.0,14226.0,8765.0,8211.0,8039.0,13500.0
1990,22273.0,14054.0,14240.0,8768.0,8219.0,8033.0,13505.0
1991,22281.0,14059.0,14240.0,8770.0,8222.0,8041.0,13511.0
1992,22289.0,14063.0,14240.0,8770.0,8226.0,8049.0,13519.0
1993,22297.0,14072.0,14242.0,8770.0,8225.0,8055.0,13527.0
1994,22305.0,14074.0,14244.0,8775.0,8231.0,8061.0,13530.0
1995,22313.0,14085.0,14257.0,8777.0,8228.0,8056.0,13536.0
1996,22321.0,14086.0,14264.0,8787.0,8235.0,8057.0,13534.0
1997,22329.0,14091.0,14267.0,8791.0,8238.0,8062.0,13538.0
1998,22337.0,14097.0,14271.0,8791.0,8240.0,8066.0,13546.0
1999,22345.0,14099.0,14277.0,8796.0,8246.0,8068.0,13549.0
2000,22353.0,14101.0,14283.0,8796.0,8252.0,8070.0,13557.0
2001,22361.0,14111.0,14293.0,8798.0,8250.0,8068.0,13563.0
2002,22369.0,14122.0,14300.0,8798.0,8247.0,8069.0,13571.0
2003,22377.0,14134.0,14305.0,8801.0,8243.0,8072.0,13576.0
2004,22385.0,14138.0,14310.0,8805.0,8247.0,8075.0,13580.0
2005,22393.0,14142.0,14311.0,8811.0,8251.0,8082.0,13582.0
2006,22401.0,14147.0,14315.0,8811.0,8254.0,8086.0,13590.0
2007,22409.0,14155.0,14319.0,8814.0,8254.0,8090.0,13595.0
2008,22417.0,14157.0,14322.0,8815.0,8260.0,8095.0,13602.0
2009,22425.0,14158.0,14334.0,8821.0,8267.0,8091.0,13604.0
2010,22433.0,14162.0,14344.0,8822.0,8271.0,8089.0,13611.0
2011,22441.0,14166.0,14356.0,8827.0,8275.0,8085.0,13614.0
2012,22449.0,14173.0,14363.0,8830.0,8276.0,8086.0,13619.0
2013,22457.0,14181.0,14364.0,8831.0,8276.0,8093.0,13626.0
2014,22465.0,14191.0,14368.0,8840.0,8274.0,8097.0,13625.0
2015,22473.0,14193.0,14386.0,8841.0,8280.0,8087.0,13632.0
2016,22481.0,14201.0,14395.0,8841.0,8280.0,8086.0,13640.0
2017,22489.0,14209.0,14403.0,8849.0,8280.0,8086.0,13640.0
2018,22497.0,14215.0,14414.0,8851.0,8282.0,8083.0,13646.0
2019,22505.0,14219.0,14419.0,8858.0,8286.0,8086.0,13647.0
2020,22513.0,14227.0,14421.0,8867.0,8286.0,8092.0,13646.0
2021,22521.0,14230.0,14422.0,8873.0,8291.0,8099.0,13648.0
2022,22529.0,14233.0,14428.0,8882.0,8296.0,8101.0,13647.0
2023,22537.0,14244.0,14430.0,8885.0,8293.0,8107.0,13652.0
2024,22545.0,14245.0,14440.0,8892.0,8300.0,8105.0,13653.0
2025,22553.0,14252.0,14443.0,8900.0,8301.0,8110.0,13653.0
2026,22561.0,14256.0,14444.0,8900.0,8305.0,8117.0,13661.0
2027,22569.0,14264.0,14445.0,8903.0,8305.0,8124.0,13666.0
2028,22577.0,14271.0,14455.0,8903.0,8306.0,8122.0,13674.0
2029,22585.0,14279.0,14461.0,8911.0,8306.0,8124.0,13674.0
2030,22593.0,14287.0,14467.0,8911.0,8306.0,8126.0,13682.0
2031,22601.0,14288.0,14475.0,8914.0,8313.0,8126.0,13687.0
2032,22609.0,14294.0,14479.0,8929.0,8315.0,8130.0,13680.0
2033,22617.0,14296.0,14483.0,8929.0,8321.0,8134.0,13688.0
2034,22625.0,14306.0,14495.0,8929.0,8319.0,8130.0,13696.0
2035,22633.0,14307.0,14502.0,8930.0,8326.0,8131.0,13703.0
2036,22641.0,14320.0,14505.0,8930.0,8321.0,8136.0,13711.0
2037,22649.0,14331.0,14510.0,8930.0,8318.0,8139.0,13719.0
2038,22657.0,14338.0,14523.0,8939.0,8319.0,8134.0,13718.0
2039,22665.0,14339.0,14541.0,8939.0,8326.0,8124.0,13726.0
2040,22673.0,14343.0,14554.0,8946.0,8330.0,8119.0,13727.0
2041,22681.0,14350.0,14561.0,8952.0,8331.0,8120.0,13729.0
2042,22689.0,14351.0,14570.0,8956.0,8338.0,8119.0,13733.0
2043,22697.0,14356.0,14570.0,8957.0,8341.0,8127.0,13740.0
2044,22705.0,14364.0,14571.0,8961.0,8341.0,8134.0,13744.0
2045,22713.0,14375.0,14575.0,8961.0,8338.0,8138.0,13752.0
2046,22721.0,14379.0,14577.0,8967.0,8342.0,8144.0,13754.0
2047,22729.0,14393.0,14580.0,8986.0,8336.0,8149.0,13743.0
2048,22737.0,14399.0,14589.0,9000.0,8338.0,8148.0,13737.0
2049,22745.0,14400.0,14592.0,9000.0,8345.0,8153.0,13745.0
2050,22753.0,14411.0,14599.0,9003.0,8342.0,8154.0,13750.0
2051,22761.0,14416.0,14601.0,9009.0,8345.0,8160.0,13752.0
2052,22769.0,14420.0,14619.0,9012.0,8349.0,8150.0,13757.0
2053,22777.0,14422.0,14620.0,9019.0,8355.0,8157.0,13758.0
2054,22785.0,14422.0,14631.0,9022.0,8363.0,8154.0,13763.0
2055,22793.0,14426.0,14638.0,9036.0,8367.0,8155.0,13757.0
2056,22801.0,14428.0,14648.0,9037.0,8373.0,8153.0,13764.0
2057,22809.0,14433.0,14659.0,9044.0,8376.0,8150.0,13765.0
2058,22817.0,14439.0,14660.0,9050.0,8378.0,8157.0,13767.0
2059,22825.0,14445.0,14669.0,9059.0,8380.0,8156.0,13766.0
2060,22833.0,14449.0,14673.0,9067.0,8384.0,8160.0,13766.0
2061,22841.0,14454.0,14676.0,9079.0,8387.0,8165.0,13762.0
2062,22849.0,14462.0,14682.0,9082.0,8387.0,8167.0,13767.0
2063,22857.0,14467.0,14686.0,9083.0,8390.0,8171.0,13774.0
2064,22865.0,14470.0,14689.0,9083.0,8395.0,8176.0,13782.0
2065,22873.0,14472.0,14691.0,9096.0,8401.0,8182.0,13777.0
2066,22881.0,14477.0,14692.0,9107.0,8404.0,8189.0,13774.0
2067,22889.0,14489.0,14692.0,9121.0,8400.0,8197.0,13768.0
2068,22897.0,14499.0,14700.0,9132.0,8398.0,8197.0,13765.0
2069,22905.0,14499.0,14710.0,9136.0,8406.0,8195.0,13769.0
2070,22913.0,14505.0,14712.0,9144.0,8408.0,8201.0,13769.0
2071,22921.0,14511.0,14717.0,9154.0,8410.0,8204.0,13767.0
2072,22929.0,14517.0,14724.0,9170.0,8412.0,8205.0,13759.0
2073,22937.0,14523.0,14732.0,9174.0,8414.0,8205.0,13763.0
2074,22945.0,14534.0,14746.0,9183.0,8411.0,8199.0,13762.0
2075,22953.0,14546.0,14754.0,9190.0,8407.0,8199.0,13763.0
2076,22961.0,14557.0,14768.0,9190.0,8404.0,8193.0,13771.0
2077,22969.0,14560.0,14775.0,9191.0,8409.0,8194.0,13778.0
2078,22977.0,14572.0,14784.0,9193.0,8405.0,8193.0,13784.0
2079,22985.0,14581.0,14788.0,9201.0,8404.0,8197.0,13784.0
2080,22993.0,14594.0,14792.0,9205.0,8399.0,8201.0,13788.0
2081,23001.0,14601.0,14808.0,9216.0,8400.0,8193.0,13785.0
2082,23009.0,14612.0,14812.0,9225.0,8397.0,8197.0,13784.0
2083,23017.0,14618.0,14816.0,9228.0,8399.0,8201.0,13789.0
2084,23025.0,14632.0,14817.0,9232.0,8393.0,8208.0,13793.0
2085,23033.0,14633.0,14822.0,9239.0,8400.0,8211.0,13794.0
2086,23041.0,14633.0,14831.0,9239.0,8408.0,8210.0,13802.0
2087,23049.0,14636.0,14835.0,9241.0,8413.0,8214.0,13808.0
2088,23057.0,14645.0,14838.0,9242.0,8412.0,8219.0,13815.0
2089,23065.0,14658.0,14841.0,9244.0,8407.0,8224.0,13821.0
2090,23073.0,14667.0,14841.0,9246.0,8406.0,8232.0,13827.0
2091,23081.0,14671.0,14842.0,9246.0,8410.0,8239.0,13835.0
2092,23089.0,14678.0,14848.0,9254.0,8411.0,8241.0,13835.0
2093,23097.0,14688.0,14850.0,9257.0,8409.0,8247.0,13840.0
2094,23105.0,14699.0,14858.0,9261.0,8406.0,8247.0,13844.0
2095,23113.0,14700.0,14860.0,9261.0,8413.0,8253.0,13852.0
2096,23121.0,14711.0,14870.0,9265.0,8410.0,8251.0,13856.0
2097,23129.0,14711.0,14874.0,9271.0,8418.0,8255.0,13858.0
2098,23137.0,14720.0,14881.0,9272.0,8417.0,8256.0,13865.0
2099,23145.0,14724.0,14889.0,9275.0,8421.0,8256.0,13870.0
2100,23153.0,14728.0,14892.0,9278.0,8425.0,8261.0,13875.0
2101,23161.0,14733.0,14895.0,9278.0,8428.0,8266.0,13883.0
2102,23169.0,14736.0,14898.0,9278.0,8433.0,8271.0,13891.0
2103,23177.0,14749.0,14904.0,9278.0,8428.0,8273.0,13899.0
2104,23185.0,14757.0,14907.0,9278.0,8428.0,8278.0,13907.0
2105,23193.0,14765.0,14911.0,9283.0,8428.0,8282.0,13910.0
2106,23201.0,14766.0,14914.0,9283.0,8435.0,8287.0,13918.0
2107,23209.0,14776.0,14918.0,9283.0,8433.0,8291.0,13926.0
2108,23217.0,14777.0,14923.0,9284.0,8440.0,8294.0,13933.0
2109,23225.0,14786.0,14929.0,9284.0,8439.0,8296.0,13941.0
2110,23233.0,14786.0,14931.0,9293.0,8447.0,8302.0,13940.0
2111,23241.0,14792.0,14939.0,9299.0,8449.0,8302.0,13942.0
2112,23249.0,14805.0,14951.0,9303.0,8444.0,8298.0,13946.0
2113,23257.0,14821.0,14961.0,9307.0,8436.0,8296.0,13950.0
2114,23265.0,14827.0,14964.0,9307.0,8438.0,8301.0,13958.0
2115,23273.0,14829.0,14977.0,9307.0,8444.0,8296.0,13966.0
2116,23281.0,14832.0,14987.0,9311.0,8449.0,8294.0,13970.0
2117,23289.0,14835.0,14997.0,9318.0,8454.0,8292.0,13971.0
2118,23297.0,14841.0,15003.0,9318.0,8456.0,8294.0,13979.0
2119,23305.0,14843.0,15008.0,9323.0,8462.0,8297.0,13982.0
2120,23313.0,14854.0,15010.0,9336.0,8459.0,8303.0,13977.0
2121,23321.0,14858.0,15019.0,9344.0,8463.0,8302.0,13977.0
2122,23329.0,14864.0,15029.0,9349.0,8465.0,8300.0,13980.0
2123,23337.0,14866.0,15042.0,9351.0,8471.0,8295.0,13986.0
2124,23345.0,14872.0,15042.0,9353.0,8473.0,8303.0,13992.0
2125,23353.0,14877.0,15047.0,9355.0,8476.0,8306.0,13998.0
2126,23361.0,14884.0,15052.0,9355.0,8477.0,8309.0,14006.0
2127,23369.0,14890.0,15061.0,9356.0,8479.0,8308.0,14013.0
2128,23377.0,14899.0,15064.0,9357.0,8478.0,8313.0,14020.0
2129,23385.0,14904.0,15066.0,9362.0,8481.0,8319.0,14023.0
2130,23393.0,14916.0,15072.0,9371.0,8477.0,8321.0,14022.0
2131,23401.0,14919.0,15080.0,9375.0,8482.0,8321.0,14026.0
2132,23409.0,14921.0,15084.0,9377.0,8488.0,8325.0,14032.0
2133,23417.0,14930.0,15088.0,9378.0,8487.0,8329.0,14039.0
2134,23425.0,14939.0,15092.0,9386.0,8486.0,8333.0,14039.0
2135,23433.0,14948.0,15092.0,9386.0,8485.0,8341.0,14047.0
2136,23441.0,14959.0,15098.0,9387.0,8482.0,8343.0,14054.0
2137,23449.0,14969.0,15104.0,9396.0,8480.0,8345.0,14053.0
2138,23457.0,14973.0,15118.0,9411.0,8484.0,8339.0,14046.0
2139,23465.0,14983.0,15134.0,9416.0,8482.0,8331.0,14049.0
2140,23473.0,14991.0,15135.0,9418.0,8482.0,8338.0,14055.0
2141,23481.0,14993.0,15138.0,9430.0,8488.0,8343.0,14051.0
2142,23489.0,14996.0,15141.0,9432.0,8493.0,8348.0,14057.0
2143,23497.0,14999.0,15142.0,9445.0,8498.0,8355.0,14052.0
2144,23505.0,15005.0,15144.0,9452.0,8500.0,8361.0,14053.0
2145,23513.0,15008.0,15144.0,9452.0,8505.0,8369.0,14061.0
2146,23521.0,15013.0,15151.0,9452.0,8508.0,8370.0,14069.0
2147,23529.0,15022.0,15158.0,9454.0,8507.0,8371.0,14075.0
2148,23537.0,15029.0,15164.0,9454.0,8508.0,8373.0,14083.0
2149,23545.0,15035.0,15166.0,9460.0,8510.0,8379.0,14085.0
2150,23553.0,15041.0,15176.0,9466.0,8512.0,8377.0,14087.0
2151,23561.0,15043.0,15187.0,9474.0,8518.0,8374.0,14087.0
2152,23569.0,15056.0,15200.0,9477.0,8513.0,8369.0,14092.0
2153,23577.0,15058.0,15210.0,9480.0,8519.0,8367.0,14097.0
2154,23585.0,15063.0,15214.0,9481.0,8522.0,8371.0,14104.0
2155,23593.0,15070.0,15214.0,9481.0,8523.0,8379.0,14112.0
2156,23601.0,15076.0,15221.0,9492.0,8525.0,8380.0,14109.0
2157,23609.0,15083.0,15227.0,9492.0,8526.0,8382.0,14117.0
2158,23617.0,15086.0,15230.0,9499.0,8531.0,8387.0,14118.0
2159,23625.0,15099.0,15236.0,9507.0,8526.0,8389.0,14118.0
2160,23633.0,15107.0,15251.0,9525.0,8526.0,8382.0,14108.0
2161,23641.0,15116.0,15253.0,9529.0,8525.0,8388.0,14112.0
2162,23649.0,15124.0,15257.0,9537.0,8525.0,8392.0,14112.0
2163,23657.0,15135.0,15262.0,9537.0,8522.0,8395.0,14120.0
2164,23665.0,15140.0,15268.0,9537.0,8525.0,8397.0,14128.0
2165,23673.0,15156.0,15274.0,9537.0,8517.0,8399.0,14136.0
2166,23681.0,15157.0,15283.0,9545.0,8524.0,8398.0,14136.0
2167,23689.0,15167.0,15292.0,9545.0,8522.0,8397.0,14144.0
2168,23697.0,15171.0,15297.0,9549.0,8526.0,8400.0,14148.0
2169,23705.0,15179.0,15304.0,9549.0,8526.0,8401.0,14156.0
2170,23713.0,15185.0,15304.0,9555.0,8528.0,8409.0,14158.0
2171,23721.0,15189.0,15310.0,9559.0,8532.0,8411.0,14162.0
2172,23729.0,15193.0,15313.0,9559.0,8536.0,8416.0,14170.0
2173,23737.0,15193.0,15316.0,9561.0,8544.0,8421.0,14176.0
2174,23745.0,15207.0,15321.0,9572.0,8538.0,8424.0,14173.0
2175,23753.0,15211.0,15324.0,9576.0,8542.0,8429.0,14177.0
2176,23761.0,15217.0,15331.0,9579.0,8544.0,8430.0,14182.0
2177,23769.0,15221.0,15341.0,9586.0,8548.0,8428.0,14183.0
2178,23777.0,15226.0,15342.0,9590.0,8551.0,8435.0,14187.0
2179,23785.0,15226.0,15344.0,9590.0,8559.0,8441.0,14195.0
2180,23793.0,15244.0,15349.0,9595.0,8549.0,8444.0,14198.0
2181,23801.0,15254.0,15354.0,9603.0,8547.0,8447.0,14198.0
2182,23809.0,15265.0,15358.0,9603.0,8544.0,8451.0,14206.0
2183,23817.0,15265.0,15369.0,9607.0,8552.0,8448.0,14210.0
2184,23825.0,15279.0,15372.0,9607.0,8546.0,8453.0,14218.0
2185,23833.0,15284.0,15376.0,9607.0,8549.0,8457.0,14226.0
2186,23841.0,15291.0,15389.0,9618.0,8550.0,8452.0,14223.0
2187,23849.0,15294.0,15392.0,9626.0,8555.0,8457.0,14223.0
2188,23857.0,15299.0,15398.0,9631.0,8558.0,8459.0,14226.0
2189,23865.0,15301.0,15404.0,9634.0,8564.0,8461.0,14231.0
2190,23873.0,15306.0,15404.0,9640.0,8567.0,8469.0,14233.0
2191,23881.0,15312.0,15409.0,9640.0,8569.0,8472.0,14241.0
2192,23889.0,15317.0,15414.0,9648.0,8572.0,8475.0,14241.0
2193,23897.0,15317.0,15430.0,9652.0,8580.0,8467.0,14245.0
2194,23905.0,15319.0,15439.0,9652.0,8586.0,8466.0,14253.0
2195,23913.0,15324.0,15440.0,9652.0,8589.0,8473.0,14261.0
2196,23921.0,15333.0,15451.0,9658.0,8588.0,8470.0,14263.0
2197,23929.0,15339.0,15455.0,9661.0,8590.0,8474.0,14268.0
2198,23937.0,15339.0,15468.0,9661.0,8598.0,8469.0,14276.0
2199,23945.0,15343.0,15477.0,9668.0,8602.0,8468.0,14277.0
2200,23953.0,15352.0,15488.0,9668.0,8601.0,8465.0,14285.0
2201,23961.0,15367.0,15494.0,9674.0,8594.0,8467.0,14287.0
2202,23969.0,15370.0,15494.0,9683.0,8599.0,8475.0,14286.0
2203,23977.0,15377.0,15503.0,9685.0,8600.0,8474.0,14292.0
2204,23985.0,15385.0,15509.0,9685.0,8600.0,8476.0,14300.0
2205,23993.0,15393.0,15520.0,9699.0,8600.0,8473.0,14294.0
2206,24001.0,15407.0,15520.0,9710.0,8594.0,8481.0,14291.0
2207,24009.0,15418.0,15526.0,9715.0,8591.0,8483.0,14294.0
2208,24017.0,15429.0,15539.0,9720.0,8588.0,8478.0,14297.0
2209,24025.0,15435.0,15540.0,9720.0,8590.0,8485.0,14305.0
2210,24033.0,15437.0,15543.0,9720.0,8596.0,8490.0,14313.0
2211,24041.0,15437.0,15551.0,9723.0,8604.0,8490.0,14318.0
2212,24049.0,15445.0,15559.0,9725.0,8604.0,8490.0,14324.0
2213,24057.0,15454.0,15566.0,9728.0,8603.0,8491.0,14329.0
2214,24065.0,15459.0,15572.0,9738.0,8606.0,8493.0,14327.0
2215,24073.0,15465.0,15579.0,9738.0,8608.0,8494.0,14335.0
2216,24081.0,15472.0,15579.0,9743.0,8609.0,8502.0,14338.0
2217,24089.0,15474.0,15595.0,9749.0,8615.0,8494.0,14340.0
2218,24097.0,15480.0,15605.0,9759.0,8617.0,8492.0,14338.0
2219,24105.0,15486.0,15608.0,9770.0,8619.0,8497.0,14335.0
2220,24113.0,15490.0,15608.0,9770.0,8623.0,8505.0,14343.0
2221,24121.0,15493.0,15609.0,9785.0,8628.0,8512.0,14336.0
2222,24129.0,15502.0,15615.0,9789.0,8627.0,8514.0,14340.0
2223,24137.0,15504.0,15622.0,9793.0,8633.0,8515.0,14344.0
2224,24145.0,15505.0,15625.0,9793.0,8640.0,8520.0,14352.0
2225,24153.0,15514.0,15626.0,9796.0,8639.0,8527.0,14357.0
2226,24161.0,15520.0,15629.0,9807.0,8641.0,8532.0,14354.0
2227,24169.0,15532.0,15631.0,9810.0,8637.0,8538.0,14359.0
2228,24177.0,15532.0,15644.0,9813.0,8645.0,8533.0,14364.0
2229,24185.0,15546.0,15644.0,9813.0,8639.0,8541.0,14372.0
2230,24193.0,15554.0,15652.0,9817.0,8639.0,8541.0,14376.0
2231,24201.0,15559.0,15657.0,9819.0,8642.0,8544.0,14382.0
2232,24209.0,15568.0,15659.0,9823.0,8641.0,8550.0,14386.0
2233,24217.0,15573.0,15670.0,9835.0,8644.0,8547.0,14382.0
2234,24225.0,15573.0,15676.0,9844.0,8652.0,8549.0,14381.0
2235,24233.0,15579.0,15686.0,9849.0,8654.0,8547.0,14384.0
2236,24241.0,15585.0,15691.0,9849.0,8656.0,8550.0,14392.0
2237,24249.0,15587.0,15696.0,9850.0,8662.0,8553.0,14399.0
2238,24257.0,15590.0,15704.0,9850.0,8667.0,8553.0,14407.0
2239,24265.0,15599.0,15712.0,9854.0,8666.0,8553.0,14411.0
2240,24273.0,15607.0,15721.0,9863.0,8666.0,8552.0,14410.0
2241,24281.0,15612.0,15730.0,9869.0,8669.0,8551.0,14412.0
2242,24289.0,15615.0,15734.0,9878.0,8674.0,8555.0,14411.0
2243,24297.0,15617.0,15743.0,9892.0,8680.0,8554.0,14405.0
2244,24305.0,15621.0,15745.0,9893.0,8684.0,8560.0,14412.0
2245,24313.0,15626.0,15751.0,9901.0,8687.0,8562.0,14412.0
2246,24321.0,15639.0,15752.0,9904.0,8682.0,8569.0,14417.0
2247,24329.0,15649.0,15765.0,9906.0,8680.0,8564.0,14423.0
2248,24337.0,15653.0,15768.0,9908.0,8684.0,8569.0,14429.0
2249,24345.0,15653.0,15772.0,9922.0,8692.0,8573.0,14423.0
2250,24353.0,15655.0,15787.0,9927.0,8698.0,8566.0,14426.0
2251,24361.0,15661.0,15789.0,9935.0,8700.0,8572.0,14426.0
2252,24369.0,15661.0,15796.0,9935.0,8708.0,8573.0,14434.0
2253,24377.0,15674.0,15803.0,9935.0,8703.0,8574.0,14442.0
2254,24385.0,15679.0,15816.0,9940.0,8706.0,8569.0,14445.0
2255,24393.0,15689.0,15816.0,9948.0,8704.0,8577.0,14445.0
2256,24401.0,15699.0,15819.0,9954.0,8702.0,8582.0,14447.0
2257,24409.0,15704.0,15831.0,9959.0,8705.0,8578.0,14450.0
2258,24417.0,15715.0,15838.0,9959.0,8702.0,8579.0,14458.0
2259,24425.0,15716.0,15838.0,9960.0,8709.0,8587.0,14465.0
2260,24433.0,15730.0,15844.0,9961.0,8703.0,8589.0,14472.0
2261,24441.0,15742.0,15845.0,9963.0,8699.0,8596.0,14478.0
2262,24449.0,15743.0,15850.0,9978.0,8706.0,8599.0,14471.0
2263,24457.0,15753.0,15856.0,9981.0,8704.0,8601.0,14476.0
2264,24465.0,15760.0,15859.0,9985.0,8705.0,8606.0,14480.0
2265,24473.0,15760.0,15863.0,9985.0,8713.0,8610.0,14488.0
2266,24481.0,15763.0,15865.0,9998.0,8718.0,8616.0,14483.0
2267,24489.0,15769.0,15871.0,10001.0,8720.0,8618.0,14488.0
2268,24497.0,15779.0,15880.0,10003.0,8718.0,8617.0,14494.0
2269,24505.0,15785.0,15890.0,10014.0,8720.0,8615.0,14491.0
2270,24513.0,15793.0,15900.0,10020.0,8720.0,8613.0,14493.0
2271,24521.0,15801.0,15903.0,10036.0,8720.0,8618.0,14485.0
2272,24529.0,15808.0,15916.0,10044.0,8721.0,8613.0,14485.0
2273,24537.0,15812.0,15921.0,10052.0,8725.0,8616.0,14485.0
2274,24545.0,15814.0,15929.0,10059.0,8731.0,8616.0,14486.0
2275,24553.0,15819.0,15935.0,10063.0,8734.0,8618.0,14490.0
2276,24561.0,15821.0,15937.0,10073.0,8740.0,8624.0,14488.0
2277,24569.0,15823.0,15943.0,10074.0,8746.0,8626.0,14495.0
2278,24577.0,15836.0,15944.0,10091.0,8741.0,8633.0,14486.0
2279,24585.0,15841.0,15957.0,10092.0,8744.0,8628.0,14493.0
2280,24593.0,15849.0,15964.0,10098.0,8744.0,8629.0,14495.0
2281,24601.0,15852.0,15968.0,10107.0,8749.0,8633.0,14494.0
2282,24609.0,15853.0,15971.0,10111.0,8756.0,8638.0,14498.0
2283,24617.0,15857.0,15973.0,10112.0,8760.0,8644.0,14505.0
2284,24625.0,15859.0,15976.0,10112.0,8766.0,8649.0,14513.0
2285,24633.0,15869.0,15991.0,10114.0,8764.0,8642.0,14519.0
2286,24641.0,15875.0,16005.0,10121.0,8766.0,8636.0,14520.0
2287,24649.0,15886.0,16022.0,10121.0,8763.0,8627.0,14528.0
2288,24657.0,15886.0,16022.0,10124.0,8771.0,8635.0,14533.0
2289,24665.0,15886.0,16024.0,10132.0,8779.0,8641.0,14533.0
2290,24673.0,15893.0,16026.0,10137.0,8780.0,8647.0,14536.0
2291,24681.0,15897.0,16026.0,10140.0,8784.0,8655.0,14541.0
2292,24689.0,15907.0,16032.0,10152.0,8782.0,8657.0,14537.0
2293,24697.0,15908.0,16045.0,10152.0,8789.0,8652.0,14545.0
2294,24705.0,15910.0,16050.0,10152.0,8795.0,8655.0,14553.0
2295,24713.0,15919.0,16052.0,10152.0,8794.0,8661.0,14561.0
2296,24721.0,15921.0,16055.0,10157.0,8800.0,8666.0,14564.0
2297,24729.0,15925.0,16055.0,10159.0,8804.0,8674.0,14570.0
2298,24737.0,15931.0,16057.0,10164.0,8806.0,8680.0,14573.0
2299,24745.0,15943.0,16057.0,10164.0,8802.0,8688.0,14581.0
2300,24753.0,15943.0,16063.0,10170.0,8810.0,8690.0,14583.0
2301,24761.0,15945.0,16063.0,10177.0,8816.0,8698.0,14584.0
2302,24769.0,15950.0,16070.0,10182.0,8819.0,8699.0,14587.0
2303,24777.0,15954.0,16084.0,10183.0,8823.0,8693.0,14594.0
2304,24785.0,15956.0,16087.0,10183.0,8829.0,8698.0,14602.0
2305,24793.0,15962.0,16095.0,10189.0,8831.0,8698.0,14604.0
2306,24801.0,15970.0,16101.0,10189.0,8831.0,8700.0,14612.0
2307,24809.0,15981.0,16116.0,10193.0,8828.0,8693.0,14616.0
2308,24817.0,15989.0,16120.0,10198.0,8828.0,8697.0,14619.0
2309,24825.0,15992.0,16129.0,10201.0,8833.0,8696.0,14624.0
2310,24833.0,16002.0,16140.0,10201.0,8831.0,8693.0,14632.0
2311,24841.0,16011.0,16142.0,10208.0,8830.0,8699.0,14633.0
2312,24849.0,16020.0,16159.0,10210.0,8829.0,8690.0,14639.0
2313,24857.0,16020.0,16159.0,10210.0,8837.0,8698.0,14647.0
2314,24865.0,16020.0,16167.0,10211.0,8845.0,8698.0,14654.0
2315,24873.0,16027.0,16173.0,10213.0,8846.0,8700.0,14660.0
2316,24881.0,16027.0,16181.0,10219.0,8854.0,8700.0,14662.0
2317,24889.0,16033.0,16187.0,10221.0,8856.0,8702.0,14668.0
2318,24897.0,16042.0,16192.0,10228.0,8855.0,8705.0,14669.0
2319,24905.0,16045.0,16204.0,10229.0,8860.0,8701.0,14676.0
2320,24913.0,16053.0,16208.0,10237.0,8860.0,8705.0,14676.0
2321,24921.0,16057.0,16222.0,10237.0,8864.0,8699.0,14684.0
2322,24929.0,16058.0,16222.0,10247.0,8871.0,8707.0,14682.0
2323,24937.0,16063.0,16238.0,10249.0,8874.0,8699.0,14688.0
2324,24945.0,16073.0,16246.0,10249.0,8872.0,8699.0,14696.0
2325,24953.0,16077.0,16246.0,10251.0,8876.0,8707.0,14702.0
2326,24961.0,16077.0,16254.0,10258.0,8884.0,8707.0,14703.0
2327,24969.0,16079.0,16260.0,10258.0,8890.0,8709.0,14711.0
2328,24977.0,16090.0,16268.0,10258.0,8887.0,8709.0,14719.0
2329,24985.0,16098.0,16278.0,10258.0,8887.0,8707.0,14727.0
2330,24993.0,16103.0,16283.0,10258.0,8890.0,8710.0,14735.0
2331,25001.0,16109.0,16283.0,10265.0,8892.0,8718.0,14736.0
2332,25009.0,16114.0,16287.0,10270.0,8895.0,8722.0,14739.0
2333,25017.0,16124.0,16292.0,10270.0,8893.0,8725.0,14747.0
2334,25025.0,16135.0,16302.0,10277.0,8890.0,8723.0,14748.0
2335,25033.0,16137.0,16305.0,10280.0,8896.0,8728.0,14753.0
2336,25041.0,16145.0,16312.0,10291.0,8896.0,8729.0,14750.0
2337,25049.0,16146.0,16317.0,10291.0,8903.0,8732.0,14758.0
2338,25057.0,16148.0,16317.0,10292.0,8909.0,8740.0,14765.0
2339,25065.0,16149.0,16328.0,10299.0,8916.0,8737.0,14766.0
2340,25073.0,16155.0,16330.0,10300.0,8918.0,8743.0,14773.0
2341,25081.0,16164.0,16339.0,10308.0,8917.0,8742.0,14773.0
2342,25089.0,16165.0,16342.0,10314.0,8924.0,8747.0,14775.0
2343,25097.0,16174.0,16346.0,10320.0,8923.0,8751.0,14777.0
2344,25105.0,16182.0,16355.0,10324.0,8923.0,8750.0,14781.0
2345,25113.0,16187.0,16357.0,10334.0,8926.0,8756.0,14779.0
2346,25121.0,16194.0,16360.0,10348.0,8927.0,8761.0,14773.0
2347,25129.0,16203.0,16365.0,10356.0,8926.0,8764.0,14773.0
2348,25136.0,16214.0,16373.0,10370.0,8922.0,8763.0,14766.0
2349,25143.0,16215.0,16374.0,10371.0,8928.0,8769.0,14772.0
2350,25150.0,16217.0,16387.0,10374.0,8933.0,8763.0,14776.0
2351,25157.0,16227.0,16389.0,10379.0,8930.0,8768.0,14778.0
2352,25164.0,16231.0,16397.0,10382.0,8933.0,8767.0,14782.0
2353,25171.0,16237.0,16399.0,10386.0,8934.0,8772.0,14785.0
2354,25178.0,16244.0,16402.0,10394.0,8934.0,8776.0,14784.0
2355,25185.0,16244.0,16415.0,10395.0,8941.0,8770.0,14790.0
2356,25192.0,16257.0,16416.0,10396.0,8935.0,8776.0,14796.0
2357,25199.0,16259.0,16422.0,10399.0,8940.0,8777.0,14800.0
2358,25206.0,16270.0,16431.0,10413.0,8936.0,8775.0,14793.0
2359,25213.0,16275.0,16436.0,10413.0,8938.0,8777.0,14800.0
2360,25220.0,16278.0,16441.0,10420.0,8942.0,8779.0,14800.0
2361,25227.0,16282.0,16452.0,10431.0,8945.0,8775.0,14796.0
2362,25234.0,16294.0,16466.0,10438.0,8940.0,8768.0,14796.0
2363,25241.0,16298.0,16466.0,10442.0,8943.0,8775.0,14799.0
2364,25248.0,16304.0,16472.0,10453.0,8944.0,8776.0,14795.0
2365,25255.0,16318.0,16475.0,10463.0,8937.0,8780.0,14792.0
2366,25262.0,16332.0,16484.0,10463.0,8930.0,8778.0,14799.0
2367,25269.0,16340.0,16489.0,10473.0,8929.0,8780.0,14796.0
2368,25276.0,16342.0,16493.0,10484.0,8934.0,8783.0,14792.0
2369,25283.0,16344.0,16503.0,10493.0,8939.0,8780.0,14790.0
2370,25290.0,16352.0,16504.0,10493.0,8938.0,8786.0,14797.0
2371,25297.0,16359.0,16515.0,10494.0,8938.0,8782.0,14803.0
2372,25304.0,16360.0,16523.0,10501.0,8944.0,8781.0,14803.0
2373,25311.0,16367.0,16532.0,10502.0,8944.0,8779.0,14809.0
2374,25318.0,16373.0,16538.0,10507.0,8945.0,8780.0,14811.0
2375,25325.0,16377.0,16538.0,10507.0,8948.0,8787.0,14818.0
2376,25332.0,16385.0,16546.0,10516.0,8947.0,8786.0,14816.0
2377,25339.0,16387.0,16551.0,10525.0,8952.0,8788.0,14814.0
2378,25346.0,16393.0,16554.0,10525.0,8953.0,8792.0,14821.0
2379,25353.0,16402.0,16555.0,10527.0,8951.0,8798.0,14826.0
2380,25360.0,16414.0,16557.0,10531.0,8946.0,8803.0,14829.0
2381,25367.0,16424.0,16558.0,10534.0,8943.0,8809.0,14833.0
2382,25374.0,16430.0,16566.0,10542.0,8944.0,8808.0,14832.0
2383,25381.0,16435.0,16572.0,10550.0,8946.0,8809.0,14831.0
2384,25388.0,16454.0,16572.0,10561.0,8934.0,8816.0,14827.0
2385,25395.0,16457.0,16578.0,10561.0,8938.0,8817.0,14834.0
2386,25402.0,16460.0,16592.0,10561.0,8942.0,8810.0,14841.0
2387,25409.0,16463.0,16593.0,10577.0,8946.0,8816.0,14832.0
2388,25416.0,16465.0,16594.0,10588.0,8951.0,8822.0,14828.0
2389,25423.0,16468.0,16606.0,10594.0,8955.0,8817.0,14829.0
2390,25430.0,16469.0,16611.0,10595.0,8961.0,8819.0,14835.0
2391,25437.0,16469.0,16616.0,10600.0,8968.0,8821.0,14837.0
2392,25444.0,16469.0,16623.0,10604.0,8975.0,8821.0,14840.0
2393,25451.0,16473.0,16634.0,10604.0,8978.0,8817.0,14847.0
2394,25458.0,16476.0,16640.0,10604.0,8982.0,8818.0,14854.0
2395,25465.0,16491.0,16644.0,10609.0,8974.0,8821.0,14856.0
2396,25472.0,16498.0,16653.0,10611.0,8974.0,8819.0,14861.0
2397,25479.0,16500.0,16660.0,10612.0,8979.0,8819.0,14867.0
2398,25486.0,16501.0,16668.0,10612.0,8985.0,8818.0,14874.0
2399,25493.0,16505.0,16680.0,10616.0,8988.0,8813.0,14877.0
2400,25500.0,16519.0,16687.0,10631.0,8981.0,8813.0,14869.0
2401,25507.0,16523.0,16690.0,10636.0,8984.0,8817.0,14871.0
2402,25514.0,16530.0,16700.0,10642.0,8984.0,8814.0,14872.0
2403,25521.0,16533.0,16707.0,10648.0,8988.0,8814.0,14873.0
2404,25528.0,16536.0,16717.0,10661.0,8992.0,8811.0,14867.0
2405,25535.0,16541.0,16726.0,10671.0,8994.0,8809.0,14864.0
2406,25542.0,16545.0,16729.0,10680.0,8997.0,8813.0,14862.0
2407,25549.0,16562.0,16731.0,10680.0,8987.0,8818.0,14869.0
2408,25556.0,16568.0,16737.0,10681.0,8988.0,8819.0,14875.0
2409,25563.0,16575.0,16745.0,10681.0,8988.0,8818.0,14882.0
2410,25570.0,16579.0,16746.0,10686.0,8991.0,8824.0,14884.0
2411,25577.0,16587.0,16757.0,10696.0,8990.0,8820.0,14881.0
2412,25584.0,16588.0,16761.0,10696.0,8996.0,8823.0,14888.0
2413,25591.0,16593.0,16767.0,10707.0,8998.0,8824.0,14884.0
2414,25598.0,16595.0,16774.0,10717.0,9003.0,8824.0,14881.0
2415,25605.0,16605.0,16783.0,10723.0,9000.0,8822.0,14882.0
2416,25612.0,16609.0,16783.0,10725.0,9003.0,8829.0,14887.0
2417,25619.0,16613.0,16784.0,10738.0,9006.0,8835.0,14881.0
2418,25626.0,16622.0,16789.0,10740.0,9004.0,8837.0,14886.0
2419,25633.0,16629.0,16790.0,10744.0,9004.0,8843.0,14889.0
2420,25640.0,16635.0,16799.0,10746.0,9005.0,8841.0,14894.0
2421,25647.0,16638.0,16802.0,10751.0,9009.0,8845.0,14896.0
2422,25654.0,16641.0,16814.0,10753.0,9013.0,8840.0,14901.0
2423,25661.0,16653.0,16816.0,10759.0,9008.0,8845.0,14902.0
2424,25668.0,16656.0,16818.0,10763.0,9012.0,8850.0,14905.0
2425,25675.0,16659.0,16825.0,10774.0,9016.0,8850.0,14901.0
2426,25682.0,16667.0,16828.0,10778.0,9015.0,8854.0,14904.0
2427,25689.0,16669.0,16832.0,10778.0,9020.0,8857.0,14911.0
2428,25696.0,16672.0,16836.0,10785.0,9024.0,8860.0,14911.0
2429,25703.0,16677.0,16841.0,10787.0,9026.0,8862.0,14916.0
2430,25710.0,16679.0,16848.0,10795.0,9031.0,8862.0,14915.0
2431,25717.0,16680.0,16854.0,10805.0,9037.0,8863.0,14912.0
2432,25724.0,16682.0,16858.0,10809.0,9042.0,8866.0,14915.0
2433,25731.0,16687.0,16865.0,10810.0,9044.0,8866.0,14921.0
2434,25738.0,16697.0,16869.0,10815.0,9041.0,8869.0,14923.0
2435,25745.0,16709.0,16875.0,10824.0,9036.0,8870.0,14921.0
2436,25752.0,16710.0,16875.0,10828.0,9042.0,8877.0,14924.0
2437,25759.0,16710.0,16877.0,10832.0,9049.0,8882.0,14927.0
2438,25766.0,16726.0,16880.0,10839.0,9040.0,8886.0,14927.0
2439,25773.0,16732.0,16888.0,10853.0,9041.0,8885.0,14920.0
2440,25780.0,16737.0,16894.0,10853.0,9043.0,8886.0,14927.0
2441,25787.0,16740.0,16898.0,10853.0,9047.0,8889.0,14934.0
2442,25794.0,16750.0,16900.0,10853.0,9044.0,8894.0,14941.0
2443,25801.0,16753.0,16906.0,10853.0,9048.0,8895.0,14948.0
2444,25808.0,16754.0,16908.0,10859.0,9054.0,8900.0,14949.0
2445,25815.0,16754.0,16912.0,10864.0,9061.0,8903.0,14951.0
2446,25822.0,16757.0,16914.0,10871.0,9065.0,8908.0,14951.0
2447,25829.0,16760.0,16914.0,10873.0,9069.0,8915.0,14956.0
2448,25836.0,16770.0,16921.0,10882.0,9066.0,8915.0,14954.0
2449,25843.0,16773.0,16923.0,10887.0,9070.0,8920.0,14956.0
2450,25850.0,16786.0,16924.0,10890.0,9064.0,8926.0,14960.0
2451,25857.0,16794.0,16928.0,10890.0,9063.0,8929.0,14967.0
2452,25864.0,16797.0,16932.0,10896.0,9067.0,8932.0,14968.0
2453,25871.0,16805.0,16939.0,10906.0,9066.0,8932.0,14965.0
2454,25878.0,16807.0,16948.0,10909.0,9071.0,8930.0,14969.0
2455,25885.0,16815.0,16957.0,10913.0,9070.0,8928.0,14972.0
2456,25892.0,16822.0,16966.0,10919.0,9070.0,8926.0,14973.0
2457,25899.0,16828.0,16974.0,10929.0,9071.0,8925.0,14970.0
2458,25906.0,16836.0,16980.0,10947.0,9070.0,8926.0,14959.0
2459,25913.0,16840.0,16993.0,10957.0,9073.0,8920.0,14956.0
2460,25920.0,16841.0,17001.0,10963.0,9079.0,8919.0,14957.0
2461,25927.0,16841.0,17009.0,10973.0,9086.0,8918.0,14954.0
2462,25934.0,16854.0,17012.0,10981.0,9080.0,8922.0,14953.0
2463,25941.0,16856.0,17014.0,10985.0,9085.0,8927.0,14956.0
2464,25948.0,16865.0,17019.0,10985.0,9083.0,8929.0,14963.0
2465,25955.0,16871.0,17027.0,10988.0,9084.0,8928.0,14967.0
2466,25962.0,16876.0,17036.0,10993.0,9086.0,8926.0,14969.0
2467,25969.0,16884.0,17040.0,10998.0,9085.0,8929.0,14971.0
2468,25976.0,16887.0,17043.0,11003.0,9089.0,8933.0,14973.0
2469,25983.0,16897.0,17045.0,11004.0,9086.0,8938.0,14979.0
2470,25990.0,16897.0,17051.0,11010.0,9093.0,8939.0,14980.0
2471,25997.0,16900.0,17052.0,11010.0,9097.0,8945.0,14987.0
2472,26004.0,16904.0,17058.0,11011.0,9100.0,8946.0,14993.0
2473,26011.0,16908.0,17062.0,11015.0,9103.0,8949.0,14996.0
2474,26018.0,16914.0,17072.0,11017.0,9104.0,8946.0,15001.0
2475,26025.0,16917.0,17077.0,11021.0,9108.0,8948.0,15004.0
2476,26032.0,16922.0,17082.0,11021.0,9110.0,8950.0,15011.0
2477,26039.0,16927.0,17086.0,11024.0,9112.0,8953.0,15015.0
2478,26046.0,16931.0,17090.0,11024.0,9115.0,8956.0,15022.0
2479,26053.0,16934.0,17101.0,11038.0,9119.0,8952.0,15015.0
2480,26060.0,16944.0,17106.0,11040.0,9116.0,8954.0,15020.0
2481,26067.0,16944.0,17107.0,11041.0,9123.0,8960.0,15026.0
2482,26074.0,16946.0,17115.0,11042.0,9128.0,8959.0,15032.0
2483,26081.0,16948.0,17119.0,11045.0,9133.0,8962.0,15036.0
2484,26088.0,16951.0,17128.0,11051.0,9137.0,8960.0,15037.0
2485,26095.0,16952.0,17138.0,11059.0,9143.0,8957.0,15036.0
2486,26102.0,16952.0,17147.0,11064.0,9150.0,8955.0,15038.0
2487,26109.0,16963.0,17155.0,11065.0,9146.0,8954.0,15044.0
2488,26116.0,16968.0,17162.0,11069.0,9148.0,8954.0,15047.0
2489,26123.0,16972.0,17162.0,11071.0,9151.0,8961.0,15052.0
2490,26130.0,16987.0,17167.0,11081.0,9143.0,8963.0,15049.0
2491,26137.0,16989.0,17168.0,11093.0,9148.0,8969.0,15044.0
2492,26144.0,17005.0,17170.0,11097.0,9139.0,8974.0,15047.0
2493,26151.0,17008.0,17178.0,11108.0,9143.0,8973.0,15043.0
2494,26158.0,17009.0,17182.0,11108.0,9149.0,8976.0,15050.0
2495,26165.0,17017.0,17187.0,11120.0,9148.0,8978.0,15045.0
2496,26172.0,17017.0,17195.0,11123.0,9155.0,8977.0,15049.0
2497,26179.0,17017.0,17198.0,11133.0,9162.0,8981.0,15046.0
2498,26186.0,17027.0,17200.0,11146.0,9159.0,8986.0,15040.0
2499,26193.0,17030.0,17215.0,11155.0,9163.0,8978.0,15038.0
2500,26200.0,17031.0,17218.0,11172.0,9169.0,8982.0,15028.0
2501,26207.0,17033.0,17221.0,11175.0,9174.0,8986.0,15032.0
2502,26214.0,17041.0,17223.0,11177.0,9173.0,8991.0,15037.0
2503,26221.0,17046.0,17230.0,11177.0,9175.0,8991.0,15044.0
2504,26228.0,17048.0,17232.0,11179.0,9180.0,8996.0,15049.0
2505,26235.0,17051.0,17235.0,11188.0,9184.0,9000.0,15047.0
2506,26242.0,17051.0,17238.0,11201.0,9191.0,9004.0,15041.0
2507,26249.0,17052.0,17245.0,11203.0,9197.0,9004.0,15046.0
2508,26256.0,17057.0,17255.0,11204.0,9199.0,9001.0,15052.0
2509,26263.0,17065.0,17259.0,11210.0,9198.0,9004.0,15053.0
2510,26270.0,17071.0,17259.0,11217.0,9199.0,9011.0,15053.0
2511,26277.0,17075.0,17266.0,11219.0,9202.0,9011.0,15058.0
2512,26284.0,17076.0,17275.0,11224.0,9208.0,9009.0,15060.0
2513,26291.0,17081.0,17278.0,11229.0,9210.0,9013.0,15062.0
2514,26298.0,17085.0,17295.0,11230.0,9213.0,9003.0,15068.0
2515,26305.0,17093.0,17299.0,11231.0,9212.0,9006.0,15074.0
2516,26312.0,17100.0,17299.0,11231.0,9212.0,9013.0,15081.0
2517,26319.0,17102.0,17310.0,11242.0,9217.0,9009.0,15077.0
2518,26326.0,17107.0,17315.0,11242.0,9219.0,9011.0,15084.0
2519,26333.0,17111.0,17322.0,11242.0,9222.0,9011.0,15091.0
2520,26340.0,17115.0,17332.0,11255.0,9225.0,9008.0,15085.0
2521,26347.0,17118.0,17335.0,11256.0,9229.0,9012.0,15091.0
2522,26354.0,17127.0,17336.0,11269.0,9227.0,9018.0,15085.0
2523,26361.0,17132.0,17347.0,11278.0,9229.0,9014.0,15083.0
2524,26368.0,17149.0,17355.0,11293.0,9219.0,9013.0,15075.0
2525,26375.0,17152.0,17363.0,11293.0,9223.0,9012.0,15082.0
2526,26382.0,17160.0,17364.0,11301.0,9222.0,9018.0,15081.0
2527,26389.0,17173.0,17374.0,11313.0,9216.0,9015.0,15076.0
2528,26396.0,17179.0,17381.0,11314.0,9217.0,9015.0,15082.0
2529,26403.0,17183.0,17385.0,11317.0,9220.0,9018.0,15086.0
2530,26410.0,17191.0,17387.0,11321.0,9219.0,9023.0,15089.0
2531,26417.0,17193.0,17390.0,11332.0,9224.0,9027.0,15085.0
2532,26424.0,17197.0,17403.0,11333.0,9227.0,9021.0,15091.0
2533,26431.0,17209.0,17404.0,11333.0,9222.0,9027.0,15098.0
2534,26438.0,17217.0,17404.0,11333.0,9221.0,9034.0,15105.0
2535,26445.0,17217.0,17409.0,11333.0,9228.0,9036.0,15112.0
2536,26452.0,17219.0,17423.0,11347.0,9233.0,9029.0,15105.0
2537,26459.0,17221.0,17424.0,11358.0,9238.0,9035.0,15101.0
2538,26466.0,17222.0,17431.0,11358.0,9244.0,9035.0,15108.0
2539,26473.0,17224.0,17434.0,11373.0,9249.0,9039.0,15100.0
2540,26480.0,17239.0,17438.0,11381.0,9241.0,9042.0,15099.0
2541,26487.0,17241.0,17444.0,11386.0,9246.0,9043.0,15101.0
2542,26494.0,17241.0,17448.0,11397.0,9253.0,9046.0,15097.0
2543,26501.0,17244.0,17448.0,11398.0,9257.0,9053.0,15103.0
2544,26508.0,17249.0,17448.0,11398.0,9259.0,9060.0,15110.0
2545,26515.0,17251.0,17451.0,11400.0,9264.0,9064.0,15115.0
2546,26522.0,17254.0,17463.0,11410.0,9268.0,9059.0,15112.0
2547,26529.0,17256.0,17475.0,11426.0,9273.0,9054.0,15103.0
2548,26536.0,17261.0,17475.0,11434.0,9275.0,9061.0,15102.0
2549,26543.0,17263.0,17477.0,11434.0,9280.0,9066.0,15109.0
2550,26550.0,17269.0,17485.0,11438.0,9281.0,9065.0,15112.0
2551,26557.0,17285.0,17492.0,11447.0,9272.0,9065.0,15110.0
2552,26564.0,17291.0,17502.0,11461.0,9273.0,9062.0,15103.0
2553,26571.0,17291.0,17511.0,11464.0,9280.0,9060.0,15107.0
2554,26578.0,17293.0,17522.0,11469.0,9285.0,9056.0,15109.0
2555,26585.0,17299.0,17530.0,11475.0,9286.0,9055.0,15110.0
2556,26592.0,17301.0,17532.0,11482.0,9291.0,9060.0,15110.0
2557,26599.0,17307.0,17535.0,11482.0,9292.0,9064.0,15117.0
2558,26606.0,17312.0,17537.0,11483.0,9294.0,9069.0,15123.0
2559,26613.0,17315.0,17550.0,11486.0,9298.0,9063.0,15127.0
2560,26620.0,17319.0,17558.0,11487.0,9301.0,9062.0,15133.0
2561,26627.0,17323.0,17563.0,11488.0,9304.0,9064.0,15139.0
2562,26634.0,17323.0,17571.0,11492.0,9311.0,9063.0,15142.0
2563,26641.0,17333.0,17575.0,11492.0,9308.0,9066.0,15149.0
2564,26648.0,17349.0,17578.0,11492.0,9299.0,9070.0,15156.0
2565,26655.0,17356.0,17583.0,11496.0,9299.0,9072.0,15159.0
2566,26662.0,17356.0,17585.0,11508.0,9306.0,9077.0,15154.0
2567,26669.0,17363.0,17591.0,11508.0,9306.0,9078.0,15161.0
2568,26676.0,17373.0,17610.0,11508.0,9303.0,9066.0,15168.0
2569,26683.0,17384.0,17611.0,11519.0,9299.0,9072.0,15164.0
2570,26690.0,17388.0,17617.0,11519.0,9302.0,9073.0,15171.0
2571,26697.0,17395.0,17628.0,11520.0,9302.0,9069.0,15177.0
2572,26704.0,17404.0,17630.0,11526.0,9300.0,9074.0,15178.0
2573,26711.0,17410.0,17630.0,11526.0,9301.0,9081.0,15185.0
2574,26718.0,17422.0,17638.0,11526.0,9296.0,9080.0,15192.0
2575,26725.0,17423.0,17649.0,11530.0,9302.0,9076.0,15195.0
2576,26732.0,17428.0,17655.0,11538.0,9304.0,9077.0,15194.0
2577,26739.0,17435.0,17660.0,11539.0,9304.0,9079.0,15200.0
2578,26746.0,17455.0,17666.0,11539.0,9291.0,9080.0,15207.0
2579,26753.0,17461.0,17669.0,11548.0,9292.0,9084.0,15205.0
2580,26760.0,17464.0,17675.0,11551.0,9296.0,9085.0,15209.0
2581,26767.0,17473.0,17677.0,11552.0,9294.0,9090.0,15215.0
2582,26774.0,17482.0,17678.0,11563.0,9292.0,9096.0,15211.0
2583,26781.0,17482.0,17684.0,11564.0,9299.0,9097.0,15217.0
2584,26788.0,17491.0,17685.0,11577.0,9297.0,9103.0,15211.0
2585,26795.0,17498.0,17688.0,11578.0,9297.0,9107.0,15217.0
2586,26802.0,17501.0,17690.0,11580.0,9301.0,9112.0,15222.0
2587,26809.0,17503.0,17693.0,11580.0,9306.0,9116.0,15229.0
2588,26816.0,17512.0,17697.0,11592.0,9304.0,9119.0,15224.0
2589,26823.0,17516.0,17702.0,11596.0,9307.0,9121.0,15227.0
2590,26830.0,17518.0,17703.0,11596.0,9312.0,9127.0,15234.0
2591,26837.0,17519.0,17711.0,11604.0,9318.0,9126.0,15233.0
2592,26844.0,17521.0,17718.0,11604.0,9323.0,9126.0,15240.0
2593,26851.0,17532.0,17719.0,11609.0,9319.0,9132.0,15242.0
2594,26858.0,17538.0,17727.0,11619.0,9320.0,9131.0,15239.0
2595,26865.0,17546.0,17731.0,11625.0,9319.0,9134.0,15240.0
2596,26872.0,17546.0,17735.0,11625.0,9326.0,9137.0,15247.0
2597,26879.0,17562.0,17739.0,11625.0,9317.0,9140.0,15254.0
2598,26886.0,17570.0,17744.0,11629.0,9316.0,9142.0,15257.0
2599,26893.0,17575.0,17754.0,11634.0,9318.0,9139.0,15259.0
2600,26900.0,17592.0,17756.0,11634.0,9308.0,9144.0,15266.0
2601,26907.0,17601.0,17768.0,11645.0,9306.0,9139.0,15262.0
2602,26914.0,17602.0,17780.0,11646.0,9312.0,9134.0,15268.0
2603,26921.0,17610.0,17786.0,11646.0,9311.0,9135.0,15275.0
2604,26928.0,17620.0,17799.0,11648.0,9308.0,9129.0,15280.0
2605,26935.0,17629.0,17801.0,11648.0,9306.0,9134.0,15287.0
2606,26942.0,17641.0,17807.0,11652.0,9301.0,9135.0,15290.0
2607,26949.0,17647.0,17811.0,11662.0,9302.0,9138.0,15287.0
2608,26956.0,17648.0,17816.0,11678.0,9308.0,9140.0,15278.0
2609,26963.0,17651.0,17828.0,11685.0,9312.0,9135.0,15278.0
2610,26970.0,17653.0,17836.0,11685.0,9317.0,9134.0,15285.0
2611,26977.0,17654.0,17838.0,11687.0,9323.0,9139.0,15290.0
2612,26984.0,17664.0,17847.0,11690.0,9320.0,9137.0,15294.0
2613,26991.0,17675.0,17851.0,11690.0,9316.0,9140.0,15301.0
2614,26998.0,17684.0,17856.0,11691.0,9314.0,9142.0,15307.0
2615,27005.0,17691.0,17859.0,11691.0,9314.0,9146.0,15314.0
2616,27012.0,17696.0,17867.0,11693.0,9316.0,9145.0,15319.0
2617,27019.0,17697.0,17869.0,11705.0,9322.0,9150.0,15314.0
2618,27026.0,17700.0,17877.0,11707.0,9326.0,9149.0,15319.0
2619,27033.0,17709.0,17882.0,11708.0,9324.0,9151.0,15325.0
2620,27040.0,17713.0,17889.0,11708.0,9327.0,9151.0,15332.0
2621,27047.0,17722.0,17902.0,11713.0,9325.0,9145.0,15334.0
2622,27054.0,17736.0,17905.0,11713.0,9318.0,9149.0,15341.0
2623,27061.0,17752.0,17912.0,11719.0,9309.0,9149.0,15342.0
2624,27068.0,17752.0,17912.0,11719.0,9316.0,9156.0,15349.0
2625,27075.0,17762.0,17919.0,11719.0,9313.0,9156.0,15356.0
2626,27082.0,17766.0,17922.0,11727.0,9316.0,9160.0,15355.0
2627,27089.0,17766.0,17927.0,11732.0,9323.0,9162.0,15357.0
2628,27096.0,17770.0,17931.0,11736.0,9326.0,9165.0,15360.0
2629,27103.0,17780.0,17945.0,11746.0,9323.0,9158.0,15357.0
2630,27110.0,17791.0,17949.0,11760.0,9319.0,9161.0,15350.0
2631,27117.0,17793.0,17958.0,11772.0,9324.0,9159.0,15345.0
2632,27124.0,17795.0,17959.0,11772.0,9329.0,9165.0,15352.0
2633,27131.0,17798.0,17967.0,11776.0,9333.0,9164.0,15355.0
2634,27138.0,17808.0,17981.0,11790.0,9330.0,9157.0,15348.0
2635,27145.0,17810.0,17986.0,11797.0,9335.0,9159.0,15348.0
2636,27152.0,17813.0,17993.0,11804.0,9339.0,9159.0,15348.0
2637,27159.0,17815.0,17993.0,11804.0,9344.0,9166.0,15355.0
2638,27166.0,17820.0,18001.0,11804.0,9346.0,9165.0,15362.0
2639,27173.0,17824.0,18003.0,11805.0,9349.0,9170.0,15368.0
2640,27180.0,17830.0,18004.0,11811.0,9350.0,9176.0,15369.0
2641,27187.0,17830.0,18007.0,11829.0,9357.0,9180.0,15358.0
2642,27194.0,17832.0,18012.0,11829.0,9362.0,9182.0,15365.0
2643,27201.0,17838.0,18023.0,11836.0,9363.0,9178.0,15365.0
2644,27208.0,17839.0,18027.0,11838.0,9369.0,9181.0,15370.0
2645,27215.0,17848.0,18036.0,11848.0,9367.0,9179.0,15367.0
2646,27222.0,17851.0,18039.0,11851.0,9371.0,9183.0,15371.0
2647,27229.0,17856.0,18039.0,11853.0,9373.0,9190.0,15376.0
2648,27236.0,17857.0,18048.0,11859.0,9379.0,9188.0,15377.0
2649,27243.0,17863.0,18050.0,11866.0,9380.0,9193.0,15377.0
2650,27250.0,17878.0,18059.0,11877.0,9372.0,9191.0,15373.0
2651,27257.0,17884.0,18059.0,11891.0,9373.0,9198.0,15366.0
2652,27264.0,17885.0,18063.0,11891.0,9379.0,9201.0,15373.0
2653,27271.0,17893.0,18069.0,11892.0,9378.0,9202.0,15379.0
2654,27278.0,17895.0,18078.0,11901.0,9383.0,9200.0,15377.0
2655,27285.0,17900.0,18082.0,11902.0,9385.0,9203.0,15383.0
2656,27292.0,17912.0,18085.0,11907.0,9380.0,9207.0,15385.0
2657,27299.0,17932.0,18089.0,11912.0,9367.0,9210.0,15387.0
2658,27306.0,17938.0,18098.0,11914.0,9368.0,9208.0,15392.0
2659,27313.0,17943.0,18099.0,11914.0,9370.0,9214.0,15399.0
2660,27320.0,17946.0,18106.0,11919.0,9374.0,9214.0,15401.0
2661,27327.0,17950.0,18115.0,11927.0,9377.0,9212.0,15400.0
2662,27334.0,17953.0,18118.0,11929.0,9381.0,9216.0,15405.0
2663,27341.0,17957.0,18121.0,11929.0,9384.0,9220.0,15412.0
2664,27348.0,17968.0,18129.0,11944.0,9380.0,9219.0,15404.0
2665,27355.0,17970.0,18132.0,11954.0,9385.0,9223.0,15401.0
2666,27362.0,17973.0,18139.0,11954.0,9389.0,9223.0,15408.0
2667,27369.0,17986.0,18144.0,11954.0,9383.0,9225.0,15415.0
2668,27376.0,17997.0,18155.0,11963.0,9379.0,9221.0,15413.0
2669,27383.0,18011.0,18158.0,11977.0,9372.0,9225.0,15406.0
2670,27390.0,18021.0,18166.0,11977.0,9369.0,9224.0,15413.0
2671,27397.0,18024.0,18172.0,11991.0,9373.0,9225.0,15406.0
2672,27404.0,18026.0,18181.0,12002.0,9378.0,9223.0,15402.0
2673,27411.0,18035.0,18184.0,12002.0,9376.0,9227.0,15409.0
2674,27418.0,18040.0,18191.0,12002.0,9378.0,9227.0,15416.0
2675,27425.0,18046.0,18201.0,12003.0,9379.0,9224.0,15422.0
2676,27432.0,18051.0,18208.0,12015.0,9381.0,9224.0,15417.0
2677,27439.0,18053.0,18220.0,12016.0,9386.0,9219.0,15423.0
2678,27446.0,18058.0,18233.0,12020.0,9388.0,9213.0,15426.0
2679,27453.0,18059.0,18238.0,12020.0,9394.0,9215.0,15433.0
2680,27460.0,18068.0,18245.0,12030.0,9392.0,9215.0,15430.0
2681,27467.0,18076.0,18246.0,12030.0,9391.0,9221.0,15437.0
2682,27474.0,18081.0,18252.0,12032.0,9393.0,9222.0,15442.0
2683,27481.0,18086.0,18264.0,12038.0,9395.0,9217.0,15443.0
2684,27488.0,18091.0,18266.0,12039.0,9397.0,9222.0,15449.0
2685,27495.0,18099.0,18268.0,12044.0,9396.0,9227.0,15451.0
2686,27502.0,18108.0,18272.0,12050.0,9394.0,9230.0,15452.0
2687,27509.0,18124.0,18272.0,12050.0,9385.0,9237.0,15459.0
2688,27516.0,18132.0,18281.0,12050.0,9384.0,9235.0,15466.0
2689,27523.0,18135.0,18281.0,12059.0,9388.0,9242.0,15464.0
2690,27530.0,18143.0,18288.0,12059.0,9387.0,9242.0,15471.0
2691,27537.0,18144.0,18290.0,12066.0,9393.0,9247.0,15471.0
2692,27544.0,18147.0,18290.0,12072.0,9397.0,9254.0,15472.0
2693,27551.0,18161.0,18296.0,12078.0,9390.0,9255.0,15473.0
2694,27558.0,18161.0,18305.0,12081.0,9397.0,9253.0,15477.0
2695,27565.0,18163.0,18306.0,12081.0,9402.0,9259.0,15484.0
2696,27572.0,18166.0,18318.0,12083.0,9406.0,9254.0,15489.0
2697,27579.0,18178.0,18330.0,12089.0,9401.0,9249.0,15490.0
2698,27586.0,18183.0,18343.0,12102.0,9403.0,9243.0,15484.0
2699,27593.0,18190.0,18345.0,12111.0,9403.0,9248.0,15482.0
2700,27600.0,18200.0,18351.0,12111.0,9400.0,9249.0,15489.0
2701,27607.0,18203.0,18353.0,12115.0,9404.0,9254.0,15492.0
2702,27614.0,18208.0,18368.0,12128.0,9406.0,9246.0,15486.0
2703,27621.0,18217.0,18370.0,12130.0,9404.0,9251.0,15491.0
2704,27628.0,18220.0,18373.0,12132.0,9408.0,9255.0,15496.0
2705,27635.0,18221.0,18376.0,12136.0,9414.0,9259.0,15499.0
2706,27642.0,18222.0,18392.0,12149.0,9420.0,9250.0,15493.0
2707,27649.0,18223.0,18405.0,12153.0,9426.0,9244.0,15496.0
2708,27656.0,18232.0,18419.0,12153.0,9424.0,9237.0,15503.0
2709,27663.0,18237.0,18419.0,12164.0,9426.0,9244.0,15499.0
2710,27670.0,18239.0,18423.0,12164.0,9431.0,9247.0,15506.0
2711,27677.0,18245.0,18430.0,12169.0,9432.0,9247.0,15508.0
2712,27684.0,18248.0,18441.0,12170.0,9436.0,9243.0,15514.0
2713,27691.0,18262.0,18443.0,12170.0,9429.0,9248.0,15521.0
2714,27698.0,18265.0,18448.0,12170.0,9433.0,9250.0,15528.0
2715,27705.0,18266.0,18457.0,12175.0,9439.0,9248.0,15530.0
2716,27712.0,18276.0,18473.0,12187.0,9436.0,9239.0,15525.0
2717,27719.0,18280.0,18475.0,12201.0,9439.0,9244.0,15518.0
2718,27726.0,18281.0,18480.0,12203.0,9445.0,9246.0,15523.0
2719,27733.0,18281.0,18483.0,12209.0,9452.0,9250.0,15524.0
2720,27740.0,18290.0,18483.0,12211.0,9450.0,9257.0,15529.0
2721,27747.0,18301.0,18492.0,12214.0,9446.0,9255.0,15533.0
2722,27754.0,18301.0,18500.0,12218.0,9453.0,9254.0,15536.0
2723,27761.0,18307.0,18509.0,12224.0,9454.0,9252.0,15537.0
2724,27768.0,18312.0,18522.0,12224.0,9456.0,9246.0,15544.0
2725,27775.0,18317.0,18536.0,12229.0,9458.0,9239.0,15546.0
2726,27782.0,18317.0,18541.0,12232.0,9465.0,9241.0,15550.0
2727,27789.0,18320.0,18543.0,12236.0,9469.0,9246.0,15553.0
2728,27796.0,18321.0,18546.0,12248.0,9475.0,9250.0,15548.0
2729,27803.0,18322.0,18550.0,12253.0,9481.0,9253.0,15550.0
2730,27810.0,18323.0,18555.0,12257.0,9487.0,9255.0,15553.0
2731,27817.0,18329.0,18555.0,12257.0,9488.0,9262.0,15560.0
2732,27824.0,18339.0,18564.0,12261.0,9485.0,9260.0,15563.0
2733,27831.0,18343.0,18566.0,12261.0,9488.0,9265.0,15570.0
2734,27838.0,18351.0,18571.0,12267.0,9487.0,9267.0,15571.0
2735,27845.0,18353.0,18573.0,12267.0,9492.0,9272.0,15578.0
2736,27852.0,18358.0,18579.0,12273.0,9494.0,9273.0,15579.0
2737,27859.0,18363.0,18584.0,12287.0,9496.0,9275.0,15572.0
2738,27866.0,18367.0,18584.0,12287.0,9499.0,9282.0,15579.0
2739,27873.0,18377.0,18584.0,12296.0,9496.0,9289.0,15577.0
2740,27880.0,18389.0,18586.0,12296.0,9491.0,9294.0,15584.0
2741,27887.0,18394.0,18592.0,12306.0,9493.0,9295.0,15581.0
2742,27894.0,18401.0,18607.0,12312.0,9493.0,9287.0,15582.0
2743,27901.0,18408.0,18609.0,12318.0,9493.0,9292.0,15583.0
2744,27908.0,18415.0,18619.0,12321.0,9493.0,9289.0,15587.0
2745,27915.0,18426.0,18630.0,12321.0,9489.0,9285.0,15594.0
2746,27922.0,18431.0,18642.0,12326.0,9491.0,9280.0,15596.0
2747,27929.0,18437.0,18647.0,12330.0,9492.0,9282.0,15599.0
2748,27936.0,18444.0,18647.0,12338.0,9492.0,9289.0,15598.0
2749,27943.0,18453.0,18648.0,12348.0,9490.0,9295.0,15595.0
2750,27950.0,18456.0,18651.0,12354.0,9494.0,9299.0,15596.0
2751,27957.0,18466.0,18653.0,12367.0,9491.0,9304.0,15590.0
2752,27964.0,18477.0,18654.0,12373.0,9487.0,9310.0,15591.0
2753,27971.0,18480.0,18654.0,12377.0,9491.0,9317.0,15594.0
2754,27978.0,18484.0,18659.0,12377.0,9494.0,9319.0,15601.0
2755,27985.0,18493.0,18664.0,12378.0,9492.0,9321.0,15607.0
2756,27992.0,18500.0,18666.0,12382.0,9492.0,9326.0,15610.0
2757,27999.0,18508.0,18674.0,12389.0,9491.0,9325.0,15610.0
2758,28006.0,18516.0,18677.0,12390.0,9490.0,9329.0,15616.0
2759,28013.0,18519.0,18683.0,12390.0,9494.0,9330.0,15623.0
2760,28020.0,18524.0,18695.0,12390.0,9496.0,9325.0,15630.0
2761,28027.0,18524.0,18701.0,12393.0,9503.0,9326.0,15634.0
2762,28034.0,18538.0,18703.0,12398.0,9496.0,9331.0,15636.0
2763,28041.0,18540.0,18713.0,12400.0,9501.0,9328.0,15641.0
2764,28048.0,18550.0,18715.0,12400.0,9498.0,9333.0,15648.0
2765,28055.0,18560.0,18715.0,12400.0,9495.0,9340.0,15655.0
2766,28062.0,18560.0,18724.0,12404.0,9502.0,9338.0,15658.0
2767,28069.0,18566.0,18736.0,12404.0,9503.0,9333.0,15665.0
2768,28076.0,18577.0,18739.0,12409.0,9499.0,9337.0,15667.0
2769,28083.0,18589.0,18742.0,12409.0,9494.0,9341.0,15674.0
2770,28090.0,18596.0,18744.0,12417.0,9494.0,9346.0,15673.0
2771,28097.0,18599.0,18744.0,12420.0,9498.0,9353.0,15677.0
2772,28104.0,18606.0,18745.0,12425.0,9498.0,9359.0,15679.0
2773,28111.0,18611.0,18755.0,12434.0,9500.0,9356.0,15677.0
2774,28118.0,18613.0,18761.0,12437.0,9505.0,9357.0,15681.0
2775,28125.0,18614.0,18773.0,12439.0,9511.0,9352.0,15686.0
2776,28132.0,18620.0,18778.0,12439.0,9512.0,9354.0,15693.0
2777,28139.0,18624.0,18778.0,12449.0,9515.0,9361.0,15690.0
2778,28146.0,18631.0,18784.0,12455.0,9515.0,9362.0,15691.0
2779,28153.0,18637.0,18794.0,12455.0,9516.0,9359.0,15698.0
2780,28160.0,18639.0,18803.0,12458.0,9521.0,9357.0,15702.0
2781,28167.0,18642.0,18809.0,12470.0,9525.0,9358.0,15697.0
2782,28174.0,18646.0,18812.0,12473.0,9528.0,9362.0,15701.0
2783,28181.0,18654.0,18823.0,12473.0,9527.0,9358.0,15708.0
2784,28188.0,18657.0,18836.0,12473.0,9531.0,9352.0,15715.0
2785,28195.0,18661.0,18844.0,12474.0,9534.0,9351.0,15721.0
2786,28202.0,18668.0,18851.0,12474.0,9534.0,9351.0,15728.0
2787,28209.0,18669.0,18853.0,12477.0,9540.0,9356.0,15732.0
2788,28216.0,18669.0,18862.0,12477.0,9547.0,9354.0,15739.0
2789,28223.0,18672.0,18872.0,12488.0,9551.0,9351.0,15735.0
2790,28230.0,18676.0,18873.0,12497.0,9554.0,9357.0,15733.0
2791,28237.0,18683.0,18884.0,12499.0,9554.0,9353.0,15738.0
2792,28244.0,18685.0,18886.0,12501.0,9559.0,9358.0,15743.0
2793,28251.0,18689.0,18886.0,12509.0,9562.0,9365.0,15742.0
2794,28258.0,18691.0,18889.0,12509.0,9567.0,9369.0,15749.0
2795,28265.0,18695.0,18892.0,12512.0,9570.0,9373.0,15753.0
2796,28272.0,18696.0,18907.0,12514.0,9576.0,9365.0,15758.0
2797,28279.0,18710.0,18909.0,12514.0,9569.0,9370.0,15765.0
2798,28286.0,18715.0,18909.0,12516.0,9571.0,9377.0,15770.0
2799,28293.0,18727.0,18912.0,12516.0,9566.0,9381.0,15777.0
2800,28300.0,18729.0,18918.0,12530.0,9571.0,9382.0,15770.0
2801,28307.0,18747.0,18926.0,12535.0,9560.0,9381.0,15772.0
2802,28314.0,18748.0,18933.0,12543.0,9566.0,9381.0,15771.0
2803,28321.0,18751.0,18946.0,12554.0,9570.0,9375.0,15767.0
2804,28328.0,18758.0,18949.0,12556.0,9570.0,9379.0,15772.0
2805,28335.0,18768.0,18949.0,12556.0,9567.0,9386.0,15779.0
2806,28342.0,18781.0,18961.0,12556.0,9561.0,9381.0,15786.0
2807,28349.0,18783.0,18962.0,12556.0,9566.0,9387.0,15793.0
2808,28356.0,18787.0,18977.0,12564.0,9569.0,9379.0,15792.0
2809,28363.0,18791.0,18985.0,12566.0,9572.0,9378.0,15797.0
2810,28370.0,18796.0,18985.0,12571.0,9574.0,9385.0,15799.0
2811,28377.0,18803.0,18988.0,12571.0,9574.0,9389.0,15806.0
2812,28384.0,18810.0,18990.0,12572.0,9574.0,9394.0,15812.0
2813,28391.0,18817.0,18992.0,12578.0,9574.0,9399.0,15813.0
2814,28398.0,18819.0,18999.0,12579.0,9579.0,9399.0,15819.0
2815,28405.0,18827.0,19005.0,12594.0,9578.0,9400.0,15811.0
2816,28412.0,18835.0,19008.0,12596.0,9577.0,9404.0,15816.0
2817,28419.0,18837.0,19010.0,12597.0,9582.0,9409.0,15822.0
2818,28426.0,18837.0,19013.0,12597.0,9589.0,9413.0,15829.0
2819,28433.0,18840.0,19021.0,12597.0,9593.0,9412.0,15836.0
2820,28440.0,18844.0,19029.0,12603.0,9596.0,9411.0,15837.0
2821,28447.0,18847.0,19030.0,12608.0,9600.0,9417.0,15839.0
2822,28454.0,18853.0,19036.0,12608.0,9601.0,9418.0,15846.0
2823,28461.0,18859.0,19045.0,12608.0,9602.0,9416.0,15853.0
2824,28468.0,18869.0,19056.0,12619.0,9599.0,9412.0,15849.0
2825,28475.0,18877.0,19065.0,12621.0,9598.0,9410.0,15854.0
2826,28482.0,18881.0,19071.0,12621.0,9601.0,9411.0,15861.0
2827,28489.0,18885.0,19073.0,12624.0,9604.0,9416.0,15865.0
2828,28496.0,18895.0,19074.0,12624.0,9601.0,9422.0,15872.0
2829,28503.0,18901.0,19074.0,12624.0,9602.0,9429.0,15879.0
2830,28510.0,18903.0,19079.0,12627.0,9607.0,9431.0,15883.0
2831,28517.0,18911.0,19081.0,12630.0,9606.0,9436.0,15887.0
2832,28524.0,18913.0,19092.0,12634.0,9611.0,9432.0,15890.0
2833,28531.0,18913.0,19096.0,12648.0,9618.0,9435.0,15883.0
2834,28538.0,18924.0,19098.0,12648.0,9614.0,9440.0,15890.0
2835,28545.0,18926.0,19106.0,12648.0,9619.0,9439.0,15897.0
2836,28552.0,18927.0,19117.0,12657.0,9625.0,9435.0,15895.0
2837,28559.0,18930.0,19119.0,12659.0,9629.0,9440.0,15900.0
2838,28566.0,18933.0,19130.0,12659.0,9633.0,9436.0,15907.0
2839,28573.0,18943.0,19134.0,12659.0,9630.0,9439.0,15914.0
2840,28580.0,18950.0,19143.0,12664.0,9630.0,9437.0,15916.0
2841,28587.0,18952.0,19144.0,12667.0,9635.0,9443.0,15920.0
2842,28594.0,18954.0,19153.0,12668.0,9640.0,9441.0,15926.0
2843,28601.0,18973.0,19163.0,12680.0,9628.0,9438.0,15921.0
2844,28608.0,18985.0,19166.0,12680.0,9623.0,9442.0,15928.0
2845,28615.0,18988.0,19176.0,12680.0,9627.0,9439.0,15935.0
2846,28622.0,18994.0,19184.0,12686.0,9628.0,9438.0,15936.0
2847,28629.0,18994.0,19200.0,12690.0,9635.0,9429.0,15939.0
2848,28636.0,18998.0,19206.0,12691.0,9638.0,9430.0,15945.0
2849,28643.0,19000.0,19215.0,12693.0,9643.0,9428.0,15950.0
2850,28650.0,19003.0,19220.0,12703.0,9647.0,9430.0,15947.0
2851,28657.0,19004.0,19220.0,12715.0,9653.0,9437.0,15942.0
2852,28664.0,19006.0,19224.0,12717.0,9658.0,9440.0,15947.0
2853,28671.0,19016.0,19226.0,12720.0,9655.0,9445.0,15951.0
2854,28678.0,19023.0,19233.0,12724.0,9655.0,9445.0,15954.0
2855,28685.0,19033.0,19237.0,12724.0,9652.0,9448.0,15961.0
2856,28692.0,19039.0,19244.0,12742.0,9653.0,9448.0,15950.0
2857,28699.0,19044.0,19253.0,12745.0,9655.0,9446.0,15954.0
2858,28706.0,19063.0,19256.0,12745.0,9643.0,9450.0,15961.0
2859,28713.0,19079.0,19256.0,12751.0,9634.0,9457.0,15962.0
2860,28720.0,19079.0,19263.0,12759.0,9641.0,9457.0,15961.0
2861,28727.0,19089.0,19270.0,12759.0,9638.0,9457.0,15968.0
2862,28734.0,19093.0,19273.0,12762.0,9641.0,9461.0,15972.0
2863,28741.0,19099.0,19283.0,12762.0,9642.0,9458.0,15979.0
2864,28748.0,19102.0,19289.0,12765.0,9646.0,9459.0,15983.0
2865,28755.0,19109.0,19302.0,12765.0,9646.0,9453.0,15990.0
2866,28762.0,19120.0,19307.0,12765.0,9642.0,9455.0,15997.0
2867,28769.0,19122.0,19310.0,12765.0,9647.0,9459.0,16004.0
2868,28776.0,19132.0,19319.0,12776.0,9644.0,9457.0,16000.0
2869,28783.0,19139.0,19319.0,12776.0,9644.0,9464.0,16007.0
2870,28790.0,19141.0,19324.0,12783.0,9649.0,9466.0,16007.0
2871,28796.0,19146.0,19337.0,12795.0,9650.0,9459.0,16001.0
2872,28802.0,19155.0,19338.0,12799.0,9647.0,9464.0,16003.0
2873,28808.0,19156.0,19342.0,12811.0,9652.0,9466.0,15997.0
2874,28814.0,19158.0,19343.0,12815.0,9656.0,9471.0,15999.0
2875,28820.0,19172.0,19348.0,12823.0,9648.0,9472.0,15997.0
2876,28826.0,19173.0,19351.0,12839.0,9653.0,9475.0,15987.0
2877,28832.0,19174.0,19351.0,12842.0,9658.0,9481.0,15990.0
2878,28838.0,19181.0,19352.0,12844.0,9657.0,9486.0,15994.0
2879,28844.0,19187.0,19358.0,12849.0,9657.0,9486.0,15995.0
2880,28850.0,19193.0,19375.0,12853.0,9657.0,9475.0,15997.0
2881,28856.0,19204.0,19377.0,12853.0,9652.0,9479.0,16003.0
2882,28862.0,19208.0,19378.0,12853.0,9654.0,9484.0,16009.0
2883,28868.0,19213.0,19389.0,12858.0,9655.0,9479.0,16010.0
2884,28874.0,19217.0,19401.0,12876.0,9657.0,9473.0,15998.0
2885,28880.0,19217.0,19404.0,12878.0,9663.0,9476.0,16002.0
2886,28886.0,19221.0,19408.0,12887.0,9665.0,9478.0,15999.0
2887,28892.0,19229.0,19427.0,12889.0,9663.0,9465.0,16003.0
2888,28898.0,19233.0,19432.0,12889.0,9665.0,9466.0,16009.0
2889,28904.0,19238.0,19438.0,12889.0,9666.0,9466.0,16015.0
2890,28910.0,19243.0,19439.0,12889.0,9667.0,9471.0,16021.0
2891,28916.0,19249.0,19446.0,12889.0,9667.0,9470.0,16027.0
2892,28922.0,19254.0,19447.0,12897.0,9668.0,9475.0,16025.0
2893,28928.0,19254.0,19454.0,12903.0,9674.0,9474.0,16025.0
2894,28934.0,19263.0,19459.0,12903.0,9671.0,9475.0,16031.0
2895,28940.0,19266.0,19465.0,12907.0,9674.0,9475.0,16033.0
2896,28946.0,19272.0,19465.0,12911.0,9674.0,9481.0,16035.0
2897,28952.0,19276.0,19469.0,12911.0,9676.0,9483.0,16041.0
2898,28958.0,19280.0,19475.0,12911.0,9678.0,9483.0,16047.0
2899,28964.0,19290.0,19486.0,12924.0,9674.0,9478.0,16040.0
2900,28970.0,19293.0,19487.0,12924.0,9677.0,9483.0,16046.0
2901,28976.0,19298.0,19494.0,12930.0,9678.0,9482.0,16046.0
2902,28982.0,19305.0,19509.0,12940.0,9677.0,9473.0,16042.0
2903,28988.0,19307.0,19518.0,12954.0,9681.0,9470.0,16034.0
2904,28994.0,19316.0,19524.0,12957.0,9678.0,9470.0,16037.0
2905,29000.0,19321.0,19533.0,12965.0,9679.0,9467.0,16035.0
2906,29006.0,19326.0,19536.0,12965.0,9680.0,9470.0,16041.0
2907,29012.0,19329.0,19549.0,12968.0,9683.0,9463.0,16044.0
2908,29018.0,19340.0,19555.0,12974.0,9678.0,9463.0,16044.0
2909,29024.0,19348.0,19565.0,12976.0,9676.0,9459.0,16048.0
2910,29030.0,19354.0,19569.0,12981.0,9676.0,9461.0,16049.0
2911,29036.0,19364.0,19586.0,12982.0,9672.0,9450.0,16054.0
2912,29042.0,19370.0,19592.0,12990.0,9672.0,9450.0,16052.0
2913,29048.0,19373.0,19598.0,12998.0,9675.0,9450.0,16050.0
2914,29054.0,19375.0,19611.0,13000.0,9679.0,9443.0,16054.0
2915,29060.0,19382.0,19621.0,13009.0,9678.0,9439.0,16051.0
2916,29066.0,19392.0,19625.0,13015.0,9674.0,9441.0,16051.0
2917,29072.0,19395.0,19636.0,13023.0,9677.0,9436.0,16049.0
2918,29078.0,19398.0,19639.0,13030.0,9680.0,9439.0,16048.0
2919,29084.0,19401.0,19642.0,13041.0,9683.0,9442.0,16043.0
2920,29090.0,19409.0,19651.0,13050.0,9681.0,9439.0,16040.0
2921,29096.0,19417.0,19665.0,13063.0,9679.0,9431.0,16033.0
2922,29102.0,19432.0,19671.0,13073.0,9670.0,9431.0,16029.0
2923,29108.0,19432.0,19671.0,13073.0,9676.0,9437.0,16035.0
2924,29114.0,19432.0,19677.0,13073.0,9682.0,9437.0,16041.0
2925,29120.0,19432.0,19681.0,13081.0,9688.0,9439.0,16039.0
2926,29126.0,19440.0,19689.0,13090.0,9686.0,9437.0,16036.0
2927,29132.0,19453.0,19689.0,13093.0,9679.0,9443.0,16039.0
2928,29138.0,19456.0,19695.0,13100.0,9682.0,9443.0,16038.0
2929,29144.0,19456.0,19702.0,13118.0,9688.0,9442.0,16026.0
2930,29150.0,19463.0,19709.0,13129.0,9687.0,9441.0,16021.0
2931,29156.0,19467.0,19715.0,13133.0,9689.0,9441.0,16023.0
2932,29162.0,19471.0,19719.0,13139.0,9691.0,9443.0,16023.0
2933,29168.0,19472.0,19726.0,13150.0,9696.0,9442.0,16018.0
2934,29174.0,19473.0,19735.0,13153.0,9701.0,9439.0,16021.0
2935,29180.0,19483.0,19738.0,13160.0,9697.0,9442.0,16020.0
2936,29186.0,19489.0,19747.0,13163.0,9697.0,9439.0,16023.0
2937,29192.0,19496.0,19764.0,13169.0,9696.0,9428.0,16023.0
2938,29198.0,19500.0,19773.0,13176.0,9698.0,9425.0,16022.0
2939,29204.0,19505.0,19773.0,13177.0,9699.0,9431.0,16027.0
2940,29210.0,19505.0,19780.0,13177.0,9705.0,9430.0,16033.0
2941,29216.0,19508.0,19795.0,13177.0,9708.0,9421.0,16039.0
2942,29222.0,19514.0,19798.0,13180.0,9708.0,9424.0,16042.0
2943,29228.0,19527.0,19807.0,13185.0,9701.0,9421.0,16043.0
2944,29234.0,19530.0,19817.0,13188.0,9704.0,9417.0,16046.0
2945,29240.0,19530.0,19824.0,13192.0,9710.0,9416.0,16048.0
2946,29246.0,19530.0,19832.0,13192.0,9716.0,9414.0,16054.0
2947,29252.0,19536.0,19832.0,13202.0,9716.0,9420.0,16050.0
2948,29258.0,19539.0,19836.0,13202.0,9719.0,9422.0,16056.0
2949,29264.0,19550.0,19846.0,13214.0,9714.0,9418.0,16050.0
2950,29270.0,19554.0,19849.0,13214.0,9716.0,9421.0,16056.0
2951,29276.0,19567.0,19854.0,13215.0,9709.0,9422.0,16061.0
2952,29282.0,19581.0,19854.0,13217.0,9701.0,9428.0,16065.0
2953,29288.0,19586.0,19855.0,13219.0,9702.0,9433.0,16069.0
2954,29294.0,19589.0,19856.0,13219.0,9705.0,9438.0,16075.0
2955,29300.0,19599.0,19863.0,13219.0,9701.0,9437.0,16081.0
2956,29306.0,19602.0,19869.0,13221.0,9704.0,9437.0,16085.0
2957,29312.0,19613.0,19877.0,13222.0,9699.0,9435.0,16090.0
2958,29318.0,19617.0,19887.0,13224.0,9701.0,9431.0,16094.0
2959,29324.0,19622.0,19891.0,13227.0,9702.0,9433.0,16097.0
2960,29330.0,19624.0,19894.0,13235.0,9706.0,9436.0,16095.0
2961,29336.0,19629.0,19898.0,13235.0,9707.0,9438.0,16101.0
2962,29342.0,19638.0,19903.0,13239.0,9704.0,9439.0,16103.0
2963,29348.0,19644.0,19919.0,13239.0,9704.0,9429.0,16109.0
2964,29354.0,19649.0,19924.0,13242.0,9705.0,9430.0,16112.0
2965,29360.0,19663.0,19925.0,13242.0,9697.0,9435.0,16118.0
2966,29366.0,19668.0,19932.0,13244.0,9698.0,9434.0,16122.0
2967,29372.0,19673.0,19933.0,13248.0,9699.0,9439.0,16124.0
2968,29378.0,19676.0,19946.0,13253.0,9702.0,9432.0,16125.0
2969,29384.0,19683.0,19948.0,13254.0,9701.0,9436.0,16130.0
2970,29390.0,19686.0,19959.0,13264.0,9704.0,9431.0,16126.0
2971,29396.0,19695.0,19964.0,13266.0,9701.0,9432.0,16130.0
2972,29402.0,19712.0,19968.0,13279.0,9690.0,9434.0,16123.0
2973,29408.0,19713.0,19979.0,13283.0,9695.0,9429.0,16125.0
2974,29414.0,19717.0,19989.0,13283.0,9697.0,9425.0,16131.0
2975,29420.0,19723.0,19991.0,13293.0,9697.0,9429.0,16127.0
2976,29426.0,19724.0,19992.0,13295.0,9702.0,9434.0,16131.0
2977,29432.0,19724.0,19998.0,13310.0,9708.0,9434.0,16122.0
2978,29438.0,19735.0,20000.0,13311.0,9703.0,9438.0,16127.0
2979,29444.0,19737.0,20011.0,13311.0,9707.0,9433.0,16133.0
2980,29450.0,19742.0,20014.0,13315.0,9708.0,9436.0,16135.0
2981,29456.0,19746.0,20018.0,13315.0,9710.0,9438.0,16141.0
2982,29462.0,19749.0,20025.0,13317.0,9713.0,9437.0,16145.0
2983,29468.0,19753.0,20032.0,13328.0,9715.0,9436.0,16140.0
2984,29474.0,19762.0,20038.0,13329.0,9712.0,9436.0,16145.0
2985,29480.0,19769.0,20042.0,13330.0,9711.0,9438.0,16150.0
2986,29486.0,19769.0,20045.0,13335.0,9717.0,9441.0,16151.0
2987,29492.0,19774.0,20047.0,13343.0,9718.0,9445.0,16149.0
2988,29498.0,19788.0,20052.0,13347.0,9710.0,9446.0,16151.0
2989,29504.0,19793.0,20054.0,13347.0,9711.0,9450.0,16157.0
2990,29510.0,19798.0,20064.0,13355.0,9712.0,9446.0,16155.0
2991,29516.0,19811.0,20066.0,13356.0,9705.0,9450.0,16160.0
2992,29522.0,19811.0,20071.0,13357.0,9711.0,9451.0,16165.0
2993,29528.0,19813.0,20073.0,13359.0,9715.0,9455.0,16169.0
2994,29534.0,19824.0,20073.0,13359.0,9710.0,9461.0,16175.0
2995,29540.0,19830.0,20075.0,13365.0,9710.0,9465.0,16175.0
2996,29546.0,19838.0,20076.0,13367.0,9708.0,9470.0,16179.0
2997,29552.0,19840.0,20084.0,13369.0,9712.0,9468.0,16183.0
2998,29558.0,19844.0,20093.0,13369.0,9714.0,9465.0,16189.0
2999,29564.0,19849.0,20099.0,13382.0,9715.0,9465.0,16182.0
3000,29570.0,19855.0,20103.0,13385.0,9715.0,9467.0,16185.0
3001,29576.0,19860.0,20112.0,13393.0,9716.0,9464.0,16183.0
3002,29582.0,19861.0,20118.0,13395.0,9721.0,9464.0,16187.0
3003,29588.0,19867.0,20128.0,13404.0,9721.0,9460.0,16184.0
3004,29594.0,19869.0,20136.0,13405.0,9725.0,9458.0,16189.0
3005,29600.0,19877.0,20140.0,13408.0,9723.0,9460.0,16192.0
3006,29606.0,19883.0,20140.0,13409.0,9723.0,9466.0,16197.0
3007,29612.0,19893.0,20146.0,13409.0,9719.0,9466.0,16203.0
3008,29618.0,19897.0,20149.0,13421.0,9721.0,9469.0,16197.0
3009,29624.0,19898.0,20150.0,13421.0,9726.0,9474.0,16203.0
3010,29630.0,19907.0,20157.0,13426.0,9723.0,9473.0,16204.0
3011,29636.0,19910.0,20162.0,13434.0,9726.0,9474.0,16202.0
3012,29642.0,19919.0,20165.0,13446.0,9723.0,9477.0,16196.0
3013,29648.0,19927.0,20180.0,13458.0,9721.0,9468.0,16190.0
3014,29654.0,19933.0,20184.0,13467.0,9721.0,9470.0,16187.0
3015,29660.0,19946.0,20195.0,13472.0,9714.0,9465.0,16188.0
3016,29666.0,19957.0,20200.0,13473.0,9709.0,9466.0,16193.0
3017,29672.0,19961.0,20204.0,13473.0,9711.0,9468.0,16199.0
3018,29678.0,19967.0,20214.0,13479.0,9711.0,9464.0,16199.0
3019,29684.0,19969.0,20215.0,13479.0,9715.0,9469.0,16205.0
3020,29690.0,19970.0,20215.0,13483.0,9720.0,9475.0,16207.0
3021,29696.0,19971.0,20218.0,13491.0,9725.0,9478.0,16205.0
3022,29702.0,19989.0,20226.0,13494.0,9713.0,9476.0,16208.0
3023,29708.0,19993.0,20229.0,13494.0,9715.0,9479.0,16214.0
3024,29714.0,20009.0,20232.0,13500.0,9705.0,9482.0,16214.0
3025,29720.0,20017.0,20241.0,13504.0,9703.0,9479.0,16216.0
3026,29726.0,20024.0,20252.0,13505.0,9702.0,9474.0,16221.0
3027,29732.0,20026.0,20257.0,13506.0,9706.0,9475.0,16226.0
3028,29738.0,20026.0,20261.0,13513.0,9712.0,9477.0,16225.0
3029,29744.0,20036.0,20263.0,13514.0,9708.0,9481.0,16230.0
3030,29750.0,20046.0,20267.0,13514.0,9704.0,9483.0,16236.0
3031,29756.0,20051.0,20274.0,13524.0,9705.0,9482.0,16232.0
3032,29762.0,20057.0,20277.0,13524.0,9705.0,9485.0,16238.0
3033,29768.0,20062.0,20283.0,13524.0,9706.0,9485.0,16244.0
3034,29774.0,20065.0,20294.0,13525.0,9709.0,9480.0,16249.0
3035,29780.0,20073.0,20301.0,13528.0,9707.0,9479.0,16252.0
3036,29786.0,20079.0,20309.0,13536.0,9707.0,9477.0,16250.0
3037,29792.0,20088.0,20310.0,13543.0,9704.0,9482.0,16249.0
3038,29798.0,20088.0,20311.0,13551.0,9710.0,9487.0,16247.0
3039,29804.0,20091.0,20313.0,13557.0,9713.0,9491.0,16247.0
3040,29810.0,20094.0,20315.0,13557.0,9716.0,9495.0,16253.0
3041,29816.0,20098.0,20320.0,13557.0,9718.0,9496.0,16259.0
3042,29822.0,20102.0,20320.0,13561.0,9720.0,9502.0,16261.0
3043,29828.0,20106.0,20329.0,13561.0,9722.0,9499.0,16267.0
3044,29834.0,20119.0,20333.0,13567.0,9715.0,9501.0,16267.0
3045,29840.0,20122.0,20341.0,13573.0,9718.0,9499.0,16267.0
3046,29846.0,20135.0,20352.0,13581.0,9711.0,9494.0,16265.0
3047,29852.0,20145.0,20362.0,13582.0,9707.0,9490.0,16270.0
3048,29858.0,20148.0,20370.0,13588.0,9710.0,9488.0,16270.0
3049,29864.0,20161.0,20373.0,13590.0,9703.0,9491.0,16274.0
3050,29870.0,20172.0,20376.0,13604.0,9698.0,9494.0,16266.0
3051,29876.0,20173.0,20392.0,13611.0,9703.0,9484.0,16265.0
3052,29882.0,20173.0,20397.0,13616.0,9709.0,9485.0,16266.0
3053,29888.0,20173.0,20402.0,13629.0,9715.0,9486.0,16259.0
3054,29894.0,20183.0,20403.0,13630.0,9711.0,9491.0,16264.0
3055,29900.0,20183.0,20403.0,13632.0,9717.0,9497.0,16268.0
3056,29906.0,20190.0,20405.0,13632.0,9716.0,9501.0,16274.0
3057,29912.0,20193.0,20409.0,13634.0,9719.0,9503.0,16278.0
3058,29918.0,20193.0,20419.0,13646.0,9725.0,9499.0,16272.0
3059,29924.0,20198.0,20421.0,13647.0,9726.0,9503.0,16277.0
3060,29930.0,20201.0,20428.0,13651.0,9729.0,9502.0,16279.0
3061,29936.0,20210.0,20432.0,13656.0,9726.0,9504.0,16280.0
3062,29942.0,20214.0,20434.0,13662.0,9728.0,9508.0,16280.0
3063,29948.0,20217.0,20441.0,13664.0,9731.0,9507.0,16284.0
3064,29954.0,20229.0,20454.0,13664.0,9725.0,9500.0,16290.0
3065,29960.0,20229.0,20457.0,13667.0,9731.0,9503.0,16293.0
3066,29966.0,20234.0,20459.0,13672.0,9732.0,9507.0,16294.0
3067,29972.0,20241.0,20466.0,13673.0,9731.0,9506.0,16299.0
3068,29978.0,20249.0,20466.0,13685.0,9729.0,9512.0,16293.0
3069,29984.0,20258.0,20473.0,13696.0,9726.0,9511.0,16288.0
3070,29990.0,20259.0,20484.0,13698.0,9731.0,9506.0,16292.0
3071,29996.0,20265.0,20487.0,13700.0,9731.0,9509.0,16296.0
3072,30002.0,20266.0,20489.0,13701.0,9736.0,9513.0,16301.0
3073,30008.0,20267.0,20494.0,13703.0,9741.0,9514.0,16305.0
3074,30014.0,20276.0,20494.0,13714.0,9738.0,9520.0,16300.0
3075,30020.0,20278.0,20497.0,13720.0,9742.0,9523.0,16300.0
3076,30026.0,20282.0,20502.0,13729.0,9744.0,9524.0,16297.0
3077,30032.0,20282.0,20502.0,13734.0,9750.0,9530.0,16298.0
3078,30038.0,20292.0,20516.0,13741.0,9746.0,9522.0,16297.0
3079,30044.0,20296.0,20528.0,13745.0,9748.0,9516.0,16299.0
3080,30050.0,20303.0,20536.0,13745.0,9747.0,9514.0,16305.0
3081,30056.0,20311.0,20541.0,13752.0,9745.0,9515.0,16304.0
3082,30062.0,20322.0,20541.0,13766.0,9740.0,9521.0,16296.0
3083,30068.0,20324.0,20547.0,13771.0,9744.0,9521.0,16297.0
3084,30074.0,20326.0,20550.0,13782.0,9748.0,9524.0,16292.0
3085,30080.0,20329.0,20556.0,13793.0,9751.0,9524.0,16287.0
3086,30086.0,20336.0,20567.0,13793.0,9750.0,9519.0,16293.0
3087,30092.0,20340.0,20578.0,13796.0,9752.0,9514.0,16296.0
3088,30098.0,20346.0,20585.0,13802.0,9752.0,9513.0,16296.0
3089,30104.0,20349.0,20594.0,13803.0,9755.0,9510.0,16301.0
3090,30110.0,20358.0,20604.0,13803.0,9752.0,9506.0,16307.0
3091,30116.0,20362.0,20608.0,13803.0,9754.0,9508.0,16313.0
3092,30122.0,20376.0,20609.0,13803.0,9746.0,9513.0,16319.0
3093,30128.0,20385.0,20616.0,13805.0,9743.0,9512.0,16323.0
3094,30134.0,20395.0,20619.0,13815.0,9739.0,9515.0,16319.0
3095,30140.0,20396.0,20622.0,13816.0,9744.0,9518.0,16324.0
3096,30146.0,20410.0,20624.0,13820.0,9736.0,9522.0,16326.0
3097,30152.0,20414.0,20629.0,13820.0,9738.0,9523.0,16332.0
3098,30158.0,20417.0,20637.0,13820.0,9741.0,9521.0,16338.0
3099,30164.0,20421.0,20643.0,13828.0,9743.0,9521.0,16336.0
3100,30170.0,20427.0,20647.0,13840.0,9743.0,9523.0,16330.0
3101,30176.0,20433.0,20651.0,13853.0,9743.0,9525.0,16323.0
3102,30182.0,20439.0,20657.0,13855.0,9743.0,9525.0,16327.0
3103,30188.0,20440.0,20666.0,13862.0,9748.0,9522.0,16326.0
3104,30194.0,20446.0,20677.0,13862.0,9748.0,9517.0,16332.0
3105,30200.0,20458.0,20683.0,13868.0,9742.0,9517.0,16332.0
3106,30206.0,20460.0,20687.0,13868.0,9746.0,9519.0,16338.0
3107,30212.0,20464.0,20690.0,13873.0,9748.0,9522.0,16339.0
3108,30218.0,20467.0,20697.0,13873.0,9751.0,9521.0,16345.0
3109,30224.0,20467.0,20699.0,13876.0,9757.0,9525.0,16348.0
3110,30230.0,20467.0,20704.0,13884.0,9763.0,9526.0,16346.0
3111,30236.0,20467.0,20711.0,13884.0,9769.0,9525.0,16352.0
3112,30242.0,20467.0,20714.0,13891.0,9775.0,9528.0,16351.0
3113,30248.0,20467.0,20722.0,13893.0,9781.0,9526.0,16355.0
3114,30254.0,20479.0,20725.0,13898.0,9775.0,9529.0,16356.0
3115,30260.0,20481.0,20736.0,13899.0,9779.0,9524.0,16361.0
3116,30266.0,20487.0,20756.0,13904.0,9779.0,9510.0,16362.0
3117,30272.0,20504.0,20765.0,13910.0,9768.0,9507.0,16362.0
3118,30278.0,20511.0,20765.0,13924.0,9767.0,9513.0,16354.0
3119,30284.0,20517.0,20773.0,13927.0,9767.0,9511.0,16357.0
3120,30290.0,20525.0,20777.0,13930.0,9765.0,9513.0,16360.0
3121,30296.0,20527.0,20780.0,13937.0,9769.0,9516.0,16359.0
3122,30302.0,20532.0,20780.0,13945.0,9770.0,9522.0,16357.0
3123,30308.0,20541.0,20792.0,13955.0,9767.0,9516.0,16353.0
3124,30314.0,20544.0,20792.0,13968.0,9770.0,9522.0,16346.0
3125,30320.0,20550.0,20794.0,13976.0,9770.0,9526.0,16344.0
3126,30326.0,20551.0,20803.0,13978.0,9775.0,9523.0,16348.0
3127,30332.0,20556.0,20807.0,13978.0,9776.0,9525.0,16354.0
3128,30338.0,20564.0,20814.0,13978.0,9774.0,9524.0,16360.0
3129,30344.0,20569.0,20824.0,13983.0,9775.0,9520.0,16361.0
3130,30350.0,20575.0,20829.0,14000.0,9775.0,9521.0,16350.0
3131,30356.0,20583.0,20836.0,14015.0,9773.0,9520.0,16341.0
3132,30362.0,20588.0,20840.0,14023.0,9774.0,9522.0,16339.0
3133,30368.0,20601.0,20842.0,14031.0,9767.0,9526.0,16337.0
3134,30374.0,20603.0,20847.0,14043.0,9771.0,9527.0,16331.0
3135,30380.0,20606.0,20858.0,14044.0,9774.0,9522.0,16336.0
3136,30386.0,20606.0,20858.0,14044.0,9780.0,9528.0,16342.0
3137,30392.0,20611.0,20863.0,14050.0,9781.0,9529.0,16342.0
3138,30398.0,20619.0,20863.0,14050.0,9779.0,9535.0,16348.0
3139,30404.0,20627.0,20865.0,14050.0,9777.0,9539.0,16354.0
3140,30410.0,20630.0,20876.0,14050.0,9780.0,9534.0,16360.0
3141,30416.0,20635.0,20878.0,14051.0,9781.0,9538.0,16365.0
3142,30422.0,20640.0,20888.0,14058.0,9782.0,9534.0,16364.0
3143,30428.0,20641.0,20901.0,14058.0,9787.0,9527.0,16370.0
3144,30434.0,20648.0,20901.0,14063.0,9786.0,9533.0,16371.0
3145,30440.0,20659.0,20911.0,14063.0,9781.0,9529.0,16377.0
3146,30446.0,20663.0,20913.0,14065.0,9783.0,9533.0,16381.0
3147,30452.0,20667.0,20916.0,14068.0,9785.0,9536.0,16384.0
3148,30458.0,20680.0,20930.0,14070.0,9778.0,9528.0,16388.0
3149,30464.0,20685.0,20935.0,14073.0,9779.0,9529.0,16391.0
3150,30470.0,20690.0,20938.0,14081.0,9780.0,9532.0,16389.0
3151,30476.0,20693.0,20938.0,14097.0,9783.0,9538.0,16379.0
3152,30482.0,20693.0,20941.0,14103.0,9789.0,9541.0,16379.0
3153,30488.0,20694.0,20943.0,14103.0,9794.0,9545.0,16385.0
3154,30494.0,20707.0,20949.0,14103.0,9787.0,9545.0,16391.0
3155,30500.0,20719.0,20955.0,14115.0,9781.0,9545.0,16385.0
3156,30506.0,20722.0,20958.0,14115.0,9784.0,9548.0,16391.0
3157,30512.0,20730.0,20961.0,14121.0,9782.0,9551.0,16391.0
3158,30518.0,20733.0,20973.0,14121.0,9785.0,9545.0,16397.0
3159,30524.0,20737.0,20975.0,14121.0,9787.0,9549.0,16403.0
3160,30530.0,20741.0,20986.0,14129.0,9789.0,9544.0,16401.0
3161,30536.0,20748.0,20995.0,14134.0,9788.0,9541.0,16402.0
3162,30542.0,20751.0,21003.0,14140.0,9791.0,9539.0,16402.0
3163,30548.0,20753.0,21007.0,14147.0,9795.0,9541.0,16401.0
3164,30554.0,20760.0,21016.0,14147.0,9794.0,9538.0,16407.0
3165,30560.0,20769.0,21018.0,14154.0,9791.0,9542.0,16406.0
3166,30566.0,20774.0,21022.0,14158.0,9792.0,9544.0,16408.0
3167,30572.0,20790.0,21032.0,14167.0,9782.0,9540.0,16405.0
3168,30578.0,20792.0,21039.0,14171.0,9786.0,9539.0,16407.0
3169,30584.0,20800.0,21039.0,14179.0,9784.0,9545.0,16405.0
3170,30590.0,20813.0,21042.0,14179.0,9777.0,9548.0,16411.0
3171,30596.0,20815.0,21044.0,14180.0,9781.0,9552.0,16416.0
3172,30602.0,20816.0,21044.0,14185.0,9786.0,9558.0,16417.0
3173,30608.0,20818.0,21049.0,14191.0,9790.0,9559.0,16417.0
3174,30614.0,20824.0,21051.0,14198.0,9790.0,9563.0,16416.0
3175,30620.0,20834.0,21061.0,14198.0,9786.0,9559.0,16422.0
3176,30626.0,20836.0,21061.0,14200.0,9790.0,9565.0,16426.0
3177,30632.0,20846.0,21064.0,14207.0,9786.0,9568.0,16425.0
3178,30638.0,20850.0,21071.0,14216.0,9788.0,9567.0,16422.0
3179,30644.0,20856.0,21080.0,14216.0,9788.0,9564.0,16428.0
3180,30650.0,20862.0,21083.0,14217.0,9788.0,9567.0,16433.0
3181,30656.0,20867.0,21094.0,14218.0,9789.0,9562.0,16438.0
3182,30662.0,20869.0,21096.0,14221.0,9793.0,9566.0,16441.0
3183,30668.0,20872.0,21098.0,14229.0,9796.0,9570.0,16439.0
3184,30674.0,20873.0,21101.0,14229.0,9801.0,9573.0,16445.0
3185,30680.0,20883.0,21111.0,14229.0,9797.0,9569.0,16451.0
3186,30686.0,20892.0,21115.0,14231.0,9794.0,9571.0,16455.0
3187,30692.0,20899.0,21117.0,14236.0,9793.0,9575.0,16456.0
3188,30698.0,20906.0,21126.0,14253.0,9792.0,9572.0,16445.0
3189,30704.0,20914.0,21128.0,14265.0,9790.0,9576.0,16439.0
3190,30710.0,20919.0,21128.0,14265.0,9791.0,9582.0,16445.0
3191,30716.0,20925.0,21132.0,14272.0,9791.0,9584.0,16444.0
3192,30722.0,20930.0,21137.0,14286.0,9792.0,9585.0,16436.0
3193,30728.0,20933.0,21145.0,14302.0,9795.0,9583.0,16426.0
3194,30734.0,20944.0,21148.0,14303.0,9790.0,9586.0,16431.0
3195,30740.0,20947.0,21148.0,14308.0,9793.0,9592.0,16432.0
3196,30746.0,20956.0,21149.0,14311.0,9790.0,9597.0,16435.0
3197,30752.0,20969.0,21154.0,14313.0,9783.0,9598.0,16439.0
3198,30758.0,20976.0,21159.0,14314.0,9782.0,9599.0,16444.0
3199,30764.0,20983.0,21166.0,14317.0,9781.0,9598.0,16447.0
3200,30770.0,20993.0,21177.0,14325.0,9777.0,9593.0,16445.0
3201,30776.0,20995.0,21181.0,14327.0,9781.0,9595.0,16449.0
3202,30782.0,20996.0,21184.0,14327.0,9786.0,9598.0,16455.0
3203,30788.0,21009.0,21190.0,14329.0,9779.0,9598.0,16459.0
3204,30794.0,21013.0,21197.0,14331.0,9781.0,9597.0,16463.0
3205,30800.0,21013.0,21206.0,14337.0,9787.0,9594.0,16463.0
3206,30806.0,21017.0,21216.0,14337.0,9789.0,9590.0,16469.0
3207,30812.0,21017.0,21220.0,14337.0,9795.0,9592.0,16475.0
3208,30818.0,21027.0,21229.0,14343.0,9791.0,9589.0,16475.0
3209,30824.0,21031.0,21233.0,14355.0,9793.0,9591.0,16469.0
3210,30830.0,21034.0,21233.0,14359.0,9796.0,9597.0,16471.0
3211,30836.0,21035.0,21244.0,14364.0,9801.0,9592.0,16472.0
3212,30842.0,21044.0,21252.0,14375.0,9798.0,9590.0,16467.0
3213,30848.0,21047.0,21262.0,14380.0,9801.0,9586.0,16468.0
3214,30854.0,21047.0,21266.0,14380.0,9807.0,9588.0,16474.0
3215,30860.0,21053.0,21272.0,14388.0,9807.0,9588.0,16472.0
3216,30866.0,21059.0,21275.0,14404.0,9807.0,9591.0,16462.0
3217,30872.0,21063.0,21286.0,14413.0,9809.0,9586.0,16459.0
3218,30878.0,21073.0,21287.0,14414.0,9805.0,9591.0,16464.0
3219,30884.0,21079.0,21287.0,14416.0,9805.0,9597.0,16468.0
3220,30890.0,21082.0,21292.0,14427.0,9808.0,9598.0,16463.0
3221,30896.0,21085.0,21297.0,14434.0,9811.0,9599.0,16462.0
3222,30902.0,21097.0,21306.0,14445.0,9805.0,9596.0,16457.0
3223,30908.0,21100.0,21306.0,14449.0,9808.0,9602.0,16459.0
3224,30914.0,21101.0,21306.0,14463.0,9813.0,9608.0,16451.0
3225,30920.0,21105.0,21313.0,14470.0,9815.0,9607.0,16450.0
3226,30926.0,21115.0,21317.0,14481.0,9811.0,9609.0,16445.0
3227,30932.0,21121.0,21320.0,14482.0,9811.0,9612.0,16450.0
3228,30938.0,21121.0,21324.0,14491.0,9817.0,9614.0,16447.0
3229,30944.0,21121.0,21334.0,14501.0,9823.0,9610.0,16443.0
3230,30950.0,21121.0,21336.0,14502.0,9829.0,9614.0,16448.0
3231,30956.0,21134.0,21341.0,14502.0,9822.0,9615.0,16454.0
3232,30962.0,21143.0,21343.0,14508.0,9819.0,9619.0,16454.0
3233,30968.0,21144.0,21352.0,14516.0,9824.0,9616.0,16452.0
3234,30974.0,21147.0,21367.0,14530.0,9827.0,9607.0,16444.0
3235,30980.0,21153.0,21375.0,14530.0,9827.0,9605.0,16450.0
3236,30986.0,21164.0,21376.0,14530.0,9822.0,9610.0,16456.0
3237,30992.0,21164.0,21381.0,14542.0,9828.0,9611.0,16450.0
3238,30998.0,21169.0,21382.0,14545.0,9829.0,9616.0,16453.0
3239,31004.0,21174.0,21394.0,14550.0,9830.0,9610.0,16454.0
3240,31010.0,21175.0,21399.0,14553.0,9835.0,9611.0,16457.0
3241,31016.0,21178.0,21412.0,14553.0,9838.0,9604.0,16463.0
3242,31022.0,21181.0,21425.0,14553.0,9841.0,9597.0,16469.0
3243,31028.0,21187.0,21429.0,14555.0,9841.0,9599.0,16473.0
3244,31034.0,21195.0,21431.0,14574.0,9839.0,9603.0,16460.0
3245,31040.0,21195.0,21435.0,14577.0,9845.0,9605.0,16463.0
3246,31046.0,21203.0,21443.0,14577.0,9843.0,9603.0,16469.0
3247,31052.0,21206.0,21449.0,14582.0,9846.0,9603.0,16470.0
3248,31058.0,21220.0,21454.0,14587.0,9838.0,9604.0,16471.0
3249,31064.0,21239.0,21461.0,14594.0,9825.0,9603.0,16470.0
3250,31070.0,21239.0,21465.0,14606.0,9831.0,9605.0,16464.0
3251,31076.0,21243.0,21473.0,14609.0,9833.0,9603.0,16467.0
3252,31082.0,21246.0,21484.0,14614.0,9836.0,9598.0,16468.0
3253,31088.0,21258.0,21491.0,14614.0,9830.0,9597.0,16474.0
3254,31094.0,21265.0,21491.0,14621.0,9829.0,9603.0,16473.0
3255,31100.0,21268.0,21497.0,14621.0,9832.0,9603.0,16479.0
3256,31106.0,21268.0,21505.0,14623.0,9838.0,9601.0,16483.0
3257,31112.0,21276.0,21511.0,14624.0,9836.0,9601.0,16488.0
3258,31118.0,21280.0,21518.0,14626.0,9838.0,9600.0,16492.0
3259,31124.0,21281.0,21520.0,14639.0,9843.0,9604.0,16485.0
3260,31130.0,21281.0,21521.0,14640.0,9849.0,9609.0,16490.0
3261,31136.0,21285.0,21521.0,14643.0,9851.0,9615.0,16493.0
3262,31142.0,21291.0,21523.0,14643.0,9851.0,9619.0,16499.0
3263,31148.0,21298.0,21523.0,14643.0,9850.0,9625.0,16505.0
3264,31154.0,21299.0,21526.0,14649.0,9855.0,9628.0,16505.0
3265,31160.0,21309.0,21530.0,14649.0,9851.0,9630.0,16511.0
3266,31166.0,21313.0,21533.0,14665.0,9853.0,9633.0,16501.0
3267,31172.0,21319.0,21534.0,14670.0,9853.0,9638.0,16502.0
3268,31178.0,21322.0,21536.0,14681.0,9856.0,9642.0,16497.0
3269,31184.0,21325.0,21539.0,14685.0,9859.0,9645.0,16499.0
3270,31190.0,21326.0,21543.0,14689.0,9864.0,9647.0,16501.0
3271,31196.0,21336.0,21545.0,14693.0,9860.0,9651.0,16503.0
3272,31202.0,21345.0,21548.0,14693.0,9857.0,9654.0,16509.0
3273,31208.0,21346.0,21555.0,14697.0,9862.0,9653.0,16511.0
3274,31214.0,21348.0,21565.0,14703.0,9866.0,9649.0,16511.0
3275,31220.0,21356.0,21579.0,14703.0,9864.0,9641.0,16517.0
3276,31226.0,21364.0,21590.0,14710.0,9862.0,9636.0,16516.0
3277,31232.0,21372.0,21593.0,14713.0,9860.0,9639.0,16519.0
3278,31238.0,21381.0,21600.0,14714.0,9857.0,9638.0,16524.0
3279,31244.0,21384.0,21606.0,14715.0,9860.0,9638.0,16529.0
3280,31250.0,21389.0,21608.0,14728.0,9861.0,9642.0,16522.0
3281,31256.0,21395.0,21617.0,14733.0,9861.0,9639.0,16523.0
3282,31262.0,21407.0,21620.0,14747.0,9855.0,9642.0,16515.0
3283,31268.0,21415.0,21628.0,14749.0,9853.0,9640.0,16519.0
3284,31274.0,21419.0,21641.0,14751.0,9855.0,9633.0,16523.0
3285,31280.0,21429.0,21644.0,14751.0,9851.0,9636.0,16529.0
3286,31286.0,21440.0,21649.0,14757.0,9846.0,9637.0,16529.0
3287,31292.0,21443.0,21653.0,14764.0,9849.0,9639.0,16528.0
3288,31298.0,21446.0,21658.0,14769.0,9852.0,9640.0,16529.0
3289,31304.0,21457.0,21663.0,14785.0,9847.0,9641.0,16519.0
3290,31310.0,21462.0,21669.0,14785.0,9848.0,9641.0,16525.0
3291,31316.0,21466.0,21674.0,14788.0,9850.0,9642.0,16528.0
3292,31322.0,21474.0,21677.0,14807.0,9848.0,9645.0,16515.0
3293,31328.0,21481.0,21677.0,14811.0,9847.0,9651.0,16517.0
3294,31334.0,21485.0,21680.0,14811.0,9849.0,9654.0,16523.0
3295,31340.0,21493.0,21681.0,14813.0,9847.0,9659.0,16527.0
3296,31346.0,21496.0,21684.0,14826.0,9850.0,9662.0,16520.0
3297,31352.0,21500.0,21687.0,14831.0,9852.0,9665.0,16521.0
3298,31358.0,21503.0,21688.0,14834.0,9855.0,9670.0,16524.0
3299,31364.0,21509.0,21696.0,14834.0,9855.0,9668.0,16530.0
3300,31370.0,21511.0,21696.0,14838.0,9859.0,9674.0,16532.0
3301,31376.0,21517.0,21703.0,14838.0,9859.0,9673.0,16538.0
3302,31382.0,21529.0,21706.0,14845.0,9853.0,9676.0,16537.0
3303,31388.0,21536.0,21706.0,14845.0,9852.0,9682.0,16543.0
3304,31394.0,21542.0,21706.0,14846.0,9852.0,9688.0,16548.0
3305,31400.0,21542.0,21706.0,14849.0,9858.0,9694.0,16551.0
3306,31406.0,21545.0,21708.0,14859.0,9861.0,9698.0,16547.0
3307,31412.0,21545.0,21711.0,14860.0,9867.0,9701.0,16552.0
3308,31418.0,21552.0,21711.0,14860.0,9866.0,9707.0,16558.0
3309,31424.0,21554.0,21718.0,14868.0,9870.0,9706.0,16556.0
3310,31430.0,21554.0,21728.0,14868.0,9876.0,9702.0,16562.0
3311,31436.0,21564.0,21738.0,14875.0,9872.0,9698.0,16561.0
3312,31442.0,21571.0,21743.0,14887.0,9871.0,9699.0,16555.0
3313,31448.0,21577.0,21747.0,14898.0,9871.0,9701.0,16550.0
3314,31454.0,21581.0,21750.0,14903.0,9873.0,9704.0,16551.0
3315,31460.0,21585.0,21752.0,14904.0,9875.0,9708.0,16556.0
3316,31466.0,21585.0,21754.0,14914.0,9881.0,9712.0,16552.0
3317,31472.0,21585.0,21765.0,14916.0,9887.0,9707.0,16556.0
3318,31478.0,21594.0,21769.0,14922.0,9884.0,9709.0,16556.0
3319,31484.0,21603.0,21771.0,14926.0,9881.0,9713.0,16558.0
3320,31490.0,21605.0,21783.0,14930.0,9885.0,9707.0,16560.0
3321,31496.0,21607.0,21787.0,14940.0,9889.0,9709.0,16556.0
3322,31502.0,21609.0,21794.0,14943.0,9893.0,9708.0,16559.0
3323,31508.0,21609.0,21797.0,14953.0,9899.0,9711.0,16555.0
3324,31514.0,21623.0,21805.0,14955.0,9891.0,9709.0,16559.0
3325,31520.0,21627.0,21810.0,14957.0,9893.0,9710.0,16563.0
3326,31526.0,21634.0,21819.0,14961.0,9892.0,9707.0,16565.0
3327,31532.0,21634.0,21819.0,14963.0,9898.0,9713.0,16569.0
3328,31538.0,21636.0,21822.0,14963.0,9902.0,9716.0,16575.0
3329,31544.0,21636.0,21823.0,14963.0,9908.0,9721.0,16581.0
3330,31550.0,21644.0,21823.0,14970.0,9906.0,9727.0,16580.0
3331,31556.0,21651.0,21832.0,14970.0,9905.0,9724.0,16586.0
3332,31562.0,21654.0,21832.0,14972.0,9908.0,9730.0,16590.0
3333,31568.0,21663.0,21836.0,14972.0,9905.0,9732.0,16596.0
3334,31574.0,21664.0,21846.0,14972.0,9910.0,9728.0,16602.0
3335,31580.0,21667.0,21850.0,14976.0,9913.0,9730.0,16604.0
3336,31586.0,21676.0,21854.0,14984.0,9910.0,9732.0,16602.0
3337,31592.0,21683.0,21864.0,14987.0,9909.0,9728.0,16605.0
3338,31598.0,21685.0,21870.0,14992.0,9913.0,9728.0,16606.0
3339,31604.0,21685.0,21879.0,14992.0,9919.0,9725.0,16612.0
3340,31610.0,21691.0,21884.0,14993.0,9919.0,9726.0,16617.0
3341,31616.0,21694.0,21891.0,14998.0,9922.0,9725.0,16618.0
3342,31622.0,21699.0,21891.0,15000.0,9923.0,9731.0,16622.0
3343,31628.0,21699.0,21893.0,15002.0,9929.0,9735.0,16626.0
3344,31634.0,21712.0,21899.0,15002.0,9922.0,9735.0,16632.0
3345,31640.0,21716.0,21902.0,15004.0,9924.0,9738.0,16636.0
3346,31646.0,21721.0,21911.0,15005.0,9925.0,9735.0,16641.0
3347,31652.0,21730.0,21913.0,15007.0,9922.0,9739.0,16645.0
3348,31658.0,21735.0,21920.0,15008.0,9923.0,9738.0,16650.0
3349,31664.0,21744.0,21939.0,15014.0,9920.0,9725.0,16650.0
3350,31670.0,21747.0,21946.0,15014.0,9923.0,9724.0,16656.0
3351,31676.0,21753.0,21948.0,15016.0,9923.0,9728.0,16660.0
3352,31682.0,21762.0,21948.0,15016.0,9920.0,9734.0,16666.0
3353,31688.0,21769.0,21957.0,15022.0,9919.0,9731.0,16666.0
3354,31694.0,21776.0,21969.0,15030.0,9918.0,9725.0,16664.0
3355,31700.0,21782.0,21975.0,15033.0,9918.0,9725.0,16667.0
3356,31706.0,21793.0,21975.0,15039.0,9913.0,9731.0,16667.0
3357,31712.0,21793.0,21983.0,15039.0,9919.0,9729.0,16673.0
3358,31718.0,21799.0,21987.0,15039.0,9919.0,9731.0,16679.0
3359,31724.0,21802.0,21989.0,15048.0,9922.0,9735.0,16676.0
3360,31730.0,21802.0,21993.0,15054.0,9928.0,9737.0,16676.0
3361,31736.0,21812.0,21998.0,15059.0,9924.0,9738.0,16677.0
3362,31742.0,21818.0,22001.0,15066.0,9924.0,9741.0,16676.0
3363,31748.0,21828.0,22006.0,15073.0,9920.0,9742.0,16675.0
3364,31754.0,21830.0,22008.0,15083.0,9924.0,9746.0,16671.0
3365,31760.0,21834.0,22020.0,15088.0,9926.0,9740.0,16672.0
3366,31766.0,21841.0,22023.0,15091.0,9925.0,9743.0,16675.0
3367,31772.0,21851.0,22026.0,15092.0,9921.0,9746.0,16680.0
3368,31778.0,21852.0,22030.0,15094.0,9926.0,9748.0,16684.0
3369,31784.0,21857.0,22034.0,15095.0,9927.0,9750.0,16689.0
3370,31790.0,21858.0,22040.0,15099.0,9932.0,9750.0,16691.0
3371,31796.0,21860.0,22043.0,15101.0,9936.0,9753.0,16695.0
3372,31802.0,21867.0,22046.0,15102.0,9935.0,9756.0,16700.0
3373,31808.0,21867.0,22050.0,15107.0,9941.0,9758.0,16701.0
3374,31814.0,21875.0,22054.0,15110.0,9939.0,9760.0,16704.0
3375,31820.0,21879.0,22060.0,15117.0,9941.0,9760.0,16703.0
3376,31826.0,21880.0,22073.0,15127.0,9946.0,9753.0,16699.0
3377,31832.0,21882.0,22080.0,15131.0,9950.0,9752.0,16701.0
3378,31838.0,21882.0,22080.0,15136.0,9956.0,9758.0,16702.0
3379,31844.0,21883.0,22082.0,15142.0,9961.0,9762.0,16702.0
3380,31850.0,21887.0,22082.0,15142.0,9963.0,9768.0,16708.0
3381,31856.0,21887.0,22088.0,15143.0,9969.0,9768.0,16713.0
3382,31862.0,21897.0,22089.0,15143.0,9965.0,9773.0,16719.0
3383,31868.0,21897.0,22092.0,15153.0,9971.0,9776.0,16715.0
3384,31874.0,21902.0,22098.0,15163.0,9972.0,9776.0,16711.0
3385,31880.0,21911.0,22103.0,15173.0,9969.0,9777.0,16707.0
3386,31886.0,21920.0,22108.0,15173.0,9966.0,9778.0,16713.0
3387,31892.0,21924.0,22108.0,15181.0,9968.0,9784.0,16711.0
3388,31898.0,21928.0,22109.0,15186.0,9970.0,9789.0,16712.0
3389,31904.0,21934.0,22113.0,15186.0,9970.0,9791.0,16718.0
3390,31910.0,21937.0,22120.0,15191.0,9973.0,9790.0,16719.0
3391,31916.0,21939.0,22120.0,15199.0,9977.0,9796.0,16717.0
3392,31922.0,21949.0,22121.0,15203.0,9973.0,9801.0,16719.0
3393,31928.0,21949.0,22131.0,15203.0,9979.0,9797.0,16725.0
3394,31934.0,21953.0,22133.0,15209.0,9981.0,9801.0,16725.0
3395,31940.0,21955.0,22135.0,15218.0,9985.0,9805.0,16722.0
3396,31946.0,21959.0,22139.0,15223.0,9987.0,9807.0,16723.0
3397,31952.0,21966.0,22147.0,15230.0,9986.0,9805.0,16722.0
3398,31958.0,21979.0,22150.0,15234.0,9979.0,9808.0,16724.0
3399,31964.0,21984.0,22152.0,15235.0,9980.0,9812.0,16729.0
3400,31970.0,21990.0,22162.0,15249.0,9980.0,9808.0,16721.0
3401,31976.0,21990.0,22172.0,15258.0,9986.0,9804.0,16718.0
3402,31982.0,21990.0,22173.0,15261.0,9992.0,9809.0,16721.0
3403,31988.0,21990.0,22178.0,15263.0,9998.0,9810.0,16725.0
3404,31994.0,21995.0,22180.0,15263.0,9999.0,9814.0,16731.0
3405,32000.0,21995.0,22184.0,15271.0,10005.0,9816.0,16729.0
3406,32006.0,22007.0,22191.0,15279.0,9999.0,9815.0,16727.0
3407,32012.0,22016.0,22195.0,15279.0,9996.0,9817.0,16733.0
3408,32018.0,22019.0,22200.0,15279.0,9999.0,9818.0,16739.0
3409,32024.0,22028.0,22200.0,15282.0,9996.0,9824.0,16742.0
3410,32030.0,22045.0,22215.0,15291.0,9985.0,9815.0,16739.0
3411,32036.0,22048.0,22219.0,15297.0,9988.0,9817.0,16739.0
3412,32042.0,22051.0,22229.0,15303.0,9991.0,9813.0,16739.0
3413,32048.0,22053.0,22236.0,15308.0,9995.0,9812.0,16740.0
3414,32054.0,22055.0,22240.0,15316.0,9999.0,9814.0,16738.0
3415,32060.0,22060.0,22249.0,15316.0,10000.0,9811.0,16744.0
3416,32066.0,22073.0,22250.0,15323.0,9993.0,9816.0,16743.0
3417,32072.0,22084.0,22263.0,15323.0,9988.0,9809.0,16749.0
3418,32078.0,22093.0,22268.0,15323.0,9985.0,9810.0,16755.0
3419,32084.0,22094.0,22277.0,15325.0,9990.0,9807.0,16759.0
3420,32090.0,22094.0,22277.0,15325.0,9996.0,9813.0,16765.0
3421,32096.0,22112.0,22278.0,15342.0,9984.0,9818.0,16754.0
3422,32102.0,22119.0,22288.0,15348.0,9983.0,9814.0,16754.0
3423,32108.0,22134.0,22294.0,15353.0,9974.0,9814.0,16755.0
3424,32114.0,22142.0,22303.0,15359.0,9972.0,9811.0,16755.0
3425,32120.0,22146.0,22315.0,15360.0,9974.0,9805.0,16760.0
3426,32126.0,22150.0,22321.0,15364.0,9976.0,9805.0,16762.0
3427,32132.0,22153.0,22327.0,15372.0,9979.0,9805.0,16760.0
3428,32138.0,22158.0,22329.0,15379.0,9980.0,9809.0,16759.0
3429,32144.0,22164.0,22332.0,15379.0,9980.0,9812.0,16765.0
3430,32150.0,22171.0,22341.0,15391.0,9979.0,9809.0,16759.0
3431,32156.0,22177.0,22345.0,15391.0,9979.0,9811.0,16765.0
3432,32162.0,22177.0,22354.0,15395.0,9985.0,9808.0,16767.0
3433,32168.0,22186.0,22368.0,15400.0,9982.0,9800.0,16768.0
3434,32174.0,22190.0,22369.0,15411.0,9984.0,9805.0,16763.0
3435,32180.0,22196.0,22375.0,15413.0,9984.0,9805.0,16767.0
3436,32186.0,22201.0,22378.0,15416.0,9985.0,9808.0,16770.0
3437,32192.0,22201.0,22384.0,15425.0,9991.0,9808.0,16767.0
3438,32198.0,22205.0,22387.0,15426.0,9993.0,9811.0,16772.0
3439,32204.0,22208.0,22395.0,15426.0,9996.0,9809.0,16778.0
3440,32210.0,22217.0,22398.0,15438.0,9993.0,9812.0,16772.0
3441,32216.0,22221.0,22401.0,15438.0,9995.0,9815.0,16778.0
3442,32222.0,22228.0,22411.0,15443.0,9994.0,9811.0,16779.0
3443,32228.0,22230.0,22418.0,15448.0,9998.0,9810.0,16780.0
3444,32234.0,22236.0,22420.0,15448.0,9998.0,9814.0,16786.0
3445,32240.0,22244.0,22429.0,15448.0,9996.0,9811.0,16792.0
3446,32246.0,22261.0,22435.0,15454.0,9985.0,9811.0,16792.0
3447,32252.0,22262.0,22442.0,15457.0,9990.0,9810.0,16795.0
3448,32258.0,22262.0,22449.0,15457.0,9996.0,9809.0,16801.0
3449,32264.0,22268.0,22456.0,15458.0,9996.0,9808.0,16806.0
3450,32270.0,22279.0,22464.0,15462.0,9991.0,9806.0,16808.0
3451,32276.0,22284.0,22464.0,15471.0,9992.0,9812.0,16805.0
3452,32282.0,22292.0,22465.0,15471.0,9990.0,9817.0,16811.0
3453,32288.0,22300.0,22470.0,15476.0,9988.0,9818.0,16812.0
3454,32294.0,22300.0,22474.0,15485.0,9994.0,9820.0,16809.0
3455,32300.0,22302.0,22474.0,15486.0,9998.0,9826.0,16814.0
3456,32306.0,22307.0,22484.0,15488.0,9999.0,9822.0,16818.0
3457,32312.0,22313.0,22488.0,15492.0,9999.0,9824.0,16820.0
3458,32318.0,22324.0,22490.0,15497.0,9994.0,9828.0,16821.0
3459,32324.0,22342.0,22490.0,15500.0,9982.0,9834.0,16824.0
3460,32330.0,22344.0,22492.0,15500.0,9986.0,9838.0,16830.0
3461,32336.0,22356.0,22494.0,15502.0,9980.0,9842.0,16834.0
3462,32342.0,22368.0,22501.0,15511.0,9974.0,9841.0,16831.0
3463,32348.0,22375.0,22503.0,15519.0,9973.0,9845.0,16829.0
3464,32354.0,22379.0,22507.0,15526.0,9975.0,9847.0,16828.0
3465,32360.0,22379.0,22512.0,15526.0,9981.0,9848.0,16834.0
3466,32366.0,22382.0,22513.0,15538.0,9984.0,9853.0,16828.0
3467,32372.0,22384.0,22515.0,15540.0,9988.0,9857.0,16832.0
3468,32378.0,22384.0,22518.0,15545.0,9994.0,9860.0,16833.0
3469,32384.0,22386.0,22521.0,15550.0,9998.0,9863.0,16834.0
3470,32390.0,22392.0,22525.0,15550.0,9998.0,9865.0,16840.0
3471,32396.0,22397.0,22529.0,15555.0,9999.0,9867.0,16841.0
3472,32402.0,22404.0,22536.0,15555.0,9998.0,9866.0,16847.0
3473,32408.0,22414.0,22537.0,15557.0,9994.0,9871.0,16851.0
3474,32414.0,22427.0,22541.0,15564.0,9987.0,9873.0,16850.0
3475,32420.0,22428.0,22543.0,15564.0,9992.0,9877.0,16856.0
3476,32426.0,22438.0,22548.0,15569.0,9988.0,9878.0,16857.0
3477,32432.0,22444.0,22553.0,15580.0,9988.0,9879.0,16852.0
3478,32438.0,22449.0,22564.0,15584.0,9989.0,9874.0,16854.0
3479,32444.0,22452.0,22564.0,15588.0,9992.0,9880.0,16856.0
3480,32450.0,22452.0,22564.0,15605.0,9998.0,9886.0,16845.0
3481,32456.0,22453.0,22564.0,15607.0,10003.0,9892.0,16849.0
3482,32462.0,22460.0,22576.0,15620.0,10002.0,9886.0,16842.0
3483,32468.0,22461.0,22584.0,15622.0,10007.0,9884.0,16846.0
3484,32474.0,22465.0,22592.0,15628.0,10009.0,9882.0,16846.0
3485,32480.0,22467.0,22595.0,15628.0,10013.0,9885.0,16852.0
3486,32486.0,22472.0,22599.0,15628.0,10014.0,9887.0,16858.0
3487,32492.0,22477.0,22605.0,15641.0,10015.0,9887.0,16851.0
3488,32498.0,22481.0,22606.0,15642.0,10017.0,9892.0,16856.0
3489,32504.0,22481.0,22619.0,15647.0,10023.0,9885.0,16857.0
3490,32510.0,22482.0,22622.0,15650.0,10028.0,9888.0,16860.0
3491,32516.0,22482.0,22626.0,15653.0,10034.0,9890.0,16863.0
3492,32522.0,22482.0,22634.0,15654.0,10040.0,9888.0,16868.0
3493,32528.0,22488.0,22635.0,15654.0,10040.0,9893.0,16874.0
3494,32534.0,22500.0,22642.0,15654.0,10034.0,9892.0,16880.0
3495,32540.0,22500.0,22646.0,15659.0,10040.0,9894.0,16881.0
3496,32546.0,22513.0,22652.0,15662.0,10033.0,9894.0,16884.0
3497,32552.0,22521.0,22653.0,15663.0,10031.0,9899.0,16889.0
3498,32558.0,22525.0,22661.0,15665.0,10033.0,9897.0,16893.0
3499,32564.0,22527.0,22673.0,15665.0,10037.0,9891.0,16899.0
3500,32570.0,22532.0,22676.0,15665.0,10038.0,9894.0,16905.0
3501,32576.0,22541.0,22683.0,15673.0,10035.0,9893.0,16903.0
3502,32582.0,22545.0,22686.0,15684.0,10037.0,9896.0,16898.0
3503,32588.0,22548.0,22686.0,15684.0,10040.0,9902.0,16904.0
3504,32594.0,22554.0,22687.0,15688.0,10040.0,9907.0,16906.0
3505,32600.0,22565.0,22693.0,15693.0,10035.0,9907.0,16907.0
3506,32606.0,22571.0,22698.0,15704.0,10035.0,9908.0,16902.0
3507,32612.0,22571.0,22701.0,15707.0,10041.0,9911.0,16905.0
3508,32618.0,22585.0,22704.0,15713.0,10033.0,9914.0,16905.0
3509,32624.0,22586.0,22707.0,15717.0,10038.0,9917.0,16907.0
3510,32630.0,22588.0,22709.0,15717.0,10042.0,9921.0,16913.0
3511,32636.0,22588.0,22715.0,15723.0,10048.0,9921.0,16913.0
3512,32642.0,22589.0,22718.0,15724.0,10053.0,9924.0,16918.0
3513,32648.0,22591.0,22721.0,15735.0,10057.0,9927.0,16913.0
3514,32654.0,22599.0,22724.0,15738.0,10055.0,9930.0,16916.0
3515,32660.0,22601.0,22731.0,15739.0,10059.0,9929.0,16921.0
3516,32666.0,22602.0,22735.0,15745.0,10064.0,9931.0,16921.0
3517,32672.0,22610.0,22736.0,15745.0,10062.0,9936.0,16927.0
3518,32678.0,22614.0,22742.0,15760.0,10064.0,9936.0,16918.0
3519,32684.0,22618.0,22743.0,15767.0,10066.0,9941.0,16917.0
3520,32689.0,22628.0,22745.0,15767.0,10061.0,9944.0,16922.0
3521,32694.0,22636.0,22747.0,15769.0,10058.0,9947.0,16925.0
3522,32699.0,22637.0,22756.0,15770.0,10062.0,9943.0,16929.0
3523,32704.0,22650.0,22758.0,15770.0,10054.0,9946.0,16934.0
3524,32709.0,22651.0,22760.0,15781.0,10058.0,9949.0,16928.0
3525,32714.0,22662.0,22771.0,15787.0,10052.0,9943.0,16927.0
3526,32719.0,22665.0,22776.0,15790.0,10054.0,9943.0,16929.0
3527,32724.0,22672.0,22777.0,15794.0,10052.0,9947.0,16930.0
3528,32729.0,22682.0,22778.0,15794.0,10047.0,9951.0,16935.0
3529,32734.0,22687.0,22778.0,15794.0,10047.0,9956.0,16940.0
3530,32739.0,22690.0,22781.0,15794.0,10049.0,9958.0,16945.0
3531,32744.0,22695.0,22784.0,15795.0,10049.0,9960.0,16949.0
3532,32749.0,22705.0,22787.0,15809.0,10044.0,9962.0,16940.0
3533,32754.0,22709.0,22791.0,15812.0,10045.0,9963.0,16942.0
3534,32759.0,22712.0,22801.0,15820.0,10047.0,9958.0,16939.0
3535,32764.0,22719.0,22801.0,15834.0,10045.0,9963.0,16930.0
3536,32769.0,22720.0,22811.0,15842.0,10049.0,9958.0,16927.0
3537,32774.0,22734.0,22815.0,15852.0,10040.0,9959.0,16922.0
3538,32779.0,22745.0,22818.0,15852.0,10034.0,9961.0,16927.0
3539,32784.0,22745.0,22831.0,15859.0,10039.0,9953.0,16925.0
3540,32789.0,22752.0,22840.0,15867.0,10037.0,9949.0,16922.0
3541,32794.0,22761.0,22843.0,15876.0,10033.0,9951.0,16918.0
3542,32799.0,22767.0,22855.0,15876.0,10032.0,9944.0,16923.0
3543,32804.0,22769.0,22856.0,15877.0,10035.0,9948.0,16927.0
3544,32809.0,22771.0,22857.0,15886.0,10038.0,9952.0,16923.0
3545,32814.0,22771.0,22867.0,15886.0,10043.0,9947.0,16928.0
3546,32819.0,22774.0,22873.0,15887.0,10045.0,9946.0,16932.0
3547,32824.0,22779.0,22881.0,15888.0,10045.0,9943.0,16936.0
3548,32829.0,22781.0,22882.0,15895.0,10048.0,9947.0,16934.0
3549,32834.0,22789.0,22894.0,15895.0,10045.0,9940.0,16939.0
3550,32839.0,22792.0,22897.0,15904.0,10047.0,9942.0,16935.0
3551,32844.0,22794.0,22900.0,15906.0,10050.0,9944.0,16938.0
3552,32849.0,22811.0,22900.0,15906.0,10038.0,9949.0,16943.0
3553,32854.0,22815.0,22904.0,15906.0,10039.0,9950.0,16948.0
3554,32859.0,22821.0,22907.0,15912.0,10038.0,9952.0,16947.0
3555,32864.0,22829.0,22912.0,15913.0,10035.0,9952.0,16951.0
3556,32869.0,22829.0,22912.0,15913.0,10040.0,9957.0,16956.0
3557,32874.0,22837.0,22913.0,15915.0,10037.0,9961.0,16959.0
3558,32879.0,22840.0,22921.0,15915.0,10039.0,9958.0,16964.0
3559,32884.0,22848.0,22926.0,15926.0,10036.0,9958.0,16958.0
3560,32889.0,22863.0,22927.0,15930.0,10026.0,9962.0,16959.0
3561,32894.0,22865.0,22936.0,15930.0,10029.0,9958.0,16964.0
3562,32899.0,22875.0,22940.0,15945.0,10024.0,9959.0,16954.0
3563,32904.0,22877.0,22948.0,15945.0,10027.0,9956.0,16959.0
3564,32909.0,22888.0,22957.0,15946.0,10021.0,9952.0,16963.0
3565,32914.0,22892.0,22960.0,15955.0,10022.0,9954.0,16959.0
3566,32919.0,22899.0,22968.0,15955.0,10020.0,9951.0,16964.0
3567,32924.0,22899.0,22979.0,15960.0,10025.0,9945.0,16964.0
3568,32929.0,22905.0,22981.0,15964.0,10024.0,9948.0,16965.0
3569,32934.0,22905.0,23001.0,15965.0,10029.0,9933.0,16969.0
3570,32939.0,22909.0,23001.0,15967.0,10030.0,9938.0,16972.0
3571,32944.0,22911.0,23004.0,15968.0,10033.0,9940.0,16976.0
3572,32949.0,22924.0,23009.0,15968.0,10025.0,9940.0,16981.0
3573,32954.0,22935.0,23009.0,15976.0,10019.0,9945.0,16978.0
3574,32959.0,22954.0,23011.0,15986.0,10005.0,9948.0,16973.0
3575,32964.0,22956.0,23014.0,15990.0,10008.0,9950.0,16974.0
3576,32969.0,22960.0,23022.0,16000.0,10009.0,9947.0,16969.0
3577,32974.0,22967.0,23023.0,16000.0,10007.0,9951.0,16974.0
3578,32979.0,22983.0,23031.0,16007.0,9996.0,9948.0,16972.0
3579,32984.0,22988.0,23032.0,16008.0,9996.0,9952.0,16976.0
3580,32989.0,22997.0,23038.0,16018.0,9992.0,9951.0,16971.0
3581,32994.0,23000.0,23047.0,16019.0,9994.0,9947.0,16975.0
3582,32999.0,23002.0,23051.0,16019.0,9997.0,9948.0,16980.0
3583,33004.0,23007.0,23051.0,16019.0,9997.0,9953.0,16985.0
3584,33009.0,23008.0,23055.0,16021.0,10001.0,9954.0,16988.0
3585,33014.0,23024.0,23055.0,16022.0,9990.0,9959.0,16992.0
3586,33019.0,23030.0,23058.0,16031.0,9989.0,9961.0,16988.0
3587,33024.0,23030.0,23059.0,16034.0,9994.0,9965.0,16990.0
3588,33029.0,23031.0,23066.0,16037.0,9998.0,9963.0,16992.0
3589,33034.0,23032.0,23073.0,16044.0,10002.0,9961.0,16990.0
3590,33039.0,23032.0,23080.0,16044.0,10007.0,9959.0,16995.0
3591,33044.0,23039.0,23080.0,16051.0,10005.0,9964.0,16993.0
3592,33049.0,23042.0,23080.0,16061.0,10007.0,9969.0,16988.0
3593,33054.0,23050.0,23092.0,16061.0,10004.0,9962.0,16993.0
3594,33059.0,23056.0,23094.0,16071.0,10003.0,9965.0,16988.0
3595,33064.0,23067.0,23097.0,16071.0,9997.0,9967.0,16993.0
3596,33069.0,23076.0,23103.0,16076.0,9993.0,9966.0,16993.0
3597,33074.0,23094.0,23113.0,16077.0,9980.0,9961.0,16997.0
3598,33079.0,23096.0,23114.0,16086.0,9983.0,9965.0,16993.0
3599,33084.0,23106.0,23121.0,16095.0,9978.0,9963.0,16989.0
3600,33089.0,23109.0,23124.0,16099.0,9980.0,9965.0,16990.0
3601,33094.0,23114.0,23126.0,16105.0,9980.0,9968.0,16989.0
3602,33099.0,23126.0,23130.0,16107.0,9973.0,9969.0,16992.0
3603,33104.0,23135.0,23133.0,16109.0,9969.0,9971.0,16995.0
3604,33109.0,23142.0,23137.0,16109.0,9967.0,9972.0,17000.0
3605,33114.0,23154.0,23138.0,16118.0,9960.0,9976.0,16996.0
3606,33119.0,23155.0,23139.0,16128.0,9964.0,9980.0,16991.0
3607,33124.0,23158.0,23146.0,16135.0,9966.0,9978.0,16989.0
3608,33129.0,23158.0,23149.0,16139.0,9971.0,9980.0,16990.0
3609,33134.0,23163.0,23157.0,16140.0,9971.0,9977.0,16994.0
3610,33139.0,23175.0,23158.0,16143.0,9964.0,9981.0,16996.0
3611,33144.0,23176.0,23163.0,16146.0,9968.0,9981.0,16998.0
3612,33149.0,23186.0,23167.0,16149.0,9963.0,9982.0,17000.0
3613,33154.0,23194.0,23176.0,16150.0,9960.0,9978.0,17004.0
3614,33159.0,23207.0,23186.0,16153.0,9952.0,9973.0,17006.0
3615,33164.0,23216.0,23188.0,16153.0,9948.0,9976.0,17011.0
3616,33169.0,23224.0,23196.0,16155.0,9945.0,9973.0,17014.0
3617,33174.0,23228.0,23200.0,16162.0,9946.0,9974.0,17012.0
3618,33179.0,23230.0,23222.0,16172.0,9949.0,9957.0,17007.0
3619,33184.0,23233.0,23222.0,16173.0,9951.0,9962.0,17011.0
3620,33189.0,23237.0,23222.0,16176.0,9952.0,9967.0,17013.0
3621,33194.0,23241.0,23227.0,16176.0,9953.0,9967.0,17018.0
3622,33199.0,23246.0,23233.0,16188.0,9953.0,9966.0,17011.0
3623,33204.0,23257.0,23239.0,16189.0,9947.0,9965.0,17015.0
3624,33209.0,23269.0,23249.0,16189.0,9940.0,9960.0,17020.0
3625,33214.0,23274.0,23253.0,16192.0,9940.0,9961.0,17022.0
3626,33219.0,23280.0,23255.0,16194.0,9939.0,9964.0,17025.0
3627,33224.0,23282.0,23255.0,16194.0,9942.0,9969.0,17030.0
3628,33229.0,23285.0,23258.0,16200.0,9944.0,9971.0,17029.0
3629,33234.0,23290.0,23260.0,16200.0,9944.0,9974.0,17034.0
3630,33239.0,23294.0,23264.0,16200.0,9945.0,9975.0,17039.0
3631,33244.0,23298.0,23268.0,16202.0,9946.0,9976.0,17042.0
3632,33249.0,23301.0,23271.0,16203.0,9948.0,9978.0,17046.0
3633,33254.0,23302.0,23272.0,16206.0,9952.0,9982.0,17048.0
3634,33259.0,23304.0,23278.0,16206.0,9955.0,9981.0,17053.0
3635,33264.0,23307.0,23291.0,16206.0,9957.0,9973.0,17058.0
3636,33269.0,23307.0,23293.0,16207.0,9962.0,9976.0,17062.0
3637,33274.0,23317.0,23296.0,16207.0,9957.0,9978.0,17067.0
3638,33279.0,23327.0,23296.0,16209.0,9952.0,9983.0,17070.0
3639,33284.0,23329.0,23308.0,16209.0,9955.0,9976.0,17075.0
3640,33289.0,23330.0,23311.0,16211.0,9959.0,9978.0,17078.0
3641,33294.0,23337.0,23316.0,16214.0,9957.0,9978.0,17080.0
3642,33299.0,23342.0,23324.0,16214.0,9957.0,9975.0,17085.0
3643,33304.0,23350.0,23330.0,16220.0,9954.0,9974.0,17084.0
3644,33309.0,23351.0,23336.0,16227.0,9958.0,9973.0,17082.0
3645,33314.0,23351.0,23337.0,16227.0,9963.0,9977.0,17087.0
3646,33319.0,23351.0,23339.0,16227.0,9968.0,9980.0,17092.0
3647,33324.0,23352.0,23343.0,16227.0,9972.0,9981.0,17097.0
3648,33329.0,23356.0,23351.0,16227.0,9973.0,9978.0,17102.0
3649,33334.0,23364.0,23357.0,16237.0,9970.0,9977.0,17097.0
3650,33339.0,23367.0,23371.0,16245.0,9972.0,9968.0,17094.0
3651,33344.0,23369.0,23372.0,16253.0,9975.0,9972.0,17091.0
3652,33349.0,23379.0,23382.0,16271.0,9970.0,9967.0,17078.0
3653,33354.0,23379.0,23382.0,16282.0,9975.0,9972.0,17072.0
3654,33359.0,23383.0,23387.0,16293.0,9976.0,9972.0,17066.0
3655,33364.0,23386.0,23393.0,16293.0,9978.0,9971.0,17071.0
3656,33369.0,23386.0,23394.0,16299.0,9983.0,9975.0,17070.0
3657,33374.0,23388.0,23402.0,16299.0,9986.0,9972.0,17075.0
3658,33379.0,23401.0,23407.0,16307.0,9978.0,9972.0,17072.0
3659,33384.0,23408.0,23409.0,16310.0,9976.0,9975.0,17074.0
3660,33389.0,23412.0,23410.0,16315.0,9977.0,9979.0,17074.0
3661,33394.0,23416.0,23411.0,16324.0,9978.0,9983.0,17070.0
3662,33399.0,23427.0,23423.0,16332.0,9972.0,9976.0,17067.0
3663,33404.0,23430.0,23429.0,16332.0,9974.0,9975.0,17072.0
3664,33409.0,23432.0,23434.0,16345.0,9977.0,9975.0,17064.0
3665,33414.0,23437.0,23442.0,16357.0,9977.0,9972.0,17057.0
3666,33419.0,23443.0,23448.0,16363.0,9976.0,9971.0,17056.0
3667,33424.0,23447.0,23451.0,16372.0,9977.0,9973.0,17052.0
3668,33429.0,23447.0,23457.0,16372.0,9982.0,9972.0,17057.0
3669,33434.0,23450.0,23458.0,16374.0,9984.0,9976.0,17060.0
3670,33439.0,23451.0,23470.0,16377.0,9988.0,9969.0,17062.0
3671,33444.0,23457.0,23470.0,16377.0,9987.0,9974.0,17067.0
3672,33449.0,23466.0,23482.0,16380.0,9983.0,9967.0,17069.0
3673,33454.0,23473.0,23482.0,16383.0,9981.0,9972.0,17071.0
3674,33459.0,23473.0,23485.0,16387.0,9986.0,9974.0,17072.0
3675,33464.0,23476.0,23493.0,16396.0,9988.0,9971.0,17068.0
3676,33469.0,23486.0,23496.0,16401.0,9983.0,9973.0,17068.0
3677,33474.0,23497.0,23505.0,16402.0,9977.0,9969.0,17072.0
3678,33479.0,23502.0,23508.0,16407.0,9977.0,9971.0,17072.0
3679,33484.0,23512.0,23514.0,16420.0,9972.0,9970.0,17064.0
3680,33489.0,23524.0,23516.0,16430.0,9965.0,9973.0,17059.0
3681,33494.0,23525.0,23525.0,16434.0,9969.0,9969.0,17060.0
3682,33499.0,23532.0,23525.0,16435.0,9967.0,9974.0,17064.0
3683,33504.0,23541.0,23530.0,16444.0,9963.0,9974.0,17060.0
3684,33509.0,23546.0,23536.0,16449.0,9963.0,9973.0,17060.0
3685,33514.0,23551.0,23539.0,16451.0,9963.0,9975.0,17063.0
3686,33519.0,23552.0,23551.0,16459.0,9967.0,9968.0,17060.0
3687,33524.0,23556.0,23552.0,16463.0,9968.0,9972.0,17061.0
3688,33529.0,23561.0,23566.0,16467.0,9968.0,9963.0,17062.0
3689,33534.0,23572.0,23567.0,16468.0,9962.0,9967.0,17066.0
3690,33539.0,23581.0,23569.0,16472.0,9958.0,9970.0,17067.0
3691,33544.0,23581.0,23570.0,16472.0,9963.0,9974.0,17072.0
3692,33549.0,23595.0,23575.0,16472.0,9954.0,9974.0,17077.0
3693,33554.0,23600.0,23576.0,16485.0,9954.0,9978.0,17069.0
3694,33559.0,23604.0,23578.0,16485.0,9955.0,9981.0,17074.0
3695,33564.0,23609.0,23579.0,16485.0,9955.0,9985.0,17079.0
3696,33569.0,23620.0,23582.0,16486.0,9949.0,9987.0,17083.0
3697,33574.0,23622.0,23590.0,16488.0,9952.0,9984.0,17086.0
3698,33579.0,23623.0,23604.0,16492.0,9956.0,9975.0,17087.0
3699,33584.0,23623.0,23607.0,16507.0,9961.0,9977.0,17077.0
3700,33589.0,23623.0,23609.0,16514.0,9966.0,9980.0,17075.0
3701,33594.0,23633.0,23615.0,16524.0,9961.0,9979.0,17070.0
3702,33599.0,23637.0,23615.0,16531.0,9962.0,9984.0,17068.0
3703,33604.0,23642.0,23616.0,16531.0,9962.0,9988.0,17073.0
3704,33609.0,23645.0,23617.0,16542.0,9964.0,9992.0,17067.0
3705,33614.0,23651.0,23619.0,16551.0,9963.0,9995.0,17063.0
3706,33619.0,23652.0,23619.0,16567.0,9967.0,10000.0,17052.0
3707,33624.0,23653.0,23636.0,16567.0,9971.0,9988.0,17057.0
3708,33629.0,23664.0,23637.0,16567.0,9965.0,9992.0,17062.0
3709,33634.0,23679.0,23644.0,16568.0,9955.0,9990.0,17066.0
3710,33639.0,23685.0,23649.0,16580.0,9954.0,9990.0,17059.0
3711,33644.0,23688.0,23652.0,16582.0,9956.0,9992.0,17062.0
3712,33649.0,23704.0,23657.0,16588.0,9945.0,9992.0,17061.0
3713,33654.0,23706.0,23664.0,16595.0,9948.0,9990.0,17059.0
3714,33659.0,23713.0,23674.0,16601.0,9946.0,9985.0,17058.0
3715,33664.0,23714.0,23687.0,16601.0,9950.0,9977.0,17063.0
3716,33669.0,23717.0,23695.0,16612.0,9952.0,9974.0,17057.0
3717,33674.0,23720.0,23695.0,16613.0,9954.0,9979.0,17061.0
3718,33679.0,23726.0,23703.0,16627.0,9953.0,9976.0,17052.0
3719,33684.0,23732.0,23706.0,16635.0,9952.0,9978.0,17049.0
3720,33689.0,23740.0,23712.0,16641.0,9949.0,9977.0,17048.0
3721,33694.0,23741.0,23717.0,16641.0,9953.0,9977.0,17053.0
3722,33699.0,23744.0,23729.0,16650.0,9955.0,9970.0,17049.0
3723,33704.0,23747.0,23738.0,16650.0,9957.0,9966.0,17054.0
3724,33709.0,23756.0,23741.0,16650.0,9953.0,9968.0,17059.0
3725,33714.0,23761.0,23742.0,16651.0,9953.0,9972.0,17063.0
3726,33719.0,23770.0,23751.0,16657.0,9949.0,9968.0,17062.0
3727,33724.0,23777.0,23757.0,16659.0,9947.0,9967.0,17065.0
3728,33729.0,23783.0,23760.0,16659.0,9946.0,9969.0,17070.0
3729,33734.0,23790.0,23762.0,16671.0,9944.0,9972.0,17063.0
3730,33739.0,23798.0,23770.0,16671.0,9941.0,9969.0,17068.0
3731,33744.0,23799.0,23771.0,16674.0,9945.0,9973.0,17070.0
3732,33749.0,23800.0,23775.0,16684.0,9949.0,9974.0,17065.0
3733,33754.0,23800.0,23794.0,16697.0,9954.0,9960.0,17057.0
3734,33759.0,23800.0,23797.0,16707.0,9959.0,9962.0,17052.0
3735,33764.0,23800.0,23801.0,16718.0,9964.0,9963.0,17046.0
3736,33769.0,23803.0,23805.0,16721.0,9966.0,9964.0,17048.0
3737,33774.0,23803.0,23816.0,16731.0,9971.0,9958.0,17043.0
3738,33779.0,23806.0,23820.0,16739.0,9973.0,9959.0,17040.0
3739,33784.0,23813.0,23826.0,16747.0,9971.0,9958.0,17037.0
3740,33789.0,23814.0,23833.0,16751.0,9975.0,9956.0,17038.0
3741,33794.0,23822.0,23841.0,16756.0,9972.0,9953.0,17038.0
3742,33799.0,23826.0,23848.0,16767.0,9973.0,9951.0,17032.0
3743,33804.0,23828.0,23854.0,16769.0,9976.0,9950.0,17035.0
3744,33809.0,23834.0,23857.0,16776.0,9975.0,9952.0,17033.0
3745,33814.0,23843.0,23862.0,16781.0,9971.0,9952.0,17033.0
3746,33819.0,23852.0,23863.0,16794.0,9967.0,9956.0,17025.0
3747,33824.0,23859.0,23869.0,16802.0,9965.0,9955.0,17022.0
3748,33829.0,23862.0,23872.0,16803.0,9967.0,9957.0,17026.0
3749,33834.0,23870.0,23882.0,16814.0,9964.0,9952.0,17020.0
3750,33839.0,23879.0,23886.0,16814.0,9960.0,9953.0,17025.0
3751,33844.0,23885.0,23897.0,16823.0,9959.0,9947.0,17021.0
3752,33849.0,23886.0,23900.0,16823.0,9963.0,9949.0,17026.0
3753,33854.0,23887.0,23909.0,16823.0,9967.0,9945.0,17031.0
3754,33859.0,23890.0,23917.0,16823.0,9969.0,9942.0,17036.0
3755,33864.0,23896.0,23920.0,16823.0,9968.0,9944.0,17041.0
3756,33869.0,23900.0,23924.0,16837.0,9969.0,9945.0,17032.0
3757,33874.0,23907.0,23936.0,16838.0,9967.0,9938.0,17036.0
3758,33879.0,23911.0,23941.0,16838.0,9968.0,9938.0,17041.0
3759,33884.0,23918.0,23945.0,16842.0,9966.0,9939.0,17042.0
3760,33889.0,23927.0,23950.0,16846.0,9962.0,9939.0,17043.0
3761,33894.0,23927.0,23969.0,16854.0,9967.0,9925.0,17040.0
3762,33899.0,23928.0,23974.0,16862.0,9971.0,9925.0,17037.0
3763,33904.0,23937.0,23978.0,16865.0,9967.0,9926.0,17039.0
3764,33909.0,23943.0,23980.0,16871.0,9966.0,9929.0,17038.0
3765,33914.0,23945.0,23983.0,16871.0,9969.0,9931.0,17043.0
3766,33919.0,23962.0,23986.0,16871.0,9957.0,9933.0,17048.0
3767,33924.0,23963.0,23988.0,16884.0,9961.0,9936.0,17040.0
3768,33929.0,23964.0,23992.0,16896.0,9965.0,9937.0,17033.0
3769,33934.0,23965.0,23996.0,16902.0,9969.0,9938.0,17032.0
3770,33939.0,23975.0,24009.0,16908.0,9964.0,9930.0,17031.0
3771,33944.0,23980.0,24017.0,16912.0,9964.0,9927.0,17032.0
3772,33949.0,23982.0,24022.0,16913.0,9967.0,9927.0,17036.0
3773,33954.0,23993.0,24031.0,16913.0,9961.0,9923.0,17041.0
3774,33959.0,23997.0,24034.0,16916.0,9962.0,9925.0,17043.0
3775,33964.0,24001.0,24044.0,16925.0,9963.0,9920.0,17039.0
3776,33969.0,24005.0,24052.0,16926.0,9964.0,9917.0,17043.0
3777,33974.0,24014.0,24052.0,16928.0,9960.0,9922.0,17046.0
3778,33979.0,24017.0,24059.0,16930.0,9962.0,9920.0,17049.0
3779,33984.0,24020.0,24068.0,16935.0,9964.0,9916.0,17049.0
3780,33989.0,24028.0,24072.0,16946.0,9961.0,9917.0,17043.0
3781,33994.0,24029.0,24073.0,16947.0,9965.0,9921.0,17047.0
3782,33999.0,24035.0,24077.0,16947.0,9964.0,9922.0,17052.0
3783,34004.0,24038.0,24086.0,16960.0,9966.0,9918.0,17044.0
3784,34009.0,24046.0,24089.0,16968.0,9963.0,9920.0,17041.0
3785,34014.0,24048.0,24092.0,16975.0,9966.0,9922.0,17039.0
3786,34019.0,24061.0,24106.0,16985.0,9958.0,9913.0,17034.0
3787,34024.0,24069.0,24106.0,16985.0,9955.0,9918.0,17039.0
3788,34029.0,24078.0,24114.0,16988.0,9951.0,9915.0,17041.0
3789,34034.0,24081.0,24119.0,16988.0,9953.0,9915.0,17046.0
3790,34039.0,24093.0,24122.0,17000.0,9946.0,9917.0,17039.0
3791,34044.0,24094.0,24126.0,17006.0,9950.0,9918.0,17038.0
3792,34049.0,24094.0,24136.0,17010.0,9955.0,9913.0,17039.0
3793,34054.0,24101.0,24148.0,17017.0,9953.0,9906.0,17037.0
3794,34059.0,24118.0,24149.0,17024.0,9941.0,9910.0,17035.0
3795,34064.0,24123.0,24153.0,17027.0,9941.0,9911.0,17037.0
3796,34069.0,24130.0,24158.0,17038.0,9939.0,9911.0,17031.0
3797,34074.0,24134.0,24170.0,17040.0,9940.0,9904.0,17034.0
3798,34079.0,24143.0,24179.0,17049.0,9936.0,9900.0,17030.0
3799,34084.0,24145.0,24188.0,17049.0,9939.0,9896.0,17035.0
3800,34089.0,24156.0,24192.0,17059.0,9933.0,9897.0,17030.0
3801,34094.0,24160.0,24194.0,17060.0,9934.0,9900.0,17034.0
3802,34099.0,24170.0,24194.0,17062.0,9929.0,9905.0,17037.0
3803,34104.0,24170.0,24196.0,17066.0,9934.0,9908.0,17038.0
3804,34109.0,24171.0,24200.0,17075.0,9938.0,9909.0,17034.0
3805,34114.0,24180.0,24208.0,17075.0,9934.0,9906.0,17039.0
3806,34119.0,24184.0,24216.0,17075.0,9935.0,9903.0,17044.0
3807,34124.0,24189.0,24216.0,17083.0,9935.0,9908.0,17041.0
3808,34129.0,24193.0,24216.0,17086.0,9936.0,9913.0,17043.0
3809,34134.0,24196.0,24220.0,17088.0,9938.0,9914.0,17046.0
3810,34139.0,24206.0,24224.0,17091.0,9933.0,9915.0,17048.0
3811,34144.0,24213.0,24234.0,17091.0,9931.0,9910.0,17053.0
3812,34149.0,24218.0,24242.0,17099.0,9931.0,9907.0,17050.0
3813,34154.0,24222.0,24251.0,17105.0,9932.0,9903.0,17049.0
3814,34159.0,24228.0,24252.0,17105.0,9931.0,9907.0,17054.0
3815,34164.0,24228.0,24258.0,17105.0,9936.0,9906.0,17059.0
3816,34169.0,24228.0,24259.0,17106.0,9941.0,9910.0,17063.0
3817,34174.0,24232.0,24259.0,17111.0,9942.0,9915.0,17063.0
3818,34179.0,24233.0,24264.0,17119.0,9946.0,9915.0,17060.0
3819,34184.0,24239.0,24267.0,17124.0,9945.0,9917.0,17060.0
3820,34189.0,24243.0,24274.0,17131.0,9946.0,9915.0,17058.0
3821,34194.0,24245.0,24288.0,17136.0,9949.0,9906.0,17058.0
3822,34199.0,24252.0,24288.0,17136.0,9947.0,9911.0,17063.0
3823,34204.0,24254.0,24290.0,17146.0,9950.0,9914.0,17058.0
3824,34209.0,24258.0,24304.0,17154.0,9951.0,9905.0,17055.0
3825,34214.0,24264.0,24306.0,17155.0,9950.0,9908.0,17059.0
3826,34219.0,24273.0,24310.0,17155.0,9946.0,9909.0,17064.0
3827,34224.0,24280.0,24316.0,17157.0,9944.0,9908.0,17067.0
3828,34229.0,24280.0,24318.0,17157.0,9949.0,9911.0,17072.0
3829,34234.0,24282.0,24318.0,17160.0,9952.0,9916.0,17074.0
3830,34239.0,24292.0,24319.0,17173.0,9947.0,9920.0,17066.0
3831,34244.0,24296.0,24326.0,17179.0,9948.0,9918.0,17065.0
3832,34249.0,24299.0,24329.0,17179.0,9950.0,9920.0,17070.0
3833,34254.0,24300.0,24333.0,17181.0,9954.0,9921.0,17073.0
3834,34259.0,24309.0,24338.0,17186.0,9950.0,9921.0,17073.0
3835,34264.0,24319.0,24343.0,17192.0,9945.0,9921.0,17072.0
3836,34269.0,24325.0,24347.0,17197.0,9944.0,9922.0,17072.0
3837,34274.0,24337.0,24353.0,17198.0,9937.0,9921.0,17076.0
3838,34279.0,24341.0,24359.0,17200.0,9938.0,9920.0,17079.0
3839,34284.0,24343.0,24360.0,17203.0,9941.0,9924.0,17081.0
3840,34289.0,24346.0,24366.0,17208.0,9943.0,9923.0,17081.0
3841,34294.0,24353.0,24369.0,17216.0,9941.0,9925.0,17078.0
3842,34299.0,24362.0,24376.0,17216.0,9937.0,9923.0,17083.0
3843,34304.0,24364.0,24380.0,17224.0,9940.0,9924.0,17080.0
3844,34309.0,24367.0,24385.0,17228.0,9942.0,9924.0,17081.0
3845,34314.0,24372.0,24396.0,17228.0,9942.0,9918.0,17086.0
3846,34319.0,24373.0,24400.0,17231.0,9946.0,9919.0,17088.0
3847,34324.0,24373.0,24400.0,17231.0,9951.0,9924.0,17093.0
3848,34329.0,24375.0,24402.0,17231.0,9954.0,9927.0,17098.0
3849,34334.0,24377.0,24402.0,17235.0,9957.0,9932.0,17099.0
3850,34339.0,24378.0,24408.0,17247.0,9961.0,9931.0,17092.0
3851,34344.0,24382.0,24409.0,17247.0,9962.0,9935.0,17097.0
3852,34349.0,24385.0,24409.0,17250.0,9964.0,9940.0,17099.0
3853,34354.0,24391.0,24410.0,17259.0,9963.0,9944.0,17095.0
3854,34359.0,24395.0,24412.0,17260.0,9964.0,9947.0,17099.0
3855,34364.0,24395.0,24418.0,17264.0,9969.0,9946.0,17100.0
3856,34369.0,24400.0,24420.0,17266.0,9969.0,9949.0,17103.0
3857,34374.0,24401.0,24428.0,17267.0,9973.0,9946.0,17107.0
3858,34379.0,24409.0,24431.0,17269.0,9970.0,9948.0,17110.0
3859,34384.0,24419.0,24431.0,17269.0,9965.0,9953.0,17115.0
3860,34389.0,24424.0,24440.0,17269.0,9965.0,9949.0,17120.0
3861,34394.0,24424.0,24441.0,17281.0,9970.0,9953.0,17113.0
3862,34399.0,24430.0,24447.0,17284.0,9969.0,9952.0,17115.0
3863,34404.0,24431.0,24458.0,17284.0,9973.0,9946.0,17120.0
3864,34409.0,24434.0,24462.0,17289.0,9975.0,9947.0,17120.0
3865,34414.0,24446.0,24464.0,17303.0,9968.0,9950.0,17111.0
3866,34419.0,24452.0,24470.0,17306.0,9967.0,9949.0,17113.0
3867,34424.0,24455.0,24476.0,17306.0,9969.0,9948.0,17118.0
3868,34429.0,24457.0,24480.0,17316.0,9972.0,9949.0,17113.0
3869,34434.0,24459.0,24482.0,17321.0,9975.0,9952.0,17113.0
3870,34439.0,24467.0,24485.0,17332.0,9972.0,9954.0,17107.0
3871,34444.0,24472.0,24491.0,17338.0,9972.0,9953.0,17106.0
3872,34449.0,24480.0,24492.0,17350.0,9969.0,9957.0,17099.0
3873,34454.0,24482.0,24498.0,17359.0,9972.0,9956.0,17095.0
3874,34459.0,24495.0,24499.0,17361.0,9964.0,9960.0,17098.0
3875,34464.0,24506.0,24511.0,17364.0,9958.0,9953.0,17100.0
3876,34469.0,24506.0,24518.0,17364.0,9963.0,9951.0,17105.0
3877,34474.0,24506.0,24520.0,17364.0,9968.0,9954.0,17110.0
3878,34479.0,24507.0,24520.0,17372.0,9972.0,9959.0,17107.0
3879,34484.0,24508.0,24527.0,17373.0,9976.0,9957.0,17111.0
3880,34489.0,24514.0,24534.0,17378.0,9975.0,9955.0,17111.0
3881,34494.0,24522.0,24543.0,17385.0,9972.0,9951.0,17109.0
3882,34499.0,24536.0,24545.0,17385.0,9963.0,9954.0,17114.0
3883,34504.0,24538.0,24550.0,17389.0,9966.0,9954.0,17115.0
3884,34509.0,24545.0,24551.0,17390.0,9964.0,9958.0,17119.0
3885,34514.0,24554.0,24553.0,17400.0,9960.0,9961.0,17114.0
3886,34519.0,24558.0,24564.0,17407.0,9961.0,9955.0,17112.0
3887,34524.0,24567.0,24566.0,17411.0,9957.0,9958.0,17113.0
3888,34529.0,24569.0,24566.0,17412.0,9960.0,9963.0,17117.0
3889,34534.0,24578.0,24574.0,17421.0,9956.0,9960.0,17113.0
3890,34539.0,24588.0,24581.0,17429.0,9951.0,9958.0,17110.0
3891,34544.0,24593.0,24585.0,17430.0,9951.0,9959.0,17114.0
3892,34549.0,24596.0,24587.0,17433.0,9953.0,9962.0,17116.0
3893,34554.0,24603.0,24587.0,17439.0,9951.0,9967.0,17115.0
3894,34559.0,24607.0,24589.0,17445.0,9952.0,9970.0,17114.0
3895,34564.0,24607.0,24592.0,17451.0,9957.0,9972.0,17113.0
3896,34569.0,24607.0,24600.0,17459.0,9962.0,9969.0,17110.0
3897,34574.0,24613.0,24610.0,17464.0,9961.0,9964.0,17110.0
3898,34579.0,24613.0,24614.0,17474.0,9966.0,9965.0,17105.0
3899,34584.0,24618.0,24618.0,17489.0,9966.0,9966.0,17095.0
3900,34589.0,24625.0,24618.0,17489.0,9964.0,9971.0,17100.0
3901,34594.0,24638.0,24624.0,17489.0,9956.0,9970.0,17105.0
3902,34599.0,24645.0,24624.0,17501.0,9954.0,9975.0,17098.0
3903,34604.0,24660.0,24636.0,17503.0,9944.0,9968.0,17101.0
3904,34609.0,24662.0,24640.0,17511.0,9947.0,9969.0,17098.0
3905,34614.0,24676.0,24646.0,17524.0,9938.0,9968.0,17090.0
3906,34619.0,24684.0,24648.0,17532.0,9935.0,9971.0,17087.0
3907,34624.0,24698.0,24656.0,17539.0,9926.0,9968.0,17085.0
3908,34629.0,24700.0,24660.0,17540.0,9929.0,9969.0,17089.0
3909,34634.0,24703.0,24674.0,17541.0,9931.0,9960.0,17093.0
3910,34639.0,24706.0,24678.0,17549.0,9933.0,9961.0,17090.0
3911,34644.0,24709.0,24684.0,17557.0,9935.0,9960.0,17087.0
3912,34649.0,24713.0,24689.0,17562.0,9936.0,9960.0,17087.0
3913,34654.0,24724.0,24696.0,17562.0,9930.0,9958.0,17092.0
3914,34659.0,24730.0,24700.0,17563.0,9929.0,9959.0,17096.0
3915,34664.0,24734.0,24707.0,17563.0,9930.0,9957.0,17101.0
3916,34669.0,24739.0,24714.0,17564.0,9930.0,9955.0,17105.0
3917,34674.0,24745.0,24722.0,17578.0,9929.0,9952.0,17096.0
3918,34679.0,24747.0,24729.0,17584.0,9932.0,9950.0,17095.0
3919,34684.0,24756.0,24740.0,17594.0,9928.0,9944.0,17090.0
3920,34689.0,24763.0,24752.0,17599.0,9926.0,9937.0,17090.0
3921,34694.0,24772.0,24756.0,17599.0,9922.0,9938.0,17095.0
3922,34699.0,24775.0,24764.0,17599.0,9924.0,9935.0,17100.0
3923,34704.0,24778.0,24765.0,17601.0,9926.0,9939.0,17103.0
3924,34709.0,24782.0,24772.0,17606.0,9927.0,9937.0,17103.0
3925,34714.0,24797.0,24779.0,17606.0,9917.0,9935.0,17108.0
3926,34719.0,24800.0,24779.0,17620.0,9919.0,9940.0,17099.0
3927,34724.0,24810.0,24792.0,17627.0,9914.0,9932.0,17097.0
3928,34729.0,24816.0,24793.0,17630.0,9913.0,9936.0,17099.0
3929,34734.0,24823.0,24802.0,17634.0,9911.0,9932.0,17100.0
3930,34739.0,24830.0,24804.0,17638.0,9909.0,9935.0,17101.0
3931,34744.0,24835.0,24817.0,17639.0,9909.0,9927.0,17105.0
3932,34749.0,24853.0,24820.0,17645.0,9896.0,9929.0,17104.0
3933,34754.0,24859.0,24820.0,17654.0,9895.0,9934.0,17100.0
3934,34759.0,24873.0,24827.0,17656.0,9886.0,9932.0,17103.0
3935,34764.0,24873.0,24829.0,17665.0,9891.0,9935.0,17099.0
3936,34769.0,24873.0,24832.0,17665.0,9896.0,9937.0,17104.0
3937,34774.0,24882.0,24841.0,17665.0,9892.0,9933.0,17109.0
3938,34779.0,24884.0,24842.0,17665.0,9895.0,9937.0,17114.0
3939,34784.0,24884.0,24851.0,17665.0,9900.0,9933.0,17119.0
3940,34789.0,24896.0,24855.0,17678.0,9893.0,9934.0,17111.0
3941,34794.0,24901.0,24860.0,17685.0,9893.0,9934.0,17109.0
3942,34799.0,24907.0,24861.0,17692.0,9892.0,9938.0,17107.0
3943,34804.0,24915.0,24863.0,17698.0,9889.0,9941.0,17106.0
3944,34809.0,24917.0,24870.0,17706.0,9892.0,9939.0,17103.0
3945,34814.0,24917.0,24877.0,17708.0,9897.0,9937.0,17106.0
3946,34819.0,24917.0,24889.0,17714.0,9902.0,9930.0,17105.0
3947,34824.0,24921.0,24890.0,17715.0,9903.0,9934.0,17109.0
3948,34829.0,24928.0,24899.0,17716.0,9901.0,9930.0,17113.0
3949,34834.0,24936.0,24906.0,17725.0,9898.0,9928.0,17109.0
3950,34839.0,24938.0,24917.0,17725.0,9901.0,9922.0,17114.0
3951,34844.0,24943.0,24919.0,17730.0,9901.0,9925.0,17114.0
3952,34849.0,24947.0,24925.0,17738.0,9902.0,9924.0,17111.0
3953,34854.0,24961.0,24936.0,17744.0,9893.0,9918.0,17110.0
3954,34859.0,24967.0,24944.0,17749.0,9892.0,9915.0,17110.0
3955,34864.0,24973.0,24944.0,17752.0,9891.0,9920.0,17112.0
3956,34869.0,24988.0,24954.0,17754.0,9881.0,9915.0,17115.0
3957,34874.0,24996.0,24958.0,17760.0,9878.0,9916.0,17114.0
3958,34879.0,24997.0,24959.0,17760.0,9882.0,9920.0,17119.0
3959,34884.0,25000.0,24967.0,17765.0,9884.0,9917.0,17119.0
3960,34889.0,25004.0,24974.0,17767.0,9885.0,9915.0,17122.0
3961,34894.0,25009.0,24977.0,17776.0,9885.0,9917.0,17118.0
3962,34899.0,25013.0,24981.0,17777.0,9886.0,9918.0,17122.0
3963,34904.0,25014.0,24982.0,17785.0,9890.0,9922.0,17119.0
3964,34909.0,25023.0,24986.0,17795.0,9886.0,9923.0,17114.0
3965,34914.0,25034.0,24992.0,17805.0,9880.0,9922.0,17109.0
3966,34919.0,25041.0,24993.0,17812.0,9878.0,9926.0,17107.0
3967,34924.0,25045.0,24999.0,17816.0,9879.0,9925.0,17108.0
3968,34929.0,25056.0,25004.0,17824.0,9873.0,9925.0,17105.0
3969,34934.0,25058.0,25007.0,17824.0,9876.0,9927.0,17110.0
3970,34939.0,25063.0,25008.0,17830.0,9876.0,9931.0,17109.0
3971,34944.0,25067.0,25018.0,17840.0,9877.0,9926.0,17104.0
3972,34949.0,25068.0,25024.0,17840.0,9881.0,9925.0,17109.0
3973,34954.0,25076.0,25034.0,17855.0,9878.0,9920.0,17099.0
3974,34959.0,25079.0,25042.0,17857.0,9880.0,9917.0,17102.0
3975,34964.0,25082.0,25042.0,17859.0,9882.0,9922.0,17105.0
3976,34969.0,25082.0,25051.0,17859.0,9887.0,9918.0,17110.0
3977,34974.0,25082.0,25059.0,17871.0,9892.0,9915.0,17103.0
3978,34979.0,25083.0,25070.0,17877.0,9896.0,9909.0,17102.0
3979,34984.0,25083.0,25071.0,17881.0,9901.0,9913.0,17103.0
3980,34989.0,25088.0,25073.0,17882.0,9901.0,9916.0,17107.0
3981,34994.0,25090.0,25081.0,17882.0,9904.0,9913.0,17112.0
3982,34999.0,25096.0,25089.0,17886.0,9903.0,9910.0,17113.0
3983,35004.0,25096.0,25093.0,17888.0,9908.0,9911.0,17116.0
3984,35009.0,25102.0,25097.0,17888.0,9907.0,9912.0,17121.0
3985,35014.0,25107.0,25103.0,17901.0,9907.0,9911.0,17113.0
3986,35019.0,25109.0,25109.0,17904.0,9910.0,9910.0,17115.0
3987,35024.0,25121.0,25113.0,17916.0,9903.0,9911.0,17108.0
3988,35029.0,25125.0,25117.0,17919.0,9904.0,9912.0,17110.0
3989,35034.0,25136.0,25122.0,17925.0,9898.0,9912.0,17109.0
3990,35039.0,25142.0,25125.0,17930.0,9897.0,9914.0,17109.0
3991,35044.0,25142.0,25133.0,17930.0,9902.0,9911.0,17114.0
3992,35049.0,25143.0,25133.0,17940.0,9906.0,9916.0,17109.0
3993,35054.0,25145.0,25136.0,17949.0,9909.0,9918.0,17105.0
3994,35059.0,25145.0,25142.0,17949.0,9914.0,9917.0,17110.0
3995,35064.0,25145.0,25153.0,17958.0,9919.0,9911.0,17106.0
3996,35069.0,25151.0,25158.0,17961.0,9918.0,9911.0,17108.0
3997,35074.0,25162.0,25159.0,17963.0,9912.0,9915.0,17111.0
3998,35079.0,25167.0,25167.0,17963.0,9912.0,9912.0,17116.0
3999,35084.0,25169.0,25167.0,17964.0,9915.0,9917.0,17120.0
4000,35089.0,25169.0,25169.0,17964.0,9920.0,9920.0,17125.0
4001,35094.0,25173.0,25179.0,17977.0,9921.0,9915.0,17117.0
4002,35099.0,25177.0,25180.0,17977.0,9922.0,9919.0,17122.0
4003,35104.0,25182.0,25185.0,17978.0,9922.0,9919.0,17126.0
4004,35109.0,25182.0,25189.0,17984.0,9927.0,9920.0,17125.0
4005,35114.0,25189.0,25202.0,17993.0,9925.0,9912.0,17121.0
4006,35119.0,25202.0,25214.0,17993.0,9917.0,9905.0,17126.0
4007,35124.0,25208.0,25218.0,18002.0,9916.0,9906.0,17122.0
4008,35129.0,25217.0,25222.0,18004.0,9912.0,9907.0,17125.0
4009,35134.0,25220.0,25238.0,18018.0,9914.0,9896.0,17116.0
4010,35139.0,25220.0,25246.0,18018.0,9919.0,9893.0,17121.0
4011,35144.0,25226.0,25252.0,18024.0,9918.0,9892.0,17120.0
4012,35149.0,25233.0,25257.0,18026.0,9916.0,9892.0,17123.0
4013,35154.0,25239.0,25261.0,18037.0,9915.0,9893.0,17117.0
4014,35159.0,25245.0,25272.0,18043.0,9914.0,9887.0,17116.0
4015,35164.0,25245.0,25274.0,18043.0,9919.0,9890.0,17121.0
4016,35169.0,25256.0,25278.0,18047.0,9913.0,9891.0,17122.0
4017,35174.0,25259.0,25281.0,18047.0,9915.0,9893.0,17127.0
4018,35179.0,25260.0,25293.0,18047.0,9919.0,9886.0,17132.0
4019,35184.0,25272.0,25295.0,18048.0,9912.0,9889.0,17136.0
4020,35189.0,25284.0,25310.0,18050.0,9905.0,9879.0,17139.0
4021,35194.0,25293.0,25314.0,18057.0,9901.0,9880.0,17137.0
4022,35199.0,25300.0,25323.0,18065.0,9899.0,9876.0,17134.0
4023,35204.0,25308.0,25324.0,18071.0,9896.0,9880.0,17133.0
4024,35209.0,25308.0,25327.0,18076.0,9901.0,9882.0,17133.0
4025,35214.0,25321.0,25328.0,18077.0,9893.0,9886.0,17137.0
4026,35219.0,25334.0,25328.0,18083.0,9885.0,9891.0,17136.0
4027,35224.0,25347.0,25334.0,18089.0,9877.0,9890.0,17135.0
4028,35229.0,25355.0,25336.0,18093.0,9874.0,9893.0,17136.0
4029,35234.0,25361.0,25338.0,18098.0,9873.0,9896.0,17136.0
4030,35239.0,25362.0,25346.0,18101.0,9877.0,9893.0,17138.0
4031,35244.0,25367.0,25350.0,18104.0,9877.0,9894.0,17140.0
4032,35249.0,25368.0,25355.0,18107.0,9881.0,9894.0,17142.0
4033,35254.0,25374.0,25356.0,18108.0,9880.0,9898.0,17146.0
4034,35259.0,25379.0,25359.0,18113.0,9880.0,9900.0,17146.0
4035,35264.0,25386.0,25364.0,18118.0,9878.0,9900.0,17146.0
4036,35269.0,25392.0,25371.0,18123.0,9877.0,9898.0,17146.0
4037,35274.0,25401.0,25373.0,18131.0,9873.0,9901.0,17143.0
4038,35279.0,25406.0,25387.0,18131.0,9873.0,9892.0,17148.0
4039,35284.0,25424.0,25393.0,18137.0,9860.0,9891.0,17147.0
4040,35289.0,25434.0,25405.0,18141.0,9855.0,9884.0,17148.0
4041,35294.0,25439.0,25408.0,18146.0,9855.0,9886.0,17148.0
4042,35299.0,25443.0,25409.0,18146.0,9856.0,9890.0,17153.0
4043,35304.0,25455.0,25415.0,18148.0,9849.0,9889.0,17156.0
4044,35309.0,25463.0,25427.0,18152.0,9846.0,9882.0,17157.0
4045,35314.0,25464.0,25431.0,18152.0,9850.0,9883.0,17162.0
4046,35319.0,25468.0,25438.0,18154.0,9851.0,9881.0,17165.0
4047,35324.0,25470.0,25444.0,18165.0,9854.0,9880.0,17159.0
4048,35329.0,25480.0,25449.0,18165.0,9849.0,9880.0,17164.0
4049,35334.0,25490.0,25458.0,18166.0,9844.0,9876.0,17168.0
4050,35339.0,25493.0,25460.0,18168.0,9846.0,9879.0,17171.0
4051,35344.0,25504.0,25465.0,18168.0,9840.0,9879.0,17176.0
4052,35349.0,25509.0,25468.0,18168.0,9840.0,9881.0,17181.0
4053,35354.0,25514.0,25472.0,18178.0,9840.0,9882.0,17176.0
4054,35359.0,25518.0,25482.0,18182.0,9841.0,9877.0,17177.0
4055,35364.0,25524.0,25486.0,18187.0,9840.0,9878.0,17177.0
4056,35369.0,25532.0,25491.0,18193.0,9837.0,9878.0,17176.0
4057,35374.0,25533.0,25498.0,18200.0,9841.0,9876.0,17174.0
4058,35379.0,25537.0,25516.0,18207.0,9842.0,9863.0,17172.0
4059,35384.0,25543.0,25522.0,18207.0,9841.0,9862.0,17177.0
4060,35389.0,25545.0,25529.0,18208.0,9844.0,9860.0,17181.0
4061,35394.0,25546.0,25535.0,18208.0,9848.0,9859.0,17186.0
4062,35399.0,25547.0,25542.0,18212.0,9852.0,9857.0,17187.0
4063,35404.0,25552.0,25544.0,18213.0,9852.0,9860.0,17191.0
4064,35409.0,25564.0,25559.0,18213.0,9845.0,9850.0,17196.0
4065,35414.0,25572.0,25564.0,18216.0,9842.0,9850.0,17198.0
4066,35419.0,25573.0,25572.0,18216.0,9846.0,9847.0,17203.0
4067,35424.0,25583.0,25587.0,18216.0,9841.0,9837.0,17208.0
4068,35429.0,25587.0,25592.0,18222.0,9842.0,9837.0,17207.0
4069,35434.0,25590.0,25596.0,18222.0,9844.0,9838.0,17212.0
4070,35439.0,25592.0,25598.0,18227.0,9847.0,9841.0,17212.0
4071,35444.0,25608.0,25607.0,18234.0,9836.0,9837.0,17210.0
4072,35449.0,25614.0,25614.0,18234.0,9835.0,9835.0,17215.0
4073,35454.0,25620.0,25619.0,18237.0,9834.0,9835.0,17217.0
4074,35459.0,25624.0,25620.0,18237.0,9835.0,9839.0,17222.0
4075,35464.0,25625.0,25623.0,18241.0,9839.0,9841.0,17223.0
4076,35469.0,25630.0,25628.0,18247.0,9839.0,9841.0,17222.0
4077,35474.0,25630.0,25631.0,18252.0,9844.0,9843.0,17222.0
4078,35479.0,25632.0,25631.0,18252.0,9847.0,9848.0,17227.0
4079,35484.0,25645.0,25636.0,18252.0,9839.0,9848.0,17232.0
4080,35489.0,25650.0,25650.0,18271.0,9839.0,9839.0,17218.0
4081,35494.0,25661.0,25657.0,18276.0,9833.0,9837.0,17218.0
4082,35499.0,25664.0,25658.0,18278.0,9835.0,9841.0,17221.0
4083,35504.0,25668.0,25658.0,18281.0,9836.0,9846.0,17223.0
4084,35509.0,25674.0,25661.0,18281.0,9835.0,9848.0,17228.0
4085,35514.0,25681.0,25665.0,18283.0,9833.0,9849.0,17231.0
4086,35519.0,25683.0,25674.0,18288.0,9836.0,9845.0,17231.0
4087,35524.0,25689.0,25674.0,18290.0,9835.0,9850.0,17234.0
4088,35529.0,25691.0,25681.0,18292.0,9838.0,9848.0,17237.0
4089,35534.0,25700.0,25692.0,18298.0,9834.0,9842.0,17236.0
4090,35539.0,25701.0,25698.0,18300.0,9838.0,9841.0,17239.0
4091,35544.0,25714.0,25711.0,18311.0,9830.0,9833.0,17233.0
4092,35549.0,25716.0,25713.0,18312.0,9833.0,9836.0,17237.0
4093,35554.0,25721.0,25715.0,18312.0,9833.0,9839.0,17242.0
4094,35559.0,25733.0,25720.0,18321.0,9826.0,9839.0,17238.0
4095,35564.0,25741.0,25720.0,18331.0,9823.0,9844.0,17233.0
4096,35569.0,25751.0,25720.0,18331.0,9818.0,9849.0,17238.0
4097,35574.0,25763.0,25724.0,18335.0,9811.0,9850.0,17239.0
4098,35579.0,25772.0,25732.0,18335.0,9807.0,9847.0,17244.0
4099,35584.0,25774.0,25740.0,18336.0,9810.0,9844.0,17248.0
4100,35589.0,25779.0,25743.0,18348.0,9810.0,9846.0,17241.0
4101,35594.0,25780.0,25751.0,18348.0,9814.0,9843.0,17246.0
4102,35599.0,25785.0,25751.0,18355.0,9814.0,9848.0,17244.0
4103,35604.0,25793.0,25756.0,18356.0,9811.0,9848.0,17248.0
4104,35609.0,25796.0,25759.0,18356.0,9813.0,9850.0,17253.0
4105,35614.0,25807.0,25768.0,18369.0,9807.0,9846.0,17245.0
4106,35619.0,25819.0,25770.0,18378.0,9800.0,9849.0,17241.0
4107,35624.0,25823.0,25781.0,18381.0,9801.0,9843.0,17243.0
4108,35629.0,25831.0,25783.0,18382.0,9798.0,9846.0,17247.0
4109,35634.0,25840.0,25791.0,18382.0,9794.0,9843.0,17252.0
4110,35639.0,25844.0,25795.0,18384.0,9795.0,9844.0,17255.0
4111,35644.0,25845.0,25797.0,18386.0,9799.0,9847.0,17258.0
4112,35649.0,25851.0,25801.0,18388.0,9798.0,9848.0,17261.0
4113,35654.0,25853.0,25807.0,18390.0,9801.0,9847.0,17264.0
4114,35659.0,25858.0,25815.0,18396.0,9801.0,9844.0,17263.0
4115,35664.0,25869.0,25817.0,18398.0,9795.0,9847.0,17266.0
4116,35669.0,25871.0,25819.0,18400.0,9798.0,9850.0,17269.0
4117,35674.0,25875.0,25822.0,18402.0,9799.0,9852.0,17272.0
4118,35679.0,25884.0,25834.0,18406.0,9795.0,9845.0,17273.0
4119,35684.0,25896.0,25834.0,18410.0,9788.0,9850.0,17274.0
4120,35689.0,25906.0,25837.0,18417.0,9783.0,9852.0,17272.0
4121,35694.0,25909.0,25844.0,18424.0,9785.0,9850.0,17270.0
4122,35699.0,25909.0,25849.0,18425.0,9790.0,9850.0,17274.0
4123,35704.0,25925.0,25859.0,18426.0,9779.0,9845.0,17278.0
4124,35709.0,25930.0,25865.0,18426.0,9779.0,9844.0,17283.0
4125,35714.0,25937.0,25875.0,18430.0,9777.0,9839.0,17284.0
4126,35719.0,25940.0,25878.0,18431.0,9779.0,9841.0,17288.0
4127,35724.0,25947.0,25879.0,18432.0,9777.0,9845.0,17292.0
4128,35729.0,25948.0,25889.0,18436.0,9781.0,9840.0,17293.0
4129,35734.0,25949.0,25891.0,18439.0,9785.0,9843.0,17295.0
4130,35739.0,25951.0,25903.0,18439.0,9788.0,9836.0,17300.0
4131,35744.0,25951.0,25903.0,18439.0,9793.0,9841.0,17305.0
4132,35749.0,25962.0,25916.0,18445.0,9787.0,9833.0,17304.0
4133,35754.0,25964.0,25924.0,18451.0,9790.0,9830.0,17303.0
4134,35759.0,25968.0,25929.0,18455.0,9791.0,9830.0,17304.0
4135,35764.0,25973.0,25940.0,18461.0,9791.0,9824.0,17303.0
4136,35769.0,25976.0,25947.0,18461.0,9793.0,9822.0,17308.0
4137,35774.0,25976.0,25947.0,18462.0,9798.0,9827.0,17312.0
4138,35779.0,25980.0,25950.0,18474.0,9799.0,9829.0,17305.0
4139,35784.0,25980.0,25954.0,18474.0,9804.0,9830.0,17310.0
4140,35789.0,25989.0,25958.0,18476.0,9800.0,9831.0,17313.0
4141,35794.0,25997.0,25962.0,18483.0,9797.0,9832.0,17311.0
4142,35799.0,25999.0,25964.0,18489.0,9800.0,9835.0,17310.0
4143,35804.0,26001.0,25967.0,18492.0,9803.0,9837.0,17312.0
4144,35809.0,26008.0,25971.0,18499.0,9801.0,9838.0,17310.0
4145,35814.0,26013.0,25972.0,18515.0,9801.0,9842.0,17299.0
4146,35819.0,26019.0,25977.0,18515.0,9800.0,9842.0,17304.0
4147,35824.0,26032.0,25985.0,18521.0,9792.0,9839.0,17303.0
4148,35829.0,26038.0,25986.0,18527.0,9791.0,9843.0,17302.0
4149,35834.0,26046.0,25994.0,18527.0,9788.0,9840.0,17307.0
4150,35839.0,26059.0,25994.0,18527.0,9780.0,9845.0,17312.0
4151,35844.0,26072.0,25996.0,18535.0,9772.0,9848.0,17309.0
4152,35849.0,26090.0,26006.0,18536.0,9759.0,9843.0,17313.0
4153,35854.0,26091.0,26016.0,18539.0,9763.0,9838.0,17315.0
4154,35859.0,26097.0,26023.0,18540.0,9762.0,9836.0,17319.0
4155,35864.0,26106.0,26027.0,18549.0,9758.0,9837.0,17315.0
4156,35869.0,26107.0,26032.0,18555.0,9762.0,9837.0,17314.0
4157,35874.0,26112.0,26032.0,18557.0,9762.0,9842.0,17317.0
4158,35879.0,26117.0,26037.0,18559.0,9762.0,9842.0,17320.0
4159,35884.0,26126.0,26039.0,18569.0,9758.0,9845.0,17315.0
4160,35889.0,26130.0,26039.0,18569.0,9759.0,9850.0,17320.0
4161,35894.0,26131.0,26039.0,18569.0,9763.0,9855.0,17325.0
4162,35899.0,26143.0,26053.0,18575.0,9756.0,9846.0,17324.0
4163,35904.0,26151.0,26063.0,18576.0,9753.0,9841.0,17328.0
4164,35909.0,26157.0,26073.0,18576.0,9752.0,9836.0,17333.0
4165,35914.0,26163.0,26078.0,18577.0,9751.0,9836.0,17337.0
4166,35919.0,26169.0,26081.0,18584.0,9750.0,9838.0,17335.0
4167,35924.0,26175.0,26086.0,18600.0,9749.0,9838.0,17324.0
4168,35929.0,26179.0,26100.0,18603.0,9750.0,9829.0,17326.0
4169,35934.0,26186.0,26100.0,18611.0,9748.0,9834.0,17323.0
4170,35939.0,26189.0,26102.0,18613.0,9750.0,9837.0,17326.0
4171,35944.0,26191.0,26103.0,18617.0,9753.0,9841.0,17327.0
4172,35949.0,26192.0,26104.0,18617.0,9757.0,9845.0,17332.0
4173,35954.0,26194.0,26104.0,18627.0,9760.0,9850.0,17327.0
4174,35959.0,26197.0,26113.0,18629.0,9762.0,9846.0,17330.0
4175,35964.0,26197.0,26116.0,18634.0,9767.0,9848.0,17330.0
4176,35969.0,26211.0,26123.0,18647.0,9758.0,9846.0,17322.0
4177,35974.0,26211.0,26129.0,18647.0,9763.0,9845.0,17327.0
4178,35979.0,26214.0,26137.0,18652.0,9765.0,9842.0,17327.0
4179,35984.0,26225.0,26148.0,18665.0,9759.0,9836.0,17319.0
4180,35989.0,26230.0,26150.0,18665.0,9759.0,9839.0,17324.0
4181,35994.0,26240.0,26153.0,18666.0,9754.0,9841.0,17328.0
4182,35999.0,26247.0,26162.0,18668.0,9752.0,9837.0,17331.0
4183,36004.0,26248.0,26163.0,18673.0,9756.0,9841.0,17331.0
4184,36009.0,26254.0,26171.0,18673.0,9755.0,9838.0,17336.0
4185,36014.0,26255.0,26174.0,18677.0,9759.0,9840.0,17337.0
4186,36019.0,26265.0,26179.0,18677.0,9754.0,9840.0,17342.0
4187,36024.0,26269.0,26183.0,18689.0,9755.0,9841.0,17335.0
4188,36029.0,26271.0,26186.0,18692.0,9758.0,9843.0,17337.0
4189,36034.0,26278.0,26198.0,18695.0,9756.0,9836.0,17339.0
4190,36039.0,26282.0,26198.0,18703.0,9757.0,9841.0,17336.0
4191,36044.0,26283.0,26208.0,18708.0,9761.0,9836.0,17336.0
4192,36049.0,26285.0,26213.0,18718.0,9764.0,9836.0,17331.0
4193,36054.0,26289.0,26218.0,18718.0,9765.0,9836.0,17336.0
4194,36059.0,26298.0,26224.0,18721.0,9761.0,9835.0,17338.0
4195,36064.0,26302.0,26230.0,18732.0,9762.0,9834.0,17332.0
4196,36069.0,26305.0,26234.0,18741.0,9764.0,9835.0,17328.0
4197,36074.0,26310.0,26237.0,18753.0,9764.0,9837.0,17321.0
4198,36079.0,26316.0,26239.0,18759.0,9763.0,9840.0,17320.0
4199,36084.0,26316.0,26246.0,18765.0,9768.0,9838.0,17319.0
4200,36089.0,26322.0,26261.0,18767.0,9767.0,9828.0,17322.0
4201,36094.0,26329.0,26262.0,18774.0,9765.0,9832.0,17320.0
4202,36099.0,26337.0,26271.0,18774.0,9762.0,9828.0,17325.0
4203,36104.0,26347.0,26279.0,18777.0,9757.0,9825.0,17327.0
4204,36109.0,26352.0,26281.0,18780.0,9757.0,9828.0,17329.0
4205,36114.0,26356.0,26287.0,18794.0,9758.0,9827.0,17320.0
4206,36119.0,26359.0,26292.0,18797.0,9760.0,9827.0,17322.0
4207,36124.0,26363.0,26297.0,18797.0,9761.0,9827.0,17327.0
4208,36129.0,26370.0,26304.0,18807.0,9759.0,9825.0,17322.0
4209,36134.0,26372.0,26310.0,18812.0,9762.0,9824.0,17322.0
4210,36139.0,26375.0,26310.0,18816.0,9764.0,9829.0,17323.0
4211,36144.0,26375.0,26315.0,18829.0,9769.0,9829.0,17315.0
4212,36149.0,26379.0,26327.0,18830.0,9770.0,9822.0,17319.0
4213,36154.0,26387.0,26328.0,18837.0,9767.0,9826.0,17317.0
4214,36159.0,26388.0,26338.0,18841.0,9771.0,9821.0,17318.0
4215,36164.0,26394.0,26340.0,18845.0,9770.0,9824.0,17319.0
4216,36169.0,26399.0,26348.0,18847.0,9770.0,9821.0,17322.0
4217,36174.0,26409.0,26351.0,18847.0,9765.0,9823.0,17327.0
4218,36179.0,26413.0,26354.0,18848.0,9766.0,9825.0,17331.0
4219,36184.0,26416.0,26356.0,18851.0,9768.0,9828.0,17333.0
4220,36189.0,26430.0,26362.0,18864.0,9759.0,9827.0,17325.0
4221,36194.0,26436.0,26367.0,18864.0,9758.0,9827.0,17330.0
4222,36198.0,26440.0,26372.0,18870.0,9758.0,9826.0,17328.0
4223,36202.0,26451.0,26372.0,18873.0,9751.0,9830.0,17329.0
4224,36206.0,26451.0,26381.0,18873.0,9755.0,9825.0,17333.0
4225,36210.0,26460.0,26386.0,18877.0,9750.0,9824.0,17333.0
4226,36214.0,26470.0,26390.0,18884.0,9744.0,9824.0,17330.0
4227,36218.0,26470.0,26393.0,18893.0,9748.0,9825.0,17325.0
4228,36222.0,26471.0,26399.0,18895.0,9751.0,9823.0,17327.0
4229,36226.0,26473.0,26407.0,18906.0,9753.0,9819.0,17320.0
4230,36230.0,26475.0,26416.0,18914.0,9755.0,9814.0,17316.0
4231,36234.0,26480.0,26428.0,18922.0,9754.0,9806.0,17312.0
4232,36238.0,26480.0,26439.0,18925.0,9758.0,9799.0,17313.0
4233,36242.0,26485.0,26445.0,18925.0,9757.0,9797.0,17317.0
4234,36246.0,26490.0,26452.0,18929.0,9756.0,9794.0,17317.0
4235,36250.0,26500.0,26452.0,18929.0,9750.0,9798.0,17321.0
4236,36254.0,26501.0,26453.0,18935.0,9753.0,9801.0,17319.0
4237,36258.0,26503.0,26454.0,18942.0,9755.0,9804.0,17316.0
4238,36262.0,26508.0,26457.0,18944.0,9754.0,9805.0,17318.0
4239,36266.0,26510.0,26464.0,18945.0,9756.0,9802.0,17321.0
4240,36270.0,26526.0,26464.0,18946.0,9744.0,9806.0,17324.0
4241,36274.0,26527.0,26468.0,18955.0,9747.0,9806.0,17319.0
4242,36278.0,26537.0,26477.0,18959.0,9741.0,9801.0,17319.0
4243,36282.0,26542.0,26477.0,18961.0,9740.0,9805.0,17321.0
4244,36286.0,26542.0,26482.0,18964.0,9744.0,9804.0,17322.0
4245,36290.0,26547.0,26483.0,18970.0,9743.0,9807.0,17320.0
4246,36294.0,26553.0,26484.0,18970.0,9741.0,9810.0,17324.0
4247,36298.0,26560.0,26488.0,18974.0,9738.0,9810.0,17324.0
4248,36302.0,26571.0,26494.0,18978.0,9731.0,9808.0,17324.0
4249,36306.0,26582.0,26494.0,18988.0,9724.0,9812.0,17318.0
4250,36310.0,26582.0,26503.0,18988.0,9728.0,9807.0,17322.0
4251,36314.0,26586.0,26503.0,18993.0,9728.0,9811.0,17321.0
4252,36318.0,26586.0,26516.0,18997.0,9732.0,9802.0,17321.0
4253,36322.0,26591.0,26521.0,18997.0,9731.0,9801.0,17325.0
4254,36326.0,26605.0,26528.0,18999.0,9721.0,9798.0,17327.0
4255,36330.0,26605.0,26532.0,19001.0,9725.0,9798.0,17329.0
4256,36334.0,26610.0,26548.0,19014.0,9724.0,9786.0,17320.0
4257,36338.0,26627.0,26549.0,19018.0,9711.0,9789.0,17320.0
4258,36342.0,26631.0,26553.0,19025.0,9711.0,9789.0,17317.0
4259,36346.0,26639.0,26566.0,19026.0,9707.0,9780.0,17320.0
4260,36350.0,26642.0,26569.0,19026.0,9708.0,9781.0,17324.0
4261,36354.0,26647.0,26575.0,19027.0,9707.0,9779.0,17327.0
4262,36358.0,26654.0,26582.0,19037.0,9704.0,9776.0,17321.0
4263,36362.0,26656.0,26588.0,19041.0,9706.0,9774.0,17321.0
4264,36366.0,26660.0,26590.0,19041.0,9706.0,9776.0,17325.0
4265,36370.0,26662.0,26594.0,19041.0,9708.0,9776.0,17329.0
4266,36374.0,26665.0,26597.0,19045.0,9709.0,9777.0,17329.0
4267,36378.0,26668.0,26608.0,19052.0,9710.0,9770.0,17326.0
4268,36382.0,26671.0,26615.0,19057.0,9711.0,9767.0,17325.0
4269,36386.0,26674.0,26615.0,19057.0,9712.0,9771.0,17329.0
4270,36390.0,26679.0,26619.0,19060.0,9711.0,9771.0,17330.0
4271,36394.0,26686.0,26619.0,19063.0,9708.0,9775.0,17331.0
4272,36398.0,26695.0,26623.0,19063.0,9703.0,9775.0,17335.0
4273,36402.0,26695.0,26625.0,19065.0,9707.0,9777.0,17337.0
4274,36406.0,26698.0,26630.0,19066.0,9708.0,9776.0,17340.0
4275,36410.0,26710.0,26632.0,19073.0,9700.0,9778.0,17337.0
4276,36414.0,26711.0,26643.0,19073.0,9703.0,9771.0,17341.0
4277,36418.0,26714.0,26643.0,19075.0,9704.0,9775.0,17343.0
4278,36422.0,26717.0,26649.0,19084.0,9705.0,9773.0,17338.0
4279,36426.0,26719.0,26650.0,19087.0,9707.0,9776.0,17339.0
4280,36430.0,26721.0,26652.0,19096.0,9709.0,9778.0,17334.0
4281,36434.0,26732.0,26653.0,19098.0,9702.0,9781.0,17336.0
4282,36438.0,26742.0,26653.0,19100.0,9696.0,9785.0,17338.0
4283,36442.0,26745.0,26667.0,19107.0,9697.0,9775.0,17335.0
4284,36446.0,26748.0,26673.0,19115.0,9698.0,9773.0,17331.0
4285,36450.0,26762.0,26674.0,19124.0,9688.0,9776.0,17326.0
4286,36454.0,26765.0,26687.0,19127.0,9689.0,9767.0,17327.0
4287,36458.0,26779.0,26690.0,19127.0,9679.0,9768.0,17331.0
4288,36462.0,26783.0,26694.0,19144.0,9679.0,9768.0,17318.0
4289,36466.0,26783.0,26694.0,19156.0,9683.0,9772.0,17310.0
4290,36470.0,26783.0,26699.0,19156.0,9687.0,9771.0,17314.0
4291,36474.0,26788.0,26701.0,19163.0,9686.0,9773.0,17311.0
4292,36478.0,26791.0,26703.0,19163.0,9687.0,9775.0,17315.0
4293,36482.0,26799.0,26705.0,19163.0,9683.0,9777.0,17319.0
4294,36486.0,26800.0,26709.0,19163.0,9686.0,9777.0,17323.0
4295,36490.0,26802.0,26720.0,19163.0,9688.0,9770.0,17327.0
4296,36494.0,26803.0,26730.0,19174.0,9691.0,9764.0,17320.0
4297,36498.0,26803.0,26736.0,19180.0,9695.0,9762.0,17318.0
4298,36502.0,26804.0,26741.0,19180.0,9698.0,9761.0,17322.0
4299,36506.0,26807.0,26745.0,19183.0,9699.0,9761.0,17323.0
4300,36510.0,26807.0,26752.0,19183.0,9703.0,9758.0,17327.0
4301,36514.0,26816.0,26753.0,19184.0,9698.0,9761.0,17330.0
4302,36518.0,26822.0,26755.0,19196.0,9696.0,9763.0,17322.0
4303,36522.0,26828.0,26756.0,19198.0,9694.0,9766.0,17324.0
4304,36526.0,26829.0,26758.0,19198.0,9697.0,9768.0,17328.0
4305,36530.0,26837.0,26762.0,19203.0,9693.0,9768.0,17327.0
4306,36534.0,26844.0,26776.0,19203.0,9690.0,9758.0,17331.0
4307,36538.0,26851.0,26779.0,19203.0,9687.0,9759.0,17335.0
4308,36542.0,26858.0,26785.0,19206.0,9684.0,9757.0,17336.0
4309,36546.0,26862.0,26789.0,19213.0,9684.0,9757.0,17333.0
4310,36550.0,26866.0,26789.0,19215.0,9684.0,9761.0,17335.0
4311,36554.0,26876.0,26795.0,19217.0,9678.0,9759.0,17337.0
4312,36558.0,26881.0,26796.0,19218.0,9677.0,9762.0,17340.0
4313,36562.0,26889.0,26803.0,19218.0,9673.0,9759.0,17344.0
4314,36566.0,26892.0,26809.0,19218.0,9674.0,9757.0,17348.0
4315,36570.0,26894.0,26810.0,19223.0,9676.0,9760.0,17347.0
4316,36574.0,26899.0,26818.0,19225.0,9675.0,9756.0,17349.0
4317,36578.0,26900.0,26820.0,19230.0,9678.0,9758.0,17348.0
4318,36582.0,26905.0,26826.0,19230.0,9677.0,9756.0,17352.0
4319,36586.0,26907.0,26839.0,19230.0,9679.0,9747.0,17356.0
4320,36590.0,26923.0,26844.0,19231.0,9667.0,9746.0,17359.0
4321,36594.0,26925.0,26844.0,19237.0,9669.0,9750.0,17357.0
4322,36598.0,26928.0,26847.0,19237.0,9670.0,9751.0,17361.0
4323,36602.0,26931.0,26849.0,19248.0,9671.0,9753.0,17354.0
4324,36606.0,26935.0,26862.0,19259.0,9671.0,9744.0,17347.0
4325,36610.0,26941.0,26867.0,19265.0,9669.0,9743.0,17345.0
4326,36614.0,26947.0,26867.0,19273.0,9667.0,9747.0,17341.0
4327,36618.0,26957.0,26872.0,19278.0,9661.0,9746.0,17340.0
4328,36622.0,26957.0,26873.0,19278.0,9665.0,9749.0,17344.0
4329,36626.0,26962.0,26877.0,19282.0,9664.0,9749.0,17344.0
4330,36630.0,26970.0,26887.0,19289.0,9660.0,9743.0,17341.0
4331,36634.0,26975.0,26897.0,19294.0,9659.0,9737.0,17340.0
4332,36638.0,26987.0,26909.0,19300.0,9651.0,9729.0,17338.0
4333,36642.0,26991.0,26919.0,19304.0,9651.0,9723.0,17338.0
4334,36646.0,26999.0,26927.0,19312.0,9647.0,9719.0,17334.0
4335,36650.0,26999.0,26934.0,19325.0,9651.0,9716.0,17325.0
4336,36654.0,27001.0,26939.0,19329.0,9653.0,9715.0,17325.0
4337,36658.0,27004.0,26943.0,19335.0,9654.0,9715.0,17323.0
4338,36662.0,27015.0,26945.0,19335.0,9647.0,9717.0,17327.0
4339,36666.0,27015.0,26950.0,19335.0,9651.0,9716.0,17331.0
4340,36670.0,27021.0,26960.0,19343.0,9649.0,9710.0,17327.0
4341,36674.0,27022.0,26963.0,19343.0,9652.0,9711.0,17331.0
4342,36678.0,27032.0,26966.0,19344.0,9646.0,9712.0,17334.0
4343,36682.0,27032.0,26966.0,19344.0,9650.0,9716.0,17338.0
4344,36686.0,27044.0,26973.0,19357.0,9642.0,9713.0,17329.0
4345,36690.0,27046.0,26977.0,19365.0,9644.0,9713.0,17325.0
4346,36694.0,27056.0,26978.0,19366.0,9638.0,9716.0,17328.0
4347,36698.0,27057.0,26981.0,19368.0,9641.0,9717.0,17330.0
4348,36702.0,27058.0,26983.0,19373.0,9644.0,9719.0,17329.0
4349,36706.0,27063.0,26984.0,19375.0,9643.0,9722.0,17331.0
4350,36710.0,27067.0,26986.0,19375.0,9643.0,9724.0,17335.0
4351,36714.0,27073.0,26993.0,19386.0,9641.0,9721.0,17328.0
4352,36718.0,27084.0,26998.0,19396.0,9634.0,9720.0,17322.0
4353,36722.0,27086.0,27004.0,19402.0,9636.0,9718.0,17320.0
4354,36726.0,27100.0,27013.0,19405.0,9626.0,9713.0,17321.0
4355,36730.0,27101.0,27019.0,19413.0,9629.0,9711.0,17317.0
4356,36734.0,27112.0,27021.0,19421.0,9622.0,9713.0,17313.0
4357,36738.0,27112.0,27022.0,19434.0,9626.0,9716.0,17304.0
4358,36742.0,27116.0,27025.0,19441.0,9626.0,9717.0,17301.0
4359,36746.0,27123.0,27026.0,19455.0,9623.0,9720.0,17291.0
4360,36750.0,27123.0,27032.0,19462.0,9627.0,9718.0,17288.0
4361,36754.0,27130.0,27035.0,19476.0,9624.0,9719.0,17278.0
4362,36758.0,27133.0,27044.0,19482.0,9625.0,9714.0,17276.0
4363,36762.0,27136.0,27047.0,19486.0,9626.0,9715.0,17276.0
4364,36766.0,27138.0,27052.0,19498.0,9628.0,9714.0,17268.0
4365,36770.0,27142.0,27053.0,19510.0,9628.0,9717.0,17260.0
4366,36774.0,27142.0,27059.0,19510.0,9632.0,9715.0,17264.0
4367,36778.0,27144.0,27059.0,19514.0,9634.0,9719.0,17264.0
4368,36782.0,27144.0,27065.0,19514.0,9638.0,9717.0,17268.0
4369,36786.0,27156.0,27065.0,19519.0,9630.0,9721.0,17267.0
4370,36790.0,27166.0,27066.0,19529.0,9624.0,9724.0,17261.0
4371,36794.0,27174.0,27072.0,19529.0,9620.0,9722.0,17265.0
4372,36798.0,27184.0,27082.0,19529.0,9614.0,9716.0,17269.0
4373,36802.0,27190.0,27088.0,19540.0,9612.0,9714.0,17262.0
4374,36806.0,27190.0,27090.0,19548.0,9616.0,9716.0,17258.0
4375,36810.0,27191.0,27101.0,19552.0,9619.0,9709.0,17258.0
4376,36814.0,27197.0,27103.0,19556.0,9617.0,9711.0,17258.0
4377,36818.0,27202.0,27107.0,19559.0,9616.0,9711.0,17259.0
4378,36822.0,27208.0,27118.0,19563.0,9614.0,9704.0,17259.0
4379,36826.0,27208.0,27120.0,19577.0,9618.0,9706.0,17249.0
4380,36830.0,27210.0,27124.0,19583.0,9620.0,9706.0,17247.0
4381,36834.0,27210.0,27134.0,19584.0,9624.0,9700.0,17250.0
4382,36838.0,27212.0,27141.0,19584.0,9626.0,9697.0,17254.0
4383,36842.0,27212.0,27141.0,19586.0,9630.0,9701.0,17256.0
4384,36846.0,27222.0,27141.0,19586.0,9624.0,9705.0,17260.0
4385,36850.0,27225.0,27153.0,19589.0,9625.0,9697.0,17261.0
4386,36854.0,27238.0,27155.0,19598.0,9616.0,9699.0,17256.0
4387,36858.0,27254.0,27158.0,19599.0,9604.0,9700.0,17259.0
4388,36862.0,27254.0,27163.0,19600.0,9608.0,9699.0,17262.0
4389,36866.0,27262.0,27166.0,19600.0,9604.0,9700.0,17266.0
4390,36870.0,27266.0,27172.0,19601.0,9604.0,9698.0,17269.0
4391,36874.0,27278.0,27183.0,19607.0,9596.0,9691.0,17267.0
4392,36878.0,27281.0,27194.0,19608.0,9597.0,9684.0,17270.0
4393,36882.0,27286.0,27200.0,19608.0,9596.0,9682.0,17274.0
4394,36886.0,27299.0,27200.0,19614.0,9587.0,9686.0,17272.0
4395,36890.0,27300.0,27207.0,19622.0,9590.0,9683.0,17268.0
4396,36894.0,27307.0,27208.0,19622.0,9587.0,9686.0,17272.0
4397,36898.0,27319.0,27209.0,19623.0,9579.0,9689.0,17275.0
4398,36902.0,27326.0,27210.0,19623.0,9576.0,9692.0,17279.0
4399,36906.0,27333.0,27225.0,19625.0,9573.0,9681.0,17281.0
4400,36910.0,27336.0,27225.0,19641.0,9574.0,9685.0,17269.0
4401,36914.0,27343.0,27228.0,19649.0,9571.0,9686.0,17265.0
4402,36918.0,27352.0,27229.0,19656.0,9566.0,9689.0,17262.0
4403,36922.0,27357.0,27233.0,19660.0,9565.0,9689.0,17262.0
4404,36926.0,27369.0,27239.0,19665.0,9557.0,9687.0,17261.0
4405,36930.0,27371.0,27241.0,19668.0,9559.0,9689.0,17262.0
4406,36934.0,27372.0,27241.0,19672.0,9562.0,9693.0,17262.0
4407,36938.0,27382.0,27246.0,19679.0,9556.0,9692.0,17259.0
4408,36942.0,27384.0,27251.0,19679.0,9558.0,9691.0,17263.0
4409,36946.0,27393.0,27256.0,19695.0,9553.0,9690.0,17251.0
4410,36950.0,27400.0,27256.0,19696.0,9550.0,9694.0,17254.0
4411,36954.0,27403.0,27270.0,19706.0,9551.0,9684.0,17248.0
4412,36958.0,27406.0,27270.0,19706.0,9552.0,9688.0,17252.0
4413,36962.0,27422.0,27273.0,19711.0,9540.0,9689.0,17251.0
4414,36966.0,27432.0,27274.0,19721.0,9534.0,9692.0,17245.0
4415,36970.0,27438.0,27285.0,19723.0,9532.0,9685.0,17247.0
4416,36974.0,27445.0,27296.0,19730.0,9529.0,9678.0,17244.0
4417,36978.0,27453.0,27301.0,19731.0,9525.0,9677.0,17247.0
4418,36982.0,27462.0,27307.0,19733.0,9520.0,9675.0,17249.0
4419,36986.0,27463.0,27309.0,19733.0,9523.0,9677.0,17253.0
4420,36990.0,27466.0,27312.0,19737.0,9524.0,9678.0,17253.0
4421,36994.0,27470.0,27316.0,19741.0,9524.0,9678.0,17253.0
4422,36998.0,27474.0,27329.0,19743.0,9524.0,9669.0,17255.0
4423,37002.0,27480.0,27329.0,19747.0,9522.0,9673.0,17255.0
4424,37006.0,27490.0,27329.0,19758.0,9516.0,9677.0,17248.0
4425,37010.0,27494.0,27335.0,19763.0,9516.0,9675.0,17247.0
4426,37014.0,27496.0,27336.0,19763.0,9518.0,9678.0,17251.0
4427,37018.0,27507.0,27338.0,19765.0,9511.0,9680.0,17253.0
4428,37022.0,27509.0,27353.0,19768.0,9513.0,9669.0,17254.0
4429,37026.0,27511.0,27362.0,19768.0,9515.0,9664.0,17258.0
4430,37030.0,27524.0,27366.0,19778.0,9506.0,9664.0,17252.0
4431,37034.0,27529.0,27371.0,19778.0,9505.0,9663.0,17256.0
4432,37038.0,27529.0,27373.0,19791.0,9509.0,9665.0,17247.0
4433,37042.0,27533.0,27390.0,19793.0,9509.0,9652.0,17249.0
4434,37046.0,27538.0,27394.0,19806.0,9508.0,9652.0,17240.0
4435,37050.0,27549.0,27396.0,19814.0,9501.0,9654.0,17236.0
4436,37054.0,27549.0,27400.0,19820.0,9505.0,9654.0,17234.0
4437,37058.0,27554.0,27401.0,19829.0,9504.0,9657.0,17229.0
4438,37062.0,27560.0,27405.0,19829.0,9502.0,9657.0,17233.0
4439,37066.0,27568.0,27408.0,19838.0,9498.0,9658.0,17228.0
4440,37070.0,27578.0,27412.0,19839.0,9492.0,9658.0,17231.0
4441,37074.0,27581.0,27421.0,19840.0,9493.0,9653.0,17234.0
4442,37078.0,27582.0,27422.0,19850.0,9496.0,9656.0,17228.0
4443,37082.0,27582.0,27425.0,19862.0,9500.0,9657.0,17220.0
4444,37086.0,27585.0,27425.0,19867.0,9501.0,9661.0,17219.0
4445,37090.0,27587.0,27432.0,19867.0,9503.0,9658.0,17223.0
4446,37094.0,27598.0,27434.0,19867.0,9496.0,9660.0,17227.0
4447,37098.0,27602.0,27438.0,19869.0,9496.0,9660.0,17229.0
4448,37102.0,27606.0,27438.0,19876.0,9496.0,9664.0,17226.0
4449,37106.0,27617.0,27439.0,19879.0,9489.0,9667.0,17227.0
4450,37110.0,27621.0,27440.0,19879.0,9489.0,9670.0,17231.0
4451,37114.0,27622.0,27444.0,19880.0,9492.0,9670.0,17234.0
4452,37118.0,27629.0,27448.0,19882.0,9489.0,9670.0,17236.0
4453,37122.0,27642.0,27450.0,19882.0,9480.0,9672.0,17240.0
4454,37126.0,27646.0,27454.0,19890.0,9480.0,9672.0,17236.0
4455,37130.0,27656.0,27455.0,19894.0,9474.0,9675.0,17236.0
4456,37134.0,27659.0,27466.0,19895.0,9475.0,9668.0,17239.0
4457,37138.0,27664.0,27469.0,19906.0,9474.0,9669.0,17232.0
4458,37142.0,27672.0,27471.0,19913.0,9470.0,9671.0,17229.0
4459,37146.0,27678.0,27487.0,19919.0,9468.0,9659.0,17227.0
4460,37150.0,27683.0,27500.0,19919.0,9467.0,9650.0,17231.0
4461,37154.0,27685.0,27504.0,19920.0,9469.0,9650.0,17234.0
4462,37158.0,27694.0,27507.0,19924.0,9464.0,9651.0,17234.0
4463,37162.0,27702.0,27507.0,19935.0,9460.0,9655.0,17227.0
4464,37166.0,27708.0,27519.0,19935.0,9458.0,9647.0,17231.0
4465,37170.0,27712.0,27523.0,19936.0,9458.0,9647.0,17234.0
4466,37174.0,27719.0,27527.0,19940.0,9455.0,9647.0,17234.0
4467,37178.0,27726.0,27527.0,19944.0,9452.0,9651.0,17234.0
4468,37182.0,27737.0,27540.0,19944.0,9445.0,9642.0,17238.0
4469,37186.0,27738.0,27546.0,19947.0,9448.0,9640.0,17239.0
4470,37190.0,27744.0,27556.0,19952.0,9446.0,9634.0,17238.0
4471,37194.0,27747.0,27574.0,19962.0,9447.0,9620.0,17232.0
4472,37198.0,27751.0,27581.0,19965.0,9447.0,9617.0,17233.0
4473,37202.0,27752.0,27590.0,19966.0,9450.0,9612.0,17236.0
4474,37206.0,27752.0,27598.0,19966.0,9454.0,9608.0,17240.0
4475,37210.0,27762.0,27600.0,19966.0,9448.0,9610.0,17244.0
4476,37214.0,27771.0,27603.0,19970.0,9443.0,9611.0,17244.0
4477,37218.0,27774.0,27606.0,19973.0,9444.0,9612.0,17245.0
4478,37222.0,27785.0,27607.0,19973.0,9437.0,9615.0,17249.0
4479,37226.0,27791.0,27609.0,19977.0,9435.0,9617.0,17249.0
4480,37230.0,27793.0,27622.0,19977.0,9437.0,9608.0,17253.0
4481,37234.0,27797.0,27633.0,19978.0,9437.0,9601.0,17256.0
4482,37238.0,27797.0,27638.0,19987.0,9441.0,9600.0,17251.0
4483,37242.0,27797.0,27641.0,19999.0,9445.0,9601.0,17243.0
4484,37246.0,27805.0,27644.0,20005.0,9441.0,9602.0,17241.0
4485,37250.0,27811.0,27645.0,20005.0,9439.0,9605.0,17245.0
4486,37254.0,27817.0,27651.0,20005.0,9437.0,9603.0,17249.0
4487,37258.0,27827.0,27659.0,20010.0,9431.0,9599.0,17248.0
4488,37262.0,27831.0,27663.0,20012.0,9431.0,9599.0,17250.0
4489,37266.0,27834.0,27668.0,20013.0,9432.0,9598.0,17253.0
4490,37270.0,27841.0,27674.0,20019.0,9429.0,9596.0,17251.0
4491,37274.0,27852.0,27689.0,20032.0,9422.0,9585.0,17242.0
4492,37278.0,27855.0,27695.0,20040.0,9423.0,9583.0,17238.0
4493,37282.0,27863.0,27699.0,20048.0,9419.0,9583.0,17234.0
4494,37286.0,27868.0,27702.0,20052.0,9418.0,9584.0,17234.0
4495,37290.0,27870.0,27713.0,20053.0,9420.0,9577.0,17237.0
4496,37294.0,27873.0,27719.0,20061.0,9421.0,9575.0,17233.0
4497,37298.0,27874.0,27722.0,20066.0,9424.0,9576.0,17232.0
4498,37302.0,27874.0,27725.0,20069.0,9428.0,9577.0,17233.0
4499,37306.0,27886.0,27726.0,20076.0,9420.0,9580.0,17230.0
4500,37310.0,27890.0,27737.0,20076.0,9420.0,9573.0,17234.0
4501,37314.0,27900.0,27745.0,20080.0,9414.0,9569.0,17234.0
4502,37318.0,27912.0,27749.0,20081.0,9406.0,9569.0,17237.0
4503,37322.0,27912.0,27754.0,20081.0,9410.0,9568.0,17241.0
4504,37326.0,27912.0,27757.0,20084.0,9414.0,9569.0,17242.0
4505,37330.0,27912.0,27760.0,20088.0,9418.0,9570.0,17242.0
4506,37334.0,27914.0,27762.0,20097.0,9420.0,9572.0,17237.0
4507,37338.0,27917.0,27770.0,20106.0,9421.0,9568.0,17232.0
4508,37342.0,27929.0,27770.0,20113.0,9413.0,9572.0,17229.0
4509,37346.0,27934.0,27773.0,20127.0,9412.0,9573.0,17219.0
4510,37350.0,27938.0,27773.0,20130.0,9412.0,9577.0,17220.0
4511,37354.0,27943.0,27774.0,20134.0,9411.0,9580.0,17220.0
4512,37358.0,27951.0,27784.0,20140.0,9407.0,9574.0,17218.0
4513,37362.0,27956.0,27789.0,20146.0,9406.0,9573.0,17216.0
4514,37366.0,27963.0,27793.0,20150.0,9403.0,9573.0,17216.0
4515,37370.0,27965.0,27795.0,20164.0,9405.0,9575.0,17206.0
4516,37374.0,27971.0,27811.0,20175.0,9403.0,9563.0,17199.0
4517,37378.0,27982.0,27821.0,20179.0,9396.0,9557.0,17199.0
4518,37382.0,27983.0,27821.0,20187.0,9399.0,9561.0,17195.0
4519,37386.0,27986.0,27821.0,20194.0,9400.0,9565.0,17192.0
4520,37390.0,27987.0,27831.0,20206.0,9403.0,9559.0,17184.0
4521,37394.0,27989.0,27837.0,20206.0,9405.0,9557.0,17188.0
4522,37398.0,27998.0,27839.0,20216.0,9400.0,9559.0,17182.0
4523,37402.0,28002.0,27847.0,20217.0,9400.0,9555.0,17185.0
4524,37406.0,28010.0,27851.0,20225.0,9396.0,9555.0,17181.0
4525,37410.0,28018.0,27855.0,20228.0,9392.0,9555.0,17182.0
4526,37414.0,28020.0,27865.0,20228.0,9394.0,9549.0,17186.0
4527,37418.0,28020.0,27868.0,20228.0,9398.0,9550.0,17190.0
4528,37422.0,28027.0,27875.0,20238.0,9395.0,9547.0,17184.0
4529,37426.0,28035.0,27882.0,20242.0,9391.0,9544.0,17184.0
4530,37430.0,28043.0,27884.0,20245.0,9387.0,9546.0,17185.0
4531,37434.0,28051.0,27895.0,20257.0,9383.0,9539.0,17177.0
4532,37438.0,28052.0,27899.0,20258.0,9386.0,9539.0,17180.0
4533,37442.0,28057.0,27901.0,20260.0,9385.0,9541.0,17182.0
4534,37446.0,28058.0,27908.0,20262.0,9388.0,9538.0,17184.0
4535,37450.0,28069.0,27908.0,20266.0,9381.0,9542.0,17184.0
4536,37454.0,28079.0,27909.0,20277.0,9375.0,9545.0,17177.0
4537,37458.0,28084.0,27922.0,20288.0,9374.0,9536.0,17170.0
4538,37462.0,28093.0,27923.0,20288.0,9369.0,9539.0,17174.0
4539,37466.0,28093.0,27923.0,20289.0,9373.0,9543.0,17177.0
4540,37470.0,28096.0,27930.0,20290.0,9374.0,9540.0,17180.0
4541,37474.0,28101.0,27941.0,20294.0,9373.0,9533.0,17180.0
4542,37478.0,28106.0,27941.0,20294.0,9372.0,9537.0,17184.0
4543,37482.0,28110.0,27945.0,20305.0,9372.0,9537.0,17177.0
4544,37486.0,28116.0,27953.0,20315.0,9370.0,9533.0,17171.0
4545,37490.0,28120.0,27960.0,20316.0,9370.0,9530.0,17174.0
4546,37494.0,28128.0,27965.0,20325.0,9366.0,9529.0,17169.0
4547,37498.0,28140.0,27968.0,20326.0,9358.0,9530.0,17172.0
4548,37502.0,28146.0,27970.0,20329.0,9356.0,9532.0,17173.0
4549,37506.0,28155.0,27987.0,20339.0,9351.0,9519.0,17167.0
4550,37510.0,28157.0,27992.0,20342.0,9353.0,9518.0,17168.0
4551,37514.0,28163.0,28000.0,20343.0,9351.0,9514.0,17171.0
4552,37518.0,28168.0,28000.0,20344.0,9350.0,9518.0,17174.0
4553,37522.0,28171.0,28008.0,20347.0,9351.0,9514.0,17175.0
4554,37526.0,28179.0,28014.0,20349.0,9347.0,9512.0,17177.0
4555,37530.0,28182.0,28017.0,20349.0,9348.0,9513.0,17181.0
4556,37534.0,28190.0,28020.0,20358.0,9344.0,9514.0,17176.0
4557,37538.0,28197.0,28022.0,20367.0,9341.0,9516.0,17171.0
4558,37542.0,28197.0,28033.0,20377.0,9345.0,9509.0,17165.0
4559,37546.0,28198.0,28034.0,20382.0,9348.0,9512.0,17164.0
4560,37550.0,28202.0,28041.0,20388.0,9348.0,9509.0,17162.0
4561,37554.0,28205.0,28047.0,20398.0,9349.0,9507.0,17156.0
4562,37558.0,28206.0,28057.0,20401.0,9352.0,9501.0,17157.0
4563,37562.0,28209.0,28068.0,20406.0,9353.0,9494.0,17156.0
4564,37566.0,28210.0,28069.0,20415.0,9356.0,9497.0,17151.0
4565,37570.0,28212.0,28078.0,20419.0,9358.0,9492.0,17151.0
4566,37574.0,28212.0,28078.0,20429.0,9362.0,9496.0,17145.0
4567,37578.0,28224.0,28079.0,20435.0,9354.0,9499.0,17143.0
4568,37582.0,28234.0,28079.0,20439.0,9348.0,9503.0,17143.0
4569,37586.0,28242.0,28084.0,20439.0,9344.0,9502.0,17147.0
4570,37590.0,28246.0,28085.0,20440.0,9344.0,9505.0,17150.0
4571,37594.0,28249.0,28090.0,20444.0,9345.0,9504.0,17150.0
4572,37598.0,28267.0,28094.0,20447.0,9331.0,9504.0,17151.0
4573,37602.0,28275.0,28098.0,20459.0,9327.0,9504.0,17143.0
4574,37606.0,28279.0,28107.0,20459.0,9327.0,9499.0,17147.0
4575,37610.0,28280.0,28109.0,20459.0,9330.0,9501.0,17151.0
4576,37614.0,28280.0,28112.0,20466.0,9334.0,9502.0,17148.0
4577,37618.0,28288.0,28119.0,20472.0,9330.0,9499.0,17146.0
4578,37622.0,28292.0,28129.0,20486.0,9330.0,9493.0,17136.0
4579,37626.0,28297.0,28132.0,20498.0,9329.0,9494.0,17128.0
4580,37630.0,28309.0,28135.0,20505.0,9321.0,9495.0,17125.0
4581,37634.0,28317.0,28143.0,20519.0,9317.0,9491.0,17115.0
4582,37638.0,28318.0,28144.0,20520.0,9320.0,9494.0,17118.0
4583,37642.0,28328.0,28148.0,20524.0,9314.0,9494.0,17118.0
4584,37646.0,28328.0,28148.0,20526.0,9318.0,9498.0,17120.0
4585,37650.0,28337.0,28154.0,20532.0,9313.0,9496.0,17118.0
4586,37654.0,28348.0,28171.0,20534.0,9306.0,9483.0,17120.0
4587,37658.0,28349.0,28176.0,20537.0,9309.0,9482.0,17121.0
4588,37662.0,28360.0,28184.0,20538.0,9302.0,9478.0,17124.0
4589,37666.0,28369.0,28196.0,20540.0,9297.0,9470.0,17126.0
4590,37670.0,28381.0,28200.0,20544.0,9289.0,9470.0,17126.0
4591,37674.0,28388.0,28206.0,20545.0,9286.0,9468.0,17129.0
4592,37678.0,28393.0,28208.0,20558.0,9285.0,9470.0,17120.0
4593,37682.0,28395.0,28210.0,20561.0,9287.0,9472.0,17121.0
4594,37686.0,28399.0,28215.0,20562.0,9287.0,9471.0,17124.0
4595,37690.0,28406.0,28216.0,20562.0,9284.0,9474.0,17128.0
4596,37694.0,28412.0,28221.0,20562.0,9282.0,9473.0,17132.0
4597,37698.0,28418.0,28226.0,20563.0,9280.0,9472.0,17135.0
4598,37702.0,28419.0,28226.0,20563.0,9283.0,9476.0,17139.0
4599,37706.0,28420.0,28229.0,20572.0,9286.0,9477.0,17134.0
4600,37710.0,28423.0,28233.0,20577.0,9287.0,9477.0,17133.0
4601,37714.0,28430.0,28236.0,20589.0,9284.0,9478.0,17125.0
4602,37718.0,28432.0,28238.0,20598.0,9286.0,9480.0,17120.0
4603,37722.0,28446.0,28244.0,20605.0,9276.0,9478.0,17117.0
4604,37726.0,28456.0,28253.0,20618.0,9270.0,9473.0,17108.0
4605,37730.0,28463.0,28254.0,20618.0,9267.0,9476.0,17112.0
4606,37734.0,28473.0,28262.0,20618.0,9261.0,9472.0,17116.0
4607,37738.0,28481.0,28272.0,20619.0,9257.0,9466.0,17119.0
4608,37742.0,28488.0,28280.0,20619.0,9254.0,9462.0,17123.0
4609,37746.0,28495.0,28284.0,20619.0,9251.0,9462.0,17127.0
4610,37750.0,28499.0,28284.0,20621.0,9251.0,9466.0,17129.0
4611,37754.0,28503.0,28287.0,20621.0,9251.0,9467.0,17133.0
4612,37758.0,28512.0,28289.0,20624.0,9246.0,9469.0,17134.0
4613,37762.0,28516.0,28301.0,20628.0,9246.0,9461.0,17134.0
4614,37766.0,28522.0,28307.0,20637.0,9244.0,9459.0,17129.0
4615,37770.0,28524.0,28307.0,20639.0,9246.0,9463.0,17131.0
4616,37774.0,28538.0,28307.0,20639.0,9236.0,9467.0,17135.0
4617,37778.0,28546.0,28316.0,20644.0,9232.0,9462.0,17134.0
4618,37782.0,28549.0,28318.0,20645.0,9233.0,9464.0,17137.0
4619,37786.0,28549.0,28322.0,20647.0,9237.0,9464.0,17139.0
4620,37790.0,28555.0,28326.0,20647.0,9235.0,9464.0,17143.0
4621,37794.0,28556.0,28331.0,20651.0,9238.0,9463.0,17143.0
4622,37798.0,28558.0,28337.0,20661.0,9240.0,9461.0,17137.0
4623,37802.0,28561.0,28340.0,20666.0,9241.0,9462.0,17136.0
4624,37806.0,28566.0,28343.0,20666.0,9240.0,9463.0,17140.0
4625,37810.0,28573.0,28348.0,20668.0,9237.0,9462.0,17142.0
4626,37814.0,28582.0,28355.0,20668.0,9232.0,9459.0,17146.0
4627,37818.0,28582.0,28359.0,20671.0,9236.0,9459.0,17147.0
4628,37822.0,28588.0,28361.0,20671.0,9234.0,9461.0,17151.0
4629,37826.0,28594.0,28361.0,20681.0,9232.0,9465.0,17145.0
4630,37830.0,28604.0,28367.0,20681.0,9226.0,9463.0,17149.0
4631,37834.0,28609.0,28371.0,20686.0,9225.0,9463.0,17148.0
4632,37838.0,28613.0,28377.0,20694.0,9225.0,9461.0,17144.0
4633,37842.0,28617.0,28380.0,20695.0,9225.0,9462.0,17147.0
4634,37846.0,28621.0,28386.0,20708.0,9225.0,9460.0,17138.0
4635,37850.0,28627.0,28386.0,20711.0,9223.0,9464.0,17139.0
4636,37854.0,28631.0,28387.0,20712.0,9223.0,9467.0,17142.0
4637,37858.0,28633.0,28391.0,20721.0,9225.0,9467.0,17137.0
4638,37862.0,28643.0,28398.0,20722.0,9219.0,9464.0,17140.0
4639,37866.0,28655.0,28408.0,20727.0,9211.0,9458.0,17139.0
4640,37870.0,28658.0,28413.0,20729.0,9212.0,9457.0,17141.0
4641,37874.0,28665.0,28417.0,20741.0,9209.0,9457.0,17133.0
4642,37878.0,28674.0,28419.0,20742.0,9204.0,9459.0,17136.0
4643,37882.0,28681.0,28423.0,20743.0,9201.0,9459.0,17139.0
4644,37886.0,28683.0,28433.0,20752.0,9203.0,9453.0,17134.0
4645,37890.0,28689.0,28433.0,20758.0,9201.0,9457.0,17132.0
4646,37894.0,28692.0,28438.0,20763.0,9202.0,9456.0,17131.0
4647,37898.0,28698.0,28448.0,20772.0,9200.0,9450.0,17126.0
4648,37902.0,28700.0,28450.0,20781.0,9202.0,9452.0,17121.0
4649,37906.0,28700.0,28456.0,20789.0,9206.0,9450.0,17117.0
4650,37910.0,28702.0,28457.0,20789.0,9208.0,9453.0,17121.0
4651,37914.0,28705.0,28461.0,20791.0,9209.0,9453.0,17123.0
4652,37918.0,28716.0,28461.0,20794.0,9202.0,9457.0,17124.0
4653,37922.0,28720.0,28469.0,20794.0,9202.0,9453.0,17128.0
4654,37926.0,28722.0,28482.0,20807.0,9204.0,9444.0,17119.0
4655,37930.0,28730.0,28482.0,20809.0,9200.0,9448.0,17121.0
4656,37934.0,28732.0,28491.0,20809.0,9202.0,9443.0,17125.0
4657,37938.0,28732.0,28495.0,20812.0,9206.0,9443.0,17126.0
4658,37942.0,28738.0,28499.0,20817.0,9204.0,9443.0,17125.0
4659,37946.0,28741.0,28503.0,20821.0,9205.0,9443.0,17125.0
4660,37950.0,28745.0,28513.0,20833.0,9205.0,9437.0,17117.0
4661,37954.0,28755.0,28521.0,20838.0,9199.0,9433.0,17116.0
4662,37958.0,28758.0,28521.0,20838.0,9200.0,9437.0,17120.0
4663,37962.0,28760.0,28527.0,20843.0,9202.0,9435.0,17119.0
4664,37966.0,28765.0,28531.0,20853.0,9201.0,9435.0,17113.0
4665,37970.0,28776.0,28531.0,20853.0,9194.0,9439.0,17117.0
4666,37974.0,28784.0,28535.0,20853.0,9190.0,9439.0,17121.0
4667,37978.0,28784.0,28536.0,20870.0,9194.0,9442.0,17108.0
4668,37982.0,28796.0,28539.0,20870.0,9186.0,9443.0,17112.0
4669,37986.0,28800.0,28543.0,20875.0,9186.0,9443.0,17111.0
4670,37990.0,28803.0,28557.0,20875.0,9187.0,9433.0,17115.0
4671,37994.0,28814.0,28565.0,20877.0,9180.0,9429.0,17117.0
4672,37998.0,28817.0,28571.0,20879.0,9181.0,9427.0,17119.0
4673,38002.0,28828.0,28571.0,20880.0,9174.0,9431.0,17122.0
4674,38006.0,28830.0,28576.0,20883.0,9176.0,9430.0,17123.0
4675,38010.0,28831.0,28591.0,20891.0,9179.0,9419.0,17119.0
4676,38014.0,28833.0,28591.0,20906.0,9181.0,9423.0,17108.0
4677,38018.0,28836.0,28593.0,20916.0,9182.0,9425.0,17102.0
4678,38022.0,28846.0,28599.0,20926.0,9176.0,9423.0,17096.0
4679,38026.0,28846.0,28603.0,20928.0,9180.0,9423.0,17098.0
4680,38030.0,28847.0,28606.0,20928.0,9183.0,9424.0,17102.0
4681,38034.0,28860.0,28610.0,20931.0,9174.0,9424.0,17103.0
4682,38038.0,28868.0,28612.0,20931.0,9170.0,9426.0,17107.0
4683,38042.0,28877.0,28613.0,20933.0,9165.0,9429.0,17109.0
4684,38046.0,28892.0,28617.0,20937.0,9154.0,9429.0,17109.0
4685,38050.0,28892.0,28617.0,20940.0,9158.0,9433.0,17110.0
4686,38054.0,28893.0,28621.0,20940.0,9161.0,9433.0,17114.0
4687,38058.0,28893.0,28624.0,20946.0,9165.0,9434.0,17112.0
4688,38062.0,28897.0,28628.0,20947.0,9165.0,9434.0,17115.0
4689,38066.0,28897.0,28633.0,20948.0,9169.0,9433.0,17118.0
4690,38070.0,28897.0,28639.0,20948.0,9173.0,9431.0,17122.0
4691,38074.0,28908.0,28646.0,20954.0,9166.0,9428.0,17120.0
4692,38078.0,28911.0,28648.0,20957.0,9167.0,9430.0,17121.0
4693,38082.0,28917.0,28654.0,20959.0,9165.0,9428.0,17123.0
4694,38086.0,28929.0,28658.0,20967.0,9157.0,9428.0,17119.0
4695,38090.0,28931.0,28666.0,20968.0,9159.0,9424.0,17122.0
4696,38094.0,28941.0,28668.0,20968.0,9153.0,9426.0,17126.0
4697,38098.0,28945.0,28670.0,20974.0,9153.0,9428.0,17124.0
4698,38102.0,28947.0,28673.0,20976.0,9155.0,9429.0,17126.0
4699,38106.0,28947.0,28676.0,20980.0,9159.0,9430.0,17126.0
4700,38110.0,28954.0,28679.0,20991.0,9156.0,9431.0,17119.0
4701,38114.0,28970.0,28687.0,20994.0,9144.0,9427.0,17120.0
4702,38118.0,28970.0,28706.0,21002.0,9148.0,9412.0,17116.0
4703,38122.0,28975.0,28714.0,21009.0,9147.0,9408.0,17113.0
4704,38126.0,28977.0,28718.0,21009.0,9149.0,9408.0,17117.0
4705,38130.0,28984.0,28722.0,21011.0,9146.0,9408.0,17119.0
4706,38134.0,28987.0,28730.0,21020.0,9147.0,9404.0,17114.0
4707,38138.0,28991.0,28736.0,21023.0,9147.0,9402.0,17115.0
4708,38142.0,28993.0,28739.0,21023.0,9149.0,9403.0,17119.0
4709,38146.0,28999.0,28744.0,21026.0,9147.0,9402.0,17120.0
4710,38150.0,29001.0,28745.0,21029.0,9149.0,9405.0,17121.0
4711,38154.0,29011.0,28751.0,21030.0,9143.0,9403.0,17124.0
4712,38158.0,29011.0,28755.0,21030.0,9147.0,9403.0,17128.0
4713,38162.0,29016.0,28757.0,21030.0,9146.0,9405.0,17132.0
4714,38166.0,29020.0,28763.0,21030.0,9146.0,9403.0,17136.0
4715,38170.0,29020.0,28765.0,21044.0,9150.0,9405.0,17126.0
4716,38174.0,29033.0,28770.0,21045.0,9141.0,9404.0,17129.0
4717,38178.0,29042.0,28780.0,21046.0,9136.0,9398.0,17132.0
4718,38182.0,29043.0,28790.0,21050.0,9139.0,9392.0,17132.0
4719,38186.0,29044.0,28797.0,21058.0,9142.0,9389.0,17128.0
4720,38190.0,29044.0,28802.0,21068.0,9146.0,9388.0,17122.0
4721,38194.0,29053.0,28804.0,21068.0,9141.0,9390.0,17126.0
4722,38198.0,29053.0,28806.0,21072.0,9145.0,9392.0,17126.0
4723,38202.0,29057.0,28818.0,21075.0,9145.0,9384.0,17127.0
4724,38206.0,29059.0,28822.0,21084.0,9147.0,9384.0,17122.0
4725,38210.0,29064.0,28833.0,21088.0,9146.0,9377.0,17122.0
4726,38214.0,29066.0,28837.0,21095.0,9148.0,9377.0,17119.0
4727,38218.0,29066.0,28857.0,21101.0,9152.0,9361.0,17117.0
4728,38222.0,29068.0,28857.0,21107.0,9154.0,9365.0,17115.0
4729,38226.0,29081.0,28862.0,21111.0,9145.0,9364.0,17115.0
4730,38230.0,29086.0,28863.0,21114.0,9144.0,9367.0,17116.0
4731,38234.0,29086.0,28866.0,21117.0,9148.0,9368.0,17117.0
4732,38238.0,29086.0,28866.0,21124.0,9152.0,9372.0,17114.0
4733,38242.0,29090.0,28869.0,21132.0,9152.0,9373.0,17110.0
4734,38246.0,29093.0,28873.0,21132.0,9153.0,9373.0,17114.0
4735,38250.0,29101.0,28879.0,21132.0,9149.0,9371.0,17118.0
4736,38254.0,29104.0,28885.0,21135.0,9150.0,9369.0,17119.0
4737,38258.0,29108.0,28888.0,21135.0,9150.0,9370.0,17123.0
4738,38262.0,29108.0,28893.0,21141.0,9154.0,9369.0,17121.0
4739,38266.0,29111.0,28902.0,21141.0,9155.0,9364.0,17125.0
4740,38270.0,29119.0,28907.0,21147.0,9151.0,9363.0,17123.0
4741,38274.0,29124.0,28918.0,21147.0,9150.0,9356.0,17127.0
4742,38278.0,29132.0,28918.0,21147.0,9146.0,9360.0,17131.0
4743,38282.0,29132.0,28922.0,21161.0,9150.0,9360.0,17121.0
4744,38286.0,29132.0,28932.0,21161.0,9154.0,9354.0,17125.0
4745,38290.0,29135.0,28935.0,21164.0,9155.0,9355.0,17126.0
4746,38294.0,29136.0,28943.0,21165.0,9158.0,9351.0,17129.0
4747,38298.0,29140.0,28952.0,21165.0,9158.0,9346.0,17133.0
4748,38302.0,29148.0,28956.0,21165.0,9154.0,9346.0,17137.0
4749,38306.0,29159.0,28960.0,21172.0,9147.0,9346.0,17134.0
4750,38310.0,29161.0,28962.0,21182.0,9149.0,9348.0,17128.0
4751,38314.0,29162.0,28964.0,21190.0,9152.0,9350.0,17124.0
4752,38318.0,29164.0,28966.0,21200.0,9154.0,9352.0,17118.0
4753,38322.0,29168.0,28971.0,21200.0,9154.0,9351.0,17122.0
4754,38326.0,29178.0,28978.0,21200.0,9148.0,9348.0,17126.0
4755,38330.0,29186.0,28985.0,21203.0,9144.0,9345.0,17127.0
4756,38334.0,29189.0,28987.0,21207.0,9145.0,9347.0,17127.0
4757,38338.0,29194.0,28989.0,21220.0,9144.0,9349.0,17118.0
4758,38342.0,29197.0,29000.0,21223.0,9145.0,9342.0,17119.0
4759,38346.0,29203.0,29001.0,21230.0,9143.0,9345.0,17116.0
4760,38350.0,29205.0,29002.0,21235.0,9145.0,9348.0,17115.0
4761,38354.0,29207.0,29002.0,21236.0,9147.0,9352.0,17118.0
4762,38358.0,29215.0,29002.0,21239.0,9143.0,9356.0,17119.0
4763,38362.0,29221.0,29008.0,21243.0,9141.0,9354.0,17119.0
4764,38366.0,29223.0,29013.0,21247.0,9143.0,9353.0,17119.0
4765,38370.0,29239.0,29016.0,21247.0,9131.0,9354.0,17123.0
4766,38374.0,29241.0,29023.0,21258.0,9133.0,9351.0,17116.0
4767,38378.0,29250.0,29027.0,21263.0,9128.0,9351.0,17115.0
4768,38382.0,29255.0,29029.0,21264.0,9127.0,9353.0,17118.0
4769,38386.0,29263.0,29029.0,21264.0,9123.0,9357.0,17122.0
4770,38390.0,29269.0,29037.0,21265.0,9121.0,9353.0,17125.0
4771,38394.0,29283.0,29037.0,21270.0,9111.0,9357.0,17124.0
4772,38398.0,29286.0,29039.0,21284.0,9112.0,9359.0,17114.0
4773,38402.0,29286.0,29043.0,21284.0,9116.0,9359.0,17118.0
4774,38406.0,29288.0,29052.0,21284.0,9118.0,9354.0,17122.0
4775,38410.0,29289.0,29052.0,21284.0,9121.0,9358.0,17126.0
4776,38414.0,29293.0,29053.0,21293.0,9121.0,9361.0,17121.0
4777,38418.0,29293.0,29064.0,21301.0,9125.0,9354.0,17117.0
4778,38422.0,29295.0,29067.0,21302.0,9127.0,9355.0,17120.0
4779,38426.0,29298.0,29068.0,21302.0,9128.0,9358.0,17124.0
4780,38430.0,29301.0,29071.0,21308.0,9129.0,9359.0,17122.0
4781,38434.0,29308.0,29071.0,21312.0,9126.0,9363.0,17122.0
4782,38438.0,29325.0,29081.0,21319.0,9113.0,9357.0,17119.0
4783,38442.0,29329.0,29086.0,21323.0,9113.0,9356.0,17119.0
4784,38446.0,29332.0,29092.0,21330.0,9114.0,9354.0,17116.0
4785,38450.0,29334.0,29099.0,21339.0,9116.0,9351.0,17111.0
4786,38454.0,29336.0,29101.0,21346.0,9118.0,9353.0,17108.0
4787,38458.0,29339.0,29106.0,21356.0,9119.0,9352.0,17102.0
4788,38462.0,29342.0,29108.0,21356.0,9120.0,9354.0,17106.0
4789,38466.0,29343.0,29113.0,21359.0,9123.0,9353.0,17107.0
4790,38470.0,29343.0,29116.0,21359.0,9127.0,9354.0,17111.0
4791,38474.0,29348.0,29127.0,21359.0,9126.0,9347.0,17115.0
4792,38478.0,29348.0,29138.0,21364.0,9130.0,9340.0,17114.0
4793,38482.0,29359.0,29141.0,21371.0,9123.0,9341.0,17111.0
4794,38486.0,29365.0,29142.0,21371.0,9121.0,9344.0,17115.0
4795,38490.0,29365.0,29142.0,21371.0,9125.0,9348.0,17119.0
4796,38494.0,29368.0,29145.0,21379.0,9126.0,9349.0,17115.0
4797,38498.0,29374.0,29149.0,21391.0,9124.0,9349.0,17107.0
4798,38502.0,29379.0,29150.0,21397.0,9123.0,9352.0,17105.0
4799,38506.0,29386.0,29166.0,21406.0,9120.0,9340.0,17100.0
4800,38510.0,29389.0,29171.0,21415.0,9121.0,9339.0,17095.0
4801,38514.0,29396.0,29178.0,21418.0,9118.0,9336.0,17096.0
4802,38518.0,29396.0,29180.0,21418.0,9122.0,9338.0,17100.0
4803,38522.0,29399.0,29185.0,21418.0,9123.0,9337.0,17104.0
4804,38526.0,29402.0,29189.0,21420.0,9124.0,9337.0,17106.0
4805,38530.0,29402.0,29195.0,21420.0,9128.0,9335.0,17110.0
4806,38534.0,29407.0,29198.0,21428.0,9127.0,9336.0,17106.0
4807,38538.0,29414.0,29201.0,21433.0,9124.0,9337.0,17105.0
4808,38542.0,29425.0,29205.0,21438.0,9117.0,9337.0,17104.0
4809,38546.0,29427.0,29209.0,21439.0,9119.0,9337.0,17107.0
4810,38550.0,29431.0,29215.0,21443.0,9119.0,9335.0,17107.0
4811,38554.0,29440.0,29216.0,21445.0,9114.0,9338.0,17109.0
4812,38558.0,29454.0,29218.0,21445.0,9104.0,9340.0,17113.0
4813,38562.0,29456.0,29221.0,21446.0,9106.0,9341.0,17116.0
4814,38566.0,29459.0,29227.0,21459.0,9107.0,9339.0,17107.0
4815,38570.0,29468.0,29227.0,21464.0,9102.0,9343.0,17106.0
4816,38574.0,29469.0,29241.0,21464.0,9105.0,9333.0,17110.0
4817,38578.0,29475.0,29247.0,21467.0,9103.0,9331.0,17111.0
4818,38582.0,29478.0,29248.0,21473.0,9104.0,9334.0,17109.0
4819,38586.0,29479.0,29257.0,21473.0,9107.0,9329.0,17113.0
4820,38590.0,29482.0,29259.0,21474.0,9108.0,9331.0,17116.0
4821,38594.0,29485.0,29264.0,21478.0,9109.0,9330.0,17116.0
4822,38598.0,29489.0,29265.0,21494.0,9109.0,9333.0,17104.0
4823,38602.0,29493.0,29269.0,21496.0,9109.0,9333.0,17106.0
4824,38606.0,29497.0,29273.0,21505.0,9109.0,9333.0,17101.0
4825,38610.0,29497.0,29275.0,21505.0,9113.0,9335.0,17105.0
4826,38614.0,29500.0,29276.0,21509.0,9114.0,9338.0,17105.0
4827,38618.0,29500.0,29280.0,21517.0,9118.0,9338.0,17101.0
4828,38622.0,29500.0,29281.0,21533.0,9122.0,9341.0,17089.0
4829,38626.0,29501.0,29282.0,21536.0,9125.0,9344.0,17090.0
4830,38630.0,29504.0,29291.0,21542.0,9126.0,9339.0,17088.0
4831,38634.0,29511.0,29292.0,21544.0,9123.0,9342.0,17090.0
4832,38638.0,29512.0,29302.0,21547.0,9126.0,9336.0,17091.0
4833,38642.0,29522.0,29303.0,21553.0,9120.0,9339.0,17089.0
4834,38646.0,29532.0,29304.0,21557.0,9114.0,9342.0,17089.0
4835,38650.0,29539.0,29306.0,21558.0,9111.0,9344.0,17092.0
4836,38654.0,29547.0,29309.0,21561.0,9107.0,9345.0,17093.0
4837,38658.0,29553.0,29320.0,21576.0,9105.0,9338.0,17082.0
4838,38662.0,29555.0,29322.0,21577.0,9107.0,9340.0,17085.0
4839,38666.0,29559.0,29326.0,21584.0,9107.0,9340.0,17082.0
4840,38670.0,29568.0,29326.0,21587.0,9102.0,9344.0,17083.0
4841,38674.0,29571.0,29326.0,21590.0,9103.0,9348.0,17084.0
4842,38678.0,29573.0,29328.0,21596.0,9105.0,9350.0,17082.0
4843,38682.0,29576.0,29328.0,21603.0,9106.0,9354.0,17079.0
4844,38686.0,29581.0,29331.0,21603.0,9105.0,9355.0,17083.0
4845,38690.0,29583.0,29335.0,21603.0,9107.0,9355.0,17087.0
4846,38694.0,29587.0,29340.0,21618.0,9107.0,9354.0,17076.0
4847,38698.0,29588.0,29345.0,21622.0,9110.0,9353.0,17076.0
4848,38702.0,29597.0,29349.0,21630.0,9105.0,9353.0,17072.0
4849,38706.0,29602.0,29352.0,21632.0,9104.0,9354.0,17074.0
4850,38710.0,29606.0,29352.0,21632.0,9104.0,9358.0,17078.0
4851,38714.0,29613.0,29356.0,21643.0,9101.0,9358.0,17071.0
4852,38718.0,29616.0,29356.0,21653.0,9102.0,9362.0,17065.0
4853,38722.0,29622.0,29357.0,21654.0,9100.0,9365.0,17068.0
4854,38726.0,29628.0,29360.0,21662.0,9098.0,9366.0,17064.0
4855,38730.0,29636.0,29361.0,21669.0,9094.0,9369.0,17061.0
4856,38734.0,29637.0,29361.0,21669.0,9097.0,9373.0,17065.0
4857,38738.0,29645.0,29361.0,21674.0,9093.0,9377.0,17064.0
4858,38742.0,29648.0,29363.0,21680.0,9094.0,9379.0,17062.0
4859,38746.0,29650.0,29368.0,21684.0,9096.0,9378.0,17062.0
4860,38750.0,29654.0,29368.0,21696.0,9096.0,9382.0,17054.0
4861,38754.0,29655.0,29371.0,21710.0,9099.0,9383.0,17044.0
4862,38758.0,29660.0,29379.0,21713.0,9098.0,9379.0,17045.0
4863,38762.0,29663.0,29386.0,21719.0,9099.0,9376.0,17043.0
4864,38766.0,29665.0,29395.0,21731.0,9101.0,9371.0,17035.0
4865,38770.0,29665.0,29405.0,21739.0,9105.0,9365.0,17031.0
4866,38774.0,29676.0,29411.0,21739.0,9098.0,9363.0,17035.0
4867,38778.0,29689.0,29414.0,21742.0,9089.0,9364.0,17036.0
4868,38782.0,29690.0,29418.0,21747.0,9092.0,9364.0,17035.0
4869,38786.0,29694.0,29420.0,21750.0,9092.0,9366.0,17036.0
4870,38790.0,29696.0,29434.0,21758.0,9094.0,9356.0,17032.0
4871,38794.0,29705.0,29451.0,21761.0,9089.0,9343.0,17033.0
4872,38798.0,29709.0,29456.0,21769.0,9089.0,9342.0,17029.0
4873,38802.0,29710.0,29461.0,21772.0,9092.0,9341.0,17030.0
4874,38806.0,29712.0,29465.0,21775.0,9094.0,9341.0,17031.0
4875,38810.0,29716.0,29471.0,21779.0,9094.0,9339.0,17031.0
4876,38814.0,29721.0,29476.0,21779.0,9093.0,9338.0,17035.0
4877,38818.0,29722.0,29477.0,21788.0,9096.0,9341.0,17030.0
4878,38822.0,29724.0,29483.0,21788.0,9098.0,9339.0,17034.0
4879,38826.0,29727.0,29483.0,21788.0,9099.0,9343.0,17038.0
4880,38830.0,29732.0,29489.0,21788.0,9098.0,9341.0,17042.0
4881,38834.0,29740.0,29495.0,21788.0,9094.0,9339.0,17046.0
4882,38838.0,29746.0,29505.0,21800.0,9092.0,9333.0,17038.0
4883,38842.0,29748.0,29510.0,21800.0,9094.0,9332.0,17042.0
4884,38846.0,29761.0,29513.0,21812.0,9085.0,9333.0,17034.0
4885,38850.0,29765.0,29518.0,21812.0,9085.0,9332.0,17038.0
4886,38854.0,29773.0,29519.0,21812.0,9081.0,9335.0,17042.0
4887,38858.0,29774.0,29519.0,21812.0,9084.0,9339.0,17046.0
4888,38862.0,29783.0,29529.0,21817.0,9079.0,9333.0,17045.0
4889,38866.0,29785.0,29531.0,21831.0,9081.0,9335.0,17035.0
4890,38870.0,29795.0,29548.0,21841.0,9075.0,9322.0,17029.0
4891,38874.0,29802.0,29549.0,21852.0,9072.0,9325.0,17022.0
4892,38878.0,29806.0,29552.0,21859.0,9072.0,9326.0,17019.0
4893,38882.0,29812.0,29552.0,21860.0,9070.0,9330.0,17022.0
4894,38886.0,29818.0,29559.0,21865.0,9068.0,9327.0,17021.0
4895,38890.0,29825.0,29559.0,21865.0,9065.0,9331.0,17025.0
4896,38894.0,29832.0,29561.0,21879.0,9062.0,9333.0,17015.0
4897,38898.0,29836.0,29561.0,21879.0,9062.0,9337.0,17019.0
4898,38902.0,29844.0,29566.0,21881.0,9058.0,9336.0,17021.0
4899,38906.0,29848.0,29569.0,21893.0,9058.0,9337.0,17013.0
4900,38910.0,29858.0,29571.0,21899.0,9052.0,9339.0,17011.0
4901,38914.0,29867.0,29572.0,21903.0,9047.0,9342.0,17011.0
4902,38918.0,29867.0,29574.0,21913.0,9051.0,9344.0,17005.0
4903,38922.0,29871.0,29578.0,21925.0,9051.0,9344.0,16997.0
4904,38926.0,29880.0,29578.0,21932.0,9046.0,9348.0,16994.0
4905,38930.0,29892.0,29584.0,21932.0,9038.0,9346.0,16998.0
4906,38934.0,29905.0,29594.0,21934.0,9029.0,9340.0,17000.0
4907,38938.0,29910.0,29595.0,21937.0,9028.0,9343.0,17001.0
4908,38942.0,29915.0,29602.0,21948.0,9027.0,9340.0,16994.0
4909,38946.0,29925.0,29602.0,21954.0,9021.0,9344.0,16992.0
4910,38950.0,29932.0,29614.0,21954.0,9018.0,9336.0,16996.0
4911,38954.0,29946.0,29616.0,21956.0,9008.0,9338.0,16998.0
4912,38958.0,29946.0,29623.0,21957.0,9012.0,9335.0,17001.0
4913,38962.0,29959.0,29629.0,21957.0,9003.0,9333.0,17005.0
4914,38966.0,29967.0,29630.0,21961.0,8999.0,9336.0,17005.0
4915,38970.0,29971.0,29635.0,21961.0,8999.0,9335.0,17009.0
4916,38974.0,29978.0,29638.0,21966.0,8996.0,9336.0,17008.0
4917,38978.0,29983.0,29640.0,21972.0,8995.0,9338.0,17006.0
4918,38982.0,29988.0,29650.0,21980.0,8994.0,9332.0,17002.0
4919,38986.0,29994.0,29658.0,21980.0,8992.0,9328.0,17006.0
4920,38990.0,29996.0,29662.0,21987.0,8994.0,9328.0,17003.0
4921,38994.0,29998.0,29675.0,21991.0,8996.0,9319.0,17003.0
4922,38998.0,30004.0,29678.0,21996.0,8994.0,9320.0,17002.0
4923,39002.0,30008.0,29681.0,21996.0,8994.0,9321.0,17006.0
4924,39006.0,30008.0,29690.0,22004.0,8998.0,9316.0,17002.0
4925,39010.0,30013.0,29693.0,22008.0,8997.0,9317.0,17002.0
4926,39014.0,30013.0,29703.0,22009.0,9001.0,9311.0,17005.0
4927,39018.0,30015.0,29705.0,22015.0,9003.0,9313.0,17003.0
4928,39022.0,30023.0,29717.0,22032.0,8999.0,9305.0,16990.0
4929,39026.0,30035.0,29721.0,22043.0,8991.0,9305.0,16983.0
4930,39030.0,30039.0,29721.0,22049.0,8991.0,9309.0,16981.0
4931,39034.0,30041.0,29722.0,22059.0,8993.0,9312.0,16975.0
4932,39038.0,30042.0,29728.0,22066.0,8996.0,9310.0,16972.0
4933,39042.0,30044.0,29732.0,22077.0,8998.0,9310.0,16965.0
4934,39046.0,30048.0,29738.0,22083.0,8998.0,9308.0,16963.0
4935,39050.0,30048.0,29743.0,22093.0,9002.0,9307.0,16957.0
4936,39054.0,30049.0,29753.0,22096.0,9005.0,9301.0,16958.0
4937,39058.0,30061.0,29758.0,22100.0,8997.0,9300.0,16958.0
4938,39062.0,30061.0,29768.0,22111.0,9001.0,9294.0,16951.0
4939,39066.0,30072.0,29768.0,22114.0,8994.0,9298.0,16952.0
4940,39070.0,30073.0,29770.0,22123.0,8997.0,9300.0,16947.0
4941,39074.0,30090.0,29777.0,22127.0,8984.0,9297.0,16947.0
4942,39078.0,30103.0,29787.0,22131.0,8975.0,9291.0,16947.0
4943,39082.0,30106.0,29794.0,22135.0,8976.0,9288.0,16947.0
4944,39086.0,30106.0,29798.0,22147.0,8980.0,9288.0,16939.0
4945,39090.0,30110.0,29801.0,22149.0,8980.0,9289.0,16941.0
4946,39094.0,30110.0,29803.0,22150.0,8984.0,9291.0,16944.0
4947,39098.0,30116.0,29803.0,22159.0,8982.0,9295.0,16939.0
4948,39102.0,30116.0,29808.0,22167.0,8986.0,9294.0,16935.0
4949,39106.0,30122.0,29810.0,22175.0,8984.0,9296.0,16931.0
4950,39110.0,30137.0,29810.0,22178.0,8973.0,9300.0,16932.0
4951,39114.0,30139.0,29815.0,22181.0,8975.0,9299.0,16933.0
4952,39118.0,30143.0,29827.0,22181.0,8975.0,9291.0,16937.0
4953,39122.0,30150.0,29829.0,22191.0,8972.0,9293.0,16931.0
4954,39126.0,30155.0,29832.0,22195.0,8971.0,9294.0,16931.0
4955,39130.0,30162.0,29841.0,22198.0,8968.0,9289.0,16932.0
4956,39134.0,30162.0,29849.0,22207.0,8972.0,9285.0,16927.0
4957,39138.0,30167.0,29851.0,22208.0,8971.0,9287.0,16930.0
4958,39142.0,30170.0,29863.0,22216.0,8972.0,9279.0,16926.0
4959,39146.0,30176.0,29868.0,22219.0,8970.0,9278.0,16927.0
4960,39150.0,30180.0,29868.0,22225.0,8970.0,9282.0,16925.0
4961,39154.0,30183.0,29883.0,22243.0,8971.0,9271.0,16911.0
4962,39158.0,30186.0,29885.0,22249.0,8972.0,9273.0,16909.0
4963,39162.0,30191.0,29887.0,22254.0,8971.0,9275.0,16908.0
4964,39166.0,30192.0,29889.0,22255.0,8974.0,9277.0,16911.0
4965,39170.0,30194.0,29896.0,22255.0,8976.0,9274.0,16915.0
4966,39174.0,30195.0,29906.0,22265.0,8979.0,9268.0,16909.0
4967,39178.0,30201.0,29912.0,22269.0,8977.0,9266.0,16909.0
4968,39182.0,30204.0,29915.0,22274.0,8978.0,9267.0,16908.0
4969,39186.0,30208.0,29925.0,22274.0,8978.0,9261.0,16912.0
4970,39190.0,30210.0,29928.0,22282.0,8980.0,9262.0,16908.0
4971,39194.0,30211.0,29936.0,22284.0,8983.0,9258.0,16910.0
4972,39198.0,30214.0,29940.0,22290.0,8984.0,9258.0,16908.0
4973,39202.0,30217.0,29942.0,22302.0,8985.0,9260.0,16900.0
4974,39206.0,30220.0,29944.0,22302.0,8986.0,9262.0,16904.0
4975,39210.0,30222.0,29944.0,22310.0,8988.0,9266.0,16900.0
4976,39214.0,30223.0,29951.0,22320.0,8991.0,9263.0,16894.0
4977,39218.0,30226.0,29956.0,22322.0,8992.0,9262.0,16896.0
4978,39222.0,30228.0,29968.0,22334.0,8994.0,9254.0,16888.0
4979,39226.0,30228.0,29978.0,22336.0,8998.0,9248.0,16890.0
4980,39230.0,30237.0,29981.0,22341.0,8993.0,9249.0,16889.0
4981,39234.0,30237.0,29983.0,22345.0,8997.0,9251.0,16889.0
4982,39238.0,30241.0,29985.0,22356.0,8997.0,9253.0,16882.0
4983,39242.0,30246.0,29987.0,22363.0,8996.0,9255.0,16879.0
4984,39246.0,30246.0,29997.0,22368.0,9000.0,9249.0,16878.0
4985,39250.0,30250.0,30000.0,22373.0,9000.0,9250.0,16877.0
4986,39254.0,30252.0,30002.0,22379.0,9002.0,9252.0,16875.0
4987,39258.0,30256.0,30006.0,22381.0,9002.0,9252.0,16877.0
4988,39262.0,30256.0,30009.0,22388.0,9006.0,9253.0,16874.0
4989,39266.0,30273.0,30010.0,22390.0,8993.0,9256.0,16876.0
4990,39270.0,30277.0,30010.0,22394.0,8993.0,9260.0,16876.0
4991,39274.0,30282.0,30021.0,22405.0,8992.0,9253.0,16869.0
4992,39278.0,30288.0,30028.0,22405.0,8990.0,9250.0,16873.0
4993,39282.0,30296.0,30030.0,22419.0,8986.0,9252.0,16863.0
4994,39286.0,30301.0,30036.0,22420.0,8985.0,9250.0,16866.0
4995,39290.0,30302.0,30041.0,22422.0,8988.0,9249.0,16868.0
4996,39294.0,30307.0,30045.0,22426.0,8987.0,9249.0,16868.0
4997,39298.0,30311.0,30052.0,22434.0,8987.0,9246.0,16864.0
4998,39302.0,30316.0,30053.0,22434.0,8986.0,9249.0,16868.0
4999,39306.0,30319.0,30057.0,22434.0,8987.0,9249.0,16872.0
5000,39310.0,30321.0,30060.0,22442.0,8989.0,9250.0,16868.0
5001,39314.0,30326.0,30062.0,22446.0,8988.0,9252.0,16868.0
5002,39318.0,30334.0,30062.0,22447.0,8984.0,9256.0,16871.0
5003,39322.0,30335.0,30067.0,22447.0,8987.0,9255.0,16875.0
5004,39326.0,30335.0,30068.0,22451.0,8991.0,9258.0,16875.0
5005,39330.0,30335.0,30073.0,22451.0,8995.0,9257.0,16879.0
5006,39334.0,30340.0,30081.0,22465.0,8994.0,9253.0,16869.0
5007,39338.0,30345.0,30087.0,22474.0,8993.0,9251.0,16864.0
5008,39342.0,30348.0,30091.0,22485.0,8994.0,9251.0,16857.0
5009,39346.0,30353.0,30091.0,22493.0,8993.0,9255.0,16853.0
5010,39350.0,30357.0,30094.0,22496.0,8993.0,9256.0,16854.0
5011,39354.0,30364.0,30094.0,22505.0,8990.0,9260.0,16849.0
5012,39358.0,30371.0,30094.0,22509.0,8987.0,9264.0,16849.0
5013,39362.0,30376.0,30115.0,22509.0,8986.0,9247.0,16853.0
5014,39366.0,30379.0,30120.0,22518.0,8987.0,9246.0,16848.0
5015,39370.0,30386.0,30127.0,22518.0,8984.0,9243.0,16852.0
5016,39374.0,30386.0,30130.0,22522.0,8988.0,9244.0,16852.0
5017,39378.0,30389.0,30143.0,22526.0,8989.0,9235.0,16852.0
5018,39381.0,30389.0,30144.0,22531.0,8992.0,9237.0,16850.0
5019,39384.0,30393.0,30150.0,22539.0,8991.0,9234.0,16845.0
5020,39387.0,30398.0,30152.0,22540.0,8989.0,9235.0,16847.0
5021,39390.0,30398.0,30158.0,22547.0,8992.0,9232.0,16843.0
5022,39393.0,30402.0,30169.0,22548.0,8991.0,9224.0,16845.0
5023,39396.0,30405.0,30179.0,22549.0,8991.0,9217.0,16847.0
5024,39399.0,30408.0,30180.0,22558.0,8991.0,9219.0,16841.0
5025,39402.0,30420.0,30181.0,22559.0,8982.0,9221.0,16843.0
5026,39405.0,30426.0,30183.0,22562.0,8979.0,9222.0,16843.0
5027,39408.0,30432.0,30186.0,22562.0,8976.0,9222.0,16846.0
5028,39411.0,30434.0,30186.0,22564.0,8977.0,9225.0,16847.0
5029,39414.0,30443.0,30187.0,22569.0,8971.0,9227.0,16845.0
5030,39417.0,30446.0,30193.0,22570.0,8971.0,9224.0,16847.0
5031,39420.0,30451.0,30193.0,22570.0,8969.0,9227.0,16850.0
5032,39423.0,30453.0,30196.0,22570.0,8970.0,9227.0,16853.0
5033,39426.0,30465.0,30210.0,22571.0,8961.0,9216.0,16855.0
5034,39429.0,30467.0,30210.0,22571.0,8962.0,9219.0,16858.0
5035,39432.0,30473.0,30215.0,22574.0,8959.0,9217.0,16858.0
5036,39435.0,30475.0,30225.0,22574.0,8960.0,9210.0,16861.0
5037,39438.0,30481.0,30226.0,22575.0,8957.0,9212.0,16863.0
5038,39441.0,30487.0,30237.0,22581.0,8954.0,9204.0,16860.0
5039,39444.0,30491.0,30239.0,22581.0,8953.0,9205.0,16863.0
5040,39447.0,30498.0,30245.0,22582.0,8949.0,9202.0,16865.0
5041,39450.0,30504.0,30249.0,22583.0,8946.0,9201.0,16867.0
5042,39453.0,30504.0,30252.0,22587.0,8949.0,9201.0,16866.0
5043,39456.0,30506.0,30253.0,22589.0,8950.0,9203.0,16867.0
5044,39459.0,30510.0,30254.0,22589.0,8949.0,9205.0,16870.0
5045,39462.0,30514.0,30257.0,22593.0,8948.0,9205.0,16869.0
5046,39465.0,30519.0,30262.0,22593.0,8946.0,9203.0,16872.0
5047,39468.0,30521.0,30266.0,22598.0,8947.0,9202.0,16870.0
5048,39471.0,30525.0,30276.0,22605.0,8946.0,9195.0,16866.0
5049,39474.0,30532.0,30281.0,22606.0,8942.0,9193.0,16868.0
5050,39477.0,30536.0,30285.0,22612.0,8941.0,9192.0,16865.0
5051,39480.0,30544.0,30290.0,22619.0,8936.0,9190.0,16861.0
5052,39483.0,30549.0,30293.0,22621.0,8934.0,9190.0,16862.0
5053,39486.0,30557.0,30296.0,22623.0,8929.0,9190.0,16863.0
5054,39489.0,30562.0,30300.0,22633.0,8927.0,9189.0,16856.0
5055,39492.0,30564.0,30303.0,22646.0,8928.0,9189.0,16846.0
5056,39495.0,30566.0,30313.0,22651.0,8929.0,9182.0,16844.0
5057,39498.0,30568.0,30318.0,22652.0,8930.0,9180.0,16846.0
5058,39501.0,30568.0,30322.0,22652.0,8933.0,9179.0,16849.0
5059,39504.0,30571.0,30322.0,22657.0,8933.0,9182.0,16847.0
5060,39507.0,30574.0,30331.0,22657.0,8933.0,9176.0,16850.0
5061,39510.0,30582.0,30335.0,22669.0,8928.0,9175.0,16841.0
5062,39513.0,30586.0,30341.0,22669.0,8927.0,9172.0,16844.0
5063,39516.0,30593.0,30345.0,22679.0,8923.0,9171.0,16837.0
5064,39519.0,30594.0,30349.0,22681.0,8925.0,9170.0,16838.0
5065,39522.0,30594.0,30359.0,22689.0,8928.0,9163.0,16833.0
5066,39525.0,30595.0,30361.0,22691.0,8930.0,9164.0,16834.0
5067,39528.0,30600.0,30364.0,22695.0,8928.0,9164.0,16833.0
5068,39531.0,30600.0,30366.0,22703.0,8931.0,9165.0,16828.0
5069,39534.0,30603.0,30377.0,22703.0,8931.0,9157.0,16831.0
5070,39537.0,30606.0,30387.0,22705.0,8931.0,9150.0,16832.0
5071,39540.0,30612.0,30387.0,22708.0,8928.0,9153.0,16832.0
5072,39543.0,30618.0,30393.0,22712.0,8925.0,9150.0,16831.0
5073,39546.0,30623.0,30401.0,22715.0,8923.0,9145.0,16831.0
5074,39549.0,30623.0,30402.0,22715.0,8926.0,9147.0,16834.0
5075,39552.0,30627.0,30407.0,22721.0,8925.0,9145.0,16831.0
5076,39555.0,30633.0,30407.0,22736.0,8922.0,9148.0,16819.0
5077,39558.0,30639.0,30414.0,22736.0,8919.0,9144.0,16822.0
5078,39561.0,30645.0,30423.0,22736.0,8916.0,9138.0,16825.0
5079,39564.0,30655.0,30428.0,22736.0,8909.0,9136.0,16828.0
5080,39567.0,30659.0,30428.0,22740.0,8908.0,9139.0,16827.0
5081,39570.0,30663.0,30431.0,22744.0,8907.0,9139.0,16826.0
5082,39573.0,30673.0,30444.0,22744.0,8900.0,9129.0,16829.0
5083,39576.0,30676.0,30446.0,22749.0,8900.0,9130.0,16827.0
5084,39579.0,30678.0,30450.0,22751.0,8901.0,9129.0,16828.0
5085,39582.0,30681.0,30454.0,22751.0,8901.0,9128.0,16831.0
5086,39585.0,30685.0,30458.0,22751.0,8900.0,9127.0,16834.0
5087,39588.0,30694.0,30462.0,22757.0,8894.0,9126.0,16831.0
5088,39591.0,30700.0,30468.0,22768.0,8891.0,9123.0,16823.0
5089,39594.0,30711.0,30477.0,22768.0,8883.0,9117.0,16826.0
5090,39597.0,30717.0,30477.0,22768.0,8880.0,9120.0,16829.0
5091,39600.0,30725.0,30479.0,22768.0,8875.0,9121.0,16832.0
5092,39603.0,30726.0,30487.0,22782.0,8877.0,9116.0,16821.0
5093,39606.0,30730.0,30499.0,22789.0,8876.0,9107.0,16817.0
5094,39609.0,30731.0,30510.0,22791.0,8878.0,9099.0,16818.0
5095,39612.0,30738.0,30511.0,22799.0,8874.0,9101.0,16813.0
5096,39615.0,30740.0,30519.0,22799.0,8875.0,9096.0,16816.0
5097,39618.0,30741.0,30524.0,22805.0,8877.0,9094.0,16813.0
5098,39621.0,30744.0,30525.0,22809.0,8877.0,9096.0,16812.0
5099,39624.0,30744.0,30525.0,22809.0,8880.0,9099.0,16815.0
5100,39627.0,30747.0,30528.0,22821.0,8880.0,9099.0,16806.0
5101,39630.0,30747.0,30529.0,22821.0,8883.0,9101.0,16809.0
5102,39633.0,30748.0,30536.0,22832.0,8885.0,9097.0,16801.0
5103,39636.0,30748.0,30542.0,22845.0,8888.0,9094.0,16791.0
5104,39639.0,30749.0,30548.0,22852.0,8890.0,9091.0,16787.0
5105,39642.0,30758.0,30553.0,22855.0,8884.0,9089.0,16787.0
5106,39645.0,30766.0,30554.0,22859.0,8879.0,9091.0,16786.0
5107,39648.0,30777.0,30562.0,22863.0,8871.0,9086.0,16785.0
5108,39651.0,30779.0,30562.0,22863.0,8872.0,9089.0,16788.0
5109,39654.0,30782.0,30565.0,22866.0,8872.0,9089.0,16788.0
5110,39657.0,30788.0,30571.0,22866.0,8869.0,9086.0,16791.0
5111,39660.0,30788.0,30578.0,22873.0,8872.0,9082.0,16787.0
5112,39663.0,30790.0,30580.0,22873.0,8873.0,9083.0,16790.0
5113,39666.0,30799.0,30582.0,22888.0,8867.0,9084.0,16778.0
5114,39669.0,30802.0,30587.0,22894.0,8867.0,9082.0,16775.0
5115,39672.0,30804.0,30591.0,22894.0,8868.0,9081.0,16778.0
5116,39675.0,30807.0,30593.0,22894.0,8868.0,9082.0,16781.0
5117,39678.0,30817.0,30593.0,22908.0,8861.0,9085.0,16770.0
5118,39681.0,30821.0,30596.0,22908.0,8860.0,9085.0,16773.0
5119,39684.0,30825.0,30600.0,22916.0,8859.0,9084.0,16768.0
5120,39687.0,30833.0,30618.0,22921.0,8854.0,9069.0,16766.0
5121,39690.0,30833.0,30621.0,22932.0,8857.0,9069.0,16758.0
5122,39693.0,30835.0,30625.0,22940.0,8858.0,9068.0,16753.0
5123,39696.0,30836.0,30636.0,22942.0,8860.0,9060.0,16754.0
5124,39699.0,30840.0,30636.0,22942.0,8859.0,9063.0,16757.0
5125,39702.0,30854.0,30636.0,22944.0,8848.0,9066.0,16758.0
5126,39705.0,30855.0,30648.0,22948.0,8850.0,9057.0,16757.0
5127,39708.0,30856.0,30648.0,22953.0,8852.0,9060.0,16755.0
5128,39711.0,30868.0,30650.0,22955.0,8843.0,9061.0,16756.0
5129,39714.0,30868.0,30656.0,22963.0,8846.0,9058.0,16751.0
5130,39717.0,30873.0,30656.0,22964.0,8844.0,9061.0,16753.0
5131,39720.0,30879.0,30656.0,22976.0,8841.0,9064.0,16744.0
5132,39723.0,30879.0,30661.0,22978.0,8844.0,9062.0,16745.0
5133,39726.0,30885.0,30664.0,22978.0,8841.0,9062.0,16748.0
5134,39729.0,30887.0,30675.0,22982.0,8842.0,9054.0,16747.0
5135,39732.0,30890.0,30688.0,22997.0,8842.0,9044.0,16735.0
5136,39735.0,30905.0,30691.0,22997.0,8830.0,9044.0,16738.0
5137,39738.0,30912.0,30693.0,22997.0,8826.0,9045.0,16741.0
5138,39741.0,30918.0,30694.0,23001.0,8823.0,9047.0,16740.0
5139,39744.0,30918.0,30695.0,23016.0,8826.0,9049.0,16728.0
5140,39747.0,30920.0,30699.0,23016.0,8827.0,9048.0,16731.0
5141,39750.0,30922.0,30704.0,23020.0,8828.0,9046.0,16730.0
5142,39753.0,30923.0,30714.0,23024.0,8830.0,9039.0,16729.0
5143,39756.0,30933.0,30717.0,23025.0,8823.0,9039.0,16731.0
5144,39759.0,30938.0,30717.0,23026.0,8821.0,9042.0,16733.0
5145,39762.0,30948.0,30718.0,23027.0,8814.0,9044.0,16735.0
5146,39765.0,30951.0,30721.0,23027.0,8814.0,9044.0,16738.0
5147,39768.0,30953.0,30721.0,23027.0,8815.0,9047.0,16741.0
5148,39771.0,30958.0,30721.0,23027.0,8813.0,9050.0,16744.0
5149,39774.0,30964.0,30724.0,23028.0,8810.0,9050.0,16746.0
5150,39777.0,30965.0,30724.0,23030.0,8812.0,9053.0,16747.0
5151,39780.0,30970.0,30724.0,23032.0,8810.0,9056.0,16748.0
5152,39783.0,30973.0,30725.0,23032.0,8810.0,9058.0,16751.0
5153,39786.0,30975.0,30731.0,23032.0,8811.0,9055.0,16754.0
5154,39789.0,30979.0,30731.0,23032.0,8810.0,9058.0,16757.0
5155,39792.0,30990.0,30740.0,23032.0,8802.0,9052.0,16760.0
5156,39795.0,30996.0,30748.0,23032.0,8799.0,9047.0,16763.0
5157,39798.0,31000.0,30760.0,23035.0,8798.0,9038.0,16763.0
5158,39801.0,31001.0,30764.0,23036.0,8800.0,9037.0,16765.0
5159,39804.0,31022.0,30770.0,23047.0,8782.0,9034.0,16757.0
5160,39807.0,31028.0,30777.0,23051.0,8779.0,9030.0,16756.0
5161,39810.0,31031.0,30782.0,23053.0,8779.0,9028.0,16757.0
5162,39813.0,31034.0,30794.0,23060.0,8779.0,9019.0,16753.0
5163,39816.0,31039.0,30803.0,23061.0,8777.0,9013.0,16755.0
5164,39819.0,31042.0,30804.0,23064.0,8777.0,9015.0,16755.0
5165,39822.0,31049.0,30822.0,23074.0,8773.0,9000.0,16748.0
5166,39825.0,31053.0,30829.0,23075.0,8772.0,8996.0,16750.0
5167,39828.0,31061.0,30837.0,23075.0,8767.0,8991.0,16753.0
5168,39831.0,31064.0,30839.0,23075.0,8767.0,8992.0,16756.0
5169,39834.0,31069.0,30840.0,23077.0,8765.0,8994.0,16757.0
5170,39837.0,31071.0,30840.0,23078.0,8766.0,8997.0,16759.0
5171,39840.0,31071.0,30844.0,23086.0,8769.0,8996.0,16754.0
5172,39843.0,31073.0,30844.0,23091.0,8770.0,8999.0,16752.0
5173,39846.0,31073.0,30848.0,23102.0,8773.0,8998.0,16744.0
5174,39849.0,31074.0,30853.0,23108.0,8775.0,8996.0,16741.0
5175,39852.0,31079.0,30858.0,23111.0,8773.0,8994.0,16741.0
5176,39855.0,31083.0,30858.0,23116.0,8772.0,8997.0,16739.0
5177,39858.0,31086.0,30863.0,23118.0,8772.0,8995.0,16740.0
5178,39861.0,31090.0,30863.0,23126.0,8771.0,8998.0,16735.0
5179,39864.0,31095.0,30865.0,23126.0,8769.0,8999.0,16738.0
5180,39867.0,31100.0,30881.0,23139.0,8767.0,8986.0,16728.0
5181,39870.0,31105.0,30881.0,23150.0,8765.0,8989.0,16720.0
5182,39873.0,31113.0,30887.0,23151.0,8760.0,8986.0,16722.0
5183,39876.0,31113.0,30894.0,23160.0,8763.0,8982.0,16716.0
5184,39879.0,31116.0,30897.0,23166.0,8763.0,8982.0,16713.0
5185,39882.0,31119.0,30905.0,23185.0,8763.0,8977.0,16697.0
5186,39885.0,31120.0,30909.0,23185.0,8765.0,8976.0,16700.0
5187,39888.0,31120.0,30915.0,23193.0,8768.0,8973.0,16695.0
5188,39891.0,31123.0,30921.0,23196.0,8768.0,8970.0,16695.0
5189,39894.0,31126.0,30933.0,23196.0,8768.0,8961.0,16698.0
5190,39897.0,31141.0,30936.0,23196.0,8756.0,8961.0,16701.0
5191,39900.0,31147.0,30938.0,23211.0,8753.0,8962.0,16689.0
5192,39903.0,31147.0,30945.0,23211.0,8756.0,8958.0,16692.0
5193,39906.0,31154.0,30953.0,23220.0,8752.0,8953.0,16686.0
5194,39909.0,31157.0,30953.0,23220.0,8752.0,8956.0,16689.0
5195,39912.0,31163.0,30954.0,23223.0,8749.0,8958.0,16689.0
5196,39915.0,31165.0,30955.0,23223.0,8750.0,8960.0,16692.0
5197,39918.0,31167.0,30958.0,23225.0,8751.0,8960.0,16693.0
5198,39921.0,31167.0,30959.0,23225.0,8754.0,8962.0,16696.0
5199,39924.0,31171.0,30959.0,23230.0,8753.0,8965.0,16694.0
5200,39927.0,31171.0,30972.0,23230.0,8756.0,8955.0,16697.0
5201,39930.0,31181.0,30984.0,23231.0,8749.0,8946.0,16699.0
5202,39933.0,31185.0,30984.0,23233.0,8748.0,8949.0,16700.0
5203,39936.0,31186.0,30984.0,23235.0,8750.0,8952.0,16701.0
5204,39939.0,31208.0,30984.0,23245.0,8731.0,8955.0,16694.0
5205,39942.0,31210.0,30990.0,23245.0,8732.0,8952.0,16697.0
5206,39945.0,31217.0,30991.0,23249.0,8728.0,8954.0,16696.0
5207,39948.0,31221.0,30991.0,23255.0,8727.0,8957.0,16693.0
5208,39951.0,31226.0,30992.0,23261.0,8725.0,8959.0,16690.0
5209,39954.0,31232.0,30995.0,23261.0,8722.0,8959.0,16693.0
5210,39957.0,31242.0,31000.0,23267.0,8715.0,8957.0,16690.0
5211,39960.0,31249.0,31007.0,23275.0,8711.0,8953.0,16685.0
5212,39963.0,31250.0,31013.0,23276.0,8713.0,8950.0,16687.0
5213,39966.0,31253.0,31019.0,23276.0,8713.0,8947.0,16690.0
5214,39969.0,31257.0,31021.0,23283.0,8712.0,8948.0,16686.0
5215,39972.0,31263.0,31029.0,23287.0,8709.0,8943.0,16685.0
5216,39975.0,31267.0,31032.0,23299.0,8708.0,8943.0,16676.0
5217,39978.0,31268.0,31032.0,23305.0,8710.0,8946.0,16673.0
5218,39981.0,31269.0,31038.0,23318.0,8712.0,8943.0,16663.0
5219,39984.0,31269.0,31042.0,23329.0,8715.0,8942.0,16655.0
5220,39987.0,31269.0,31049.0,23337.0,8718.0,8938.0,16650.0
5221,39990.0,31276.0,31054.0,23337.0,8714.0,8936.0,16653.0
5222,39993.0,31281.0,31058.0,23347.0,8712.0,8935.0,16646.0
5223,39996.0,31287.0,31059.0,23355.0,8709.0,8937.0,16641.0
5224,39999.0,31290.0,31063.0,23355.0,8709.0,8936.0,16644.0
5225,40002.0,31296.0,31065.0,23355.0,8706.0,8937.0,16647.0
5226,40005.0,31301.0,31070.0,23355.0,8704.0,8935.0,16650.0
5227,40008.0,31306.0,31078.0,23369.0,8702.0,8930.0,16639.0
5228,40011.0,31312.0,31080.0,23372.0,8699.0,8931.0,16639.0
5229,40014.0,31314.0,31085.0,23381.0,8700.0,8929.0,16633.0
5230,40017.0,31316.0,31092.0,23381.0,8701.0,8925.0,16636.0
5231,40020.0,31316.0,31101.0,23381.0,8704.0,8919.0,16639.0
5232,40023.0,31320.0,31108.0,23384.0,8703.0,8915.0,16639.0
5233,40026.0,31320.0,31114.0,23384.0,8706.0,8912.0,16642.0
5234,40029.0,31325.0,31119.0,23393.0,8704.0,8910.0,16636.0
5235,40032.0,31329.0,31121.0,23399.0,8703.0,8911.0,16633.0
5236,40035.0,31334.0,31129.0,23401.0,8701.0,8906.0,16634.0
5237,40038.0,31338.0,31131.0,23403.0,8700.0,8907.0,16635.0
5238,40041.0,31341.0,31137.0,23409.0,8700.0,8904.0,16632.0
5239,40044.0,31349.0,31138.0,23413.0,8695.0,8906.0,16631.0
5240,40047.0,31349.0,31145.0,23413.0,8698.0,8902.0,16634.0
5241,40050.0,31358.0,31145.0,23416.0,8692.0,8905.0,16634.0
5242,40053.0,31360.0,31151.0,23416.0,8693.0,8902.0,16637.0
5243,40056.0,31362.0,31159.0,23416.0,8694.0,8897.0,16640.0
5244,40059.0,31363.0,31167.0,23416.0,8696.0,8892.0,16643.0
5245,40062.0,31367.0,31172.0,23417.0,8695.0,8890.0,16645.0
5246,40065.0,31376.0,31172.0,23417.0,8689.0,8893.0,16648.0
5247,40068.0,31378.0,31172.0,23421.0,8690.0,8896.0,16647.0
5248,40071.0,31388.0,31172.0,23422.0,8683.0,8899.0,16649.0
5249,40074.0,31390.0,31181.0,23422.0,8684.0,8893.0,16652.0
5250,40077.0,31397.0,31195.0,23422.0,8680.0,8882.0,16655.0
5251,40080.0,31402.0,31200.0,23426.0,8678.0,8880.0,16654.0
5252,40083.0,31403.0,31205.0,23426.0,8680.0,8878.0,16657.0
5253,40086.0,31407.0,31210.0,23426.0,8679.0,8876.0,16660.0
5254,40089.0,31415.0,31212.0,23426.0,8674.0,8877.0,16663.0
5255,40092.0,31419.0,31218.0,23428.0,8673.0,8874.0,16664.0
5256,40095.0,31426.0,31218.0,23428.0,8669.0,8877.0,16667.0
5257,40098.0,31428.0,31218.0,23430.0,8670.0,8880.0,16668.0
5258,40101.0,31428.0,31219.0,23435.0,8673.0,8882.0,16666.0
5259,40104.0,31433.0,31226.0,23438.0,8671.0,8878.0,16666.0
5260,40107.0,31445.0,31231.0,23442.0,8662.0,8876.0,16665.0
5261,40110.0,31448.0,31238.0,23442.0,8662.0,8872.0,16668.0
5262,40113.0,31448.0,31241.0,23444.0,8665.0,8872.0,16669.0
5263,40116.0,31457.0,31246.0,23448.0,8659.0,8870.0,16668.0
5264,40119.0,31457.0,31251.0,23449.0,8662.0,8868.0,16670.0
5265,40122.0,31464.0,31256.0,23451.0,8658.0,8866.0,16671.0
5266,40125.0,31468.0,31256.0,23460.0,8657.0,8869.0,16665.0
5267,40128.0,31470.0,31270.0,23466.0,8658.0,8858.0,16662.0
5268,40131.0,31474.0,31272.0,23479.0,8657.0,8859.0,16652.0
5269,40134.0,31485.0,31279.0,23489.0,8649.0,8855.0,16645.0
5270,40137.0,31493.0,31292.0,23493.0,8644.0,8845.0,16644.0
5271,40140.0,31499.0,31300.0,23493.0,8641.0,8840.0,16647.0
5272,40143.0,31506.0,31304.0,23497.0,8637.0,8839.0,16646.0
5273,40146.0,31506.0,31307.0,23501.0,8640.0,8839.0,16645.0
5274,40149.0,31510.0,31328.0,23506.0,8639.0,8821.0,16643.0
5275,40152.0,31518.0,31331.0,23509.0,8634.0,8821.0,16643.0
5276,40155.0,31519.0,31342.0,23518.0,8636.0,8813.0,16637.0
5277,40158.0,31524.0,31344.0,23518.0,8634.0,8814.0,16640.0
5278,40161.0,31526.0,31344.0,23522.0,8635.0,8817.0,16639.0
5279,40164.0,31534.0,31353.0,23535.0,8630.0,8811.0,16629.0
5280,40167.0,31541.0,31357.0,23542.0,8626.0,8810.0,16625.0
5281,40170.0,31541.0,31366.0,23543.0,8629.0,8804.0,16627.0
5282,40173.0,31547.0,31368.0,23555.0,8626.0,8805.0,16618.0
5283,40176.0,31561.0,31370.0,23555.0,8615.0,8806.0,16621.0
5284,40179.0,31566.0,31370.0,23558.0,8613.0,8809.0,16621.0
5285,40182.0,31573.0,31372.0,23561.0,8609.0,8810.0,16621.0
5286,40185.0,31575.0,31377.0,23566.0,8610.0,8808.0,16619.0
5287,40188.0,31577.0,31381.0,23571.0,8611.0,8807.0,16617.0
5288,40191.0,31585.0,31390.0,23572.0,8606.0,8801.0,16619.0
5289,40194.0,31589.0,31396.0,23573.0,8605.0,8798.0,16621.0
5290,40197.0,31600.0,31397.0,23578.0,8597.0,8800.0,16619.0
5291,40200.0,31609.0,31405.0,23583.0,8591.0,8795.0,16617.0
5292,40203.0,31613.0,31410.0,23598.0,8590.0,8793.0,16605.0
5293,40206.0,31614.0,31416.0,23601.0,8592.0,8790.0,16605.0
5294,40209.0,31621.0,31421.0,23601.0,8588.0,8788.0,16608.0
5295,40212.0,31625.0,31422.0,23601.0,8587.0,8790.0,16611.0
5296,40215.0,31632.0,31433.0,23603.0,8583.0,8782.0,16612.0
5297,40218.0,31640.0,31436.0,23608.0,8578.0,8782.0,16610.0
5298,40221.0,31642.0,31439.0,23610.0,8579.0,8782.0,16611.0
5299,40224.0,31653.0,31440.0,23616.0,8571.0,8784.0,16608.0
5300,40227.0,31656.0,31444.0,23618.0,8571.0,8783.0,16609.0
5301,40230.0,31663.0,31448.0,23621.0,8567.0,8782.0,16609.0
5302,40233.0,31666.0,31453.0,23627.0,8567.0,8780.0,16606.0
5303,40236.0,31671.0,31458.0,23633.0,8565.0,8778.0,16603.0
5304,40239.0,31682.0,31463.0,23641.0,8557.0,8776.0,16598.0
5305,40242.0,31695.0,31469.0,23642.0,8547.0,8773.0,16600.0
5306,40245.0,31696.0,31472.0,23642.0,8549.0,8773.0,16603.0
5307,40248.0,31696.0,31472.0,23642.0,8552.0,8776.0,16606.0
5308,40251.0,31696.0,31478.0,23644.0,8555.0,8773.0,16607.0
5309,40254.0,31699.0,31489.0,23650.0,8555.0,8765.0,16604.0
5310,40257.0,31704.0,31500.0,23656.0,8553.0,8757.0,16601.0
5311,40260.0,31705.0,31521.0,23658.0,8555.0,8739.0,16602.0
5312,40263.0,31721.0,31528.0,23661.0,8542.0,8735.0,16602.0
5313,40266.0,31729.0,31532.0,23663.0,8537.0,8734.0,16603.0
5314,40269.0,31729.0,31533.0,23663.0,8540.0,8736.0,16606.0
5315,40272.0,31730.0,31533.0,23678.0,8542.0,8739.0,16594.0
5316,40275.0,31736.0,31544.0,23689.0,8539.0,8731.0,16586.0
5317,40278.0,31738.0,31544.0,23694.0,8540.0,8734.0,16584.0
5318,40281.0,31741.0,31544.0,23694.0,8540.0,8737.0,16587.0
5319,40284.0,31747.0,31547.0,23696.0,8537.0,8737.0,16588.0
5320,40287.0,31751.0,31559.0,23696.0,8536.0,8728.0,16591.0
5321,40290.0,31752.0,31559.0,23697.0,8538.0,8731.0,16593.0
5322,40293.0,31766.0,31559.0,23698.0,8527.0,8734.0,16595.0
5323,40296.0,31766.0,31566.0,23706.0,8530.0,8730.0,16590.0
5324,40299.0,31779.0,31577.0,23706.0,8520.0,8722.0,16593.0
5325,40302.0,31780.0,31586.0,23712.0,8522.0,8716.0,16590.0
5326,40305.0,31788.0,31591.0,23719.0,8517.0,8714.0,16586.0
5327,40308.0,31789.0,31600.0,23719.0,8519.0,8708.0,16589.0
5328,40311.0,31794.0,31601.0,23719.0,8517.0,8710.0,16592.0
5329,40314.0,31794.0,31601.0,23723.0,8520.0,8713.0,16591.0
5330,40317.0,31798.0,31608.0,23723.0,8519.0,8709.0,16594.0
5331,40320.0,31810.0,31615.0,23742.0,8510.0,8705.0,16578.0
5332,40323.0,31825.0,31616.0,23751.0,8498.0,8707.0,16572.0
5333,40326.0,31831.0,31625.0,23752.0,8495.0,8701.0,16574.0
5334,40329.0,31836.0,31629.0,23756.0,8493.0,8700.0,16573.0
5335,40332.0,31842.0,31633.0,23758.0,8490.0,8699.0,16574.0
5336,40335.0,31851.0,31639.0,23760.0,8484.0,8696.0,16575.0
5337,40338.0,31856.0,31640.0,23760.0,8482.0,8698.0,16578.0
5338,40341.0,31863.0,31641.0,23767.0,8478.0,8700.0,16574.0
5339,40344.0,31866.0,31645.0,23769.0,8478.0,8699.0,16575.0
5340,40347.0,31866.0,31651.0,23769.0,8481.0,8696.0,16578.0
5341,40350.0,31869.0,31661.0,23774.0,8481.0,8689.0,16576.0
5342,40353.0,31869.0,31664.0,23780.0,8484.0,8689.0,16573.0
5343,40356.0,31871.0,31669.0,23784.0,8485.0,8687.0,16572.0
5344,40359.0,31877.0,31671.0,23784.0,8482.0,8688.0,16575.0
5345,40362.0,31885.0,31671.0,23796.0,8477.0,8691.0,16566.0
5346,40365.0,31885.0,31681.0,23797.0,8480.0,8684.0,16568.0
5347,40368.0,31895.0,31682.0,23798.0,8473.0,8686.0,16570.0
5348,40371.0,31898.0,31687.0,23803.0,8473.0,8684.0,16568.0
5349,40374.0,31902.0,31690.0,23810.0,8472.0,8684.0,16564.0
5350,40377.0,31913.0,31703.0,23810.0,8464.0,8674.0,16567.0
5351,40380.0,31913.0,31710.0,23817.0,8467.0,8670.0,16563.0
5352,40383.0,31914.0,31714.0,23818.0,8469.0,8669.0,16565.0
5353,40386.0,31917.0,31716.0,23831.0,8469.0,8670.0,16555.0
5354,40389.0,31917.0,31720.0,23831.0,8472.0,8669.0,16558.0
5355,40392.0,31919.0,31722.0,23832.0,8473.0,8670.0,16560.0
5356,40395.0,31919.0,31729.0,23838.0,8476.0,8666.0,16557.0
5357,40398.0,31923.0,31734.0,23843.0,8475.0,8664.0,16555.0
5358,40401.0,31926.0,31739.0,23846.0,8475.0,8662.0,16555.0
5359,40404.0,31937.0,31739.0,23846.0,8467.0,8665.0,16558.0
5360,40407.0,31939.0,31757.0,23846.0,8468.0,8650.0,16561.0
5361,40410.0,31947.0,31760.0,23846.0,8463.0,8650.0,16564.0
5362,40413.0,31950.0,31765.0,23853.0,8463.0,8648.0,16560.0
5363,40416.0,31958.0,31765.0,23862.0,8458.0,8651.0,16554.0
5364,40419.0,31961.0,31767.0,23862.0,8458.0,8652.0,16557.0
5365,40422.0,31963.0,31771.0,23864.0,8459.0,8651.0,16558.0
5366,40425.0,31968.0,31773.0,23870.0,8457.0,8652.0,16555.0
5367,40428.0,31968.0,31774.0,23872.0,8460.0,8654.0,16556.0
5368,40431.0,31973.0,31777.0,23874.0,8458.0,8654.0,16557.0
5369,40434.0,31990.0,31778.0,23879.0,8444.0,8656.0,16555.0
5370,40437.0,31999.0,31782.0,23891.0,8438.0,8655.0,16546.0
5371,40440.0,32005.0,31788.0,23900.0,8435.0,8652.0,16540.0
5372,40443.0,32009.0,31793.0,23912.0,8434.0,8650.0,16531.0
5373,40446.0,32011.0,31798.0,23929.0,8435.0,8648.0,16517.0
5374,40449.0,32023.0,31804.0,23933.0,8426.0,8645.0,16516.0
5375,40452.0,32027.0,31806.0,23933.0,8425.0,8646.0,16519.0
5376,40455.0,32030.0,31809.0,23935.0,8425.0,8646.0,16520.0
5377,40458.0,32041.0,31823.0,23935.0,8417.0,8635.0,16523.0
5378,40461.0,32045.0,31825.0,23935.0,8416.0,8636.0,16526.0
5379,40464.0,32051.0,31829.0,23940.0,8413.0,8635.0,16524.0
5380,40467.0,32052.0,31832.0,23945.0,8415.0,8635.0,16522.0
5381,40470.0,32054.0,31837.0,23945.0,8416.0,8633.0,16525.0
5382,40473.0,32055.0,31842.0,23945.0,8418.0,8631.0,16528.0
5383,40476.0,32062.0,31847.0,23950.0,8414.0,8629.0,16526.0
5384,40479.0,32075.0,31859.0,23950.0,8404.0,8620.0,16529.0
5385,40482.0,32077.0,31863.0,23950.0,8405.0,8619.0,16532.0
5386,40485.0,32089.0,31863.0,23957.0,8396.0,8622.0,16528.0
5387,40488.0,32096.0,31869.0,23959.0,8392.0,8619.0,16529.0
5388,40491.0,32100.0,31879.0,23971.0,8391.0,8612.0,16520.0
5389,40494.0,32107.0,31888.0,23971.0,8387.0,8606.0,16523.0
5390,40497.0,32121.0,31894.0,23971.0,8376.0,8603.0,16526.0
5391,40500.0,32123.0,31897.0,23975.0,8377.0,8603.0,16525.0
5392,40503.0,32128.0,31900.0,23976.0,8375.0,8603.0,16527.0
5393,40506.0,32137.0,31905.0,23980.0,8369.0,8601.0,16526.0
5394,40509.0,32140.0,31911.0,23983.0,8369.0,8598.0,16526.0
5395,40512.0,32146.0,31912.0,23984.0,8366.0,8600.0,16528.0
5396,40515.0,32150.0,31916.0,23989.0,8365.0,8599.0,16526.0
5397,40518.0,32152.0,31919.0,23996.0,8366.0,8599.0,16522.0
5398,40521.0,32154.0,31928.0,23996.0,8367.0,8593.0,16525.0
5399,40524.0,32157.0,31934.0,23996.0,8367.0,8590.0,16528.0
5400,40527.0,32164.0,31941.0,23996.0,8363.0,8586.0,16531.0
5401,40530.0,32167.0,31944.0,24002.0,8363.0,8586.0,16528.0
5402,40533.0,32168.0,31948.0,24013.0,8365.0,8585.0,16520.0
5403,40536.0,32171.0,31948.0,24013.0,8365.0,8588.0,16523.0
5404,40539.0,32176.0,31948.0,24014.0,8363.0,8591.0,16525.0
5405,40542.0,32178.0,31950.0,24022.0,8364.0,8592.0,16520.0
5406,40545.0,32186.0,31960.0,24029.0,8359.0,8585.0,16516.0
5407,40548.0,32193.0,31962.0,24029.0,8355.0,8586.0,16519.0
5408,40551.0,32199.0,31971.0,24035.0,8352.0,8580.0,16516.0
5409,40554.0,32199.0,31971.0,24035.0,8355.0,8583.0,16519.0
5410,40557.0,32201.0,31989.0,24036.0,8356.0,8568.0,16521.0
5411,40560.0,32212.0,31990.0,24047.0,8348.0,8570.0,16513.0
5412,40563.0,32212.0,31996.0,24050.0,8351.0,8567.0,16513.0
5413,40566.0,32222.0,32005.0,24050.0,8344.0,8561.0,16516.0
5414,40569.0,32232.0,32006.0,24064.0,8337.0,8563.0,16505.0
5415,40572.0,32236.0,32011.0,24064.0,8336.0,8561.0,16508.0
5416,40575.0,32241.0,32014.0,24066.0,8334.0,8561.0,16509.0
5417,40578.0,32247.0,32016.0,24071.0,8331.0,8562.0,16507.0
5418,40581.0,32252.0,32026.0,24071.0,8329.0,8555.0,16510.0
5419,40584.0,32258.0,32044.0,24071.0,8326.0,8540.0,16513.0
5420,40587.0,32276.0,32044.0,24085.0,8311.0,8543.0,16502.0
5421,40590.0,32288.0,32048.0,24087.0,8302.0,8542.0,16503.0
5422,40593.0,32291.0,32054.0,24091.0,8302.0,8539.0,16502.0
5423,40596.0,32299.0,32054.0,24099.0,8297.0,8542.0,16497.0
5424,40599.0,32303.0,32065.0,24105.0,8296.0,8534.0,16494.0
5425,40602.0,32305.0,32065.0,24105.0,8297.0,8537.0,16497.0
5426,40605.0,32307.0,32070.0,24105.0,8298.0,8535.0,16500.0
5427,40608.0,32309.0,32070.0,24108.0,8299.0,8538.0,16500.0
5428,40611.0,32309.0,32076.0,24109.0,8302.0,8535.0,16502.0
5429,40614.0,32312.0,32077.0,24111.0,8302.0,8537.0,16503.0
5430,40617.0,32315.0,32085.0,24114.0,8302.0,8532.0,16503.0
5431,40620.0,32315.0,32097.0,24114.0,8305.0,8523.0,16506.0
5432,40623.0,32320.0,32100.0,24120.0,8303.0,8523.0,16503.0
5433,40626.0,32326.0,32102.0,24124.0,8300.0,8524.0,16502.0
5434,40629.0,32330.0,32112.0,24128.0,8299.0,8517.0,16501.0
5435,40632.0,32335.0,32118.0,24128.0,8297.0,8514.0,16504.0
5436,40635.0,32339.0,32122.0,24128.0,8296.0,8513.0,16507.0
5437,40638.0,32351.0,32130.0,24138.0,8287.0,8508.0,16500.0
5438,40641.0,32351.0,32133.0,24138.0,8290.0,8508.0,16503.0
5439,40644.0,32357.0,32141.0,24144.0,8287.0,8503.0,16500.0
5440,40647.0,32357.0,32151.0,24148.0,8290.0,8496.0,16499.0
5441,40650.0,32357.0,32159.0,24149.0,8293.0,8491.0,16501.0
5442,40653.0,32359.0,32165.0,24152.0,8294.0,8488.0,16501.0
5443,40656.0,32360.0,32169.0,24153.0,8296.0,8487.0,16503.0
5444,40659.0,32367.0,32171.0,24173.0,8292.0,8488.0,16486.0
5445,40662.0,32368.0,32173.0,24173.0,8294.0,8489.0,16489.0
5446,40665.0,32368.0,32191.0,24173.0,8297.0,8474.0,16492.0
5447,40668.0,32371.0,32194.0,24183.0,8297.0,8474.0,16485.0
5448,40671.0,32374.0,32194.0,24183.0,8297.0,8477.0,16488.0
5449,40674.0,32379.0,32196.0,24183.0,8295.0,8478.0,16491.0
5450,40677.0,32382.0,32198.0,24185.0,8295.0,8479.0,16492.0
5451,40680.0,32384.0,32202.0,24188.0,8296.0,8478.0,16492.0
5452,40683.0,32391.0,32206.0,24188.0,8292.0,8477.0,16495.0
5453,40686.0,32398.0,32216.0,24198.0,8288.0,8470.0,16488.0
5454,40689.0,32400.0,32223.0,24207.0,8289.0,8466.0,16482.0
5455,40692.0,32404.0,32228.0,24210.0,8288.0,8464.0,16482.0
5456,40695.0,32411.0,32229.0,24213.0,8284.0,8466.0,16482.0
5457,40698.0,32412.0,32235.0,24216.0,8286.0,8463.0,16482.0
5458,40701.0,32417.0,32235.0,24216.0,8284.0,8466.0,16485.0
5459,40704.0,32430.0,32239.0,24226.0,8274.0,8465.0,16478.0
5460,40707.0,32434.0,32247.0,24240.0,8273.0,8460.0,16467.0
5461,40710.0,32444.0,32251.0,24243.0,8266.0,8459.0,16467.0
5462,40713.0,32447.0,32260.0,24250.0,8266.0,8453.0,16463.0
5463,40716.0,32449.0,32266.0,24255.0,8267.0,8450.0,16461.0
5464,40719.0,32449.0,32267.0,24264.0,8270.0,8452.0,16455.0
5465,40722.0,32458.0,32268.0,24264.0,8264.0,8454.0,16458.0
5466,40725.0,32466.0,32271.0,24275.0,8259.0,8454.0,16450.0
5467,40728.0,32473.0,32275.0,24280.0,8255.0,8453.0,16448.0
5468,40731.0,32476.0,32277.0,24280.0,8255.0,8454.0,16451.0
5469,40734.0,32478.0,32291.0,24280.0,8256.0,8443.0,16454.0
5470,40737.0,32482.0,32292.0,24285.0,8255.0,8445.0,16452.0
5471,40740.0,32485.0,32301.0,24285.0,8255.0,8439.0,16455.0
5472,40743.0,32485.0,32307.0,24288.0,8258.0,8436.0,16455.0
5473,40746.0,32498.0,32307.0,24296.0,8248.0,8439.0,16450.0
5474,40749.0,32502.0,32308.0,24299.0,8247.0,8441.0,16450.0
5475,40752.0,32508.0,32311.0,24300.0,8244.0,8441.0,16452.0
5476,40755.0,32510.0,32320.0,24307.0,8245.0,8435.0,16448.0
5477,40758.0,32517.0,32321.0,24311.0,8241.0,8437.0,16447.0
5478,40761.0,32517.0,32327.0,24321.0,8244.0,8434.0,16440.0
5479,40764.0,32518.0,32331.0,24321.0,8246.0,8433.0,16443.0
5480,40767.0,32522.0,32335.0,24333.0,8245.0,8432.0,16434.0
5481,40770.0,32522.0,32335.0,24341.0,8248.0,8435.0,16429.0
5482,40773.0,32527.0,32340.0,24353.0,8246.0,8433.0,16420.0
5483,40776.0,32533.0,32346.0,24360.0,8243.0,8430.0,16416.0
5484,40779.0,32540.0,32347.0,24367.0,8239.0,8432.0,16412.0
5485,40782.0,32540.0,32347.0,24368.0,8242.0,8435.0,16414.0
5486,40785.0,32546.0,32347.0,24387.0,8239.0,8438.0,16398.0
5487,40788.0,32551.0,32347.0,24389.0,8237.0,8441.0,16399.0
5488,40791.0,32552.0,32350.0,24397.0,8239.0,8441.0,16394.0
5489,40794.0,32558.0,32356.0,24397.0,8236.0,8438.0,16397.0
5490,40797.0,32566.0,32358.0,24415.0,8231.0,8439.0,16382.0
5491,40800.0,32566.0,32358.0,24424.0,8234.0,8442.0,16376.0
5492,40803.0,32575.0,32368.0,24431.0,8228.0,8435.0,16372.0
5493,40806.0,32578.0,32372.0,24431.0,8228.0,8434.0,16375.0
5494,40809.0,32578.0,32381.0,24435.0,8231.0,8428.0,16374.0
5495,40812.0,32581.0,32385.0,24446.0,8231.0,8427.0,16366.0
5496,40815.0,32586.0,32387.0,24447.0,8229.0,8428.0,16368.0
5497,40818.0,32587.0,32395.0,24447.0,8231.0,8423.0,16371.0
5498,40821.0,32594.0,32400.0,24451.0,8227.0,8421.0,16370.0
5499,40824.0,32597.0,32401.0,24456.0,8227.0,8423.0,16368.0
5500,40827.0,32603.0,32402.0,24459.0,8224.0,8425.0,16368.0
5501,40830.0,32614.0,32406.0,24462.0,8216.0,8424.0,16368.0
5502,40833.0,32617.0,32415.0,24467.0,8216.0,8418.0,16366.0
5503,40836.0,32617.0,32424.0,24468.0,8219.0,8412.0,16368.0
5504,40839.0,32623.0,32434.0,24470.0,8216.0,8405.0,16369.0
5505,40842.0,32624.0,32442.0,24470.0,8218.0,8400.0,16372.0
5506,40845.0,32624.0,32442.0,24473.0,8221.0,8403.0,16372.0
5507,40848.0,32627.0,32455.0,24480.0,8221.0,8393.0,16368.0
5508,40851.0,32642.0,32460.0,24484.0,8209.0,8391.0,16367.0
5509,40854.0,32642.0,32469.0,24484.0,8212.0,8385.0,16370.0
5510,40857.0,32648.0,32472.0,24490.0,8209.0,8385.0,16367.0
5511,40860.0,32651.0,32472.0,24498.0,8209.0,8388.0,16362.0
5512,40863.0,32666.0,32475.0,24498.0,8197.0,8388.0,16365.0
5513,40866.0,32667.0,32477.0,24500.0,8199.0,8389.0,16366.0
5514,40869.0,32674.0,32481.0,24501.0,8195.0,8388.0,16368.0
5515,40872.0,32675.0,32484.0,24501.0,8197.0,8388.0,16371.0
5516,40875.0,32677.0,32494.0,24505.0,8198.0,8381.0,16370.0
5517,40878.0,32682.0,32494.0,24512.0,8196.0,8384.0,16366.0
5518,40881.0,32684.0,32497.0,24512.0,8197.0,8384.0,16369.0
5519,40884.0,32684.0,32500.0,24517.0,8200.0,8384.0,16367.0
5520,40887.0,32685.0,32504.0,24523.0,8202.0,8383.0,16364.0
5521,40890.0,32685.0,32504.0,24523.0,8205.0,8386.0,16367.0
5522,40893.0,32689.0,32513.0,24528.0,8204.0,8380.0,16365.0
5523,40896.0,32701.0,32513.0,24531.0,8195.0,8383.0,16365.0
5524,40899.0,32704.0,32517.0,24534.0,8195.0,8382.0,16365.0
5525,40902.0,32705.0,32519.0,24542.0,8197.0,8383.0,16360.0
5526,40905.0,32707.0,32520.0,24553.0,8198.0,8385.0,16352.0
5527,40908.0,32711.0,32527.0,24560.0,8197.0,8381.0,16348.0
5528,40911.0,32716.0,32528.0,24569.0,8195.0,8383.0,16342.0
5529,40914.0,32724.0,32534.0,24574.0,8190.0,8380.0,16340.0
5530,40917.0,32727.0,32538.0,24575.0,8190.0,8379.0,16342.0
5531,40920.0,32736.0,32541.0,24577.0,8184.0,8379.0,16343.0
5532,40923.0,32745.0,32542.0,24577.0,8178.0,8381.0,16346.0
5533,40926.0,32753.0,32544.0,24586.0,8173.0,8382.0,16340.0
5534,40929.0,32753.0,32545.0,24596.0,8176.0,8384.0,16333.0
5535,40932.0,32756.0,32546.0,24605.0,8176.0,8386.0,16327.0
5536,40935.0,32759.0,32555.0,24616.0,8176.0,8380.0,16319.0
5537,40938.0,32760.0,32567.0,24617.0,8178.0,8371.0,16321.0
5538,40941.0,32765.0,32567.0,24621.0,8176.0,8374.0,16320.0
5539,40944.0,32768.0,32569.0,24626.0,8176.0,8375.0,16318.0
5540,40947.0,32778.0,32574.0,24632.0,8169.0,8373.0,16315.0
5541,40950.0,32778.0,32577.0,24633.0,8172.0,8373.0,16317.0
5542,40953.0,32778.0,32580.0,24633.0,8175.0,8373.0,16320.0
5543,40956.0,32778.0,32592.0,24633.0,8178.0,8364.0,16323.0
5544,40959.0,32779.0,32597.0,24633.0,8180.0,8362.0,16326.0
5545,40962.0,32789.0,32606.0,24634.0,8173.0,8356.0,16328.0
5546,40965.0,32795.0,32620.0,24638.0,8170.0,8345.0,16327.0
5547,40968.0,32807.0,32623.0,24641.0,8161.0,8345.0,16327.0
5548,40971.0,32807.0,32627.0,24643.0,8164.0,8344.0,16328.0
5549,40974.0,32808.0,32633.0,24643.0,8166.0,8341.0,16331.0
5550,40977.0,32808.0,32635.0,24643.0,8169.0,8342.0,16334.0
5551,40980.0,32811.0,32643.0,24652.0,8169.0,8337.0,16328.0
5552,40983.0,32813.0,32648.0,24653.0,8170.0,8335.0,16330.0
5553,40986.0,32819.0,32655.0,24660.0,8167.0,8331.0,16326.0
5554,40989.0,32832.0,32661.0,24660.0,8157.0,8328.0,16329.0
5555,40992.0,32838.0,32666.0,24669.0,8154.0,8326.0,16323.0
5556,40995.0,32844.0,32666.0,24676.0,8151.0,8329.0,16319.0
5557,40998.0,32851.0,32668.0,24684.0,8147.0,8330.0,16314.0
5558,41001.0,32855.0,32668.0,24687.0,8146.0,8333.0,16314.0
5559,41004.0,32859.0,32670.0,24705.0,8145.0,8334.0,16299.0
5560,41007.0,32862.0,32672.0,24709.0,8145.0,8335.0,16298.0
5561,41010.0,32863.0,32676.0,24720.0,8147.0,8334.0,16290.0
5562,41013.0,32863.0,32682.0,24720.0,8150.0,8331.0,16293.0
5563,41016.0,32871.0,32693.0,24728.0,8145.0,8323.0,16288.0
5564,41019.0,32875.0,32701.0,24743.0,8144.0,8318.0,16276.0
5565,41022.0,32877.0,32704.0,24747.0,8145.0,8318.0,16275.0
5566,41025.0,32883.0,32704.0,24748.0,8142.0,8321.0,16277.0
5567,41028.0,32883.0,32704.0,24749.0,8145.0,8324.0,16279.0
5568,41031.0,32890.0,32704.0,24749.0,8141.0,8327.0,16282.0
5569,41034.0,32891.0,32705.0,24754.0,8143.0,8329.0,16280.0
5570,41037.0,32897.0,32710.0,24754.0,8140.0,8327.0,16283.0
5571,41040.0,32910.0,32712.0,24759.0,8130.0,8328.0,16281.0
5572,41043.0,32916.0,32713.0,24759.0,8127.0,8330.0,16284.0
5573,41046.0,32921.0,32718.0,24760.0,8125.0,8328.0,16286.0
5574,41049.0,32921.0,32718.0,24772.0,8128.0,8331.0,16277.0
5575,41052.0,32928.0,32721.0,24775.0,8124.0,8331.0,16277.0
5576,41055.0,32933.0,32732.0,24781.0,8122.0,8323.0,16274.0
5577,41058.0,32935.0,32737.0,24784.0,8123.0,8321.0,16274.0
5578,41061.0,32936.0,32738.0,24790.0,8125.0,8323.0,16271.0
5579,41064.0,32940.0,32744.0,24790.0,8124.0,8320.0,16274.0
5580,41067.0,32946.0,32745.0,24790.0,8121.0,8322.0,16277.0
5581,41070.0,32946.0,32747.0,24796.0,8124.0,8323.0,16274.0
5582,41073.0,32950.0,32751.0,24799.0,8123.0,8322.0,16274.0
5583,41076.0,32964.0,32754.0,24805.0,8112.0,8322.0,16271.0
5584,41079.0,32964.0,32759.0,24805.0,8115.0,8320.0,16274.0
5585,41082.0,32971.0,32760.0,24812.0,8111.0,8322.0,16270.0
5586,41085.0,32988.0,32763.0,24816.0,8097.0,8322.0,16269.0
5587,41088.0,32990.0,32768.0,24819.0,8098.0,8320.0,16269.0
5588,41091.0,32990.0,32770.0,24820.0,8101.0,8321.0,16271.0
5589,41094.0,32992.0,32774.0,24829.0,8102.0,8320.0,16265.0
5590,41097.0,32993.0,32780.0,24837.0,8104.0,8317.0,16260.0
5591,41100.0,32997.0,32790.0,24842.0,8103.0,8310.0,16258.0
5592,41103.0,32998.0,32790.0,24848.0,8105.0,8313.0,16255.0
5593,41106.0,33003.0,32790.0,24849.0,8103.0,8316.0,16257.0
5594,41109.0,33010.0,32801.0,24861.0,8099.0,8308.0,16248.0
5595,41112.0,33017.0,32805.0,24873.0,8095.0,8307.0,16239.0
5596,41115.0,33017.0,32808.0,24876.0,8098.0,8307.0,16239.0
5597,41118.0,33021.0,32814.0,24879.0,8097.0,8304.0,16239.0
5598,41121.0,33021.0,32814.0,24881.0,8100.0,8307.0,16240.0
5599,41124.0,33022.0,32817.0,24886.0,8102.0,8307.0,16238.0
5600,41127.0,33023.0,32828.0,24886.0,8104.0,8299.0,16241.0
5601,41130.0,33023.0,32835.0,24889.0,8107.0,8295.0,16241.0
5602,41133.0,33028.0,32844.0,24901.0,8105.0,8289.0,16232.0
5603,41136.0,33033.0,32848.0,24902.0,8103.0,8288.0,16234.0
5604,41139.0,33044.0,32853.0,24908.0,8095.0,8286.0,16231.0
5605,41142.0,33044.0,32857.0,24923.0,8098.0,8285.0,16219.0
5606,41145.0,33048.0,32862.0,24923.0,8097.0,8283.0,16222.0
5607,41148.0,33048.0,32875.0,24923.0,8100.0,8273.0,16225.0
5608,41151.0,33050.0,32881.0,24927.0,8101.0,8270.0,16224.0
5609,41154.0,33050.0,32890.0,24932.0,8104.0,8264.0,16222.0
5610,41157.0,33051.0,32892.0,24932.0,8106.0,8265.0,16225.0
5611,41160.0,33059.0,32893.0,24938.0,8101.0,8267.0,16222.0
5612,41163.0,33063.0,32898.0,24938.0,8100.0,8265.0,16225.0
5613,41166.0,33065.0,32900.0,24938.0,8101.0,8266.0,16228.0
5614,41169.0,33076.0,32902.0,24948.0,8093.0,8267.0,16221.0
5615,41172.0,33097.0,32905.0,24961.0,8075.0,8267.0,16211.0
5616,41175.0,33107.0,32906.0,24967.0,8068.0,8269.0,16208.0
5617,41178.0,33107.0,32910.0,24980.0,8071.0,8268.0,16198.0
5618,41181.0,33111.0,32910.0,24986.0,8070.0,8271.0,16195.0
5619,41184.0,33117.0,32919.0,24988.0,8067.0,8265.0,16196.0
5620,41187.0,33122.0,32922.0,25000.0,8065.0,8265.0,16187.0
5621,41190.0,33125.0,32933.0,25002.0,8065.0,8257.0,16188.0
5622,41193.0,33136.0,32945.0,25003.0,8057.0,8248.0,16190.0
5623,41196.0,33136.0,32952.0,25009.0,8060.0,8244.0,16187.0
5624,41199.0,33145.0,32957.0,25016.0,8054.0,8242.0,16183.0
5625,41202.0,33155.0,32969.0,25028.0,8047.0,8233.0,16174.0
5626,41205.0,33155.0,32978.0,25041.0,8050.0,8227.0,16164.0
5627,41208.0,33170.0,32984.0,25041.0,8038.0,8224.0,16167.0
5628,41211.0,33172.0,32987.0,25053.0,8039.0,8224.0,16158.0
5629,41214.0,33177.0,32987.0,25056.0,8037.0,8227.0,16158.0
5630,41217.0,33183.0,32990.0,25061.0,8034.0,8227.0,16156.0
5631,41220.0,33186.0,32991.0,25063.0,8034.0,8229.0,16157.0
5632,41223.0,33190.0,32993.0,25067.0,8033.0,8230.0,16156.0
5633,41226.0,33195.0,32998.0,25075.0,8031.0,8228.0,16151.0
5634,41229.0,33199.0,33011.0,25082.0,8030.0,8218.0,16147.0
5635,41232.0,33213.0,33022.0,25086.0,8019.0,8210.0,16146.0
5636,41235.0,33220.0,33023.0,25087.0,8015.0,8212.0,16148.0
5637,41238.0,33234.0,33023.0,25097.0,8004.0,8215.0,16141.0
5638,41241.0,33239.0,33028.0,25101.0,8002.0,8213.0,16140.0
5639,41244.0,33241.0,33035.0,25101.0,8003.0,8209.0,16143.0
5640,41247.0,33246.0,33038.0,25110.0,8001.0,8209.0,16137.0
5641,41250.0,33249.0,33039.0,25110.0,8001.0,8211.0,16140.0
5642,41253.0,33262.0,33039.0,25110.0,7991.0,8214.0,16143.0
5643,41256.0,33272.0,33040.0,25111.0,7984.0,8216.0,16145.0
5644,41259.0,33273.0,33045.0,25116.0,7986.0,8214.0,16143.0
5645,41262.0,33275.0,33045.0,25118.0,7987.0,8217.0,16144.0
5646,41265.0,33280.0,33053.0,25132.0,7985.0,8212.0,16133.0
5647,41268.0,33287.0,33059.0,25137.0,7981.0,8209.0,16131.0
5648,41271.0,33296.0,33071.0,25140.0,7975.0,8200.0,16131.0
5649,41274.0,33298.0,33077.0,25140.0,7976.0,8197.0,16134.0
5650,41277.0,33299.0,33081.0,25143.0,7978.0,8196.0,16134.0
5651,41280.0,33300.0,33083.0,25144.0,7980.0,8197.0,16136.0
5652,41283.0,33312.0,33086.0,25148.0,7971.0,8197.0,16135.0
5653,41286.0,33316.0,33092.0,25156.0,7970.0,8194.0,16130.0
5654,41289.0,33330.0,33095.0,25156.0,7959.0,8194.0,16133.0
5655,41292.0,33334.0,33100.0,25161.0,7958.0,8192.0,16131.0
5656,41295.0,33344.0,33102.0,25165.0,7951.0,8193.0,16130.0
5657,41298.0,33347.0,33105.0,25165.0,7951.0,8193.0,16133.0
5658,41301.0,33351.0,33109.0,25166.0,7950.0,8192.0,16135.0
5659,41304.0,33356.0,33113.0,25167.0,7948.0,8191.0,16137.0
5660,41307.0,33358.0,33123.0,25178.0,7949.0,8184.0,16129.0
5661,41310.0,33365.0,33128.0,25178.0,7945.0,8182.0,16132.0
5662,41313.0,33367.0,33133.0,25180.0,7946.0,8180.0,16133.0
5663,41316.0,33368.0,33141.0,25182.0,7948.0,8175.0,16134.0
5664,41319.0,33370.0,33149.0,25192.0,7949.0,8170.0,16127.0
5665,41322.0,33370.0,33149.0,25192.0,7952.0,8173.0,16130.0
5666,41325.0,33375.0,33151.0,25195.0,7950.0,8174.0,16130.0
5667,41328.0,33379.0,33152.0,25196.0,7949.0,8176.0,16132.0
5668,41331.0,33391.0,33155.0,25200.0,7940.0,8176.0,16131.0
5669,41334.0,33394.0,33158.0,25207.0,7940.0,8176.0,16127.0
5670,41337.0,33399.0,33177.0,25226.0,7938.0,8160.0,16111.0
5671,41340.0,33400.0,33185.0,25240.0,7940.0,8155.0,16100.0
5672,41343.0,33402.0,33196.0,25240.0,7941.0,8147.0,16103.0
5673,41346.0,33404.0,33196.0,25241.0,7942.0,8150.0,16105.0
5674,41349.0,33406.0,33196.0,25241.0,7943.0,8153.0,16108.0
5675,41352.0,33415.0,33199.0,25250.0,7937.0,8153.0,16102.0
5676,41355.0,33417.0,33204.0,25251.0,7938.0,8151.0,16104.0
5677,41358.0,33417.0,33212.0,25256.0,7941.0,8146.0,16102.0
5678,41361.0,33422.0,33218.0,25256.0,7939.0,8143.0,16105.0
5679,41364.0,33427.0,33220.0,25257.0,7937.0,8144.0,16107.0
5680,41367.0,33431.0,33225.0,25262.0,7936.0,8142.0,16105.0
5681,41370.0,33437.0,33234.0,25273.0,7933.0,8136.0,16097.0
5682,41373.0,33440.0,33241.0,25279.0,7933.0,8132.0,16094.0
5683,41376.0,33447.0,33241.0,25279.0,7929.0,8135.0,16097.0
5684,41379.0,33460.0,33241.0,25289.0,7919.0,8138.0,16090.0
5685,41382.0,33463.0,33254.0,25298.0,7919.0,8128.0,16084.0
5686,41385.0,33467.0,33255.0,25299.0,7918.0,8130.0,16086.0
5687,41388.0,33474.0,33257.0,25299.0,7914.0,8131.0,16089.0
5688,41391.0,33483.0,33261.0,25305.0,7908.0,8130.0,16086.0
5689,41394.0,33491.0,33266.0,25312.0,7903.0,8128.0,16082.0
5690,41397.0,33491.0,33278.0,25317.0,7906.0,8119.0,16080.0
5691,41400.0,33496.0,33283.0,25320.0,7904.0,8117.0,16080.0
5692,41403.0,33502.0,33294.0,25320.0,7901.0,8109.0,16083.0
5693,41406.0,33512.0,33294.0,25323.0,7894.0,8112.0,16083.0
5694,41409.0,33520.0,33305.0,25323.0,7889.0,8104.0,16086.0
5695,41412.0,33521.0,33315.0,25329.0,7891.0,8097.0,16083.0
5696,41415.0,33528.0,33318.0,25331.0,7887.0,8097.0,16084.0
5697,41418.0,33530.0,33320.0,25342.0,7888.0,8098.0,16076.0
5698,41421.0,33535.0,33322.0,25345.0,7886.0,8099.0,16076.0
5699,41424.0,33539.0,33328.0,25352.0,7885.0,8096.0,16072.0
5700,41427.0,33539.0,33333.0,25364.0,7888.0,8094.0,16063.0
5701,41430.0,33549.0,33338.0,25375.0,7881.0,8092.0,16055.0
5702,41433.0,33553.0,33343.0,25383.0,7880.0,8090.0,16050.0
5703,41436.0,33560.0,33349.0,25386.0,7876.0,8087.0,16050.0
5704,41439.0,33563.0,33351.0,25387.0,7876.0,8088.0,16052.0
5705,41442.0,33568.0,33359.0,25387.0,7874.0,8083.0,16055.0
5706,41445.0,33575.0,33366.0,25399.0,7870.0,8079.0,16046.0
5707,41448.0,33579.0,33372.0,25399.0,7869.0,8076.0,16049.0
5708,41451.0,33588.0,33375.0,25408.0,7863.0,8076.0,16043.0
5709,41454.0,33593.0,33379.0,25408.0,7861.0,8075.0,16046.0
5710,41457.0,33598.0,33379.0,25413.0,7859.0,8078.0,16044.0
5711,41460.0,33598.0,33386.0,25424.0,7862.0,8074.0,16036.0
5712,41463.0,33605.0,33397.0,25431.0,7858.0,8066.0,16032.0
5713,41466.0,33606.0,33410.0,25438.0,7860.0,8056.0,16028.0
5714,41469.0,33608.0,33413.0,25438.0,7861.0,8056.0,16031.0
5715,41472.0,33619.0,33414.0,25452.0,7853.0,8058.0,16020.0
5716,41475.0,33620.0,33420.0,25459.0,7855.0,8055.0,16016.0
5717,41478.0,33629.0,33426.0,25467.0,7849.0,8052.0,16011.0
5718,41481.0,33635.0,33427.0,25467.0,7846.0,8054.0,16014.0
5719,41484.0,33635.0,33428.0,25471.0,7849.0,8056.0,16013.0
5720,41487.0,33635.0,33438.0,25476.0,7852.0,8049.0,16011.0
5721,41490.0,33637.0,33444.0,25478.0,7853.0,8046.0,16012.0
5722,41493.0,33643.0,33450.0,25483.0,7850.0,8043.0,16010.0
5723,41496.0,33649.0,33453.0,25491.0,7847.0,8043.0,16005.0
5724,41499.0,33653.0,33453.0,25491.0,7846.0,8046.0,16008.0
5725,41502.0,33659.0,33456.0,25492.0,7843.0,8046.0,16010.0
5726,41505.0,33669.0,33460.0,25492.0,7836.0,8045.0,16013.0
5727,41508.0,33674.0,33471.0,25501.0,7834.0,8037.0,16007.0
5728,41511.0,33684.0,33482.0,25509.0,7827.0,8029.0,16002.0
5729,41514.0,33684.0,33482.0,25519.0,7830.0,8032.0,15995.0
5730,41517.0,33693.0,33486.0,25524.0,7824.0,8031.0,15993.0
5731,41520.0,33702.0,33486.0,25534.0,7818.0,8034.0,15986.0
5732,41523.0,33705.0,33489.0,25535.0,7818.0,8034.0,15988.0
5733,41526.0,33709.0,33491.0,25540.0,7817.0,8035.0,15986.0
5734,41529.0,33716.0,33496.0,25543.0,7813.0,8033.0,15986.0
5735,41532.0,33724.0,33497.0,25543.0,7808.0,8035.0,15989.0
5736,41535.0,33728.0,33506.0,25543.0,7807.0,8029.0,15992.0
5737,41538.0,33733.0,33510.0,25549.0,7805.0,8028.0,15989.0
5738,41541.0,33739.0,33514.0,25560.0,7802.0,8027.0,15981.0
5739,41544.0,33746.0,33515.0,25571.0,7798.0,8029.0,15973.0
5740,41547.0,33750.0,33522.0,25575.0,7797.0,8025.0,15972.0
5741,41550.0,33754.0,33524.0,25578.0,7796.0,8026.0,15972.0
5742,41553.0,33761.0,33526.0,25581.0,7792.0,8027.0,15972.0
5743,41556.0,33763.0,33526.0,25590.0,7793.0,8030.0,15966.0
5744,41559.0,33767.0,33526.0,25594.0,7792.0,8033.0,15965.0
5745,41562.0,33769.0,33533.0,25596.0,7793.0,8029.0,15966.0
5746,41565.0,33777.0,33538.0,25598.0,7788.0,8027.0,15967.0
5747,41568.0,33781.0,33538.0,25598.0,7787.0,8030.0,15970.0
5748,41571.0,33784.0,33544.0,25611.0,7787.0,8027.0,15960.0
5749,41574.0,33793.0,33552.0,25616.0,7781.0,8022.0,15958.0
5750,41577.0,33803.0,33553.0,25623.0,7774.0,8024.0,15954.0
5751,41580.0,33806.0,33560.0,25623.0,7774.0,8020.0,15957.0
5752,41583.0,33807.0,33560.0,25623.0,7776.0,8023.0,15960.0
5753,41586.0,33811.0,33561.0,25624.0,7775.0,8025.0,15962.0
5754,41589.0,33814.0,33568.0,25634.0,7775.0,8021.0,15955.0
5755,41592.0,33819.0,33570.0,25636.0,7773.0,8022.0,15956.0
5756,41595.0,33825.0,33579.0,25637.0,7770.0,8016.0,15958.0
5757,41598.0,33830.0,33587.0,25649.0,7768.0,8011.0,15949.0
5758,41601.0,33836.0,33599.0,25654.0,7765.0,8002.0,15947.0
5759,41604.0,33841.0,33604.0,25665.0,7763.0,8000.0,15939.0
5760,41607.0,33842.0,33617.0,25665.0,7765.0,7990.0,15942.0
5761,41610.0,33845.0,33629.0,25667.0,7765.0,7981.0,15943.0
5762,41613.0,33855.0,33629.0,25680.0,7758.0,7984.0,15933.0
5763,41616.0,33859.0,33631.0,25685.0,7757.0,7985.0,15931.0
5764,41619.0,33862.0,33634.0,25688.0,7757.0,7985.0,15931.0
5765,41622.0,33866.0,33634.0,25691.0,7756.0,7988.0,15931.0
5766,41625.0,33869.0,33634.0,25699.0,7756.0,7991.0,15926.0
5767,41628.0,33871.0,33647.0,25711.0,7757.0,7981.0,15917.0
5768,41631.0,33874.0,33647.0,25711.0,7757.0,7984.0,15920.0
5769,41634.0,33880.0,33647.0,25726.0,7754.0,7987.0,15908.0
5770,41637.0,33891.0,33650.0,25726.0,7746.0,7987.0,15911.0
5771,41640.0,33896.0,33650.0,25727.0,7744.0,7990.0,15913.0
5772,41643.0,33903.0,33662.0,25735.0,7740.0,7981.0,15908.0
5773,41646.0,33907.0,33674.0,25736.0,7739.0,7972.0,15910.0
5774,41649.0,33913.0,33677.0,25736.0,7736.0,7972.0,15913.0
5775,41652.0,33913.0,33680.0,25742.0,7739.0,7972.0,15910.0
5776,41655.0,33913.0,33687.0,25743.0,7742.0,7968.0,15912.0
5777,41658.0,33918.0,33688.0,25748.0,7740.0,7970.0,15910.0
5778,41661.0,33918.0,33691.0,25752.0,7743.0,7970.0,15909.0
5779,41664.0,33923.0,33697.0,25767.0,7741.0,7967.0,15897.0
5780,41667.0,33933.0,33701.0,25769.0,7734.0,7966.0,15898.0
5781,41670.0,33938.0,33706.0,25769.0,7732.0,7964.0,15901.0
5782,41673.0,33945.0,33711.0,25771.0,7728.0,7962.0,15902.0
5783,41676.0,33953.0,33714.0,25775.0,7723.0,7962.0,15901.0
5784,41679.0,33957.0,33718.0,25775.0,7722.0,7961.0,15904.0
5785,41682.0,33963.0,33723.0,25775.0,7719.0,7959.0,15907.0
5786,41685.0,33963.0,33727.0,25775.0,7722.0,7958.0,15910.0
5787,41688.0,33967.0,33728.0,25776.0,7721.0,7960.0,15912.0
5788,41691.0,33968.0,33739.0,25777.0,7723.0,7952.0,15914.0
5789,41694.0,33971.0,33747.0,25783.0,7723.0,7947.0,15911.0
5790,41697.0,33981.0,33755.0,25791.0,7716.0,7942.0,15906.0
5791,41700.0,33984.0,33759.0,25801.0,7716.0,7941.0,15899.0
5792,41703.0,33985.0,33774.0,25802.0,7718.0,7929.0,15901.0
5793,41706.0,33985.0,33777.0,25802.0,7721.0,7929.0,15904.0
5794,41709.0,33988.0,33779.0,25809.0,7721.0,7930.0,15900.0
5795,41712.0,33991.0,33782.0,25825.0,7721.0,7930.0,15887.0
5796,41715.0,33991.0,33788.0,25832.0,7724.0,7927.0,15883.0
5797,41718.0,33994.0,33792.0,25836.0,7724.0,7926.0,15882.0
5798,41721.0,34002.0,33798.0,25839.0,7719.0,7923.0,15882.0
5799,41724.0,34005.0,33808.0,25847.0,7719.0,7916.0,15877.0
5800,41727.0,34008.0,33815.0,25860.0,7719.0,7912.0,15867.0
5801,41730.0,34010.0,33817.0,25860.0,7720.0,7913.0,15870.0
5802,41733.0,34019.0,33820.0,25869.0,7714.0,7913.0,15864.0
5803,41736.0,34029.0,33822.0,25875.0,7707.0,7914.0,15861.0
5804,41739.0,34032.0,33827.0,25877.0,7707.0,7912.0,15862.0
5805,41742.0,34034.0,33830.0,25883.0,7708.0,7912.0,15859.0
5806,41745.0,34045.0,33833.0,25894.0,7700.0,7912.0,15851.0
5807,41748.0,34046.0,33837.0,25894.0,7702.0,7911.0,15854.0
5808,41751.0,34057.0,33843.0,25896.0,7694.0,7908.0,15855.0
5809,41754.0,34060.0,33845.0,25905.0,7694.0,7909.0,15849.0
5810,41757.0,34060.0,33847.0,25905.0,7697.0,7910.0,15852.0
5811,41760.0,34061.0,33855.0,25905.0,7699.0,7905.0,15855.0
5812,41763.0,34061.0,33863.0,25906.0,7702.0,7900.0,15857.0
5813,41766.0,34065.0,33868.0,25918.0,7701.0,7898.0,15848.0
5814,41769.0,34070.0,33873.0,25921.0,7699.0,7896.0,15848.0
5815,41772.0,34070.0,33875.0,25922.0,7702.0,7897.0,15850.0
5816,41775.0,34081.0,33880.0,25926.0,7694.0,7895.0,15849.0
5817,41778.0,34082.0,33881.0,25926.0,7696.0,7897.0,15852.0
5818,41781.0,34089.0,33887.0,25943.0,7692.0,7894.0,15838.0
5819,41784.0,34091.0,33887.0,25953.0,7693.0,7897.0,15831.0
5820,41787.0,34093.0,33887.0,25955.0,7694.0,7900.0,15832.0
5821,41790.0,34097.0,33893.0,25963.0,7693.0,7897.0,15827.0
5822,41793.0,34105.0,33896.0,25963.0,7688.0,7897.0,15830.0
5823,41796.0,34105.0,33900.0,25968.0,7691.0,7896.0,15828.0
5824,41799.0,34111.0,33906.0,25971.0,7688.0,7893.0,15828.0
5825,41802.0,34117.0,33912.0,25981.0,7685.0,7890.0,15821.0
5826,41805.0,34126.0,33918.0,25981.0,7679.0,7887.0,15824.0
5827,41808.0,34129.0,33925.0,25981.0,7679.0,7883.0,15827.0
5828,41811.0,34133.0,33925.0,25983.0,7678.0,7886.0,15828.0
5829,41814.0,34142.0,33933.0,25984.0,7672.0,7881.0,15830.0
5830,41817.0,34148.0,33934.0,25984.0,7669.0,7883.0,15833.0
5831,41820.0,34152.0,33939.0,25984.0,7668.0,7881.0,15836.0
5832,41823.0,34153.0,33941.0,26003.0,7670.0,7882.0,15820.0
5833,41826.0,34157.0,33946.0,26007.0,7669.0,7880.0,15819.0
5834,41829.0,34163.0,33947.0,26014.0,7666.0,7882.0,15815.0
5835,41832.0,34165.0,33957.0,26020.0,7667.0,7875.0,15812.0
5836,41835.0,34165.0,33959.0,26025.0,7670.0,7876.0,15810.0
5837,41838.0,34170.0,33967.0,26030.0,7668.0,7871.0,15808.0
5838,41841.0,34176.0,33976.0,26031.0,7665.0,7865.0,15810.0
5839,41844.0,34180.0,33981.0,26031.0,7664.0,7863.0,15813.0
5840,41847.0,34192.0,33982.0,26039.0,7655.0,7865.0,15808.0
5841,41850.0,34195.0,33988.0,26045.0,7655.0,7862.0,15805.0
5842,41853.0,34207.0,33988.0,26048.0,7646.0,7865.0,15805.0
5843,41856.0,34213.0,33992.0,26064.0,7643.0,7864.0,15792.0
5844,41859.0,34226.0,34001.0,26069.0,7633.0,7858.0,15790.0
5845,41862.0,34227.0,34009.0,26069.0,7635.0,7853.0,15793.0
5846,41865.0,34229.0,34015.0,26074.0,7636.0,7850.0,15791.0
5847,41868.0,34229.0,34015.0,26074.0,7639.0,7853.0,15794.0
5848,41871.0,34230.0,34020.0,26078.0,7641.0,7851.0,15793.0
5849,41874.0,34230.0,34021.0,26078.0,7644.0,7853.0,15796.0
5850,41877.0,34239.0,34031.0,26078.0,7638.0,7846.0,15799.0
5851,41880.0,34240.0,34043.0,26085.0,7640.0,7837.0,15795.0
5852,41883.0,34240.0,34056.0,26094.0,7643.0,7827.0,15789.0
5853,41886.0,34247.0,34056.0,26106.0,7639.0,7830.0,15780.0
5854,41889.0,34254.0,34058.0,26113.0,7635.0,7831.0,15776.0
5855,41892.0,34265.0,34064.0,26116.0,7627.0,7828.0,15776.0
5856,41895.0,34276.0,34068.0,26121.0,7619.0,7827.0,15774.0
5857,41898.0,34279.0,34071.0,26131.0,7619.0,7827.0,15767.0
5858,41901.0,34289.0,34072.0,26131.0,7612.0,7829.0,15770.0
5859,41904.0,34292.0,34079.0,26134.0,7612.0,7825.0,15770.0
5860,41907.0,34294.0,34095.0,26147.0,7613.0,7812.0,15760.0
5861,41910.0,34296.0,34096.0,26149.0,7614.0,7814.0,15761.0
5862,41913.0,34306.0,34097.0,26155.0,7607.0,7816.0,15758.0
5863,41916.0,34306.0,34107.0,26155.0,7610.0,7809.0,15761.0
5864,41919.0,34307.0,34112.0,26158.0,7612.0,7807.0,15761.0
5865,41922.0,34313.0,34112.0,26158.0,7609.0,7810.0,15764.0
5866,41925.0,34316.0,34118.0,26162.0,7609.0,7807.0,15763.0
5867,41928.0,34321.0,34118.0,26164.0,7607.0,7810.0,15764.0
5868,41931.0,34325.0,34127.0,26167.0,7606.0,7804.0,15764.0
5869,41934.0,34331.0,34130.0,26175.0,7603.0,7804.0,15759.0
5870,41937.0,34341.0,34134.0,26183.0,7596.0,7803.0,15754.0
5871,41940.0,34344.0,34141.0,26183.0,7596.0,7799.0,15757.0
5872,41943.0,34347.0,34142.0,26189.0,7596.0,7801.0,15754.0
5873,41946.0,34357.0,34152.0,26193.0,7589.0,7794.0,15753.0
5874,41949.0,34360.0,34156.0,26193.0,7589.0,7793.0,15756.0
5875,41952.0,34363.0,34156.0,26201.0,7589.0,7796.0,15751.0
5876,41955.0,34371.0,34165.0,26201.0,7584.0,7790.0,15754.0
5877,41958.0,34374.0,34168.0,26201.0,7584.0,7790.0,15757.0
5878,41961.0,34374.0,34175.0,26201.0,7587.0,7786.0,15760.0
5879,41964.0,34377.0,34183.0,26201.0,7587.0,7781.0,15763.0
5880,41967.0,34377.0,34197.0,26203.0,7590.0,7770.0,15764.0
5881,41970.0,34381.0,34202.0,26211.0,7589.0,7768.0,15759.0
5882,41973.0,34384.0,34204.0,26217.0,7589.0,7769.0,15756.0
5883,41975.0,34387.0,34204.0,26217.0,7588.0,7771.0,15758.0
5884,41977.0,34387.0,34206.0,26222.0,7590.0,7771.0,15755.0
5885,41979.0,34390.0,34212.0,26228.0,7589.0,7767.0,15751.0
5886,41981.0,34391.0,34224.0,26232.0,7590.0,7757.0,15749.0
5887,41983.0,34397.0,34226.0,26244.0,7586.0,7757.0,15739.0
5888,41985.0,34398.0,34237.0,26244.0,7587.0,7748.0,15741.0
5889,41987.0,34403.0,34243.0,26258.0,7584.0,7744.0,15729.0
5890,41989.0,34407.0,34249.0,26258.0,7582.0,7740.0,15731.0
5891,41991.0,34409.0,34250.0,26273.0,7582.0,7741.0,15718.0
5892,41993.0,34411.0,34256.0,26275.0,7582.0,7737.0,15718.0
5893,41995.0,34414.0,34264.0,26276.0,7581.0,7731.0,15719.0
5894,41997.0,34414.0,34264.0,26279.0,7583.0,7733.0,15718.0
5895,41999.0,34417.0,34271.0,26279.0,7582.0,7728.0,15720.0
5896,42001.0,34417.0,34282.0,26285.0,7584.0,7719.0,15716.0
5897,42003.0,34418.0,34286.0,26287.0,7585.0,7717.0,15716.0
5898,42005.0,34424.0,34290.0,26295.0,7581.0,7715.0,15710.0
5899,42007.0,34426.0,34298.0,26308.0,7581.0,7709.0,15699.0
5900,42009.0,34427.0,34301.0,26314.0,7582.0,7708.0,15695.0
5901,42011.0,34431.0,34309.0,26314.0,7580.0,7702.0,15697.0
5902,42013.0,34440.0,34312.0,26314.0,7573.0,7701.0,15699.0
5903,42015.0,34446.0,34313.0,26325.0,7569.0,7702.0,15690.0
5904,42017.0,34458.0,34317.0,26331.0,7559.0,7700.0,15686.0
5905,42019.0,34471.0,34326.0,26335.0,7548.0,7693.0,15684.0
5906,42021.0,34471.0,34332.0,26340.0,7550.0,7689.0,15681.0
5907,42023.0,34477.0,34339.0,26355.0,7546.0,7684.0,15668.0
5908,42025.0,34477.0,34340.0,26370.0,7548.0,7685.0,15655.0
5909,42027.0,34478.0,34347.0,26370.0,7549.0,7680.0,15657.0
5910,42029.0,34485.0,34348.0,26371.0,7544.0,7681.0,15658.0
5911,42031.0,34486.0,34351.0,26379.0,7545.0,7680.0,15652.0
5912,42033.0,34491.0,34356.0,26383.0,7542.0,7677.0,15650.0
5913,42035.0,34496.0,34358.0,26383.0,7539.0,7677.0,15652.0
5914,42037.0,34501.0,34360.0,26387.0,7536.0,7677.0,15650.0
5915,42039.0,34508.0,34362.0,26387.0,7531.0,7677.0,15652.0
5916,42041.0,34516.0,34364.0,26396.0,7525.0,7677.0,15645.0
5917,42043.0,34526.0,34365.0,26397.0,7517.0,7678.0,15646.0
5918,42045.0,34532.0,34374.0,26399.0,7513.0,7671.0,15646.0
5919,42047.0,34533.0,34383.0,26401.0,7514.0,7664.0,15646.0
5920,42049.0,34538.0,34385.0,26403.0,7511.0,7664.0,15646.0
5921,42051.0,34543.0,34386.0,26403.0,7508.0,7665.0,15648.0
5922,42053.0,34551.0,34394.0,26403.0,7502.0,7659.0,15650.0
5923,42055.0,34552.0,34396.0,26410.0,7503.0,7659.0,15645.0
5924,42057.0,34553.0,34407.0,26411.0,7504.0,7650.0,15646.0
5925,42059.0,34557.0,34407.0,26420.0,7502.0,7652.0,15639.0
5926,42061.0,34560.0,34420.0,26428.0,7501.0,7641.0,15633.0
5927,42063.0,34565.0,34421.0,26434.0,7498.0,7642.0,15629.0
5928,42065.0,34568.0,34421.0,26438.0,7497.0,7644.0,15627.0
5929,42067.0,34572.0,34437.0,26440.0,7495.0,7630.0,15627.0
5930,42069.0,34579.0,34442.0,26452.0,7490.0,7627.0,15617.0
5931,42071.0,34583.0,34448.0,26464.0,7488.0,7623.0,15607.0
5932,42073.0,34591.0,34451.0,26464.0,7482.0,7622.0,15609.0
5933,42075.0,34594.0,34461.0,26480.0,7481.0,7614.0,15595.0
5934,42077.0,34603.0,34465.0,26480.0,7474.0,7612.0,15597.0
5935,42079.0,34611.0,34474.0,26482.0,7468.0,7605.0,15597.0
5936,42081.0,34614.0,34479.0,26491.0,7467.0,7602.0,15590.0
5937,42083.0,34624.0,34483.0,26495.0,7459.0,7600.0,15588.0
5938,42085.0,34627.0,34485.0,26498.0,7458.0,7600.0,15587.0
5939,42087.0,34634.0,34495.0,26501.0,7453.0,7592.0,15586.0
5940,42089.0,34636.0,34502.0,26501.0,7453.0,7587.0,15588.0
5941,42091.0,34640.0,34507.0,26505.0,7451.0,7584.0,15586.0
5942,42093.0,34647.0,34513.0,26510.0,7446.0,7580.0,15583.0
5943,42095.0,34651.0,34514.0,26510.0,7444.0,7581.0,15585.0
5944,42097.0,34655.0,34523.0,26512.0,7442.0,7574.0,15585.0
5945,42099.0,34661.0,34532.0,26512.0,7438.0,7567.0,15587.0
5946,42101.0,34663.0,34540.0,26522.0,7438.0,7561.0,15579.0
5947,42103.0,34672.0,34541.0,26523.0,7431.0,7562.0,15580.0
5948,42105.0,34672.0,34544.0,26524.0,7433.0,7561.0,15581.0
5949,42107.0,34682.0,34548.0,26525.0,7425.0,7559.0,15582.0
5950,42109.0,34682.0,34552.0,26525.0,7427.0,7557.0,15584.0
5951,42111.0,34685.0,34552.0,26531.0,7426.0,7559.0,15580.0
5952,42113.0,34685.0,34554.0,26539.0,7428.0,7559.0,15574.0
5953,42115.0,34694.0,34561.0,26545.0,7421.0,7554.0,15570.0
5954,42117.0,34698.0,34564.0,26546.0,7419.0,7553.0,15571.0
5955,42119.0,34704.0,34564.0,26553.0,7415.0,7555.0,15566.0
5956,42121.0,34705.0,34569.0,26559.0,7416.0,7552.0,15562.0
5957,42123.0,34709.0,34577.0,26559.0,7414.0,7546.0,15564.0
5958,42125.0,34717.0,34581.0,26562.0,7408.0,7544.0,15563.0
5959,42127.0,34725.0,34582.0,26565.0,7402.0,7545.0,15562.0
5960,42129.0,34734.0,34584.0,26572.0,7395.0,7545.0,15557.0
5961,42131.0,34734.0,34585.0,26575.0,7397.0,7546.0,15556.0
5962,42133.0,34735.0,34598.0,26579.0,7398.0,7535.0,15554.0
5963,42135.0,34740.0,34598.0,26591.0,7395.0,7537.0,15544.0
5964,42137.0,34750.0,34599.0,26602.0,7387.0,7538.0,15535.0
5965,42139.0,34750.0,34607.0,26609.0,7389.0,7532.0,15530.0
5966,42141.0,34751.0,34610.0,26611.0,7390.0,7531.0,15530.0
5967,42143.0,34763.0,34616.0,26617.0,7380.0,7527.0,15526.0
5968,42145.0,34764.0,34621.0,26621.0,7381.0,7524.0,15524.0
5969,42147.0,34767.0,34621.0,26624.0,7380.0,7526.0,15523.0
5970,42149.0,34772.0,34624.0,26628.0,7377.0,7525.0,15521.0
5971,42151.0,34777.0,34628.0,26643.0,7374.0,7523.0,15508.0
5972,42153.0,34782.0,34629.0,26653.0,7371.0,7524.0,15500.0
5973,42155.0,34788.0,34632.0,26656.0,7367.0,7523.0,15499.0
5974,42157.0,34793.0,34634.0,26656.0,7364.0,7523.0,15501.0
5975,42159.0,34806.0,34639.0,26658.0,7353.0,7520.0,15501.0
5976,42161.0,34817.0,34643.0,26667.0,7344.0,7518.0,15494.0
5977,42163.0,34822.0,34643.0,26670.0,7341.0,7520.0,15493.0
5978,42165.0,34827.0,34647.0,26673.0,7338.0,7518.0,15492.0
5979,42167.0,34827.0,34648.0,26675.0,7340.0,7519.0,15492.0
5980,42169.0,34836.0,34661.0,26680.0,7333.0,7508.0,15489.0
5981,42171.0,34839.0,34665.0,26696.0,7332.0,7506.0,15475.0
5982,42173.0,34839.0,34667.0,26696.0,7334.0,7506.0,15477.0
5983,42175.0,34844.0,34671.0,26701.0,7331.0,7504.0,15474.0
5984,42177.0,34853.0,34682.0,26708.0,7324.0,7495.0,15469.0
5985,42179.0,34856.0,34689.0,26713.0,7323.0,7490.0,15466.0
5986,42181.0,34861.0,34692.0,26715.0,7320.0,7489.0,15466.0
5987,42183.0,34865.0,34692.0,26723.0,7318.0,7491.0,15460.0
5988,42185.0,34868.0,34694.0,26724.0,7317.0,7491.0,15461.0
5989,42187.0,34869.0,34702.0,26727.0,7318.0,7485.0,15460.0
5990,42189.0,34880.0,34705.0,26736.0,7309.0,7484.0,15453.0
5991,42191.0,34887.0,34711.0,26743.0,7304.0,7480.0,15448.0
5992,42193.0,34889.0,34724.0,26759.0,7304.0,7469.0,15434.0
5993,42195.0,34890.0,34726.0,26760.0,7305.0,7469.0,15435.0
5994,42197.0,34899.0,34735.0,26763.0,7298.0,7462.0,15434.0
5995,42199.0,34901.0,34741.0,26764.0,7298.0,7458.0,15435.0
5996,42201.0,34913.0,34753.0,26773.0,7288.0,7448.0,15428.0
5997,42203.0,34918.0,34756.0,26778.0,7285.0,7447.0,15425.0
5998,42205.0,34919.0,34756.0,26779.0,7286.0,7449.0,15426.0
5999,42207.0,34929.0,34756.0,26783.0,7278.0,7451.0,15424.0
6000,42209.0,34934.0,34756.0,26783.0,7275.0,7453.0,15426.0
6001,42211.0,34934.0,34762.0,26784.0,7277.0,7449.0,15427.0
6002,42213.0,34939.0,34768.0,26786.0,7274.0,7445.0,15427.0
6003,42215.0,34949.0,34770.0,26792.0,7266.0,7445.0,15423.0
6004,42217.0,34951.0,34778.0,26792.0,7266.0,7439.0,15425.0
6005,42219.0,34954.0,34785.0,26799.0,7265.0,7434.0,15420.0
6006,42221.0,34959.0,34785.0,26800.0,7262.0,7436.0,15421.0
6007,42223.0,34964.0,34785.0,26810.0,7259.0,7438.0,15413.0
6008,42225.0,34967.0,34788.0,26810.0,7258.0,7437.0,15415.0
6009,42227.0,34972.0,34797.0,26815.0,7255.0,7430.0,15412.0
6010,42229.0,34978.0,34802.0,26815.0,7251.0,7427.0,15414.0
6011,42231.0,34978.0,34807.0,26815.0,7253.0,7424.0,15416.0
6012,42233.0,34978.0,34816.0,26815.0,7255.0,7417.0,15418.0
6013,42235.0,34991.0,34821.0,26818.0,7244.0,7414.0,15417.0
6014,42237.0,34996.0,34836.0,26820.0,7241.0,7401.0,15417.0
6015,42239.0,34997.0,34841.0,26828.0,7242.0,7398.0,15411.0
6016,42241.0,35006.0,34852.0,26831.0,7235.0,7389.0,15410.0
6017,42243.0,35007.0,34854.0,26833.0,7236.0,7389.0,15410.0
6018,42245.0,35015.0,34865.0,26841.0,7230.0,7380.0,15404.0
6019,42247.0,35016.0,34865.0,26841.0,7231.0,7382.0,15406.0
6020,42249.0,35022.0,34867.0,26842.0,7227.0,7382.0,15407.0
6021,42251.0,35024.0,34876.0,26846.0,7227.0,7375.0,15405.0
6022,42253.0,35029.0,34883.0,26860.0,7224.0,7370.0,15393.0
6023,42255.0,35034.0,34883.0,26862.0,7221.0,7372.0,15393.0
6024,42257.0,35036.0,34885.0,26872.0,7221.0,7372.0,15385.0
6025,42259.0,35043.0,34891.0,26873.0,7216.0,7368.0,15386.0
6026,42261.0,35046.0,34892.0,26873.0,7215.0,7369.0,15388.0
6027,42263.0,35048.0,34906.0,26873.0,7215.0,7357.0,15390.0
6028,42265.0,35048.0,34911.0,26873.0,7217.0,7354.0,15392.0
6029,42267.0,35051.0,34922.0,26883.0,7216.0,7345.0,15384.0
6030,42269.0,35056.0,34925.0,26887.0,7213.0,7344.0,15382.0
6031,42271.0,35061.0,34929.0,26890.0,7210.0,7342.0,15381.0
6032,42273.0,35062.0,34929.0,26903.0,7211.0,7344.0,15370.0
6033,42275.0,35075.0,34936.0,26907.0,7200.0,7339.0,15368.0
6034,42277.0,35077.0,34937.0,26907.0,7200.0,7340.0,15370.0
6035,42279.0,35084.0,34943.0,26910.0,7195.0,7336.0,15369.0
6036,42281.0,35095.0,34951.0,26919.0,7186.0,7330.0,15362.0
6037,42283.0,35095.0,34963.0,26924.0,7188.0,7320.0,15359.0
6038,42285.0,35096.0,34968.0,26931.0,7189.0,7317.0,15354.0
6039,42287.0,35099.0,34979.0,26934.0,7188.0,7308.0,15353.0
6040,42289.0,35104.0,34979.0,26934.0,7185.0,7310.0,15355.0
6041,42291.0,35104.0,34983.0,26937.0,7187.0,7308.0,15354.0
6042,42293.0,35111.0,34989.0,26937.0,7182.0,7304.0,15356.0
6043,42295.0,35111.0,34994.0,26937.0,7184.0,7301.0,15358.0
6044,42297.0,35115.0,34997.0,26939.0,7182.0,7300.0,15358.0
6045,42299.0,35119.0,35009.0,26945.0,7180.0,7290.0,15354.0
6046,42301.0,35122.0,35009.0,26948.0,7179.0,7292.0,15353.0
6047,42303.0,35123.0,35010.0,26951.0,7180.0,7293.0,15352.0
6048,42305.0,35126.0,35012.0,26954.0,7179.0,7293.0,15351.0
6049,42307.0,35129.0,35028.0,26962.0,7178.0,7279.0,15345.0
6050,42309.0,35131.0,35037.0,26966.0,7178.0,7272.0,15343.0
6051,42311.0,35131.0,35044.0,26972.0,7180.0,7267.0,15339.0
6052,42313.0,35134.0,35045.0,26975.0,7179.0,7268.0,15338.0
6053,42315.0,35135.0,35055.0,26975.0,7180.0,7260.0,15340.0
6054,42317.0,35135.0,35057.0,26984.0,7182.0,7260.0,15333.0
6055,42319.0,35135.0,35057.0,26992.0,7184.0,7262.0,15327.0
6056,42321.0,35137.0,35061.0,26994.0,7184.0,7260.0,15327.0
6057,42323.0,35139.0,35066.0,26994.0,7184.0,7257.0,15329.0
6058,42325.0,35144.0,35073.0,26997.0,7181.0,7252.0,15328.0
6059,42327.0,35151.0,35082.0,27006.0,7176.0,7245.0,15321.0
6060,42329.0,35157.0,35083.0,27006.0,7172.0,7246.0,15323.0
6061,42331.0,35162.0,35088.0,27006.0,7169.0,7243.0,15325.0
6062,42333.0,35169.0,35095.0,27015.0,7164.0,7238.0,15318.0
6063,42335.0,35173.0,35100.0,27020.0,7162.0,7235.0,15315.0
6064,42337.0,35175.0,35101.0,27023.0,7162.0,7236.0,15314.0
6065,42339.0,35179.0,35105.0,27024.0,7160.0,7234.0,15315.0
6066,42341.0,35200.0,35112.0,27024.0,7141.0,7229.0,15317.0
6067,42343.0,35200.0,35114.0,27027.0,7143.0,7229.0,15316.0
6068,42345.0,35208.0,35115.0,27034.0,7137.0,7230.0,15311.0
6069,42347.0,35213.0,35129.0,27040.0,7134.0,7218.0,15307.0
6070,42349.0,35219.0,35132.0,27043.0,7130.0,7217.0,15306.0
6071,42351.0,35224.0,35132.0,27046.0,7127.0,7219.0,15305.0
6072,42353.0,35224.0,35135.0,27058.0,7129.0,7218.0,15295.0
6073,42355.0,35226.0,35136.0,27061.0,7129.0,7219.0,15294.0
6074,42357.0,35233.0,35140.0,27061.0,7124.0,7217.0,15296.0
6075,42359.0,35237.0,35143.0,27067.0,7122.0,7216.0,15292.0
6076,42361.0,35242.0,35149.0,27074.0,7119.0,7212.0,15287.0
6077,42363.0,35249.0,35153.0,27075.0,7114.0,7210.0,15288.0
6078,42365.0,35252.0,35154.0,27079.0,7113.0,7211.0,15286.0
6079,42367.0,35255.0,35160.0,27084.0,7112.0,7207.0,15283.0
6080,42369.0,35268.0,35161.0,27088.0,7101.0,7208.0,15281.0
6081,42371.0,35272.0,35172.0,27099.0,7099.0,7199.0,15272.0
6082,42373.0,35272.0,35174.0,27099.0,7101.0,7199.0,15274.0
6083,42375.0,35273.0,35188.0,27105.0,7102.0,7187.0,15270.0
6084,42377.0,35276.0,35202.0,27107.0,7101.0,7175.0,15270.0
6085,42379.0,35277.0,35206.0,27113.0,7102.0,7173.0,15266.0
6086,42381.0,35278.0,35209.0,27115.0,7103.0,7172.0,15266.0
6087,42383.0,35286.0,35211.0,27119.0,7097.0,7172.0,15264.0
6088,42385.0,35286.0,35213.0,27127.0,7099.0,7172.0,15258.0
6089,42387.0,35287.0,35226.0,27127.0,7100.0,7161.0,15260.0
6090,42389.0,35287.0,35240.0,27129.0,7102.0,7149.0,15260.0
6091,42391.0,35288.0,35243.0,27130.0,7103.0,7148.0,15261.0
6092,42393.0,35289.0,35249.0,27132.0,7104.0,7144.0,15261.0
6093,42395.0,35302.0,35253.0,27149.0,7093.0,7142.0,15246.0
6094,42397.0,35304.0,35266.0,27150.0,7093.0,7131.0,15247.0
6095,42399.0,35311.0,35270.0,27156.0,7088.0,7129.0,15243.0
6096,42401.0,35313.0,35281.0,27158.0,7088.0,7120.0,15243.0
6097,42403.0,35314.0,35281.0,27168.0,7089.0,7122.0,15235.0
6098,42405.0,35316.0,35286.0,27168.0,7089.0,7119.0,15237.0
6099,42407.0,35317.0,35291.0,27180.0,7090.0,7116.0,15227.0
6100,42409.0,35322.0,35293.0,27183.0,7087.0,7116.0,15226.0
6101,42411.0,35327.0,35296.0,27192.0,7084.0,7115.0,15219.0
6102,42413.0,35329.0,35296.0,27193.0,7084.0,7117.0,15220.0
6103,42415.0,35330.0,35299.0,27199.0,7085.0,7116.0,15216.0
6104,42417.0,35332.0,35300.0,27200.0,7085.0,7117.0,15217.0
6105,42419.0,35335.0,35308.0,27205.0,7084.0,7111.0,15214.0
6106,42421.0,35343.0,35315.0,27212.0,7078.0,7106.0,15209.0
6107,42423.0,35348.0,35322.0,27222.0,7075.0,7101.0,15201.0
6108,42425.0,35353.0,35327.0,27230.0,7072.0,7098.0,15195.0
6109,42427.0,35364.0,35331.0,27233.0,7063.0,7096.0,15194.0
6110,42429.0,35366.0,35334.0,27235.0,7063.0,7095.0,15194.0
6111,42431.0,35367.0,35336.0,27245.0,7064.0,7095.0,15186.0
6112,42433.0,35371.0,35340.0,27249.0,7062.0,7093.0,15184.0
6113,42435.0,35371.0,35344.0,27251.0,7064.0,7091.0,15184.0
6114,42437.0,35375.0,35352.0,27251.0,7062.0,7085.0,15186.0
6115,42439.0,35386.0,35358.0,27260.0,7053.0,7081.0,15179.0
6116,42441.0,35392.0,35368.0,27264.0,7049.0,7073.0,15177.0
6117,42443.0,35400.0,35368.0,27270.0,7043.0,7075.0,15173.0
6118,42445.0,35406.0,35373.0,27276.0,7039.0,7072.0,15169.0
6119,42447.0,35409.0,35378.0,27280.0,7038.0,7069.0,15167.0
6120,42449.0,35410.0,35380.0,27280.0,7039.0,7069.0,15169.0
6121,42451.0,35412.0,35385.0,27289.0,7039.0,7066.0,15162.0
6122,42453.0,35412.0,35392.0,27293.0,7041.0,7061.0,15160.0
6123,42455.0,35416.0,35396.0,27297.0,7039.0,7059.0,15158.0
6124,42457.0,35418.0,35404.0,27304.0,7039.0,7053.0,15153.0
6125,42459.0,35426.0,35405.0,27315.0,7033.0,7054.0,15144.0
6126,42461.0,35429.0,35411.0,27317.0,7032.0,7050.0,15144.0
6127,42463.0,35431.0,35415.0,27317.0,7032.0,7048.0,15146.0
6128,42465.0,35431.0,35416.0,27321.0,7034.0,7049.0,15144.0
6129,42467.0,35431.0,35419.0,27321.0,7036.0,7048.0,15146.0
6130,42469.0,35433.0,35426.0,27323.0,7036.0,7043.0,15146.0
6131,42471.0,35433.0,35436.0,27326.0,7038.0,7035.0,15145.0
6132,42473.0,35433.0,35438.0,27330.0,7040.0,7035.0,15143.0
6133,42475.0,35435.0,35440.0,27337.0,7040.0,7035.0,15138.0
6134,42477.0,35438.0,35440.0,27343.0,7039.0,7037.0,15134.0
6135,42479.0,35442.0,35440.0,27343.0,7037.0,7039.0,15136.0
6136,42481.0,35448.0,35440.0,27348.0,7033.0,7041.0,15133.0
6137,42483.0,35454.0,35442.0,27351.0,7029.0,7041.0,15132.0
6138,42485.0,35460.0,35442.0,27358.0,7025.0,7043.0,15127.0
6139,42487.0,35462.0,35442.0,27365.0,7025.0,7045.0,15122.0
6140,42489.0,35465.0,35442.0,27368.0,7024.0,7047.0,15121.0
6141,42491.0,35477.0,35446.0,27377.0,7014.0,7045.0,15114.0
6142,42493.0,35480.0,35453.0,27381.0,7013.0,7040.0,15112.0
6143,42495.0,35485.0,35459.0,27381.0,7010.0,7036.0,15114.0
6144,42497.0,35485.0,35469.0,27390.0,7012.0,7028.0,15107.0
6145,42499.0,35488.0,35480.0,27398.0,7011.0,7019.0,15101.0
6146,42501.0,35494.0,35485.0,27403.0,7007.0,7016.0,15098.0
6147,42503.0,35494.0,35489.0,27410.0,7009.0,7014.0,15093.0
6148,42505.0,35501.0,35490.0,27420.0,7004.0,7015.0,15085.0
6149,42507.0,35501.0,35490.0,27424.0,7006.0,7017.0,15083.0
6150,42509.0,35506.0,35505.0,27424.0,7003.0,7004.0,15085.0
6151,42511.0,35507.0,35507.0,27434.0,7004.0,7004.0,15077.0
6152,42513.0,35508.0,35515.0,27441.0,7005.0,6998.0,15072.0
6153,42515.0,35511.0,35525.0,27450.0,7004.0,6990.0,15065.0
6154,42517.0,35511.0,35528.0,27459.0,7006.0,6989.0,15058.0
6155,42519.0,35514.0,35533.0,27459.0,7005.0,6986.0,15060.0
6156,42521.0,35517.0,35539.0,27465.0,7004.0,6982.0,15056.0
6157,42523.0,35522.0,35542.0,27465.0,7001.0,6981.0,15058.0
6158,42525.0,35528.0,35544.0,27466.0,6997.0,6981.0,15059.0
6159,42527.0,35529.0,35546.0,27466.0,6998.0,6981.0,15061.0
6160,42529.0,35533.0,35547.0,27466.0,6996.0,6982.0,15063.0
6161,42531.0,35542.0,35555.0,27466.0,6989.0,6976.0,15065.0
6162,42533.0,35553.0,35561.0,27466.0,6980.0,6972.0,15067.0
6163,42535.0,35560.0,35567.0,27475.0,6975.0,6968.0,15060.0
6164,42537.0,35567.0,35577.0,27481.0,6970.0,6960.0,15056.0
6165,42539.0,35569.0,35583.0,27482.0,6970.0,6956.0,15057.0
6166,42541.0,35587.0,35589.0,27483.0,6954.0,6952.0,15058.0
6167,42543.0,35598.0,35592.0,27486.0,6945.0,6951.0,15057.0
6168,42545.0,35601.0,35602.0,27489.0,6944.0,6943.0,15056.0
6169,42547.0,35610.0,35616.0,27499.0,6937.0,6931.0,15048.0
6170,42549.0,35614.0,35626.0,27499.0,6935.0,6923.0,15050.0
6171,42551.0,35627.0,35626.0,27499.0,6924.0,6925.0,15052.0
6172,42553.0,35638.0,35626.0,27507.0,6915.0,6927.0,15046.0
6173,42555.0,35644.0,35632.0,27508.0,6911.0,6923.0,15047.0
6174,42557.0,35646.0,35636.0,27518.0,6911.0,6921.0,15039.0
6175,42559.0,35648.0,35640.0,27522.0,6911.0,6919.0,15037.0
6176,42561.0,35651.0,35644.0,27525.0,6910.0,6917.0,15036.0
6177,42563.0,35656.0,35644.0,27525.0,6907.0,6919.0,15038.0
6178,42565.0,35668.0,35647.0,27528.0,6897.0,6918.0,15037.0
6179,42567.0,35672.0,35652.0,27534.0,6895.0,6915.0,15033.0
6180,42569.0,35675.0,35658.0,27540.0,6894.0,6911.0,15029.0
6181,42571.0,35680.0,35664.0,27540.0,6891.0,6907.0,15031.0
6182,42573.0,35684.0,35665.0,27545.0,6889.0,6908.0,15028.0
6183,42575.0,35696.0,35666.0,27550.0,6879.0,6909.0,15025.0
6184,42577.0,35703.0,35667.0,27552.0,6874.0,6910.0,15025.0
6185,42579.0,35714.0,35668.0,27555.0,6865.0,6911.0,15024.0
6186,42581.0,35714.0,35672.0,27558.0,6867.0,6909.0,15023.0
6187,42583.0,35725.0,35687.0,27564.0,6858.0,6896.0,15019.0
6188,42585.0,35732.0,35693.0,27567.0,6853.0,6892.0,15018.0
6189,42587.0,35735.0,35693.0,27569.0,6852.0,6894.0,15018.0
6190,42589.0,35737.0,35706.0,27576.0,6852.0,6883.0,15013.0
6191,42591.0,35739.0,35722.0,27578.0,6852.0,6869.0,15013.0
6192,42593.0,35745.0,35730.0,27582.0,6848.0,6863.0,15011.0
6193,42595.0,35749.0,35733.0,27585.0,6846.0,6862.0,15010.0
6194,42597.0,35749.0,35738.0,27595.0,6848.0,6859.0,15002.0
6195,42599.0,35754.0,35753.0,27598.0,6845.0,6846.0,15001.0
6196,42601.0,35755.0,35756.0,27604.0,6846.0,6845.0,14997.0
6197,42603.0,35756.0,35759.0,27608.0,6847.0,6844.0,14995.0
6198,42605.0,35758.0,35759.0,27611.0,6847.0,6846.0,14994.0
6199,42607.0,35763.0,35763.0,27617.0,6844.0,6844.0,14990.0
6200,42609.0,35765.0,35766.0,27631.0,6844.0,6843.0,14978.0
6201,42611.0,35768.0,35771.0,27639.0,6843.0,6840.0,14972.0
6202,42613.0,35770.0,35774.0,27643.0,6843.0,6839.0,14970.0
6203,42615.0,35773.0,35779.0,27646.0,6842.0,6836.0,14969.0
6204,42617.0,35777.0,35783.0,27646.0,6840.0,6834.0,14971.0
6205,42619.0,35778.0,35787.0,27648.0,6841.0,6832.0,14971.0
6206,42621.0,35782.0,35795.0,27649.0,6839.0,6826.0,14972.0
6207,42623.0,35789.0,35801.0,27659.0,6834.0,6822.0,14964.0
6208,42625.0,35793.0,35806.0,27661.0,6832.0,6819.0,14964.0
6209,42627.0,35798.0,35811.0,27663.0,6829.0,6816.0,14964.0
6210,42629.0,35800.0,35819.0,27671.0,6829.0,6810.0,14958.0
6211,42631.0,35803.0,35826.0,27671.0,6828.0,6805.0,14960.0
6212,42633.0,35804.0,35834.0,27671.0,6829.0,6799.0,14962.0
6213,42635.0,35808.0,35836.0,27681.0,6827.0,6799.0,14954.0
6214,42637.0,35824.0,35836.0,27685.0,6813.0,6801.0,14952.0
6215,42639.0,35825.0,35837.0,27686.0,6814.0,6802.0,14953.0
6216,42641.0,35828.0,35845.0,27693.0,6813.0,6796.0,14948.0
6217,42643.0,35836.0,35851.0,27693.0,6807.0,6792.0,14950.0
6218,42645.0,35836.0,35857.0,27704.0,6809.0,6788.0,14941.0
6219,42647.0,35842.0,35858.0,27704.0,6805.0,6789.0,14943.0
6220,42649.0,35844.0,35864.0,27704.0,6805.0,6785.0,14945.0
6221,42651.0,35849.0,35873.0,27704.0,6802.0,6778.0,14947.0
6222,42653.0,35855.0,35875.0,27704.0,6798.0,6778.0,14949.0
6223,42655.0,35869.0,35881.0,27704.0,6786.0,6774.0,14951.0
6224,42657.0,35875.0,35884.0,27707.0,6782.0,6773.0,14950.0
6225,42659.0,35879.0,35897.0,27715.0,6780.0,6762.0,14944.0
6226,42661.0,35883.0,35904.0,27720.0,6778.0,6757.0,14941.0
6227,42663.0,35888.0,35904.0,27725.0,6775.0,6759.0,14938.0
6228,42665.0,35889.0,35904.0,27725.0,6776.0,6761.0,14940.0
6229,42667.0,35892.0,35915.0,27728.0,6775.0,6752.0,14939.0
6230,42669.0,35892.0,35915.0,27736.0,6777.0,6754.0,14933.0
6231,42671.0,35895.0,35915.0,27736.0,6776.0,6756.0,14935.0
6232,42673.0,35903.0,35919.0,27747.0,6770.0,6754.0,14926.0
6233,42675.0,35909.0,35923.0,27747.0,6766.0,6752.0,14928.0
6234,42677.0,35917.0,35928.0,27747.0,6760.0,6749.0,14930.0
6235,42679.0,35924.0,35935.0,27747.0,6755.0,6744.0,14932.0
6236,42681.0,35925.0,35941.0,27757.0,6756.0,6740.0,14924.0
6237,42683.0,35936.0,35942.0,27762.0,6747.0,6741.0,14921.0
6238,42685.0,35944.0,35948.0,27768.0,6741.0,6737.0,14917.0
6239,42687.0,35944.0,35964.0,27770.0,6743.0,6723.0,14917.0
6240,42689.0,35949.0,35969.0,27770.0,6740.0,6720.0,14919.0
6241,42691.0,35949.0,35972.0,27774.0,6742.0,6719.0,14917.0
6242,42693.0,35950.0,35974.0,27777.0,6743.0,6719.0,14916.0
6243,42695.0,35951.0,35975.0,27777.0,6744.0,6720.0,14918.0
6244,42697.0,35951.0,35979.0,27786.0,6746.0,6718.0,14911.0
6245,42699.0,35953.0,35981.0,27792.0,6746.0,6718.0,14907.0
6246,42701.0,35961.0,35989.0,27792.0,6740.0,6712.0,14909.0
6247,42703.0,35978.0,36001.0,27795.0,6725.0,6702.0,14908.0
6248,42705.0,35983.0,36011.0,27811.0,6722.0,6694.0,14894.0
6249,42707.0,35984.0,36011.0,27821.0,6723.0,6696.0,14886.0
6250,42709.0,35988.0,36017.0,27821.0,6721.0,6692.0,14888.0
6251,42711.0,35992.0,36022.0,27821.0,6719.0,6689.0,14890.0
6252,42713.0,35995.0,36027.0,27824.0,6718.0,6686.0,14889.0
6253,42715.0,35995.0,36033.0,27829.0,6720.0,6682.0,14886.0
6254,42717.0,35996.0,36037.0,27836.0,6721.0,6680.0,14881.0
6255,42719.0,35997.0,36038.0,27839.0,6722.0,6681.0,14880.0
6256,42721.0,36002.0,36038.0,27850.0,6719.0,6683.0,14871.0
6257,42723.0,36006.0,36046.0,27860.0,6717.0,6677.0,14863.0
6258,42725.0,36023.0,36051.0,27868.0,6702.0,6674.0,14857.0
6259,42727.0,36031.0,36051.0,27877.0,6696.0,6676.0,14850.0
6260,42729.0,36031.0,36059.0,27888.0,6698.0,6670.0,14841.0
6261,42731.0,36038.0,36061.0,27888.0,6693.0,6670.0,14843.0
6262,42733.0,36040.0,36063.0,27894.0,6693.0,6670.0,14839.0
6263,42735.0,36043.0,36063.0,27905.0,6692.0,6672.0,14830.0
6264,42737.0,36047.0,36065.0,27905.0,6690.0,6672.0,14832.0
6265,42739.0,36047.0,36068.0,27906.0,6692.0,6671.0,14833.0
6266,42741.0,36048.0,36076.0,27906.0,6693.0,6665.0,14835.0
6267,42743.0,36048.0,36077.0,27916.0,6695.0,6666.0,14827.0
6268,42745.0,36054.0,36077.0,27927.0,6691.0,6668.0,14818.0
6269,42747.0,36063.0,36081.0,27935.0,6684.0,6666.0,14812.0
6270,42749.0,36068.0,36082.0,27946.0,6681.0,6667.0,14803.0
6271,42751.0,36079.0,36082.0,27959.0,6672.0,6669.0,14792.0
6272,42753.0,36086.0,36086.0,27959.0,6667.0,6667.0,14794.0
6273,42755.0,36092.0,36090.0,27969.0,6663.0,6665.0,14786.0
6274,42757.0,36093.0,36092.0,27972.0,6664.0,6665.0,14785.0
6275,42759.0,36097.0,36097.0,27973.0,6662.0,6662.0,14786.0
6276,42761.0,36097.0,36097.0,27975.0,6664.0,6664.0,14786.0
6277,42763.0,36103.0,36100.0,27975.0,6660.0,6663.0,14788.0
6278,42765.0,36109.0,36105.0,27975.0,6656.0,6660.0,14790.0
6279,42767.0,36112.0,36105.0,27983.0,6655.0,6662.0,14784.0
6280,42769.0,36116.0,36108.0,27996.0,6653.0,6661.0,14773.0
6281,42771.0,36117.0,36112.0,28001.0,6654.0,6659.0,14770.0
6282,42773.0,36120.0,36115.0,28010.0,6653.0,6658.0,14763.0
6283,42775.0,36128.0,36120.0,28010.0,6647.0,6655.0,14765.0
6284,42777.0,36132.0,36130.0,28011.0,6645.0,6647.0,14766.0
6285,42779.0,36133.0,36132.0,28011.0,6646.0,6647.0,14768.0
6286,42781.0,36140.0,36134.0,28013.0,6641.0,6647.0,14768.0
6287,42783.0,36143.0,36138.0,28024.0,6640.0,6645.0,14759.0
6288,42785.0,36144.0,36148.0,28024.0,6641.0,6637.0,14761.0
6289,42787.0,36152.0,36151.0,28026.0,6635.0,6636.0,14761.0
6290,42789.0,36165.0,36158.0,28028.0,6624.0,6631.0,14761.0
6291,42791.0,36165.0,36159.0,28030.0,6626.0,6632.0,14761.0
6292,42793.0,36168.0,36162.0,28038.0,6625.0,6631.0,14755.0
6293,42795.0,36173.0,36170.0,28050.0,6622.0,6625.0,14745.0
6294,42797.0,36178.0,36176.0,28061.0,6619.0,6621.0,14736.0
6295,42799.0,36184.0,36194.0,28068.0,6615.0,6605.0,14731.0
6296,42801.0,36184.0,36204.0,28071.0,6617.0,6597.0,14730.0
6297,42803.0,36188.0,36204.0,28073.0,6615.0,6599.0,14730.0
6298,42805.0,36196.0,36214.0,28074.0,6609.0,6591.0,14731.0
6299,42807.0,36199.0,36231.0,28074.0,6608.0,6576.0,14733.0
6300,42809.0,36212.0,36231.0,28085.0,6597.0,6578.0,14724.0
6301,42811.0,36212.0,36238.0,28090.0,6599.0,6573.0,14721.0
6302,42813.0,36215.0,36240.0,28091.0,6598.0,6573.0,14722.0
6303,42815.0,36217.0,36244.0,28092.0,6598.0,6571.0,14723.0
6304,42817.0,36219.0,36247.0,28098.0,6598.0,6570.0,14719.0
6305,42819.0,36227.0,36254.0,28099.0,6592.0,6565.0,14720.0
6306,42821.0,36227.0,36255.0,28103.0,6594.0,6566.0,14718.0
6307,42823.0,36229.0,36259.0,28104.0,6594.0,6564.0,14719.0
6308,42825.0,36229.0,36269.0,28106.0,6596.0,6556.0,14719.0
6309,42827.0,36234.0,36272.0,28113.0,6593.0,6555.0,14714.0
6310,42829.0,36234.0,36284.0,28113.0,6595.0,6545.0,14716.0
6311,42831.0,36241.0,36284.0,28115.0,6590.0,6547.0,14716.0
6312,42833.0,36243.0,36289.0,28116.0,6590.0,6544.0,14717.0
6313,42835.0,36250.0,36289.0,28125.0,6585.0,6546.0,14710.0
6314,42837.0,36256.0,36289.0,28129.0,6581.0,6548.0,14708.0
6315,42839.0,36257.0,36289.0,28130.0,6582.0,6550.0,14709.0
6316,42841.0,36261.0,36307.0,28133.0,6580.0,6534.0,14708.0
6317,42843.0,36261.0,36307.0,28134.0,6582.0,6536.0,14709.0
6318,42845.0,36264.0,36312.0,28143.0,6581.0,6533.0,14702.0
6319,42847.0,36264.0,36318.0,28155.0,6583.0,6529.0,14692.0
6320,42849.0,36271.0,36319.0,28159.0,6578.0,6530.0,14690.0
6321,42851.0,36281.0,36325.0,28162.0,6570.0,6526.0,14689.0
6322,42853.0,36292.0,36325.0,28171.0,6561.0,6528.0,14682.0
6323,42855.0,36301.0,36325.0,28174.0,6554.0,6530.0,14681.0
6324,42857.0,36306.0,36325.0,28185.0,6551.0,6532.0,14672.0
6325,42859.0,36312.0,36335.0,28185.0,6547.0,6524.0,14674.0
6326,42861.0,36315.0,36336.0,28196.0,6546.0,6525.0,14665.0
6327,42863.0,36319.0,36346.0,28199.0,6544.0,6517.0,14664.0
6328,42865.0,36319.0,36347.0,28212.0,6546.0,6518.0,14653.0
6329,42867.0,36325.0,36347.0,28220.0,6542.0,6520.0,14647.0
6330,42869.0,36325.0,36347.0,28232.0,6544.0,6522.0,14637.0
6331,42871.0,36329.0,36359.0,28233.0,6542.0,6512.0,14638.0
6332,42873.0,36332.0,36369.0,28234.0,6541.0,6504.0,14639.0
6333,42875.0,36336.0,36370.0,28238.0,6539.0,6505.0,14637.0
6334,42877.0,36336.0,36371.0,28241.0,6541.0,6506.0,14636.0
6335,42879.0,36347.0,36378.0,28247.0,6532.0,6501.0,14632.0
6336,42881.0,36350.0,36386.0,28258.0,6531.0,6495.0,14623.0
6337,42883.0,36351.0,36389.0,28262.0,6532.0,6494.0,14621.0
6338,42885.0,36351.0,36393.0,28266.0,6534.0,6492.0,14619.0
6339,42887.0,36358.0,36396.0,28276.0,6529.0,6491.0,14611.0
6340,42889.0,36362.0,36396.0,28276.0,6527.0,6493.0,14613.0
6341,42891.0,36369.0,36396.0,28281.0,6522.0,6495.0,14610.0
6342,42893.0,36372.0,36396.0,28281.0,6521.0,6497.0,14612.0
6343,42895.0,36376.0,36396.0,28292.0,6519.0,6499.0,14603.0
6344,42897.0,36378.0,36397.0,28300.0,6519.0,6500.0,14597.0
6345,42899.0,36378.0,36407.0,28306.0,6521.0,6492.0,14593.0
6346,42901.0,36380.0,36410.0,28309.0,6521.0,6491.0,14592.0
6347,42903.0,36389.0,36415.0,28311.0,6514.0,6488.0,14592.0
6348,42905.0,36397.0,36418.0,28311.0,6508.0,6487.0,14594.0
6349,42907.0,36405.0,36419.0,28311.0,6502.0,6488.0,14596.0
6350,42909.0,36415.0,36422.0,28315.0,6494.0,6487.0,14594.0
6351,42911.0,36420.0,36429.0,28315.0,6491.0,6482.0,14596.0
6352,42913.0,36428.0,36434.0,28332.0,6485.0,6479.0,14581.0
6353,42915.0,36429.0,36436.0,28338.0,6486.0,6479.0,14577.0
6354,42917.0,36435.0,36443.0,28339.0,6482.0,6474.0,14578.0
6355,42919.0,36435.0,36452.0,28351.0,6484.0,6467.0,14568.0
6356,42921.0,36442.0,36456.0,28351.0,6479.0,6465.0,14570.0
6357,42923.0,36445.0,36456.0,28361.0,6478.0,6467.0,14562.0
6358,42925.0,36456.0,36461.0,28367.0,6469.0,6464.0,14558.0
6359,42927.0,36459.0,36469.0,28369.0,6468.0,6458.0,14558.0
6360,42929.0,36469.0,36473.0,28373.0,6460.0,6456.0,14556.0
6361,42931.0,36473.0,36475.0,28375.0,6458.0,6456.0,14556.0
6362,42933.0,36477.0,36476.0,28375.0,6456.0,6457.0,14558.0
6363,42935.0,36481.0,36479.0,28375.0,6454.0,6456.0,14560.0
6364,42937.0,36483.0,36479.0,28379.0,6454.0,6458.0,14558.0
6365,42939.0,36488.0,36480.0,28379.0,6451.0,6459.0,14560.0
6366,42941.0,36494.0,36482.0,28387.0,6447.0,6459.0,14554.0
6367,42943.0,36496.0,36484.0,28399.0,6447.0,6459.0,14544.0
6368,42945.0,36503.0,36484.0,28401.0,6442.0,6461.0,14544.0
6369,42947.0,36509.0,36491.0,28413.0,6438.0,6456.0,14534.0
6370,42949.0,36521.0,36491.0,28416.0,6428.0,6458.0,14533.0
6371,42951.0,36524.0,36498.0,28421.0,6427.0,6453.0,14530.0
6372,42953.0,36524.0,36499.0,28426.0,6429.0,6454.0,14527.0
6373,42955.0,36535.0,36500.0,28426.0,6420.0,6455.0,14529.0
6374,42957.0,36535.0,36500.0,28429.0,6422.0,6457.0,14528.0
6375,42959.0,36538.0,36506.0,28437.0,6421.0,6453.0,14522.0
6376,42961.0,36554.0,36511.0,28438.0,6407.0,6450.0,14523.0
6377,42963.0,36560.0,36512.0,28440.0,6403.0,6451.0,14523.0
6378,42965.0,36571.0,36513.0,28440.0,6394.0,6452.0,14525.0
6379,42967.0,36572.0,36518.0,28449.0,6395.0,6449.0,14518.0
6380,42969.0,36576.0,36524.0,28456.0,6393.0,6445.0,14513.0
6381,42971.0,36586.0,36532.0,28463.0,6385.0,6439.0,14508.0
6382,42973.0,36587.0,36543.0,28468.0,6386.0,6430.0,14505.0
6383,42975.0,36588.0,36555.0,28478.0,6387.0,6420.0,14497.0
6384,42977.0,36591.0,36568.0,28481.0,6386.0,6409.0,14496.0
6385,42979.0,36603.0,36586.0,28488.0,6376.0,6393.0,14491.0
6386,42981.0,36605.0,36589.0,28496.0,6376.0,6392.0,14485.0
6387,42983.0,36609.0,36590.0,28502.0,6374.0,6393.0,14481.0
6388,42985.0,36613.0,36591.0,28502.0,6372.0,6394.0,14483.0
6389,42987.0,36619.0,36593.0,28506.0,6368.0,6394.0,14481.0
6390,42989.0,36620.0,36595.0,28506.0,6369.0,6394.0,14483.0
6391,42991.0,36622.0,36597.0,28508.0,6369.0,6394.0,14483.0
6392,42993.0,36625.0,36601.0,28508.0,6368.0,6392.0,14485.0
6393,42995.0,36626.0,36614.0,28516.0,6369.0,6381.0,14479.0
6394,42997.0,36627.0,36620.0,28520.0,6370.0,6377.0,14477.0
6395,42999.0,36631.0,36620.0,28522.0,6368.0,6379.0,14477.0
6396,43001.0,36646.0,36620.0,28538.0,6355.0,6381.0,14463.0
6397,43003.0,36646.0,36635.0,28538.0,6357.0,6368.0,14465.0
6398,43005.0,36648.0,36636.0,28538.0,6357.0,6369.0,14467.0
6399,43007.0,36648.0,36640.0,28547.0,6359.0,6367.0,14460.0
6400,43009.0,36649.0,36645.0,28553.0,6360.0,6364.0,14456.0
6401,43011.0,36660.0,36651.0,28556.0,6351.0,6360.0,14455.0
6402,43013.0,36662.0,36654.0,28563.0,6351.0,6359.0,14450.0
6403,43015.0,36662.0,36662.0,28582.0,6353.0,6353.0,14433.0
6404,43017.0,36666.0,36673.0,28582.0,6351.0,6344.0,14435.0
6405,43019.0,36678.0,36680.0,28582.0,6341.0,6339.0,14437.0
6406,43021.0,36681.0,36684.0,28595.0,6340.0,6337.0,14426.0
6407,43023.0,36684.0,36691.0,28596.0,6339.0,6332.0,14427.0
6408,43025.0,36685.0,36694.0,28598.0,6340.0,6331.0,14427.0
6409,43027.0,36691.0,36695.0,28598.0,6336.0,6332.0,14429.0
6410,43029.0,36691.0,36697.0,28603.0,6338.0,6332.0,14426.0
6411,43031.0,36694.0,36699.0,28604.0,6337.0,6332.0,14427.0
6412,43033.0,36697.0,36700.0,28605.0,6336.0,6333.0,14428.0
6413,43035.0,36697.0,36700.0,28617.0,6338.0,6335.0,14418.0
6414,43037.0,36702.0,36714.0,28621.0,6335.0,6323.0,14416.0
6415,43039.0,36706.0,36718.0,28623.0,6333.0,6321.0,14416.0
6416,43041.0,36709.0,36723.0,28623.0,6332.0,6318.0,14418.0
6417,43043.0,36709.0,36729.0,28627.0,6334.0,6314.0,14416.0
6418,43045.0,36713.0,36738.0,28637.0,6332.0,6307.0,14408.0
6419,43047.0,36713.0,36749.0,28637.0,6334.0,6298.0,14410.0
6420,43049.0,36717.0,36752.0,28641.0,6332.0,6297.0,14408.0
6421,43051.0,36717.0,36759.0,28652.0,6334.0,6292.0,14399.0
6422,43053.0,36721.0,36763.0,28653.0,6332.0,6290.0,14400.0
6423,43055.0,36723.0,36766.0,28665.0,6332.0,6289.0,14390.0
6424,43057.0,36730.0,36768.0,28668.0,6327.0,6289.0,14389.0
6425,43059.0,36732.0,36769.0,28682.0,6327.0,6290.0,14377.0
6426,43061.0,36738.0,36769.0,28691.0,6323.0,6292.0,14370.0
6427,43063.0,36742.0,36774.0,28694.0,6321.0,6289.0,14369.0
6428,43065.0,36761.0,36774.0,28695.0,6304.0,6291.0,14370.0
6429,43067.0,36770.0,36778.0,28698.0,6297.0,6289.0,14369.0
6430,43069.0,36770.0,36783.0,28702.0,6299.0,6286.0,14367.0
6431,43071.0,36781.0,36797.0,28710.0,6290.0,6274.0,14361.0
6432,43073.0,36786.0,36803.0,28724.0,6287.0,6270.0,14349.0
6433,43075.0,36789.0,36806.0,28731.0,6286.0,6269.0,14344.0
6434,43077.0,36800.0,36815.0,28732.0,6277.0,6262.0,14345.0
6435,43079.0,36800.0,36826.0,28741.0,6279.0,6253.0,14338.0
6436,43081.0,36803.0,36826.0,28746.0,6278.0,6255.0,14335.0
6437,43083.0,36804.0,36831.0,28752.0,6279.0,6252.0,14331.0
6438,43085.0,36804.0,36834.0,28763.0,6281.0,6251.0,14322.0
6439,43087.0,36808.0,36836.0,28763.0,6279.0,6251.0,14324.0
6440,43089.0,36810.0,36843.0,28773.0,6279.0,6246.0,14316.0
6441,43091.0,36815.0,36850.0,28775.0,6276.0,6241.0,14316.0
6442,43093.0,36828.0,36854.0,28792.0,6265.0,6239.0,14301.0
6443,43095.0,36846.0,36859.0,28792.0,6249.0,6236.0,14303.0
6444,43097.0,36846.0,36863.0,28799.0,6251.0,6234.0,14298.0
6445,43099.0,36853.0,36865.0,28805.0,6246.0,6234.0,14294.0
6446,43101.0,36854.0,36867.0,28814.0,6247.0,6234.0,14287.0
6447,43103.0,36855.0,36870.0,28814.0,6248.0,6233.0,14289.0
6448,43105.0,36861.0,36884.0,28814.0,6244.0,6221.0,14291.0
6449,43107.0,36862.0,36891.0,28818.0,6245.0,6216.0,14289.0
6450,43109.0,36862.0,36895.0,28818.0,6247.0,6214.0,14291.0
6451,43111.0,36865.0,36902.0,28818.0,6246.0,6209.0,14293.0
6452,43113.0,36868.0,36904.0,28822.0,6245.0,6209.0,14291.0
6453,43115.0,36871.0,36904.0,28826.0,6244.0,6211.0,14289.0
6454,43117.0,36878.0,36910.0,28837.0,6239.0,6207.0,14280.0
6455,43119.0,36885.0,36915.0,28844.0,6234.0,6204.0,14275.0
6456,43121.0,36890.0,36924.0,28846.0,6231.0,6197.0,14275.0
6457,43123.0,36892.0,36926.0,28846.0,6231.0,6197.0,14277.0
6458,43125.0,36893.0,36927.0,28853.0,6232.0,6198.0,14272.0
6459,43127.0,36893.0,36932.0,28853.0,6234.0,6195.0,14274.0
6460,43129.0,36893.0,36939.0,28853.0,6236.0,6190.0,14276.0
6461,43131.0,36906.0,36939.0,28864.0,6225.0,6192.0,14267.0
6462,43133.0,36911.0,36948.0,28870.0,6222.0,6185.0,14263.0
6463,43135.0,36915.0,36948.0,28871.0,6220.0,6187.0,14264.0
6464,43137.0,36925.0,36948.0,28871.0,6212.0,6189.0,14266.0
6465,43139.0,36935.0,36953.0,28871.0,6204.0,6186.0,14268.0
6466,43141.0,36939.0,36957.0,28874.0,6202.0,6184.0,14267.0
6467,43143.0,36944.0,36961.0,28876.0,6199.0,6182.0,14267.0
6468,43145.0,36945.0,36963.0,28888.0,6200.0,6182.0,14257.0
6469,43147.0,36951.0,36967.0,28896.0,6196.0,6180.0,14251.0
6470,43149.0,36952.0,36968.0,28898.0,6197.0,6181.0,14251.0
6471,43151.0,36964.0,36970.0,28906.0,6187.0,6181.0,14245.0
6472,43153.0,36965.0,36981.0,28914.0,6188.0,6172.0,14239.0
6473,43155.0,36967.0,36981.0,28923.0,6188.0,6174.0,14232.0
6474,43157.0,36967.0,36981.0,28924.0,6190.0,6176.0,14233.0
6475,43159.0,36972.0,36985.0,28924.0,6187.0,6174.0,14235.0
6476,43161.0,36985.0,36990.0,28930.0,6176.0,6171.0,14231.0
6477,43163.0,36989.0,36995.0,28930.0,6174.0,6168.0,14233.0
6478,43165.0,36993.0,36995.0,28939.0,6172.0,6170.0,14226.0
6479,43167.0,36999.0,37007.0,28945.0,6168.0,6160.0,14222.0
6480,43169.0,36999.0,37012.0,28947.0,6170.0,6157.0,14222.0
6481,43171.0,37001.0,37019.0,28952.0,6170.0,6152.0,14219.0
6482,43173.0,37005.0,37022.0,28952.0,6168.0,6151.0,14221.0
6483,43175.0,37011.0,37022.0,28962.0,6164.0,6153.0,14213.0
6484,43177.0,37011.0,37028.0,28964.0,6166.0,6149.0,14213.0
6485,43179.0,37014.0,37030.0,28965.0,6165.0,6149.0,14214.0
6486,43181.0,37019.0,37034.0,28966.0,6162.0,6147.0,14215.0
6487,43183.0,37019.0,37035.0,28970.0,6164.0,6148.0,14213.0
6488,43185.0,37022.0,37047.0,28975.0,6163.0,6138.0,14210.0
6489,43187.0,37030.0,37049.0,28975.0,6157.0,6138.0,14212.0
6490,43189.0,37042.0,37049.0,28975.0,6147.0,6140.0,14214.0
6491,43191.0,37043.0,37054.0,28977.0,6148.0,6137.0,14214.0
6492,43193.0,37046.0,37055.0,28989.0,6147.0,6138.0,14204.0
6493,43195.0,37048.0,37057.0,28989.0,6147.0,6138.0,14206.0
6494,43197.0,37059.0,37061.0,28994.0,6138.0,6136.0,14203.0
6495,43199.0,37059.0,37061.0,29006.0,6140.0,6138.0,14193.0
6496,43201.0,37062.0,37062.0,29006.0,6139.0,6139.0,14195.0
6497,43203.0,37066.0,37065.0,29009.0,6137.0,6138.0,14194.0
6498,43205.0,37067.0,37069.0,29014.0,6138.0,6136.0,14191.0
6499,43207.0,37071.0,37069.0,29018.0,6136.0,6138.0,14189.0
6500,43209.0,37076.0,37076.0,29018.0,6133.0,6133.0,14191.0
6501,43211.0,37080.0,37076.0,29021.0,6131.0,6135.0,14190.0
6502,43213.0,37083.0,37078.0,29032.0,6130.0,6135.0,14181.0
6503,43215.0,37083.0,37080.0,29039.0,6132.0,6135.0,14176.0
6504,43217.0,37083.0,37084.0,29048.0,6134.0,6133.0,14169.0
6505,43219.0,37084.0,37094.0,29048.0,6135.0,6125.0,14171.0
6506,43221.0,37088.0,37104.0,29055.0,6133.0,6117.0,14166.0
6507,43223.0,37093.0,37111.0,29056.0,6130.0,6112.0,14167.0
6508,43225.0,37094.0,37117.0,29058.0,6131.0,6108.0,14167.0
6509,43227.0,37094.0,37117.0,29058.0,6133.0,6110.0,14169.0
6510,43229.0,37095.0,37129.0,29067.0,6134.0,6100.0,14162.0
6511,43231.0,37098.0,37129.0,29068.0,6133.0,6102.0,14163.0
6512,43233.0,37099.0,37139.0,29072.0,6134.0,6094.0,14161.0
6513,43235.0,37106.0,37141.0,29075.0,6129.0,6094.0,14160.0
6514,43237.0,37110.0,37141.0,29076.0,6127.0,6096.0,14161.0
6515,43239.0,37120.0,37145.0,29086.0,6119.0,6094.0,14153.0
6516,43241.0,37121.0,37148.0,29090.0,6120.0,6093.0,14151.0
6517,43243.0,37126.0,37155.0,29102.0,6117.0,6088.0,14141.0
6518,43245.0,37131.0,37159.0,29102.0,6114.0,6086.0,14143.0
6519,43247.0,37132.0,37160.0,29106.0,6115.0,6087.0,14141.0
6520,43249.0,37137.0,37163.0,29107.0,6112.0,6086.0,14142.0
6521,43251.0,37145.0,37164.0,29107.0,6106.0,6087.0,14144.0
6522,43253.0,37146.0,37168.0,29111.0,6107.0,6085.0,14142.0
6523,43255.0,37161.0,37168.0,29111.0,6094.0,6087.0,14144.0
6524,43257.0,37163.0,37168.0,29113.0,6094.0,6089.0,14144.0
6525,43259.0,37170.0,37170.0,29117.0,6089.0,6089.0,14142.0
6526,43261.0,37173.0,37176.0,29124.0,6088.0,6085.0,14137.0
6527,43263.0,37178.0,37177.0,29127.0,6085.0,6086.0,14136.0
6528,43265.0,37179.0,37184.0,29127.0,6086.0,6081.0,14138.0
6529,43267.0,37189.0,37192.0,29131.0,6078.0,6075.0,14136.0
6530,43269.0,37195.0,37200.0,29131.0,6074.0,6069.0,14138.0
6531,43271.0,37203.0,37200.0,29135.0,6068.0,6071.0,14136.0
6532,43273.0,37208.0,37200.0,29142.0,6065.0,6073.0,14131.0
6533,43275.0,37210.0,37210.0,29146.0,6065.0,6065.0,14129.0
6534,43277.0,37215.0,37210.0,29147.0,6062.0,6067.0,14130.0
6535,43279.0,37219.0,37223.0,29155.0,6060.0,6056.0,14124.0
6536,43281.0,37224.0,37229.0,29158.0,6057.0,6052.0,14123.0
6537,43283.0,37230.0,37231.0,29158.0,6053.0,6052.0,14125.0
6538,43285.0,37235.0,37231.0,29160.0,6050.0,6054.0,14125.0
6539,43287.0,37239.0,37238.0,29167.0,6048.0,6049.0,14120.0
6540,43289.0,37243.0,37249.0,29175.0,6046.0,6040.0,14114.0
6541,43291.0,37246.0,37254.0,29176.0,6045.0,6037.0,14115.0
6542,43293.0,37256.0,37263.0,29177.0,6037.0,6030.0,14116.0
6543,43295.0,37258.0,37267.0,29180.0,6037.0,6028.0,14115.0
6544,43297.0,37270.0,37267.0,29180.0,6027.0,6030.0,14117.0
6545,43299.0,37274.0,37273.0,29189.0,6025.0,6026.0,14110.0
6546,43301.0,37289.0,37276.0,29191.0,6012.0,6025.0,14110.0
6547,43303.0,37297.0,37280.0,29199.0,6006.0,6023.0,14104.0
6548,43305.0,37301.0,37285.0,29200.0,6004.0,6020.0,14105.0
6549,43307.0,37304.0,37285.0,29207.0,6003.0,6022.0,14100.0
6550,43309.0,37305.0,37292.0,29210.0,6004.0,6017.0,14099.0
6551,43311.0,37314.0,37293.0,29220.0,5997.0,6018.0,14091.0
6552,43313.0,37315.0,37295.0,29220.0,5998.0,6018.0,14093.0
6553,43315.0,37319.0,37297.0,29224.0,5996.0,6018.0,14091.0
6554,43317.0,37326.0,37299.0,29235.0,5991.0,6018.0,14082.0
6555,43319.0,37337.0,37300.0,29236.0,5982.0,6019.0,14083.0
6556,43321.0,37339.0,37308.0,29237.0,5982.0,6013.0,14084.0
6557,43323.0,37345.0,37316.0,29241.0,5978.0,6007.0,14082.0
6558,43325.0,37356.0,37319.0,29249.0,5969.0,6006.0,14076.0
6559,43327.0,37361.0,37327.0,29249.0,5966.0,6000.0,14078.0
6560,43329.0,37378.0,37329.0,29252.0,5951.0,6000.0,14077.0
6561,43331.0,37384.0,37336.0,29252.0,5947.0,5995.0,14079.0
6562,43333.0,37387.0,37338.0,29252.0,5946.0,5995.0,14081.0
6563,43335.0,37393.0,37341.0,29257.0,5942.0,5994.0,14078.0
6564,43337.0,37394.0,37345.0,29261.0,5943.0,5992.0,14076.0
6565,43339.0,37402.0,37347.0,29267.0,5937.0,5992.0,14072.0
6566,43341.0,37406.0,37350.0,29278.0,5935.0,5991.0,14063.0
6567,43343.0,37408.0,37356.0,29282.0,5935.0,5987.0,14061.0
6568,43345.0,37408.0,37358.0,29282.0,5937.0,5987.0,14063.0
6569,43347.0,37409.0,37358.0,29292.0,5938.0,5989.0,14055.0
6570,43349.0,37424.0,37359.0,29292.0,5925.0,5990.0,14057.0
6571,43351.0,37432.0,37360.0,29295.0,5919.0,5991.0,14056.0
6572,43353.0,37447.0,37366.0,29295.0,5906.0,5987.0,14058.0
6573,43355.0,37447.0,37367.0,29295.0,5908.0,5988.0,14060.0
6574,43357.0,37452.0,37368.0,29295.0,5905.0,5989.0,14062.0
6575,43359.0,37455.0,37376.0,29307.0,5904.0,5983.0,14052.0
6576,43361.0,37455.0,37378.0,29316.0,5906.0,5983.0,14045.0
6577,43363.0,37455.0,37384.0,29319.0,5908.0,5979.0,14044.0
6578,43365.0,37455.0,37388.0,29326.0,5910.0,5977.0,14039.0
6579,43367.0,37469.0,37394.0,29337.0,5898.0,5973.0,14030.0
6580,43369.0,37471.0,37405.0,29348.0,5898.0,5964.0,14021.0
6581,43371.0,37472.0,37414.0,29353.0,5899.0,5957.0,14018.0
6582,43373.0,37477.0,37420.0,29354.0,5896.0,5953.0,14019.0
6583,43375.0,37479.0,37432.0,29355.0,5896.0,5943.0,14020.0
6584,43377.0,37489.0,37439.0,29359.0,5888.0,5938.0,14018.0
6585,43379.0,37491.0,37452.0,29366.0,5888.0,5927.0,14013.0
6586,43381.0,37495.0,37454.0,29366.0,5886.0,5927.0,14015.0
6587,43383.0,37497.0,37454.0,29366.0,5886.0,5929.0,14017.0
6588,43385.0,37503.0,37455.0,29369.0,5882.0,5930.0,14016.0
6589,43387.0,37509.0,37457.0,29376.0,5878.0,5930.0,14011.0
6590,43389.0,37509.0,37462.0,29381.0,5880.0,5927.0,14008.0
6591,43391.0,37516.0,37472.0,29382.0,5875.0,5919.0,14009.0
6592,43393.0,37516.0,37483.0,29382.0,5877.0,5910.0,14011.0
6593,43395.0,37523.0,37485.0,29388.0,5872.0,5910.0,14007.0
6594,43397.0,37525.0,37492.0,29388.0,5872.0,5905.0,14009.0
6595,43399.0,37530.0,37497.0,29395.0,5869.0,5902.0,14004.0
6596,43401.0,37535.0,37498.0,29397.0,5866.0,5903.0,14004.0
6597,43403.0,37540.0,37502.0,29400.0,5863.0,5901.0,14003.0
6598,43405.0,37543.0,37505.0,29400.0,5862.0,5900.0,14005.0
6599,43407.0,37553.0,37514.0,29400.0,5854.0,5893.0,14007.0
6600,43409.0,37554.0,37514.0,29404.0,5855.0,5895.0,14005.0
6601,43411.0,37564.0,37514.0,29406.0,5847.0,5897.0,14005.0
6602,43413.0,37570.0,37519.0,29407.0,5843.0,5894.0,14006.0
6603,43415.0,37570.0,37522.0,29409.0,5845.0,5893.0,14006.0
6604,43417.0,37572.0,37522.0,29414.0,5845.0,5895.0,14003.0
6605,43419.0,37576.0,37526.0,29420.0,5843.0,5893.0,13999.0
6606,43421.0,37577.0,37531.0,29429.0,5844.0,5890.0,13992.0
6607,43423.0,37577.0,37537.0,29432.0,5846.0,5886.0,13991.0
6608,43425.0,37582.0,37548.0,29435.0,5843.0,5877.0,13990.0
6609,43427.0,37583.0,37557.0,29445.0,5844.0,5870.0,13982.0
6610,43429.0,37592.0,37561.0,29455.0,5837.0,5868.0,13974.0
6611,43431.0,37597.0,37570.0,29457.0,5834.0,5861.0,13974.0
6612,43433.0,37611.0,37572.0,29459.0,5822.0,5861.0,13974.0
6613,43435.0,37620.0,37572.0,29464.0,5815.0,5863.0,13971.0
6614,43437.0,37621.0,37573.0,29464.0,5816.0,5864.0,13973.0
6615,43439.0,37621.0,37578.0,29464.0,5818.0,5861.0,13975.0
6616,43441.0,37624.0,37583.0,29471.0,5817.0,5858.0,13970.0
6617,43443.0,37630.0,37585.0,29471.0,5813.0,5858.0,13972.0
6618,43445.0,37637.0,37590.0,29481.0,5808.0,5855.0,13964.0
6619,43447.0,37639.0,37602.0,29483.0,5808.0,5845.0,13964.0
6620,43449.0,37639.0,37605.0,29483.0,5810.0,5844.0,13966.0
6621,43451.0,37646.0,37611.0,29500.0,5805.0,5840.0,13951.0
6622,43453.0,37660.0,37611.0,29504.0,5793.0,5842.0,13949.0
6623,43455.0,37666.0,37615.0,29510.0,5789.0,5840.0,13945.0
6624,43457.0,37670.0,37623.0,29510.0,5787.0,5834.0,13947.0
6625,43459.0,37670.0,37623.0,29513.0,5789.0,5836.0,13946.0
6626,43461.0,37670.0,37628.0,29517.0,5791.0,5833.0,13944.0
6627,43463.0,37670.0,37638.0,29517.0,5793.0,5825.0,13946.0
6628,43465.0,37678.0,37638.0,29519.0,5787.0,5827.0,13946.0
6629,43467.0,37680.0,37641.0,29522.0,5787.0,5826.0,13945.0
6630,43469.0,37685.0,37641.0,29529.0,5784.0,5828.0,13940.0
6631,43471.0,37691.0,37647.0,29544.0,5780.0,5824.0,13927.0
6632,43473.0,37701.0,37653.0,29548.0,5772.0,5820.0,13925.0
6633,43475.0,37713.0,37660.0,29554.0,5762.0,5815.0,13921.0
6634,43477.0,37722.0,37663.0,29556.0,5755.0,5814.0,13921.0
6635,43479.0,37728.0,37673.0,29556.0,5751.0,5806.0,13923.0
6636,43481.0,37730.0,37685.0,29559.0,5751.0,5796.0,13922.0
6637,43483.0,37734.0,37685.0,29561.0,5749.0,5798.0,13922.0
6638,43485.0,37740.0,37686.0,29566.0,5745.0,5799.0,13919.0
6639,43487.0,37741.0,37689.0,29578.0,5746.0,5798.0,13909.0
6640,43489.0,37741.0,37689.0,29585.0,5748.0,5800.0,13904.0
6641,43491.0,37744.0,37692.0,29586.0,5747.0,5799.0,13905.0
6642,43493.0,37744.0,37697.0,29596.0,5749.0,5796.0,13897.0
6643,43495.0,37744.0,37709.0,29607.0,5751.0,5786.0,13888.0
6644,43497.0,37749.0,37713.0,29614.0,5748.0,5784.0,13883.0
6645,43499.0,37750.0,37715.0,29618.0,5749.0,5784.0,13881.0
6646,43501.0,37757.0,37719.0,29627.0,5744.0,5782.0,13874.0
6647,43503.0,37757.0,37728.0,29633.0,5746.0,5775.0,13870.0
6648,43505.0,37760.0,37729.0,29641.0,5745.0,5776.0,13864.0
6649,43507.0,37762.0,37733.0,29645.0,5745.0,5774.0,13862.0
6650,43509.0,37768.0,37735.0,29651.0,5741.0,5774.0,13858.0
6651,43511.0,37770.0,37740.0,29651.0,5741.0,5771.0,13860.0
6652,43513.0,37770.0,37746.0,29653.0,5743.0,5767.0,13860.0
6653,43515.0,37782.0,37750.0,29654.0,5733.0,5765.0,13861.0
6654,43517.0,37794.0,37750.0,29655.0,5723.0,5767.0,13862.0
6655,43519.0,37798.0,37754.0,29665.0,5721.0,5765.0,13854.0
6656,43521.0,37804.0,37757.0,29671.0,5717.0,5764.0,13850.0
6657,43523.0,37813.0,37762.0,29678.0,5710.0,5761.0,13845.0
6658,43525.0,37816.0,37765.0,29680.0,5709.0,5760.0,13845.0
6659,43527.0,37823.0,37771.0,29684.0,5704.0,5756.0,13843.0
6660,43529.0,37823.0,37771.0,29685.0,5706.0,5758.0,13844.0
6661,43531.0,37831.0,37771.0,29687.0,5700.0,5760.0,13844.0
6662,43533.0,37838.0,37776.0,29695.0,5695.0,5757.0,13838.0
6663,43535.0,37848.0,37784.0,29700.0,5687.0,5751.0,13835.0
6664,43537.0,37852.0,37786.0,29704.0,5685.0,5751.0,13833.0
6665,43539.0,37856.0,37790.0,29704.0,5683.0,5749.0,13835.0
6666,43541.0,37856.0,37794.0,29704.0,5685.0,5747.0,13837.0
6667,43543.0,37859.0,37795.0,29710.0,5684.0,5748.0,13833.0
6668,43545.0,37860.0,37796.0,29712.0,5685.0,5749.0,13833.0
6669,43547.0,37866.0,37797.0,29716.0,5681.0,5750.0,13831.0
6670,43549.0,37879.0,37800.0,29717.0,5670.0,5749.0,13832.0
6671,43551.0,37879.0,37806.0,29717.0,5672.0,5745.0,13834.0
6672,43553.0,37880.0,37812.0,29725.0,5673.0,5741.0,13828.0
6673,43555.0,37887.0,37814.0,29733.0,5668.0,5741.0,13822.0
6674,43557.0,37887.0,37814.0,29736.0,5670.0,5743.0,13821.0
6675,43559.0,37889.0,37820.0,29736.0,5670.0,5739.0,13823.0
6676,43561.0,37891.0,37821.0,29745.0,5670.0,5740.0,13816.0
6677,43563.0,37895.0,37824.0,29745.0,5668.0,5739.0,13818.0
6678,43565.0,37901.0,37827.0,29746.0,5664.0,5738.0,13819.0
6679,43567.0,37907.0,37829.0,29750.0,5660.0,5738.0,13817.0
6680,43569.0,37913.0,37834.0,29750.0,5656.0,5735.0,13819.0
6681,43571.0,37924.0,37840.0,29758.0,5647.0,5731.0,13813.0
6682,43573.0,37927.0,37845.0,29768.0,5646.0,5728.0,13805.0
6683,43575.0,37931.0,37845.0,29768.0,5644.0,5730.0,13807.0
6684,43577.0,37941.0,37851.0,29770.0,5636.0,5726.0,13807.0
6685,43579.0,37944.0,37851.0,29770.0,5635.0,5728.0,13809.0
6686,43581.0,37944.0,37856.0,29772.0,5637.0,5725.0,13809.0
6687,43583.0,37950.0,37859.0,29785.0,5633.0,5724.0,13798.0
6688,43585.0,37952.0,37863.0,29789.0,5633.0,5722.0,13796.0
6689,43587.0,37954.0,37869.0,29790.0,5633.0,5718.0,13797.0
6690,43589.0,37956.0,37879.0,29790.0,5633.0,5710.0,13799.0
6691,43591.0,37958.0,37882.0,29791.0,5633.0,5709.0,13800.0
6692,43593.0,37959.0,37894.0,29801.0,5634.0,5699.0,13792.0
6693,43595.0,37962.0,37908.0,29801.0,5633.0,5687.0,13794.0
6694,43597.0,37963.0,37910.0,29808.0,5634.0,5687.0,13789.0
6695,43599.0,37963.0,37918.0,29813.0,5636.0,5681.0,13786.0
6696,43601.0,37966.0,37921.0,29825.0,5635.0,5680.0,13776.0
6697,43603.0,37967.0,37923.0,29825.0,5636.0,5680.0,13778.0
6698,43605.0,37970.0,37925.0,29832.0,5635.0,5680.0,13773.0
6699,43607.0,37970.0,37925.0,29839.0,5637.0,5682.0,13768.0
6700,43609.0,37971.0,37931.0,29839.0,5638.0,5678.0,13770.0
6701,43611.0,37976.0,37938.0,29844.0,5635.0,5673.0,13767.0
6702,43613.0,37986.0,37946.0,29844.0,5627.0,5667.0,13769.0
6703,43615.0,37986.0,37961.0,29852.0,5629.0,5654.0,13763.0
6704,43617.0,37989.0,37963.0,29861.0,5628.0,5654.0,13756.0
6705,43619.0,37995.0,37969.0,29862.0,5624.0,5650.0,13757.0
6706,43621.0,37999.0,37976.0,29863.0,5622.0,5645.0,13758.0
6707,43623.0,38005.0,37980.0,29863.0,5618.0,5643.0,13760.0
6708,43625.0,38009.0,37986.0,29865.0,5616.0,5639.0,13760.0
6709,43627.0,38009.0,37993.0,29871.0,5618.0,5634.0,13756.0
6710,43629.0,38018.0,37998.0,29874.0,5611.0,5631.0,13755.0
6711,43631.0,38028.0,38000.0,29879.0,5603.0,5631.0,13752.0
6712,43633.0,38034.0,38000.0,29891.0,5599.0,5633.0,13742.0
6713,43635.0,38035.0,38012.0,29891.0,5600.0,5623.0,13744.0
6714,43637.0,38044.0,38013.0,29891.0,5593.0,5624.0,13746.0
6715,43639.0,38047.0,38013.0,29894.0,5592.0,5626.0,13745.0
6716,43641.0,38051.0,38030.0,29903.0,5590.0,5611.0,13738.0
6717,43643.0,38057.0,38043.0,29903.0,5586.0,5600.0,13740.0
6718,43645.0,38061.0,38046.0,29909.0,5584.0,5599.0,13736.0
6719,43647.0,38062.0,38057.0,29916.0,5585.0,5590.0,13731.0
6720,43649.0,38062.0,38058.0,29918.0,5587.0,5591.0,13731.0
6721,43651.0,38062.0,38064.0,29922.0,5589.0,5587.0,13729.0
6722,43653.0,38063.0,38067.0,29922.0,5590.0,5586.0,13731.0
6723,43655.0,38068.0,38074.0,29927.0,5587.0,5581.0,13728.0
6724,43657.0,38082.0,38074.0,29929.0,5575.0,5583.0,13728.0
6725,43659.0,38088.0,38084.0,29934.0,5571.0,5575.0,13725.0
6726,43661.0,38096.0,38089.0,29934.0,5565.0,5572.0,13727.0
6727,43663.0,38104.0,38094.0,29944.0,5559.0,5569.0,13719.0
6728,43665.0,38104.0,38104.0,29952.0,5561.0,5561.0,13713.0
6729,43667.0,38111.0,38110.0,29954.0,5556.0,5557.0,13713.0
6730,43669.0,38117.0,38117.0,29954.0,5552.0,5552.0,13715.0
6731,43671.0,38120.0,38122.0,29954.0,5551.0,5549.0,13717.0
6732,43673.0,38127.0,38123.0,29964.0,5546.0,5550.0,13709.0
6733,43675.0,38132.0,38131.0,29968.0,5543.0,5544.0,13707.0
6734,43677.0,38132.0,38134.0,29972.0,5545.0,5543.0,13705.0
6735,43679.0,38137.0,38137.0,29985.0,5542.0,5542.0,13694.0
6736,43681.0,38142.0,38142.0,29986.0,5539.0,5539.0,13695.0
6737,43683.0,38146.0,38147.0,29988.0,5537.0,5536.0,13695.0
6738,43685.0,38151.0,38148.0,29997.0,5534.0,5537.0,13688.0
6739,43687.0,38155.0,38165.0,30007.0,5532.0,5522.0,13680.0
6740,43689.0,38155.0,38173.0,30010.0,5534.0,5516.0,13679.0
6741,43691.0,38158.0,38178.0,30012.0,5533.0,5513.0,13679.0
6742,43693.0,38161.0,38179.0,30020.0,5532.0,5514.0,13673.0
6743,43695.0,38162.0,38184.0,30029.0,5533.0,5511.0,13666.0
6744,43697.0,38163.0,38184.0,30032.0,5534.0,5513.0,13665.0
6745,43699.0,38171.0,38187.0,30044.0,5528.0,5512.0,13655.0
6746,43701.0,38176.0,38192.0,30049.0,5525.0,5509.0,13652.0
6747,43703.0,38179.0,38202.0,30049.0,5524.0,5501.0,13654.0
6748,43705.0,38181.0,38209.0,30053.0,5524.0,5496.0,13652.0
6749,43707.0,38185.0,38210.0,30059.0,5522.0,5497.0,13648.0
6750,43709.0,38190.0,38213.0,30062.0,5519.0,5496.0,13647.0
6751,43711.0,38191.0,38213.0,30069.0,5520.0,5498.0,13642.0
6752,43713.0,38191.0,38215.0,30077.0,5522.0,5498.0,13636.0
6753,43715.0,38194.0,38220.0,30079.0,5521.0,5495.0,13636.0
6754,43717.0,38204.0,38221.0,30084.0,5513.0,5496.0,13633.0
6755,43718.0,38206.0,38225.0,30093.0,5512.0,5493.0,13625.0
6756,43719.0,38207.0,38227.0,30093.0,5512.0,5492.0,13626.0
6757,43720.0,38211.0,38234.0,30101.0,5509.0,5486.0,13619.0
6758,43721.0,38215.0,38236.0,30103.0,5506.0,5485.0,13618.0
6759,43722.0,38220.0,38244.0,30103.0,5502.0,5478.0,13619.0
6760,43723.0,38225.0,38249.0,30110.0,5498.0,5474.0,13613.0
6761,43724.0,38228.0,38258.0,30110.0,5496.0,5466.0,13614.0
6762,43725.0,38237.0,38270.0,30118.0,5488.0,5455.0,13607.0
6763,43726.0,38237.0,38281.0,30118.0,5489.0,5445.0,13608.0
6764,43727.0,38244.0,38291.0,30122.0,5483.0,5436.0,13605.0
6765,43728.0,38248.0,38299.0,30122.0,5480.0,5429.0,13606.0
6766,43729.0,38255.0,38300.0,30122.0,5474.0,5429.0,13607.0
6767,43730.0,38255.0,38303.0,30123.0,5475.0,5427.0,13607.0
6768,43731.0,38255.0,38303.0,30123.0,5476.0,5428.0,13608.0
6769,43732.0,38260.0,38303.0,30133.0,5472.0,5429.0,13599.0
6770,43733.0,38260.0,38303.0,30142.0,5473.0,5430.0,13591.0
6771,43734.0,38262.0,38309.0,30148.0,5472.0,5425.0,13586.0
6772,43735.0,38262.0,38309.0,30155.0,5473.0,5426.0,13580.0
6773,43736.0,38266.0,38318.0,30159.0,5470.0,5418.0,13577.0
6774,43737.0,38266.0,38321.0,30170.0,5471.0,5416.0,13567.0
6775,43738.0,38270.0,38324.0,30173.0,5468.0,5414.0,13565.0
6776,43739.0,38272.0,38325.0,30185.0,5467.0,5414.0,13554.0
6777,43740.0,38282.0,38327.0,30189.0,5458.0,5413.0,13551.0
6778,43741.0,38282.0,38327.0,30189.0,5459.0,5414.0,13552.0
6779,43742.0,38282.0,38329.0,30197.0,5460.0,5413.0,13545.0
6780,43743.0,38287.0,38329.0,30202.0,5456.0,5414.0,13541.0
6781,43744.0,38287.0,38331.0,30204.0,5457.0,5413.0,13540.0
6782,43745.0,38293.0,38334.0,30204.0,5452.0,5411.0,13541.0
6783,43746.0,38293.0,38335.0,30207.0,5453.0,5411.0,13539.0
6784,43747.0,38294.0,38339.0,30209.0,5453.0,5408.0,13538.0
6785,43748.0,38305.0,38347.0,30218.0,5443.0,5401.0,13530.0
6786,43749.0,38311.0,38347.0,30232.0,5438.0,5402.0,13517.0
6787,43750.0,38315.0,38352.0,30235.0,5435.0,5398.0,13515.0
6788,43751.0,38321.0,38355.0,30241.0,5430.0,5396.0,13510.0
6789,43752.0,38332.0,38357.0,30253.0,5420.0,5395.0,13499.0
6790,43753.0,38339.0,38362.0,30260.0,5414.0,5391.0,13493.0
6791,43754.0,38342.0,38368.0,30273.0,5412.0,5386.0,13481.0
6792,43755.0,38348.0,38374.0,30279.0,5407.0,5381.0,13476.0
6793,43756.0,38359.0,38382.0,30289.0,5397.0,5374.0,13467.0
6794,43757.0,38368.0,38384.0,30289.0,5389.0,5373.0,13468.0
6795,43758.0,38374.0,38390.0,30291.0,5384.0,5368.0,13467.0
6796,43759.0,38378.0,38393.0,30294.0,5381.0,5366.0,13465.0
6797,43760.0,38382.0,38404.0,30294.0,5378.0,5356.0,13466.0
6798,43761.0,38384.0,38404.0,30298.0,5377.0,5357.0,13463.0
6799,43762.0,38384.0,38407.0,30298.0,5378.0,5355.0,13464.0
6800,43763.0,38389.0,38418.0,30298.0,5374.0,5345.0,13465.0
6801,43764.0,38392.0,38422.0,30305.0,5372.0,5342.0,13459.0
6802,43765.0,38402.0,38427.0,30305.0,5363.0,5338.0,13460.0
6803,43766.0,38405.0,38435.0,30311.0,5361.0,5331.0,13455.0
6804,43767.0,38405.0,38450.0,30313.0,5362.0,5317.0,13454.0
6805,43768.0,38410.0,38459.0,30325.0,5358.0,5309.0,13443.0
6806,43769.0,38410.0,38459.0,30339.0,5359.0,5310.0,13430.0
6807,43770.0,38415.0,38463.0,30345.0,5355.0,5307.0,13425.0
6808,43771.0,38421.0,38467.0,30351.0,5350.0,5304.0,13420.0
6809,43772.0,38425.0,38472.0,30354.0,5347.0,5300.0,13418.0
6810,43773.0,38429.0,38477.0,30363.0,5344.0,5296.0,13410.0
6811,43774.0,38429.0,38481.0,30364.0,5345.0,5293.0,13410.0
6812,43775.0,38432.0,38482.0,30370.0,5343.0,5293.0,13405.0
6813,43776.0,38443.0,38482.0,30370.0,5333.0,5294.0,13406.0
6814,43777.0,38446.0,38482.0,30380.0,5331.0,5295.0,13397.0
6815,43778.0,38450.0,38486.0,30384.0,5328.0,5292.0,13394.0
6816,43779.0,38460.0,38486.0,30397.0,5319.0,5293.0,13382.0
6817,43780.0,38471.0,38486.0,30405.0,5309.0,5294.0,13375.0
6818,43781.0,38482.0,38493.0,30411.0,5299.0,5288.0,13370.0
6819,43782.0,38482.0,38494.0,30411.0,5300.0,5288.0,13371.0
6820,43783.0,38482.0,38497.0,30412.0,5301.0,5286.0,13371.0
6821,43784.0,38485.0,38507.0,30420.0,5299.0,5277.0,13364.0
6822,43785.0,38495.0,38515.0,30420.0,5290.0,5270.0,13365.0
6823,43786.0,38503.0,38517.0,30427.0,5283.0,5269.0,13359.0
6824,43787.0,38507.0,38524.0,30430.0,5280.0,5263.0,13357.0
6825,43788.0,38516.0,38530.0,30441.0,5272.0,5258.0,13347.0
6826,43789.0,38520.0,38530.0,30453.0,5269.0,5259.0,13336.0
6827,43790.0,38520.0,38534.0,30453.0,5270.0,5256.0,13337.0
6828,43791.0,38526.0,38534.0,30456.0,5265.0,5257.0,13335.0
6829,43792.0,38528.0,38537.0,30462.0,5264.0,5255.0,13330.0
6830,43793.0,38529.0,38547.0,30465.0,5264.0,5246.0,13328.0
6831,43794.0,38533.0,38556.0,30473.0,5261.0,5238.0,13321.0
6832,43795.0,38534.0,38556.0,30489.0,5261.0,5239.0,13306.0
6833,43796.0,38534.0,38560.0,30492.0,5262.0,5236.0,13304.0
6834,43797.0,38538.0,38566.0,30492.0,5259.0,5231.0,13305.0
6835,43798.0,38538.0,38582.0,30498.0,5260.0,5216.0,13300.0
6836,43799.0,38538.0,38585.0,30498.0,5261.0,5214.0,13301.0
6837,43800.0,38543.0,38586.0,30504.0,5257.0,5214.0,13296.0
6838,43801.0,38543.0,38589.0,30504.0,5258.0,5212.0,13297.0
6839,43802.0,38543.0,38598.0,30509.0,5259.0,5204.0,13293.0
6840,43803.0,38548.0,38607.0,30514.0,5255.0,5196.0,13289.0
6841,43804.0,38548.0,38610.0,30515.0,5256.0,5194.0,13289.0
6842,43805.0,38548.0,38613.0,30523.0,5257.0,5192.0,13282.0
6843,43806.0,38557.0,38626.0,30528.0,5249.0,5180.0,13278.0
6844,43807.0,38557.0,38629.0,30530.0,5250.0,5178.0,13277.0
6845,43808.0,38565.0,38637.0,30530.0,5243.0,5171.0,13278.0
6846,43809.0,38570.0,38637.0,30530.0,5239.0,5172.0,13279.0
6847,43810.0,38570.0,38645.0,30534.0,5240.0,5165.0,13276.0
6848,43811.0,38581.0,38646.0,30534.0,5230.0,5165.0,13277.0
6849,43812.0,38591.0,38650.0,30543.0,5221.0,5162.0,13269.0
6850,43813.0,38594.0,38657.0,30544.0,5219.0,5156.0,13269.0
6851,43814.0,38595.0,38665.0,30544.0,5219.0,5149.0,13270.0
6852,43815.0,38599.0,38670.0,30548.0,5216.0,5145.0,13267.0
6853,43816.0,38601.0,38674.0,30563.0,5215.0,5142.0,13253.0
6854,43817.0,38604.0,38686.0,30567.0,5213.0,5131.0,13250.0
6855,43818.0,38612.0,38691.0,30571.0,5206.0,5127.0,13247.0
6856,43819.0,38614.0,38696.0,30571.0,5205.0,5123.0,13248.0
6857,43820.0,38615.0,38698.0,30574.0,5205.0,5122.0,13246.0
6858,43821.0,38619.0,38698.0,30578.0,5202.0,5123.0,13243.0
6859,43822.0,38627.0,38705.0,30582.0,5195.0,5117.0,13240.0
6860,43823.0,38627.0,38710.0,30582.0,5196.0,5113.0,13241.0
6861,43824.0,38629.0,38710.0,30582.0,5195.0,5114.0,13242.0
6862,43825.0,38632.0,38710.0,30586.0,5193.0,5115.0,13239.0
6863,43826.0,38636.0,38715.0,30595.0,5190.0,5111.0,13231.0
6864,43827.0,38638.0,38725.0,30598.0,5189.0,5102.0,13229.0
6865,43828.0,38648.0,38732.0,30599.0,5180.0,5096.0,13229.0
6866,43829.0,38651.0,38733.0,30606.0,5178.0,5096.0,13223.0
6867,43830.0,38651.0,38734.0,30606.0,5179.0,5096.0,13224.0
6868,43831.0,38652.0,38734.0,30606.0,5179.0,5097.0,13225.0
6869,43832.0,38652.0,38738.0,30609.0,5180.0,5094.0,13223.0
6870,43833.0,38657.0,38738.0,30609.0,5176.0,5095.0,13224.0
6871,43834.0,38661.0,38744.0,30610.0,5173.0,5090.0,13224.0
6872,43835.0,38669.0,38749.0,30614.0,5166.0,5086.0,13221.0
6873,43836.0,38674.0,38749.0,30614.0,5162.0,5087.0,13222.0
6874,43837.0,38680.0,38755.0,30617.0,5157.0,5082.0,13220.0
6875,43838.0,38683.0,38763.0,30620.0,5155.0,5075.0,13218.0
6876,43839.0,38687.0,38782.0,30620.0,5152.0,5057.0,13219.0
6877,43840.0,38696.0,38782.0,30623.0,5144.0,5058.0,13217.0
6878,43841.0,38706.0,38782.0,30625.0,5135.0,5059.0,13216.0
6879,43842.0,38706.0,38784.0,30627.0,5136.0,5058.0,13215.0
6880,43843.0,38718.0,38789.0,30632.0,5125.0,5054.0,13211.0
6881,43844.0,38718.0,38800.0,30640.0,5126.0,5044.0,13204.0
6882,43845.0,38718.0,38800.0,30642.0,5127.0,5045.0,13203.0
6883,43846.0,38723.0,38806.0,30644.0,5123.0,5040.0,13202.0
6884,43847.0,38727.0,38815.0,30650.0,5120.0,5032.0,13197.0
6885,43848.0,38730.0,38820.0,30657.0,5118.0,5028.0,13191.0
6886,43849.0,38735.0,38820.0,30660.0,5114.0,5029.0,13189.0
6887,43850.0,38741.0,38820.0,30660.0,5109.0,5030.0,13190.0
6888,43851.0,38743.0,38820.0,30665.0,5108.0,5031.0,13186.0
6889,43852.0,38750.0,38820.0,30675.0,5102.0,5032.0,13177.0
6890,43853.0,38760.0,38820.0,30676.0,5093.0,5033.0,13177.0
6891,43854.0,38762.0,38821.0,30679.0,5092.0,5033.0,13175.0
6892,43855.0,38765.0,38831.0,30680.0,5090.0,5024.0,13175.0
6893,43856.0,38765.0,38831.0,30680.0,5091.0,5025.0,13176.0
6894,43857.0,38773.0,38831.0,30683.0,5084.0,5026.0,13174.0
6895,43858.0,38785.0,38843.0,30693.0,5073.0,5015.0,13165.0
6896,43859.0,38791.0,38848.0,30693.0,5068.0,5011.0,13166.0
6897,43860.0,38794.0,38851.0,30693.0,5066.0,5009.0,13167.0
6898,43861.0,38801.0,38855.0,30695.0,5060.0,5006.0,13166.0
6899,43862.0,38801.0,38856.0,30698.0,5061.0,5006.0,13164.0
6900,43863.0,38803.0,38858.0,30703.0,5060.0,5005.0,13160.0
6901,43864.0,38806.0,38865.0,30705.0,5058.0,4999.0,13159.0
6902,43865.0,38808.0,38865.0,30706.0,5057.0,5000.0,13159.0
6903,43866.0,38816.0,38874.0,30709.0,5050.0,4992.0,13157.0
6904,43867.0,38816.0,38881.0,30710.0,5051.0,4986.0,13157.0
6905,43868.0,38819.0,38887.0,30710.0,5049.0,4981.0,13158.0
6906,43869.0,38824.0,38888.0,30716.0,5045.0,4981.0,13153.0
6907,43870.0,38830.0,38889.0,30721.0,5040.0,4981.0,13149.0
6908,43871.0,38831.0,38897.0,30721.0,5040.0,4974.0,13150.0
6909,43872.0,38834.0,38899.0,30721.0,5038.0,4973.0,13151.0
6910,43873.0,38835.0,38902.0,30727.0,5038.0,4971.0,13146.0
6911,43874.0,38846.0,38904.0,30728.0,5028.0,4970.0,13146.0
6912,43875.0,38849.0,38904.0,30735.0,5026.0,4971.0,13140.0
6913,43876.0,38852.0,38907.0,30738.0,5024.0,4969.0,13138.0
6914,43877.0,38859.0,38907.0,30748.0,5018.0,4970.0,13129.0
6915,43878.0,38861.0,38910.0,30750.0,5017.0,4968.0,13128.0
6916,43879.0,38864.0,38914.0,30750.0,5015.0,4965.0,13129.0
6917,43880.0,38870.0,38917.0,30756.0,5010.0,4963.0,13124.0
6918,43881.0,38872.0,38920.0,30756.0,5009.0,4961.0,13125.0
6919,43882.0,38875.0,38927.0,30761.0,5007.0,4955.0,13121.0
6920,43883.0,38879.0,38927.0,30764.0,5004.0,4956.0,13119.0
6921,43884.0,38879.0,38932.0,30767.0,5005.0,4952.0,13117.0
6922,43885.0,38883.0,38934.0,30778.0,5002.0,4951.0,13107.0
6923,43886.0,38885.0,38943.0,30779.0,5001.0,4943.0,13107.0
6924,43887.0,38885.0,38945.0,30779.0,5002.0,4942.0,13108.0
6925,43888.0,38889.0,38955.0,30781.0,4999.0,4933.0,13107.0
6926,43889.0,38889.0,38968.0,30793.0,5000.0,4921.0,13096.0
6927,43890.0,38891.0,38970.0,30801.0,4999.0,4920.0,13089.0
6928,43891.0,38892.0,38971.0,30804.0,4999.0,4920.0,13087.0
6929,43892.0,38892.0,38977.0,30815.0,5000.0,4915.0,13077.0
6930,43893.0,38892.0,38983.0,30821.0,5001.0,4910.0,13072.0
6931,43894.0,38898.0,38989.0,30821.0,4996.0,4905.0,13073.0
6932,43895.0,38900.0,38996.0,30827.0,4995.0,4899.0,13068.0
6933,43896.0,38904.0,38996.0,30827.0,4992.0,4900.0,13069.0
6934,43897.0,38905.0,39006.0,30827.0,4992.0,4891.0,13070.0
6935,43898.0,38906.0,39010.0,30827.0,4992.0,4888.0,13071.0
6936,43899.0,38906.0,39014.0,30830.0,4993.0,4885.0,13069.0
6937,43900.0,38906.0,39017.0,30830.0,4994.0,4883.0,13070.0
6938,43901.0,38914.0,39024.0,30833.0,4987.0,4877.0,13068.0
6939,43902.0,38919.0,39029.0,30836.0,4983.0,4873.0,13066.0
6940,43903.0,38924.0,39032.0,30840.0,4979.0,4871.0,13063.0
6941,43904.0,38933.0,39033.0,30841.0,4971.0,4871.0,13063.0
6942,43905.0,38933.0,39033.0,30844.0,4972.0,4872.0,13061.0
6943,43906.0,38937.0,39046.0,30848.0,4969.0,4860.0,13058.0
6944,43907.0,38937.0,39048.0,30854.0,4970.0,4859.0,13053.0
6945,43908.0,38937.0,39049.0,30855.0,4971.0,4859.0,13053.0
6946,43909.0,38941.0,39052.0,30859.0,4968.0,4857.0,13050.0
6947,43910.0,38947.0,39058.0,30859.0,4963.0,4852.0,13051.0
6948,43911.0,38950.0,39063.0,30860.0,4961.0,4848.0,13051.0
6949,43912.0,38952.0,39063.0,30870.0,4960.0,4849.0,13042.0
6950,43913.0,38954.0,39066.0,30871.0,4959.0,4847.0,13042.0
6951,43914.0,38959.0,39066.0,30876.0,4955.0,4848.0,13038.0
6952,43915.0,38961.0,39070.0,30883.0,4954.0,4845.0,13032.0
6953,43916.0,38961.0,39074.0,30896.0,4955.0,4842.0,13020.0
6954,43917.0,38966.0,39079.0,30898.0,4951.0,4838.0,13019.0
6955,43918.0,38966.0,39083.0,30900.0,4952.0,4835.0,13018.0
6956,43919.0,38969.0,39086.0,30910.0,4950.0,4833.0,13009.0
6957,43920.0,38971.0,39093.0,30920.0,4949.0,4827.0,13000.0
6958,43921.0,38975.0,39093.0,30921.0,4946.0,4828.0,13000.0
6959,43922.0,38977.0,39093.0,30931.0,4945.0,4829.0,12991.0
6960,43923.0,38985.0,39093.0,30936.0,4938.0,4830.0,12987.0
6961,43924.0,38987.0,39093.0,30949.0,4937.0,4831.0,12975.0
6962,43925.0,38988.0,39097.0,30949.0,4937.0,4828.0,12976.0
6963,43926.0,38994.0,39100.0,30959.0,4932.0,4826.0,12967.0
6964,43927.0,38997.0,39112.0,30962.0,4930.0,4815.0,12965.0
6965,43928.0,39001.0,39112.0,30969.0,4927.0,4816.0,12959.0
6966,43929.0,39004.0,39120.0,30973.0,4925.0,4809.0,12956.0
6967,43930.0,39009.0,39122.0,30977.0,4921.0,4808.0,12953.0
6968,43931.0,39010.0,39122.0,30979.0,4921.0,4809.0,12952.0
6969,43932.0,39014.0,39131.0,30980.0,4918.0,4801.0,12952.0
6970,43933.0,39022.0,39131.0,30988.0,4911.0,4802.0,12945.0
6971,43934.0,39028.0,39131.0,30998.0,4906.0,4803.0,12936.0
6972,43935.0,39028.0,39131.0,30998.0,4907.0,4804.0,12937.0
6973,43936.0,39031.0,39135.0,31010.0,4905.0,4801.0,12926.0
6974,43937.0,39043.0,39135.0,31013.0,4894.0,4802.0,12924.0
6975,43938.0,39043.0,39137.0,31013.0,4895.0,4801.0,12925.0
6976,43939.0,39052.0,39143.0,31016.0,4887.0,4796.0,12923.0
6977,43940.0,39063.0,39143.0,31024.0,4877.0,4797.0,12916.0
6978,43941.0,39063.0,39157.0,31026.0,4878.0,4784.0,12915.0
6979,43942.0,39063.0,39163.0,31026.0,4879.0,4779.0,12916.0
6980,43943.0,39076.0,39163.0,31029.0,4867.0,4780.0,12914.0
6981,43944.0,39077.0,39170.0,31038.0,4867.0,4774.0,12906.0
6982,43945.0,39078.0,39174.0,31042.0,4867.0,4771.0,12903.0
6983,43946.0,39082.0,39174.0,31045.0,4864.0,4772.0,12901.0
6984,43947.0,39083.0,39180.0,31046.0,4864.0,4767.0,12901.0
6985,43948.0,39084.0,39188.0,31047.0,4864.0,4760.0,12901.0
6986,43949.0,39096.0,39191.0,31047.0,4853.0,4758.0,12902.0
6987,43950.0,39097.0,39203.0,31058.0,4853.0,4747.0,12892.0
6988,43951.0,39097.0,39203.0,31063.0,4854.0,4748.0,12888.0
6989,43952.0,39098.0,39204.0,31067.0,4854.0,4748.0,12885.0
6990,43953.0,39100.0,39219.0,31067.0,4853.0,4734.0,12886.0
6991,43954.0,39108.0,39223.0,31070.0,4846.0,4731.0,12884.0
6992,43955.0,39109.0,39225.0,31070.0,4846.0,4730.0,12885.0
6993,43956.0,39117.0,39227.0,31071.0,4839.0,4729.0,12885.0
6994,43957.0,39121.0,39227.0,31075.0,4836.0,4730.0,12882.0
6995,43958.0,39129.0,39230.0,31084.0,4829.0,4728.0,12874.0
6996,43959.0,39129.0,39230.0,31088.0,4830.0,4729.0,12871.0
6997,43960.0,39133.0,39235.0,31091.0,4827.0,4725.0,12869.0
6998,43961.0,39136.0,39239.0,31091.0,4825.0,4722.0,12870.0
6999,43962.0,39142.0,39239.0,31101.0,4820.0,4723.0,12861.0
7000,43963.0,39145.0,39246.0,31103.0,4818.0,4717.0,12860.0
7001,43964.0,39145.0,39249.0,31106.0,4819.0,4715.0,12858.0
7002,43965.0,39149.0,39249.0,31116.0,4816.0,4716.0,12849.0
7003,43966.0,39152.0,39251.0,31116.0,4814.0,4715.0,12850.0
7004,43967.0,39152.0,39259.0,31117.0,4815.0,4708.0,12850.0
7005,43968.0,39152.0,39260.0,31117.0,4816.0,4708.0,12851.0
7006,43969.0,39156.0,39261.0,31127.0,4813.0,4708.0,12842.0
7007,43970.0,39158.0,39263.0,31129.0,4812.0,4707.0,12841.0
7008,43971.0,39162.0,39269.0,31135.0,4809.0,4702.0,12836.0
7009,43972.0,39164.0,39276.0,31144.0,4808.0,4696.0,12828.0
7010,43973.0,39168.0,39277.0,31154.0,4805.0,4696.0,12819.0
7011,43974.0,39177.0,39283.0,31166.0,4797.0,4691.0,12808.0
7012,43975.0,39181.0,39284.0,31174.0,4794.0,4691.0,12801.0
7013,43976.0,39181.0,39290.0,31174.0,4795.0,4686.0,12802.0
7014,43977.0,39183.0,39296.0,31176.0,4794.0,4681.0,12801.0
7015,43978.0,39189.0,39304.0,31184.0,4789.0,4674.0,12794.0
7016,43979.0,39197.0,39309.0,31193.0,4782.0,4670.0,12786.0
7017,43980.0,39204.0,39313.0,31197.0,4776.0,4667.0,12783.0
7018,43981.0,39205.0,39315.0,31200.0,4776.0,4666.0,12781.0
7019,43982.0,39205.0,39323.0,31204.0,4777.0,4659.0,12778.0
7020,43983.0,39205.0,39325.0,31216.0,4778.0,4658.0,12767.0
7021,43984.0,39213.0,39335.0,31220.0,4771.0,4649.0,12764.0
7022,43985.0,39216.0,39342.0,31223.0,4769.0,4643.0,12762.0
7023,43986.0,39221.0,39342.0,31235.0,4765.0,4644.0,12751.0
7024,43987.0,39231.0,39342.0,31235.0,4756.0,4645.0,12752.0
7025,43988.0,39237.0,39350.0,31235.0,4751.0,4638.0,12753.0
7026,43989.0,39237.0,39350.0,31242.0,4752.0,4639.0,12747.0
7027,43990.0,39237.0,39354.0,31242.0,4753.0,4636.0,12748.0
7028,43991.0,39247.0,39354.0,31252.0,4744.0,4637.0,12739.0
7029,43992.0,39252.0,39354.0,31252.0,4740.0,4638.0,12740.0
7030,43993.0,39261.0,39358.0,31253.0,4732.0,4635.0,12740.0
7031,43994.0,39269.0,39363.0,31260.0,4725.0,4631.0,12734.0
7032,43995.0,39277.0,39366.0,31260.0,4718.0,4629.0,12735.0
7033,43996.0,39284.0,39369.0,31265.0,4712.0,4627.0,12731.0
7034,43997.0,39291.0,39374.0,31269.0,4706.0,4623.0,12728.0
7035,43998.0,39297.0,39374.0,31278.0,4701.0,4624.0,12720.0
7036,43999.0,39304.0,39376.0,31283.0,4695.0,4623.0,12716.0
7037,44000.0,39305.0,39383.0,31288.0,4695.0,4617.0,12712.0
7038,44001.0,39313.0,39395.0,31292.0,4688.0,4606.0,12709.0
7039,44002.0,39316.0,39395.0,31296.0,4686.0,4607.0,12706.0
7040,44003.0,39317.0,39397.0,31297.0,4686.0,4606.0,12706.0
7041,44004.0,39318.0,39401.0,31306.0,4686.0,4603.0,12698.0
7042,44005.0,39323.0,39403.0,31308.0,4682.0,4602.0,12697.0
7043,44006.0,39330.0,39407.0,31308.0,4676.0,4599.0,12698.0
7044,44007.0,39331.0,39410.0,31314.0,4676.0,4597.0,12693.0
7045,44008.0,39338.0,39413.0,31314.0,4670.0,4595.0,12694.0
7046,44009.0,39338.0,39418.0,31321.0,4671.0,4591.0,12688.0
7047,44010.0,39347.0,39427.0,31329.0,4663.0,4583.0,12681.0
7048,44011.0,39351.0,39430.0,31341.0,4660.0,4581.0,12670.0
7049,44012.0,39355.0,39440.0,31354.0,4657.0,4572.0,12658.0
7050,44013.0,39355.0,39443.0,31359.0,4658.0,4570.0,12654.0
7051,44014.0,39357.0,39445.0,31365.0,4657.0,4569.0,12649.0
7052,44015.0,39363.0,39445.0,31368.0,4652.0,4570.0,12647.0
7053,44016.0,39366.0,39447.0,31379.0,4650.0,4569.0,12637.0
7054,44017.0,39371.0,39448.0,31379.0,4646.0,4569.0,12638.0
7055,44018.0,39377.0,39448.0,31388.0,4641.0,4570.0,12630.0
7056,44019.0,39383.0,39448.0,31394.0,4636.0,4571.0,12625.0
7057,44020.0,39387.0,39460.0,31394.0,4633.0,4560.0,12626.0
7058,44021.0,39389.0,39465.0,31403.0,4632.0,4556.0,12618.0
7059,44022.0,39390.0,39466.0,31403.0,4632.0,4556.0,12619.0
7060,44023.0,39397.0,39466.0,31405.0,4626.0,4557.0,12618.0
7061,44024.0,39405.0,39470.0,31405.0,4619.0,4554.0,12619.0
7062,44025.0,39412.0,39476.0,31407.0,4613.0,4549.0,12618.0
7063,44026.0,39420.0,39478.0,31407.0,4606.0,4548.0,12619.0
7064,44027.0,39421.0,39480.0,31411.0,4606.0,4547.0,12616.0
7065,44028.0,39425.0,39485.0,31418.0,4603.0,4543.0,12610.0
7066,44029.0,39436.0,39487.0,31418.0,4593.0,4542.0,12611.0
7067,44030.0,39442.0,39493.0,31421.0,4588.0,4537.0,12609.0
7068,44031.0,39446.0,39498.0,31423.0,4585.0,4533.0,12608.0
7069,44032.0,39448.0,39499.0,31427.0,4584.0,4533.0,12605.0
7070,44033.0,39456.0,39505.0,31430.0,4577.0,4528.0,12603.0
7071,44034.0,39458.0,39505.0,31434.0,4576.0,4529.0,12600.0
7072,44035.0,39464.0,39505.0,31443.0,4571.0,4530.0,12592.0
7073,44036.0,39466.0,39507.0,31448.0,4570.0,4529.0,12588.0
7074,44037.0,39476.0,39513.0,31448.0,4561.0,4524.0,12589.0
7075,44038.0,39487.0,39516.0,31454.0,4551.0,4522.0,12584.0
7076,44039.0,39497.0,39520.0,31460.0,4542.0,4519.0,12579.0
7077,44040.0,39502.0,39521.0,31470.0,4538.0,4519.0,12570.0
7078,44041.0,39505.0,39523.0,31472.0,4536.0,4518.0,12569.0
7079,44042.0,39505.0,39530.0,31476.0,4537.0,4512.0,12566.0
7080,44043.0,39512.0,39530.0,31487.0,4531.0,4513.0,12556.0
7081,44044.0,39515.0,39533.0,31488.0,4529.0,4511.0,12556.0
7082,44045.0,39516.0,39536.0,31494.0,4529.0,4509.0,12551.0
7083,44046.0,39522.0,39541.0,31497.0,4524.0,4505.0,12549.0
7084,44047.0,39528.0,39541.0,31501.0,4519.0,4506.0,12546.0
7085,44048.0,39533.0,39545.0,31503.0,4515.0,4503.0,12545.0
7086,44049.0,39536.0,39549.0,31503.0,4513.0,4500.0,12546.0
7087,44050.0,39543.0,39549.0,31504.0,4507.0,4501.0,12546.0
7088,44051.0,39550.0,39557.0,31512.0,4501.0,4494.0,12539.0
7089,44052.0,39558.0,39564.0,31512.0,4494.0,4488.0,12540.0
7090,44053.0,39563.0,39567.0,31521.0,4490.0,4486.0,12532.0
7091,44054.0,39565.0,39573.0,31530.0,4489.0,4481.0,12524.0
7092,44055.0,39569.0,39582.0,31532.0,4486.0,4473.0,12523.0
7093,44056.0,39572.0,39595.0,31535.0,4484.0,4461.0,12521.0
7094,44057.0,39572.0,39596.0,31539.0,4485.0,4461.0,12518.0
7095,44058.0,39572.0,39600.0,31540.0,4486.0,4458.0,12518.0
7096,44059.0,39573.0,39608.0,31550.0,4486.0,4451.0,12509.0
7097,44060.0,39583.0,39608.0,31559.0,4477.0,4452.0,12501.0
7098,44061.0,39588.0,39616.0,31565.0,4473.0,4445.0,12496.0
7099,44062.0,39596.0,39618.0,31566.0,4466.0,4444.0,12496.0
7100,44063.0,39605.0,39618.0,31570.0,4458.0,4445.0,12493.0
7101,44064.0,39612.0,39619.0,31577.0,4452.0,4445.0,12487.0
7102,44065.0,39615.0,39623.0,31581.0,4450.0,4442.0,12484.0
7103,44066.0,39620.0,39635.0,31581.0,4446.0,4431.0,12485.0
7104,44067.0,39629.0,39635.0,31583.0,4438.0,4432.0,12484.0
7105,44068.0,39629.0,39644.0,31593.0,4439.0,4424.0,12475.0
7106,44069.0,39636.0,39644.0,31593.0,4433.0,4425.0,12476.0
7107,44070.0,39640.0,39653.0,31611.0,4430.0,4417.0,12459.0
7108,44071.0,39643.0,39666.0,31617.0,4428.0,4405.0,12454.0
7109,44072.0,39643.0,39668.0,31619.0,4429.0,4404.0,12453.0
7110,44073.0,39645.0,39672.0,31621.0,4428.0,4401.0,12452.0
7111,44074.0,39653.0,39677.0,31629.0,4421.0,4397.0,12445.0
7112,44075.0,39655.0,39680.0,31639.0,4420.0,4395.0,12436.0
7113,44076.0,39655.0,39680.0,31648.0,4421.0,4396.0,12428.0
7114,44077.0,39656.0,39683.0,31649.0,4421.0,4394.0,12428.0
7115,44078.0,39665.0,39687.0,31667.0,4413.0,4391.0,12411.0
7116,44079.0,39667.0,39701.0,31672.0,4412.0,4378.0,12407.0
7117,44080.0,39679.0,39709.0,31681.0,4401.0,4371.0,12399.0
7118,44081.0,39679.0,39713.0,31691.0,4402.0,4368.0,12390.0
7119,44082.0,39679.0,39713.0,31697.0,4403.0,4369.0,12385.0
7120,44083.0,39680.0,39716.0,31705.0,4403.0,4367.0,12378.0
7121,44084.0,39685.0,39717.0,31711.0,4399.0,4367.0,12373.0
7122,44085.0,39685.0,39725.0,31719.0,4400.0,4360.0,12366.0
7123,44086.0,39687.0,39736.0,31720.0,4399.0,4350.0,12366.0
7124,44087.0,39695.0,39736.0,31728.0,4392.0,4351.0,12359.0
7125,44088.0,39695.0,39738.0,31730.0,4393.0,4350.0,12358.0
7126,44089.0,39713.0,39738.0,31730.0,4376.0,4351.0,12359.0
7127,44090.0,39726.0,39748.0,31730.0,4364.0,4342.0,12360.0
7128,44091.0,39727.0,39753.0,31742.0,4364.0,4338.0,12349.0
7129,44092.0,39727.0,39753.0,31748.0,4365.0,4339.0,12344.0
7130,44093.0,39727.0,39756.0,31748.0,4366.0,4337.0,12345.0
7131,44094.0,39727.0,39765.0,31759.0,4367.0,4329.0,12335.0
7132,44095.0,39730.0,39766.0,31768.0,4365.0,4329.0,12327.0
7133,44096.0,39744.0,39771.0,31772.0,4352.0,4325.0,12324.0
7134,44097.0,39752.0,39778.0,31779.0,4345.0,4319.0,12318.0
7135,44098.0,39756.0,39779.0,31779.0,4342.0,4319.0,12319.0
7136,44099.0,39757.0,39788.0,31783.0,4342.0,4311.0,12316.0
7137,44100.0,39761.0,39789.0,31796.0,4339.0,4311.0,12304.0
7138,44101.0,39763.0,39808.0,31811.0,4338.0,4293.0,12290.0
7139,44102.0,39769.0,39815.0,31811.0,4333.0,4287.0,12291.0
7140,44103.0,39770.0,39815.0,31812.0,4333.0,4288.0,12291.0
7141,44104.0,39770.0,39826.0,31826.0,4334.0,4278.0,12278.0
7142,44105.0,39770.0,39834.0,31836.0,4335.0,4271.0,12269.0
7143,44106.0,39770.0,39844.0,31839.0,4336.0,4262.0,12267.0
7144,44107.0,39770.0,39848.0,31841.0,4337.0,4259.0,12266.0
7145,44108.0,39770.0,39853.0,31846.0,4338.0,4255.0,12262.0
7146,44109.0,39773.0,39857.0,31852.0,4336.0,4252.0,12257.0
7147,44110.0,39782.0,39863.0,31864.0,4328.0,4247.0,12246.0
7148,44111.0,39783.0,39869.0,31868.0,4328.0,4242.0,12243.0
7149,44112.0,39792.0,39870.0,31869.0,4320.0,4242.0,12243.0
7150,44113.0,39792.0,39878.0,31869.0,4321.0,4235.0,12244.0
7151,44114.0,39792.0,39884.0,31869.0,4322.0,4230.0,12245.0
7152,44115.0,39792.0,39889.0,31874.0,4323.0,4226.0,12241.0
7153,44116.0,39799.0,39889.0,31883.0,4317.0,4227.0,12233.0
7154,44117.0,39808.0,39889.0,31889.0,4309.0,4228.0,12228.0
7155,44118.0,39808.0,39889.0,31901.0,4310.0,4229.0,12217.0
7156,44119.0,39816.0,39889.0,31905.0,4303.0,4230.0,12214.0
7157,44120.0,39818.0,39892.0,31910.0,4302.0,4228.0,12210.0
7158,44121.0,39820.0,39899.0,31918.0,4301.0,4222.0,12203.0
7159,44122.0,39822.0,39908.0,31921.0,4300.0,4214.0,12201.0
7160,44123.0,39827.0,39910.0,31929.0,4296.0,4213.0,12194.0
7161,44124.0,39827.0,39915.0,31930.0,4297.0,4209.0,12194.0
7162,44125.0,39829.0,39918.0,31932.0,4296.0,4207.0,12193.0
7163,44126.0,39829.0,39918.0,31940.0,4297.0,4208.0,12186.0
7164,44127.0,39835.0,39940.0,31941.0,4292.0,4187.0,12186.0
7165,44128.0,39841.0,39940.0,31942.0,4287.0,4188.0,12186.0
7166,44129.0,39841.0,39945.0,31952.0,4288.0,4184.0,12177.0
7167,44130.0,39850.0,39947.0,31957.0,4280.0,4183.0,12173.0
7168,44131.0,39863.0,39955.0,31963.0,4268.0,4176.0,12168.0
7169,44132.0,39871.0,39955.0,31979.0,4261.0,4177.0,12153.0
7170,44133.0,39883.0,39963.0,31981.0,4250.0,4170.0,12152.0
7171,44134.0,39888.0,39966.0,31989.0,4246.0,4168.0,12145.0
7172,44135.0,39900.0,39966.0,31995.0,4235.0,4169.0,12140.0
7173,44136.0,39902.0,39967.0,31996.0,4234.0,4169.0,12140.0
7174,44137.0,39908.0,39970.0,32004.0,4229.0,4167.0,12133.0
7175,44138.0,39919.0,39971.0,32013.0,4219.0,4167.0,12125.0
7176,44139.0,39919.0,39975.0,32023.0,4220.0,4164.0,12116.0
7177,44140.0,39931.0,39975.0,32035.0,4209.0,4165.0,12105.0
7178,44141.0,39941.0,39984.0,32036.0,4200.0,4157.0,12105.0
7179,44142.0,39943.0,39985.0,32046.0,4199.0,4157.0,12096.0
7180,44143.0,39948.0,39994.0,32050.0,4195.0,4149.0,12093.0
7181,44144.0,39962.0,39998.0,32064.0,4182.0,4146.0,12080.0
7182,44145.0,39965.0,40002.0,32075.0,4180.0,4143.0,12070.0
7183,44146.0,39976.0,40009.0,32082.0,4170.0,4137.0,12064.0
7184,44147.0,39978.0,40011.0,32095.0,4169.0,4136.0,12052.0
7185,44148.0,39992.0,40015.0,32098.0,4156.0,4133.0,12050.0
7186,44149.0,40005.0,40015.0,32105.0,4144.0,4134.0,12044.0
7187,44150.0,40005.0,40015.0,32114.0,4145.0,4135.0,12036.0
7188,44151.0,40015.0,40021.0,32118.0,4136.0,4130.0,12033.0
7189,44152.0,40019.0,40021.0,32118.0,4133.0,4131.0,12034.0
7190,44153.0,40019.0,40024.0,32119.0,4134.0,4129.0,12034.0
7191,44154.0,40024.0,40026.0,32119.0,4130.0,4128.0,12035.0
7192,44155.0,40026.0,40034.0,32127.0,4129.0,4121.0,12028.0
7193,44156.0,40029.0,40037.0,32140.0,4127.0,4119.0,12016.0
7194,44157.0,40029.0,40038.0,32151.0,4128.0,4119.0,12006.0
7195,44158.0,40038.0,40039.0,32161.0,4120.0,4119.0,11997.0
7196,44159.0,40038.0,40049.0,32161.0,4121.0,4110.0,11998.0
7197,44160.0,40040.0,40058.0,32165.0,4120.0,4102.0,11995.0
7198,44161.0,40042.0,40063.0,32173.0,4119.0,4098.0,11988.0
7199,44162.0,40047.0,40064.0,32184.0,4115.0,4098.0,11978.0
7200,44163.0,40048.0,40064.0,32185.0,4115.0,4099.0,11978.0
7201,44164.0,40054.0,40070.0,32198.0,4110.0,4094.0,11966.0
7202,44165.0,40067.0,40074.0,32203.0,4098.0,4091.0,11962.0
7203,44166.0,40069.0,40081.0,32203.0,4097.0,4085.0,11963.0
7204,44167.0,40069.0,40087.0,32217.0,4098.0,4080.0,11950.0
7205,44168.0,40069.0,40087.0,32227.0,4099.0,4081.0,11941.0
7206,44169.0,40074.0,40094.0,32228.0,4095.0,4075.0,11941.0
7207,44170.0,40088.0,40101.0,32241.0,4082.0,4069.0,11929.0
7208,44171.0,40091.0,40101.0,32247.0,4080.0,4070.0,11924.0
7209,44172.0,40091.0,40103.0,32255.0,4081.0,4069.0,11917.0
7210,44173.0,40094.0,40105.0,32274.0,4079.0,4068.0,11899.0
7211,44174.0,40106.0,40107.0,32281.0,4068.0,4067.0,11893.0
7212,44175.0,40106.0,40111.0,32284.0,4069.0,4064.0,11891.0
7213,44176.0,40106.0,40112.0,32284.0,4070.0,4064.0,11892.0
7214,44177.0,40106.0,40116.0,32295.0,4071.0,4061.0,11882.0
7215,44178.0,40107.0,40119.0,32303.0,4071.0,4059.0,11875.0
7216,44179.0,40114.0,40121.0,32307.0,4065.0,4058.0,11872.0
7217,44180.0,40126.0,40121.0,32317.0,4054.0,4059.0,11863.0
7218,44181.0,40130.0,40126.0,32326.0,4051.0,4055.0,11855.0
7219,44182.0,40130.0,40132.0,32326.0,4052.0,4050.0,11856.0
7220,44183.0,40132.0,40135.0,32326.0,4051.0,4048.0,11857.0
7221,44184.0,40135.0,40150.0,32331.0,4049.0,4034.0,11853.0
7222,44185.0,40141.0,40154.0,32350.0,4044.0,4031.0,11835.0
7223,44186.0,40141.0,40154.0,32355.0,4045.0,4032.0,11831.0
7224,44187.0,40144.0,40157.0,32358.0,4043.0,4030.0,11829.0
7225,44188.0,40145.0,40158.0,32367.0,4043.0,4030.0,11821.0
7226,44189.0,40145.0,40158.0,32368.0,4044.0,4031.0,11821.0
7227,44190.0,40151.0,40158.0,32375.0,4039.0,4032.0,11815.0
7228,44191.0,40152.0,40168.0,32377.0,4039.0,4023.0,11814.0
7229,44192.0,40152.0,40170.0,32377.0,4040.0,4022.0,11815.0
7230,44193.0,40152.0,40170.0,32391.0,4041.0,4023.0,11802.0
7231,44194.0,40155.0,40179.0,32391.0,4039.0,4015.0,11803.0
7232,44195.0,40165.0,40181.0,32401.0,4030.0,4014.0,11794.0
7233,44196.0,40168.0,40189.0,32401.0,4028.0,4007.0,11795.0
7234,44197.0,40172.0,40191.0,32414.0,4025.0,4006.0,11783.0
7235,44198.0,40179.0,40193.0,32416.0,4019.0,4005.0,11782.0
7236,44199.0,40180.0,40197.0,32420.0,4019.0,4002.0,11779.0
7237,44200.0,40183.0,40201.0,32424.0,4017.0,3999.0,11776.0
7238,44201.0,40185.0,40208.0,32433.0,4016.0,3993.0,11768.0
7239,44202.0,40185.0,40219.0,32434.0,4017.0,3983.0,11768.0
7240,44203.0,40197.0,40221.0,32442.0,4006.0,3982.0,11761.0
7241,44204.0,40206.0,40224.0,32449.0,3998.0,3980.0,11755.0
7242,44205.0,40206.0,40225.0,32455.0,3999.0,3980.0,11750.0
7243,44206.0,40221.0,40225.0,32455.0,3985.0,3981.0,11751.0
7244,44207.0,40230.0,40227.0,32458.0,3977.0,3980.0,11749.0
7245,44208.0,40237.0,40235.0,32459.0,3971.0,3973.0,11749.0
7246,44209.0,40243.0,40243.0,32459.0,3966.0,3966.0,11750.0
7247,44210.0,40244.0,40247.0,32459.0,3966.0,3963.0,11751.0
7248,44211.0,40247.0,40255.0,32459.0,3964.0,3956.0,11752.0
7249,44212.0,40250.0,40256.0,32463.0,3962.0,3956.0,11749.0
7250,44213.0,40250.0,40265.0,32474.0,3963.0,3948.0,11739.0
7251,44214.0,40250.0,40269.0,32486.0,3964.0,3945.0,11728.0
7252,44215.0,40252.0,40269.0,32487.0,3963.0,3946.0,11728.0
7253,44216.0,40253.0,40273.0,32487.0,3963.0,3943.0,11729.0
7254,44217.0,40262.0,40273.0,32491.0,3955.0,3944.0,11726.0
7255,44218.0,40262.0,40273.0,32491.0,3956.0,3945.0,11727.0
7256,44219.0,40270.0,40275.0,32492.0,3949.0,3944.0,11727.0
7257,44220.0,40270.0,40275.0,32496.0,3950.0,3945.0,11724.0
7258,44221.0,40270.0,40280.0,32496.0,3951.0,3941.0,11725.0
7259,44222.0,40272.0,40281.0,32505.0,3950.0,3941.0,11717.0
7260,44223.0,40275.0,40281.0,32506.0,3948.0,3942.0,11717.0
7261,44224.0,40275.0,40286.0,32513.0,3949.0,3938.0,11711.0
7262,44225.0,40276.0,40286.0,32515.0,3949.0,3939.0,11710.0
7263,44226.0,40286.0,40293.0,32519.0,3940.0,3933.0,11707.0
7264,44227.0,40286.0,40296.0,32528.0,3941.0,3931.0,11699.0
7265,44228.0,40287.0,40298.0,32532.0,3941.0,3930.0,11696.0
7266,44229.0,40287.0,40301.0,32536.0,3942.0,3928.0,11693.0
7267,44230.0,40287.0,40301.0,32538.0,3943.0,3929.0,11692.0
7268,44231.0,40293.0,40312.0,32550.0,3938.0,3919.0,11681.0
7269,44232.0,40295.0,40312.0,32563.0,3937.0,3920.0,11669.0
7270,44233.0,40300.0,40321.0,32576.0,3933.0,3912.0,11657.0
7271,44234.0,40301.0,40330.0,32577.0,3933.0,3904.0,11657.0
7272,44235.0,40305.0,40330.0,32579.0,3930.0,3905.0,11656.0
7273,44236.0,40309.0,40331.0,32584.0,3927.0,3905.0,11652.0
7274,44237.0,40309.0,40338.0,32585.0,3928.0,3899.0,11652.0
7275,44238.0,40310.0,40341.0,32588.0,3928.0,3897.0,11650.0
7276,44239.0,40314.0,40341.0,32588.0,3925.0,3898.0,11651.0
7277,44240.0,40320.0,40343.0,32595.0,3920.0,3897.0,11645.0
7278,44241.0,40324.0,40355.0,32597.0,3917.0,3886.0,11644.0
7279,44242.0,40333.0,40359.0,32605.0,3909.0,3883.0,11637.0
7280,44243.0,40337.0,40359.0,32614.0,3906.0,3884.0,11629.0
7281,44244.0,40339.0,40359.0,32620.0,3905.0,3885.0,11624.0
7282,44245.0,40343.0,40364.0,32633.0,3902.0,3881.0,11612.0
7283,44246.0,40345.0,40364.0,32633.0,3901.0,3882.0,11613.0
7284,44247.0,40346.0,40364.0,32639.0,3901.0,3883.0,11608.0
7285,44248.0,40347.0,40369.0,32639.0,3901.0,3879.0,11609.0
7286,44249.0,40350.0,40381.0,32640.0,3899.0,3868.0,11609.0
7287,44250.0,40355.0,40384.0,32642.0,3895.0,3866.0,11608.0
7288,44251.0,40360.0,40384.0,32642.0,3891.0,3867.0,11609.0
7289,44252.0,40364.0,40384.0,32642.0,3888.0,3868.0,11610.0
7290,44253.0,40364.0,40384.0,32644.0,3889.0,3869.0,11609.0
7291,44254.0,40370.0,40384.0,32649.0,3884.0,3870.0,11605.0
7292,44255.0,40376.0,40385.0,32657.0,3879.0,3870.0,11598.0
7293,44256.0,40376.0,40389.0,32668.0,3880.0,3867.0,11588.0
7294,44257.0,40378.0,40392.0,32678.0,3879.0,3865.0,11579.0
7295,44258.0,40385.0,40392.0,32679.0,3873.0,3866.0,11579.0
7296,44259.0,40392.0,40398.0,32683.0,3867.0,3861.0,11576.0
7297,44260.0,40395.0,40401.0,32686.0,3865.0,3859.0,11574.0
7298,44261.0,40403.0,40412.0,32688.0,3858.0,3849.0,11573.0
7299,44262.0,40414.0,40415.0,32698.0,3848.0,3847.0,11564.0
7300,44263.0,40416.0,40416.0,32704.0,3847.0,3847.0,11559.0
7301,44264.0,40416.0,40416.0,32718.0,3848.0,3848.0,11546.0
7302,44265.0,40418.0,40416.0,32721.0,3847.0,3849.0,11544.0
7303,44266.0,40427.0,40422.0,32722.0,3839.0,3844.0,11544.0
7304,44267.0,40430.0,40429.0,32722.0,3837.0,3838.0,11545.0
7305,44268.0,40433.0,40438.0,32723.0,3835.0,3830.0,11545.0
7306,44269.0,40433.0,40443.0,32735.0,3836.0,3826.0,11534.0
7307,44270.0,40434.0,40450.0,32740.0,3836.0,3820.0,11530.0
7308,44271.0,40438.0,40454.0,32745.0,3833.0,3817.0,11526.0
7309,44272.0,40441.0,40462.0,32745.0,3831.0,3810.0,11527.0
7310,44273.0,40442.0,40470.0,32750.0,3831.0,3803.0,11523.0
7311,44274.0,40443.0,40474.0,32753.0,3831.0,3800.0,11521.0
7312,44275.0,40446.0,40475.0,32753.0,3829.0,3800.0,11522.0
7313,44276.0,40454.0,40478.0,32757.0,3822.0,3798.0,11519.0
7314,44277.0,40459.0,40483.0,32768.0,3818.0,3794.0,11509.0
7315,44278.0,40459.0,40487.0,32774.0,3819.0,3791.0,11504.0
7316,44279.0,40470.0,40490.0,32777.0,3809.0,3789.0,11502.0
7317,44280.0,40470.0,40500.0,32777.0,3810.0,3780.0,11503.0
7318,44281.0,40477.0,40505.0,32778.0,3804.0,3776.0,11503.0
7319,44282.0,40480.0,40506.0,32786.0,3802.0,3776.0,11496.0
7320,44283.0,40485.0,40514.0,32788.0,3798.0,3769.0,11495.0
7321,44284.0,40485.0,40514.0,32790.0,3799.0,3770.0,11494.0
7322,44285.0,40486.0,40522.0,32796.0,3799.0,3763.0,11489.0
7323,44286.0,40486.0,40524.0,32800.0,3800.0,3762.0,11486.0
7324,44287.0,40489.0,40533.0,32800.0,3798.0,3754.0,11487.0
7325,44288.0,40491.0,40538.0,32802.0,3797.0,3750.0,11486.0
7326,44289.0,40494.0,40542.0,32803.0,3795.0,3747.0,11486.0
7327,44290.0,40494.0,40542.0,32803.0,3796.0,3748.0,11487.0
7328,44291.0,40496.0,40551.0,32806.0,3795.0,3740.0,11485.0
7329,44292.0,40503.0,40556.0,32813.0,3789.0,3736.0,11479.0
7330,44293.0,40503.0,40560.0,32813.0,3790.0,3733.0,11480.0
7331,44294.0,40506.0,40560.0,32821.0,3788.0,3734.0,11473.0
7332,44295.0,40507.0,40560.0,32827.0,3788.0,3735.0,11468.0
7333,44296.0,40509.0,40563.0,32833.0,3787.0,3733.0,11463.0
7334,44297.0,40511.0,40563.0,32833.0,3786.0,3734.0,11464.0
7335,44298.0,40515.0,40569.0,32842.0,3783.0,3729.0,11456.0
7336,44299.0,40522.0,40573.0,32842.0,3777.0,3726.0,11457.0
7337,44300.0,40522.0,40577.0,32848.0,3778.0,3723.0,11452.0
7338,44301.0,40522.0,40577.0,32848.0,3779.0,3724.0,11453.0
7339,44302.0,40528.0,40578.0,32848.0,3774.0,3724.0,11454.0
7340,44303.0,40534.0,40578.0,32860.0,3769.0,3725.0,11443.0
7341,44304.0,40544.0,40580.0,32864.0,3760.0,3724.0,11440.0
7342,44305.0,40550.0,40581.0,32867.0,3755.0,3724.0,11438.0
7343,44306.0,40562.0,40592.0,32870.0,3744.0,3714.0,11436.0
7344,44307.0,40562.0,40602.0,32882.0,3745.0,3705.0,11425.0
7345,44308.0,40563.0,40611.0,32883.0,3745.0,3697.0,11425.0
7346,44309.0,40571.0,40617.0,32886.0,3738.0,3692.0,11423.0
7347,44310.0,40580.0,40622.0,32886.0,3730.0,3688.0,11424.0
7348,44311.0,40580.0,40622.0,32887.0,3731.0,3689.0,11424.0
7349,44312.0,40580.0,40625.0,32887.0,3732.0,3687.0,11425.0
7350,44313.0,40584.0,40625.0,32896.0,3729.0,3688.0,11417.0
7351,44314.0,40591.0,40625.0,32896.0,3723.0,3689.0,11418.0
7352,44315.0,40603.0,40640.0,32897.0,3712.0,3675.0,11418.0
7353,44316.0,40604.0,40641.0,32904.0,3712.0,3675.0,11412.0
7354,44317.0,40608.0,40644.0,32906.0,3709.0,3673.0,11411.0
7355,44318.0,40619.0,40650.0,32907.0,3699.0,3668.0,11411.0
7356,44319.0,40626.0,40651.0,32909.0,3693.0,3668.0,11410.0
7357,44320.0,40629.0,40652.0,32909.0,3691.0,3668.0,11411.0
7358,44321.0,40637.0,40652.0,32918.0,3684.0,3669.0,11403.0
7359,44322.0,40637.0,40653.0,32926.0,3685.0,3669.0,11396.0
7360,44323.0,40638.0,40654.0,32939.0,3685.0,3669.0,11384.0
7361,44324.0,40639.0,40659.0,32953.0,3685.0,3665.0,11371.0
7362,44325.0,40642.0,40660.0,32956.0,3683.0,3665.0,11369.0
7363,44326.0,40647.0,40663.0,32964.0,3679.0,3663.0,11362.0
7364,44327.0,40647.0,40665.0,32967.0,3680.0,3662.0,11360.0
7365,44328.0,40650.0,40668.0,32972.0,3678.0,3660.0,11356.0
7366,44329.0,40655.0,40677.0,32972.0,3674.0,3652.0,11357.0
7367,44330.0,40659.0,40678.0,32974.0,3671.0,3652.0,11356.0
7368,44331.0,40661.0,40678.0,32985.0,3670.0,3653.0,11346.0
7369,44332.0,40661.0,40682.0,32989.0,3671.0,3650.0,11343.0
7370,44333.0,40662.0,40683.0,32992.0,3671.0,3650.0,11341.0
7371,44334.0,40662.0,40683.0,32999.0,3672.0,3651.0,11335.0
7372,44335.0,40670.0,40683.0,32999.0,3665.0,3652.0,11336.0
7373,44336.0,40678.0,40684.0,33002.0,3658.0,3652.0,11334.0
7374,44337.0,40682.0,40696.0,33008.0,3655.0,3641.0,11329.0
7375,44338.0,40684.0,40696.0,33008.0,3654.0,3642.0,11330.0
7376,44339.0,40690.0,40696.0,33016.0,3649.0,3643.0,11323.0
7377,44340.0,40693.0,40697.0,33016.0,3647.0,3643.0,11324.0
7378,44341.0,40696.0,40700.0,33028.0,3645.0,3641.0,11313.0
7379,44342.0,40698.0,40700.0,33028.0,3644.0,3642.0,11314.0
7380,44343.0,40700.0,40700.0,33035.0,3643.0,3643.0,11308.0
7381,44344.0,40701.0,40701.0,33040.0,3643.0,3643.0,11304.0
7382,44345.0,40702.0,40712.0,33049.0,3643.0,3633.0,11296.0
7383,44346.0,40703.0,40716.0,33049.0,3643.0,3630.0,11297.0
7384,44347.0,40704.0,40723.0,33066.0,3643.0,3624.0,11281.0
7385,44348.0,40705.0,40724.0,33070.0,3643.0,3624.0,11278.0
7386,44349.0,40705.0,40730.0,33071.0,3644.0,3619.0,11278.0
7387,44350.0,40714.0,40731.0,33075.0,3636.0,3619.0,11275.0
7388,44351.0,40716.0,40734.0,33083.0,3635.0,3617.0,11268.0
7389,44352.0,40719.0,40740.0,33095.0,3633.0,3612.0,11257.0
7390,44353.0,40719.0,40740.0,33099.0,3634.0,3613.0,11254.0
7391,44354.0,40728.0,40740.0,33103.0,3626.0,3614.0,11251.0
7392,44355.0,40729.0,40740.0,33116.0,3626.0,3615.0,11239.0
7393,44356.0,40730.0,40740.0,33126.0,3626.0,3616.0,11230.0
7394,44357.0,40730.0,40746.0,33134.0,3627.0,3611.0,11223.0
7395,44358.0,40741.0,40746.0,33135.0,3617.0,3612.0,11223.0
7396,44359.0,40752.0,40751.0,33135.0,3607.0,3608.0,11224.0
7397,44360.0,40763.0,40754.0,33143.0,3597.0,3606.0,11217.0
7398,44361.0,40766.0,40755.0,33148.0,3595.0,3606.0,11213.0
7399,44362.0,40769.0,40758.0,33162.0,3593.0,3604.0,11200.0
7400,44363.0,40774.0,40768.0,33167.0,3589.0,3595.0,11196.0
7401,44364.0,40780.0,40772.0,33170.0,3584.0,3592.0,11194.0
7402,44365.0,40782.0,40780.0,33175.0,3583.0,3585.0,11190.0
7403,44366.0,40784.0,40780.0,33183.0,3582.0,3586.0,11183.0
7404,44367.0,40790.0,40780.0,33191.0,3577.0,3587.0,11176.0
7405,44368.0,40792.0,40780.0,33194.0,3576.0,3588.0,11174.0
7406,44369.0,40792.0,40781.0,33195.0,3577.0,3588.0,11174.0
7407,44370.0,40792.0,40781.0,33204.0,3578.0,3589.0,11166.0
7408,44371.0,40807.0,40788.0,33214.0,3564.0,3583.0,11157.0
7409,44372.0,40807.0,40788.0,33218.0,3565.0,3584.0,11154.0
7410,44373.0,40818.0,40789.0,33229.0,3555.0,3584.0,11144.0
7411,44374.0,40819.0,40789.0,33240.0,3555.0,3585.0,11134.0
7412,44375.0,40819.0,40803.0,33248.0,3556.0,3572.0,11127.0
7413,44376.0,40824.0,40807.0,33251.0,3552.0,3569.0,11125.0
7414,44377.0,40826.0,40807.0,33251.0,3551.0,3570.0,11126.0
7415,44378.0,40826.0,40807.0,33254.0,3552.0,3571.0,11124.0
7416,44379.0,40826.0,40807.0,33254.0,3553.0,3572.0,11125.0
7417,44380.0,40826.0,40809.0,33261.0,3554.0,3571.0,11119.0
7418,44381.0,40840.0,40815.0,33262.0,3541.0,3566.0,11119.0
7419,44382.0,40851.0,40815.0,33279.0,3531.0,3567.0,11103.0
7420,44383.0,40851.0,40815.0,33280.0,3532.0,3568.0,11103.0
7421,44384.0,40853.0,40819.0,33285.0,3531.0,3565.0,11099.0
7422,44385.0,40853.0,40820.0,33296.0,3532.0,3565.0,11089.0
7423,44386.0,40857.0,40821.0,33296.0,3529.0,3565.0,11090.0
7424,44387.0,40862.0,40826.0,33307.0,3525.0,3561.0,11080.0
7425,44388.0,40869.0,40826.0,33307.0,3519.0,3562.0,11081.0
7426,44389.0,40872.0,40826.0,33314.0,3517.0,3563.0,11075.0
7427,44390.0,40879.0,40826.0,33322.0,3511.0,3564.0,11068.0
7428,44391.0,40880.0,40832.0,33323.0,3511.0,3559.0,11068.0
7429,44392.0,40881.0,40832.0,33327.0,3511.0,3560.0,11065.0
7430,44393.0,40881.0,40834.0,33332.0,3512.0,3559.0,11061.0
7431,44394.0,40882.0,40834.0,33332.0,3512.0,3560.0,11062.0
7432,44395.0,40887.0,40844.0,33337.0,3508.0,3551.0,11058.0
7433,44396.0,40899.0,40861.0,33340.0,3497.0,3535.0,11056.0
7434,44397.0,40901.0,40861.0,33352.0,3496.0,3536.0,11045.0
7435,44398.0,40905.0,40864.0,33353.0,3493.0,3534.0,11045.0
7436,44399.0,40908.0,40865.0,33353.0,3491.0,3534.0,11046.0
7437,44400.0,40921.0,40866.0,33357.0,3479.0,3534.0,11043.0
7438,44401.0,40921.0,40869.0,33359.0,3480.0,3532.0,11042.0
7439,44402.0,40927.0,40873.0,33374.0,3475.0,3529.0,11028.0
7440,44403.0,40937.0,40879.0,33374.0,3466.0,3524.0,11029.0
7441,44404.0,40937.0,40879.0,33374.0,3467.0,3525.0,11030.0
7442,44405.0,40942.0,40886.0,33376.0,3463.0,3519.0,11029.0
7443,44406.0,40947.0,40889.0,33376.0,3459.0,3517.0,11030.0
7444,44407.0,40955.0,40894.0,33378.0,3452.0,3513.0,11029.0
7445,44408.0,40961.0,40894.0,33389.0,3447.0,3514.0,11019.0
7446,44409.0,40961.0,40894.0,33401.0,3448.0,3515.0,11008.0
7447,44410.0,40964.0,40899.0,33405.0,3446.0,3511.0,11005.0
7448,44411.0,40964.0,40905.0,33410.0,3447.0,3506.0,11001.0
7449,44412.0,40970.0,40905.0,33412.0,3442.0,3507.0,11000.0
7450,44413.0,40971.0,40905.0,33417.0,3442.0,3508.0,10996.0
7451,44414.0,40971.0,40906.0,33417.0,3443.0,3508.0,10997.0
7452,44415.0,40977.0,40911.0,33420.0,3438.0,3504.0,10995.0
7453,44416.0,40982.0,40911.0,33429.0,3434.0,3505.0,10987.0
7454,44417.0,40982.0,40915.0,33434.0,3435.0,3502.0,10983.0
7455,44418.0,40996.0,40917.0,33434.0,3422.0,3501.0,10984.0
7456,44419.0,40998.0,40920.0,33443.0,3421.0,3499.0,10976.0
7457,44420.0,40998.0,40926.0,33448.0,3422.0,3494.0,10972.0
7458,44421.0,40999.0,40931.0,33460.0,3422.0,3490.0,10961.0
7459,44422.0,41002.0,40931.0,33461.0,3420.0,3491.0,10961.0
7460,44423.0,41005.0,40937.0,33461.0,3418.0,3486.0,10962.0
7461,44424.0,41005.0,40937.0,33464.0,3419.0,3487.0,10960.0
7462,44425.0,41013.0,40943.0,33470.0,3412.0,3482.0,10955.0
7463,44426.0,41013.0,40948.0,33475.0,3413.0,3478.0,10951.0
7464,44427.0,41023.0,40948.0,33481.0,3404.0,3479.0,10946.0
7465,44428.0,41026.0,40948.0,33487.0,3402.0,3480.0,10941.0
7466,44429.0,41030.0,40948.0,33489.0,3399.0,3481.0,10940.0
7467,44430.0,41035.0,40953.0,33493.0,3395.0,3477.0,10937.0
7468,44431.0,41035.0,40953.0,33506.0,3396.0,3478.0,10925.0
7469,44432.0,41046.0,40956.0,33507.0,3386.0,3476.0,10925.0
7470,44433.0,41046.0,40956.0,33518.0,3387.0,3477.0,10915.0
7471,44434.0,41046.0,40956.0,33523.0,3388.0,3478.0,10911.0
7472,44435.0,41046.0,40962.0,33523.0,3389.0,3473.0,10912.0
7473,44436.0,41054.0,40971.0,33525.0,3382.0,3465.0,10911.0
7474,44437.0,41060.0,40971.0,33533.0,3377.0,3466.0,10904.0
7475,44438.0,41064.0,40971.0,33535.0,3374.0,3467.0,10903.0
7476,44439.0,41073.0,40979.0,33535.0,3366.0,3460.0,10904.0
7477,44440.0,41078.0,40985.0,33542.0,3362.0,3455.0,10898.0
7478,44441.0,41079.0,40991.0,33545.0,3362.0,3450.0,10896.0
7479,44442.0,41081.0,40991.0,33553.0,3361.0,3451.0,10889.0
7480,44443.0,41085.0,40997.0,33558.0,3358.0,3446.0,10885.0
7481,44444.0,41089.0,41001.0,33572.0,3355.0,3443.0,10872.0
7482,44445.0,41089.0,41003.0,33574.0,3356.0,3442.0,10871.0
7483,44446.0,41097.0,41011.0,33574.0,3349.0,3435.0,10872.0
7484,44447.0,41099.0,41011.0,33574.0,3348.0,3436.0,10873.0
7485,44448.0,41099.0,41012.0,33587.0,3349.0,3436.0,10861.0
7486,44449.0,41109.0,41013.0,33587.0,3340.0,3436.0,10862.0
7487,44450.0,41109.0,41025.0,33596.0,3341.0,3425.0,10854.0
7488,44451.0,41115.0,41033.0,33598.0,3336.0,3418.0,10853.0
7489,44452.0,41115.0,41044.0,33598.0,3337.0,3408.0,10854.0
7490,44453.0,41116.0,41045.0,33603.0,3337.0,3408.0,10850.0
7491,44454.0,41124.0,41053.0,33603.0,3330.0,3401.0,10851.0
7492,44455.0,41133.0,41057.0,33609.0,3322.0,3398.0,10846.0
7493,44456.0,41137.0,41057.0,33615.0,3319.0,3399.0,10841.0
7494,44457.0,41141.0,41062.0,33621.0,3316.0,3395.0,10836.0
7495,44458.0,41147.0,41062.0,33631.0,3311.0,3396.0,10827.0
7496,44459.0,41147.0,41069.0,33639.0,3312.0,3390.0,10820.0
7497,44460.0,41150.0,41069.0,33649.0,3310.0,3391.0,10811.0
7498,44461.0,41154.0,41076.0,33651.0,3307.0,3385.0,10810.0
7499,44462.0,41169.0,41077.0,33659.0,3293.0,3385.0,10803.0
7500,44463.0,41175.0,41081.0,33664.0,3288.0,3382.0,10799.0
7501,44464.0,41177.0,41086.0,33667.0,3287.0,3378.0,10797.0
7502,44465.0,41177.0,41097.0,33670.0,3288.0,3368.0,10795.0
7503,44466.0,41180.0,41100.0,33678.0,3286.0,3366.0,10788.0
7504,44467.0,41182.0,41103.0,33682.0,3285.0,3364.0,10785.0
7505,44468.0,41182.0,41106.0,33688.0,3286.0,3362.0,10780.0
7506,44469.0,41189.0,41110.0,33691.0,3280.0,3359.0,10778.0
7507,44470.0,41189.0,41112.0,33692.0,3281.0,3358.0,10778.0
7508,44471.0,41189.0,41115.0,33693.0,3282.0,3356.0,10778.0
7509,44472.0,41196.0,41115.0,33694.0,3276.0,3357.0,10778.0
7510,44473.0,41198.0,41122.0,33694.0,3275.0,3351.0,10779.0
7511,44474.0,41206.0,41124.0,33707.0,3268.0,3350.0,10767.0
7512,44475.0,41206.0,41127.0,33712.0,3269.0,3348.0,10763.0
7513,44476.0,41206.0,41127.0,33712.0,3270.0,3349.0,10764.0
7514,44477.0,41209.0,41127.0,33715.0,3268.0,3350.0,10762.0
7515,44478.0,41209.0,41129.0,33716.0,3269.0,3349.0,10762.0
7516,44479.0,41218.0,41133.0,33721.0,3261.0,3346.0,10758.0
7517,44480.0,41218.0,41135.0,33725.0,3262.0,3345.0,10755.0
7518,44481.0,41218.0,41138.0,33728.0,3263.0,3343.0,10753.0
7519,44482.0,41218.0,41142.0,33730.0,3264.0,3340.0,10752.0
7520,44483.0,41219.0,41142.0,33735.0,3264.0,3341.0,10748.0
7521,44484.0,41227.0,41142.0,33739.0,3257.0,3342.0,10745.0
7522,44485.0,41230.0,41144.0,33749.0,3255.0,3341.0,10736.0
7523,44486.0,41230.0,41144.0,33758.0,3256.0,3342.0,10728.0
7524,44487.0,41232.0,41144.0,33760.0,3255.0,3343.0,10727.0
7525,44488.0,41232.0,41152.0,33763.0,3256.0,3336.0,10725.0
7526,44489.0,41234.0,41152.0,33766.0,3255.0,3337.0,10723.0
7527,44490.0,41245.0,41152.0,33771.0,3245.0,3338.0,10719.0
7528,44491.0,41253.0,41157.0,33786.0,3238.0,3334.0,10705.0
7529,44492.0,41255.0,41157.0,33795.0,3237.0,3335.0,10697.0
7530,44493.0,41257.0,41162.0,33795.0,3236.0,3331.0,10698.0
7531,44494.0,41258.0,41162.0,33810.0,3236.0,3332.0,10684.0
7532,44495.0,41258.0,41171.0,33816.0,3237.0,3324.0,10679.0
7533,44496.0,41260.0,41175.0,33818.0,3236.0,3321.0,10678.0
7534,44497.0,41265.0,41176.0,33819.0,3232.0,3321.0,10678.0
7535,44498.0,41265.0,41177.0,33822.0,3233.0,3321.0,10676.0
7536,44499.0,41265.0,41186.0,33833.0,3234.0,3313.0,10666.0
7537,44500.0,41271.0,41201.0,33842.0,3229.0,3299.0,10658.0
7538,44501.0,41272.0,41206.0,33845.0,3229.0,3295.0,10656.0
7539,44502.0,41278.0,41207.0,33847.0,3224.0,3295.0,10655.0
7540,44503.0,41286.0,41220.0,33855.0,3217.0,3283.0,10648.0
7541,44504.0,41290.0,41220.0,33866.0,3214.0,3284.0,10638.0
7542,44505.0,41290.0,41222.0,33869.0,3215.0,3283.0,10636.0
7543,44506.0,41291.0,41227.0,33879.0,3215.0,3279.0,10627.0
7544,44507.0,41291.0,41227.0,33883.0,3216.0,3280.0,10624.0
7545,44508.0,41291.0,41229.0,33890.0,3217.0,3279.0,10618.0
7546,44509.0,41303.0,41232.0,33890.0,3206.0,3277.0,10619.0
7547,44510.0,41306.0,41232.0,33894.0,3204.0,3278.0,10616.0
7548,44511.0,41311.0,41232.0,33898.0,3200.0,3279.0,10613.0
7549,44512.0,41312.0,41240.0,33903.0,3200.0,3272.0,10609.0
7550,44513.0,41318.0,41240.0,33910.0,3195.0,3273.0,10603.0
7551,44514.0,41318.0,41240.0,33912.0,3196.0,3274.0,10602.0
7552,44515.0,41334.0,41243.0,33912.0,3181.0,3272.0,10603.0
7553,44516.0,41334.0,41250.0,33914.0,3182.0,3266.0,10602.0
7554,44517.0,41339.0,41252.0,33923.0,3178.0,3265.0,10594.0
7555,44518.0,41343.0,41265.0,33931.0,3175.0,3253.0,10587.0
7556,44519.0,41344.0,41265.0,33933.0,3175.0,3254.0,10586.0
7557,44520.0,41350.0,41265.0,33934.0,3170.0,3255.0,10586.0
7558,44521.0,41356.0,41267.0,33936.0,3165.0,3254.0,10585.0
7559,44522.0,41362.0,41267.0,33940.0,3160.0,3255.0,10582.0
7560,44523.0,41362.0,41270.0,33946.0,3161.0,3253.0,10577.0
7561,44524.0,41362.0,41271.0,33951.0,3162.0,3253.0,10573.0
7562,44525.0,41362.0,41272.0,33953.0,3163.0,3253.0,10572.0
7563,44526.0,41369.0,41277.0,33953.0,3157.0,3249.0,10573.0
7564,44527.0,41380.0,41284.0,33967.0,3147.0,3243.0,10560.0
7565,44528.0,41380.0,41289.0,33977.0,3148.0,3239.0,10551.0
7566,44529.0,41380.0,41289.0,33987.0,3149.0,3240.0,10542.0
7567,44530.0,41386.0,41289.0,34000.0,3144.0,3241.0,10530.0
7568,44531.0,41390.0,41296.0,34010.0,3141.0,3235.0,10521.0
7569,44532.0,41390.0,41298.0,34013.0,3142.0,3234.0,10519.0
7570,44533.0,41390.0,41300.0,34013.0,3143.0,3233.0,10520.0
7571,44534.0,41390.0,41307.0,34022.0,3144.0,3227.0,10512.0
7572,44535.0,41398.0,41307.0,34032.0,3137.0,3228.0,10503.0
7573,44536.0,41398.0,41309.0,34045.0,3138.0,3227.0,10491.0
7574,44537.0,41402.0,41316.0,34049.0,3135.0,3221.0,10488.0
7575,44538.0,41402.0,41316.0,34054.0,3136.0,3222.0,10484.0
7576,44539.0,41402.0,41321.0,34054.0,3137.0,3218.0,10485.0
7577,44540.0,41410.0,41321.0,34054.0,3130.0,3219.0,10486.0
7578,44541.0,41410.0,41332.0,34056.0,3131.0,3209.0,10485.0
7579,44542.0,41418.0,41337.0,34059.0,3124.0,3205.0,10483.0
7580,44543.0,41423.0,41346.0,34071.0,3120.0,3197.0,10472.0
7581,44544.0,41423.0,41348.0,34071.0,3121.0,3196.0,10473.0
7582,44545.0,41427.0,41354.0,34076.0,3118.0,3191.0,10469.0
7583,44546.0,41427.0,41359.0,34076.0,3119.0,3187.0,10470.0
7584,44547.0,41427.0,41359.0,34076.0,3120.0,3188.0,10471.0
7585,44548.0,41430.0,41361.0,34076.0,3118.0,3187.0,10472.0
7586,44549.0,41430.0,41361.0,34076.0,3119.0,3188.0,10473.0
7587,44550.0,41432.0,41361.0,34080.0,3118.0,3189.0,10470.0
7588,44551.0,41432.0,41363.0,34085.0,3119.0,3188.0,10466.0
7589,44552.0,41436.0,41368.0,34095.0,3116.0,3184.0,10457.0
7590,44553.0,41436.0,41370.0,34106.0,3117.0,3183.0,10447.0
7591,44554.0,41437.0,41374.0,34106.0,3117.0,3180.0,10448.0
7592,44555.0,41442.0,41374.0,34108.0,3113.0,3181.0,10447.0
7593,44556.0,41444.0,41382.0,34112.0,3112.0,3174.0,10444.0
7594,44557.0,41449.0,41383.0,34119.0,3108.0,3174.0,10438.0
7595,44558.0,41457.0,41386.0,34130.0,3101.0,3172.0,10428.0
7596,44559.0,41457.0,41391.0,34135.0,3102.0,3168.0,10424.0
7597,44560.0,41457.0,41391.0,34137.0,3103.0,3169.0,10423.0
7598,44561.0,41463.0,41391.0,34137.0,3098.0,3170.0,10424.0
7599,44562.0,41467.0,41393.0,34137.0,3095.0,3169.0,10425.0
7600,44563.0,41467.0,41394.0,34146.0,3096.0,3169.0,10417.0
7601,44564.0,41468.0,41406.0,34146.0,3096.0,3158.0,10418.0
7602,44565.0,41470.0,41410.0,34146.0,3095.0,3155.0,10419.0
7603,44566.0,41471.0,41415.0,34154.0,3095.0,3151.0,10412.0
7604,44567.0,41478.0,41419.0,34154.0,3089.0,3148.0,10413.0
7605,44568.0,41485.0,41429.0,34160.0,3083.0,3139.0,10408.0
7606,44569.0,41493.0,41430.0,34160.0,3076.0,3139.0,10409.0
7607,44570.0,41494.0,41440.0,34166.0,3076.0,3130.0,10404.0
7608,44571.0,41497.0,41440.0,34169.0,3074.0,3131.0,10402.0
7609,44572.0,41501.0,41440.0,34169.0,3071.0,3132.0,10403.0
7610,44573.0,41510.0,41442.0,34171.0,3063.0,3131.0,10402.0
7611,44574.0,41525.0,41442.0,34174.0,3049.0,3132.0,10400.0
7612,44575.0,41530.0,41452.0,34174.0,3045.0,3123.0,10401.0
7613,44576.0,41530.0,41458.0,34179.0,3046.0,3118.0,10397.0
7614,44577.0,41532.0,41460.0,34181.0,3045.0,3117.0,10396.0
7615,44578.0,41533.0,41460.0,34185.0,3045.0,3118.0,10393.0
7616,44579.0,41534.0,41466.0,34186.0,3045.0,3113.0,10393.0
7617,44580.0,41541.0,41476.0,34188.0,3039.0,3104.0,10392.0
7618,44581.0,41547.0,41477.0,34192.0,3034.0,3104.0,10389.0
7619,44582.0,41548.0,41479.0,34200.0,3034.0,3103.0,10382.0
7620,44583.0,41549.0,41485.0,34209.0,3034.0,3098.0,10374.0
7621,44584.0,41551.0,41486.0,34209.0,3033.0,3098.0,10375.0
7622,44585.0,41551.0,41489.0,34216.0,3034.0,3096.0,10369.0
7623,44586.0,41566.0,41489.0,34229.0,3020.0,3097.0,10357.0
7624,44587.0,41570.0,41495.0,34229.0,3017.0,3092.0,10358.0
7625,44588.0,41570.0,41495.0,34230.0,3018.0,3093.0,10358.0
7626,44589.0,41571.0,41501.0,34231.0,3018.0,3088.0,10358.0
7627,44590.0,41571.0,41501.0,34233.0,3019.0,3089.0,10357.0
7628,44591.0,41571.0,41514.0,34233.0,3020.0,3077.0,10358.0
7629,44592.0,41574.0,41516.0,34241.0,3018.0,3076.0,10351.0
7630,44593.0,41579.0,41517.0,34247.0,3014.0,3076.0,10346.0
7631,44594.0,41580.0,41518.0,34256.0,3014.0,3076.0,10338.0
7632,44595.0,41580.0,41520.0,34260.0,3015.0,3075.0,10335.0
7633,44596.0,41581.0,41525.0,34272.0,3015.0,3071.0,10324.0
7634,44597.0,41589.0,41528.0,34274.0,3008.0,3069.0,10323.0
7635,44598.0,41598.0,41533.0,34274.0,3000.0,3065.0,10324.0
7636,44599.0,41613.0,41541.0,34285.0,2986.0,3058.0,10314.0
7637,44600.0,41614.0,41541.0,34286.0,2986.0,3059.0,10314.0
7638,44601.0,41617.0,41546.0,34289.0,2984.0,3055.0,10312.0
7639,44602.0,41623.0,41551.0,34293.0,2979.0,3051.0,10309.0
7640,44603.0,41634.0,41553.0,34295.0,2969.0,3050.0,10308.0
7641,44604.0,41634.0,41556.0,34296.0,2970.0,3048.0,10308.0
7642,44605.0,41634.0,41556.0,34301.0,2971.0,3049.0,10304.0
7643,44606.0,41646.0,41556.0,34308.0,2960.0,3050.0,10298.0
7644,44607.0,41649.0,41561.0,34314.0,2958.0,3046.0,10293.0
7645,44608.0,41649.0,41568.0,34321.0,2959.0,3040.0,10287.0
7646,44609.0,41649.0,41569.0,34329.0,2960.0,3040.0,10280.0
7647,44610.0,41658.0,41574.0,34337.0,2952.0,3036.0,10273.0
7648,44611.0,41677.0,41575.0,34343.0,2934.0,3036.0,10268.0
7649,44612.0,41678.0,41575.0,34343.0,2934.0,3037.0,10269.0
7650,44613.0,41686.0,41579.0,34352.0,2927.0,3034.0,10261.0
7651,44614.0,41686.0,41583.0,34352.0,2928.0,3031.0,10262.0
7652,44615.0,41689.0,41593.0,34363.0,2926.0,3022.0,10252.0
7653,44616.0,41691.0,41593.0,34374.0,2925.0,3023.0,10242.0
7654,44617.0,41694.0,41597.0,34379.0,2923.0,3020.0,10238.0
7655,44618.0,41695.0,41597.0,34387.0,2923.0,3021.0,10231.0
7656,44618.0,41697.0,41597.0,34389.0,2921.0,3021.0,10229.0
7657,44618.0,41698.0,41598.0,34390.0,2920.0,3020.0,10228.0
7658,44618.0,41703.0,41611.0,34406.0,2915.0,3007.0,10212.0
7659,44618.0,41710.0,41613.0,34415.0,2908.0,3005.0,10203.0
7660,44618.0,41714.0,41614.0,34422.0,2904.0,3004.0,10196.0
7661,44618.0,41716.0,41614.0,34423.0,2902.0,3004.0,10195.0
7662,44618.0,41716.0,41615.0,34424.0,2902.0,3003.0,10194.0
7663,44618.0,41716.0,41615.0,34424.0,2902.0,3003.0,10194.0
7664,44618.0,41722.0,41615.0,34438.0,2896.0,3003.0,10180.0
7665,44618.0,41723.0,41615.0,34438.0,2895.0,3003.0,10180.0
7666,44618.0,41733.0,41615.0,34438.0,2885.0,3003.0,10180.0
7667,44618.0,41738.0,41621.0,34441.0,2880.0,2997.0,10177.0
7668,44618.0,41738.0,41621.0,34449.0,2880.0,2997.0,10169.0
7669,44618.0,41738.0,41635.0,34451.0,2880.0,2983.0,10167.0
7670,44618.0,41738.0,41637.0,34454.0,2880.0,2981.0,10164.0
7671,44618.0,41750.0,41643.0,34460.0,2868.0,2975.0,10158.0
7672,44618.0,41750.0,41643.0,34461.0,2868.0,2975.0,10157.0
7673,44618.0,41755.0,41649.0,34468.0,2863.0,2969.0,10150.0
7674,44618.0,41755.0,41649.0,34477.0,2863.0,2969.0,10141.0
7675,44618.0,41755.0,41651.0,34481.0,2863.0,2967.0,10137.0
7676,44618.0,41755.0,41655.0,34483.0,2863.0,2963.0,10135.0
7677,44618.0,41755.0,41655.0,34492.0,2863.0,2963.0,10126.0
7678,44618.0,41755.0,41657.0,34492.0,2863.0,2961.0,10126.0
7679,44618.0,41765.0,41657.0,34497.0,2853.0,2961.0,10121.0
7680,44618.0,41765.0,41660.0,34497.0,2853.0,2958.0,10121.0
7681,44618.0,41768.0,41668.0,34504.0,2850.0,2950.0,10114.0
7682,44618.0,41772.0,41669.0,34505.0,2846.0,2949.0,10113.0
7683,44618.0,41772.0,41669.0,34514.0,2846.0,2949.0,10104.0
7684,44618.0,41777.0,41669.0,34521.0,2841.0,2949.0,10097.0
7685,44618.0,41781.0,41674.0,34525.0,2837.0,2944.0,10093.0
7686,44618.0,41786.0,41677.0,34525.0,2832.0,2941.0,10093.0
7687,44618.0,41788.0,41683.0,34527.0,2830.0,2935.0,10091.0
7688,44618.0,41789.0,41683.0,34529.0,2829.0,2935.0,10089.0
7689,44618.0,41790.0,41695.0,34538.0,2828.0,2923.0,10080.0
7690,44618.0,41790.0,41700.0,34540.0,2828.0,2918.0,10078.0
7691,44618.0,41799.0,41702.0,34544.0,2819.0,2916.0,10074.0
7692,44618.0,41801.0,41706.0,34556.0,2817.0,2912.0,10062.0
7693,44618.0,41801.0,41717.0,34558.0,2817.0,2901.0,10060.0
7694,44618.0,41801.0,41719.0,34564.0,2817.0,2899.0,10054.0
7695,44618.0,41810.0,41720.0,34564.0,2808.0,2898.0,10054.0
7696,44618.0,41815.0,41729.0,34568.0,2803.0,2889.0,10050.0
7697,44618.0,41815.0,41729.0,34571.0,2803.0,2889.0,10047.0
7698,44618.0,41820.0,41733.0,34571.0,2798.0,2885.0,10047.0
7699,44618.0,41823.0,41733.0,34571.0,2795.0,2885.0,10047.0
7700,44618.0,41823.0,41741.0,34584.0,2795.0,2877.0,10034.0
7701,44618.0,41829.0,41742.0,34585.0,2789.0,2876.0,10033.0
7702,44618.0,41829.0,41749.0,34585.0,2789.0,2869.0,10033.0
7703,44618.0,41829.0,41755.0,34586.0,2789.0,2863.0,10032.0
7704,44618.0,41829.0,41757.0,34586.0,2789.0,2861.0,10032.0
7705,44618.0,41829.0,41758.0,34588.0,2789.0,2860.0,10030.0
7706,44618.0,41829.0,41762.0,34594.0,2789.0,2856.0,10024.0
7707,44618.0,41837.0,41762.0,34594.0,2781.0,2856.0,10024.0
7708,44618.0,41838.0,41762.0,34594.0,2780.0,2856.0,10024.0
7709,44618.0,41848.0,41763.0,34596.0,2770.0,2855.0,10022.0
7710,44618.0,41858.0,41764.0,34601.0,2760.0,2854.0,10017.0
7711,44618.0,41880.0,41777.0,34604.0,2738.0,2841.0,10014.0
7712,44618.0,41880.0,41778.0,34615.0,2738.0,2840.0,10003.0
7713,44618.0,41894.0,41778.0,34618.0,2724.0,2840.0,10000.0
7714,44618.0,41900.0,41778.0,34623.0,2718.0,2840.0,9995.0
7715,44618.0,41903.0,41780.0,34630.0,2715.0,2838.0,9988.0
7716,44618.0,41903.0,41788.0,34634.0,2715.0,2830.0,9984.0
7717,44618.0,41905.0,41789.0,34634.0,2713.0,2829.0,9984.0
7718,44618.0,41907.0,41792.0,34650.0,2711.0,2826.0,9968.0
7719,44618.0,41907.0,41792.0,34660.0,2711.0,2826.0,9958.0
7720,44618.0,41907.0,41792.0,34665.0,2711.0,2826.0,9953.0
7721,44618.0,41915.0,41792.0,34670.0,2703.0,2826.0,9948.0
7722,44618.0,41920.0,41792.0,34673.0,2698.0,2826.0,9945.0
7723,44618.0,41922.0,41792.0,34673.0,2696.0,2826.0,9945.0
7724,44618.0,41925.0,41801.0,34675.0,2693.0,2817.0,9943.0
7725,44618.0,41925.0,41801.0,34681.0,2693.0,2817.0,9937.0
7726,44618.0,41926.0,41801.0,34683.0,2692.0,2817.0,9935.0
7727,44618.0,41926.0,41802.0,34687.0,2692.0,2816.0,9931.0
7728,44618.0,41926.0,41805.0,34699.0,2692.0,2813.0,9919.0
7729,44618.0,41926.0,41805.0,34705.0,2692.0,2813.0,9913.0
7730,44618.0,41939.0,41818.0,34705.0,2679.0,2800.0,9913.0
7731,44618.0,41940.0,41818.0,34708.0,2678.0,2800.0,9910.0
7732,44618.0,41940.0,41821.0,34708.0,2678.0,2797.0,9910.0
7733,44618.0,41940.0,41827.0,34717.0,2678.0,2791.0,9901.0
7734,44618.0,41940.0,41828.0,34717.0,2678.0,2790.0,9901.0
7735,44618.0,41940.0,41833.0,34717.0,2678.0,2785.0,9901.0
7736,44618.0,41946.0,41833.0,34728.0,2672.0,2785.0,9890.0
7737,44618.0,41946.0,41838.0,34733.0,2672.0,2780.0,9885.0
7738,44618.0,41952.0,41838.0,34737.0,2666.0,2780.0,9881.0
7739,44618.0,41959.0,41838.0,34748.0,2659.0,2780.0,9870.0
7740,44618.0,41959.0,41842.0,34751.0,2659.0,2776.0,9867.0
7741,44618.0,41968.0,41842.0,34763.0,2650.0,2776.0,9855.0
7742,44618.0,41972.0,41843.0,34763.0,2646.0,2775.0,9855.0
7743,44618.0,41972.0,41843.0,34774.0,2646.0,2775.0,9844.0
7744,44618.0,41983.0,41845.0,34782.0,2635.0,2773.0,9836.0
7745,44618.0,41986.0,41861.0,34785.0,2632.0,2757.0,9833.0
7746,44618.0,41988.0,41864.0,34791.0,2630.0,2754.0,9827.0
7747,44618.0,41993.0,41864.0,34794.0,2625.0,2754.0,9824.0
7748,44618.0,41996.0,41864.0,34808.0,2622.0,2754.0,9810.0
7749,44618.0,41998.0,41864.0,34816.0,2620.0,2754.0,9802.0
7750,44618.0,42001.0,41864.0,34822.0,2617.0,2754.0,9796.0
7751,44618.0,42004.0,41864.0,34822.0,2614.0,2754.0,9796.0
7752,44618.0,42004.0,41869.0,34833.0,2614.0,2749.0,9785.0
7753,44618.0,42004.0,41869.0,34839.0,2614.0,2749.0,9779.0
7754,44618.0,42004.0,41871.0,34844.0,2614.0,2747.0,9774.0
7755,44618.0,42017.0,41876.0,34844.0,2601.0,2742.0,9774.0
7756,44618.0,42030.0,41878.0,34849.0,2588.0,2740.0,9769.0
7757,44618.0,42032.0,41879.0,34851.0,2586.0,2739.0,9767.0
7758,44618.0,42032.0,41882.0,34867.0,2586.0,2736.0,9751.0
7759,44618.0,42034.0,41885.0,34871.0,2584.0,2733.0,9747.0
7760,44618.0,42039.0,41889.0,34871.0,2579.0,2729.0,9747.0
7761,44618.0,42039.0,41895.0,34886.0,2579.0,2723.0,9732.0
7762,44618.0,42042.0,41896.0,34886.0,2576.0,2722.0,9732.0
7763,44618.0,42042.0,41896.0,34892.0,2576.0,2722.0,9726.0
7764,44618.0,42042.0,41898.0,34892.0,2576.0,2720.0,9726.0
7765,44618.0,42042.0,41901.0,34897.0,2576.0,2717.0,9721.0
7766,44618.0,42043.0,41906.0,34907.0,2575.0,2712.0,9711.0
7767,44618.0,42043.0,41906.0,34917.0,2575.0,2712.0,9701.0
7768,44618.0,42052.0,41906.0,34919.0,2566.0,2712.0,9699.0
7769,44618.0,42052.0,41907.0,34923.0,2566.0,2711.0,9695.0
7770,44618.0,42053.0,41910.0,34936.0,2565.0,2708.0,9682.0
7771,44618.0,42053.0,41912.0,34936.0,2565.0,2706.0,9682.0
7772,44618.0,42053.0,41913.0,34941.0,2565.0,2705.0,9677.0
7773,44618.0,42056.0,41913.0,34946.0,2562.0,2705.0,9672.0
7774,44618.0,42056.0,41917.0,34950.0,2562.0,2701.0,9668.0
7775,44618.0,42056.0,41919.0,34950.0,2562.0,2699.0,9668.0
7776,44618.0,42057.0,41926.0,34954.0,2561.0,2692.0,9664.0
7777,44618.0,42059.0,41926.0,34961.0,2559.0,2692.0,9657.0
7778,44618.0,42063.0,41926.0,34965.0,2555.0,2692.0,9653.0
7779,44618.0,42065.0,41929.0,34965.0,2553.0,2689.0,9653.0
7780,44618.0,42066.0,41937.0,34965.0,2552.0,2681.0,9653.0
7781,44618.0,42066.0,41948.0,34967.0,2552.0,2670.0,9651.0
7782,44618.0,42086.0,41949.0,34971.0,2532.0,2669.0,9647.0
7783,44618.0,42087.0,41954.0,34974.0,2531.0,2664.0,9644.0
7784,44618.0,42096.0,41954.0,34985.0,2522.0,2664.0,9633.0
7785,44618.0,42102.0,41954.0,34986.0,2516.0,2664.0,9632.0
7786,44618.0,42102.0,41962.0,34986.0,2516.0,2656.0,9632.0
7787,44618.0,42105.0,41963.0,34986.0,2513.0,2655.0,9632.0
7788,44618.0,42105.0,41963.0,34988.0,2513.0,2655.0,9630.0
7789,44618.0,42106.0,41963.0,34991.0,2512.0,2655.0,9627.0
7790,44618.0,42114.0,41964.0,34991.0,2504.0,2654.0,9627.0
7791,44618.0,42121.0,41966.0,35003.0,2497.0,2652.0,9615.0
7792,44618.0,42126.0,41979.0,35009.0,2492.0,2639.0,9609.0
7793,44618.0,42126.0,41989.0,35009.0,2492.0,2629.0,9609.0
7794,44618.0,42129.0,41989.0,35012.0,2489.0,2629.0,9606.0
7795,44618.0,42129.0,41991.0,35014.0,2489.0,2627.0,9604.0
7796,44618.0,42129.0,41993.0,35016.0,2489.0,2625.0,9602.0
7797,44618.0,42129.0,41993.0,35018.0,2489.0,2625.0,9600.0
7798,44618.0,42135.0,41993.0,35024.0,2483.0,2625.0,9594.0
7799,44618.0,42135.0,41995.0,35034.0,2483.0,2623.0,9584.0
7800,44618.0,42135.0,41995.0,35050.0,2483.0,2623.0,9568.0
7801,44618.0,42135.0,42000.0,35050.0,2483.0,2618.0,9568.0
7802,44618.0,42140.0,42000.0,35050.0,2478.0,2618.0,9568.0
7803,44618.0,42146.0,42003.0,35053.0,2472.0,2615.0,9565.0
7804,44618.0,42155.0,42006.0,35053.0,2463.0,2612.0,9565.0
7805,44618.0,42160.0,42007.0,35062.0,2458.0,2611.0,9556.0
7806,44618.0,42161.0,42008.0,35069.0,2457.0,2610.0,9549.0
7807,44618.0,42161.0,42011.0,35071.0,2457.0,2607.0,9547.0
7808,44618.0,42171.0,42018.0,35090.0,2447.0,2600.0,9528.0
7809,44618.0,42177.0,42030.0,35102.0,2441.0,2588.0,9516.0
7810,44618.0,42184.0,42036.0,35102.0,2434.0,2582.0,9516.0
7811,44618.0,42185.0,42049.0,35103.0,2433.0,2569.0,9515.0
7812,44618.0,42188.0,42049.0,35105.0,2430.0,2569.0,9513.0
7813,44618.0,42188.0,42052.0,35112.0,2430.0,2566.0,9506.0
7814,44618.0,42189.0,42060.0,35118.0,2429.0,2558.0,9500.0
7815,44618.0,42192.0,42061.0,35125.0,2426.0,2557.0,9493.0
7816,44618.0,42192.0,42065.0,35125.0,2426.0,2553.0,9493.0
7817,44618.0,42192.0,42065.0,35130.0,2426.0,2553.0,9488.0
7818,44618.0,42192.0,42073.0,35142.0,2426.0,2545.0,9476.0
7819,44618.0,42192.0,42073.0,35142.0,2426.0,2545.0,9476.0
7820,44618.0,42194.0,42074.0,35147.0,2424.0,2544.0,9471.0
7821,44618.0,42200.0,42076.0,35147.0,2418.0,2542.0,9471.0
7822,44618.0,42200.0,42083.0,35155.0,2418.0,2535.0,9463.0
7823,44618.0,42210.0,42085.0,35158.0,2408.0,2533.0,9460.0
7824,44618.0,42210.0,42090.0,35158.0,2408.0,2528.0,9460.0
7825,44618.0,42210.0,42094.0,35166.0,2408.0,2524.0,9452.0
7826,44618.0,42210.0,42094.0,35170.0,2408.0,2524.0,9448.0
7827,44618.0,42218.0,42099.0,35175.0,2400.0,2519.0,9443.0
7828,44618.0,42221.0,42099.0,35179.0,2397.0,2519.0,9439.0
7829,44618.0,42221.0,42099.0,35179.0,2397.0,2519.0,9439.0
7830,44618.0,42221.0,42103.0,35180.0,2397.0,2515.0,9438.0
7831,44618.0,42221.0,42111.0,35189.0,2397.0,2507.0,9429.0
7832,44618.0,42223.0,42118.0,35190.0,2395.0,2500.0,9428.0
7833,44618.0,42226.0,42122.0,35190.0,2392.0,2496.0,9428.0
7834,44618.0,42227.0,42123.0,35190.0,2391.0,2495.0,9428.0
7835,44618.0,42227.0,42123.0,35204.0,2391.0,2495.0,9414.0
7836,44618.0,42235.0,42128.0,35207.0,2383.0,2490.0,9411.0
7837,44618.0,42235.0,42128.0,35218.0,2383.0,2490.0,9400.0
7838,44618.0,42235.0,42128.0,35224.0,2383.0,2490.0,9394.0
7839,44618.0,42236.0,42139.0,35232.0,2382.0,2479.0,9386.0
7840,44618.0,42236.0,42154.0,35241.0,2382.0,2464.0,9377.0
7841,44618.0,42238.0,42155.0,35241.0,2380.0,2463.0,9377.0
7842,44618.0,42239.0,42155.0,35243.0,2379.0,2463.0,9375.0
7843,44618.0,42239.0,42166.0,35256.0,2379.0,2452.0,9362.0
7844,44618.0,42239.0,42166.0,35256.0,2379.0,2452.0,9362.0
7845,44618.0,42239.0,42166.0,35257.0,2379.0,2452.0,9361.0
7846,44618.0,42240.0,42175.0,35260.0,2378.0,2443.0,9358.0
7847,44618.0,42240.0,42175.0,35261.0,2378.0,2443.0,9357.0
7848,44618.0,42241.0,42175.0,35269.0,2377.0,2443.0,9349.0
7849,44618.0,42242.0,42181.0,35272.0,2376.0,2437.0,9346.0
7850,44618.0,42244.0,42185.0,35278.0,2374.0,2433.0,9340.0
7851,44618.0,42244.0,42185.0,35287.0,2374.0,2433.0,9331.0
7852,44618.0,42245.0,42194.0,35291.0,2373.0,2424.0,9327.0
7853,44618.0,42248.0,42194.0,35291.0,2370.0,2424.0,9327.0
7854,44618.0,42251.0,42195.0,35291.0,2367.0,2423.0,9327.0
7855,44618.0,42252.0,42196.0,35299.0,2366.0,2422.0,9319.0
7856,44618.0,42254.0,42202.0,35310.0,2364.0,2416.0,9308.0
7857,44618.0,42257.0,42202.0,35310.0,2361.0,2416.0,9308.0
7858,44618.0,42257.0,42202.0,35310.0,2361.0,2416.0,9308.0
7859,44618.0,42257.0,42214.0,35318.0,2361.0,2404.0,9300.0
7860,44618.0,42258.0,42214.0,35329.0,2360.0,2404.0,9289.0
7861,44618.0,42258.0,42218.0,35337.0,2360.0,2400.0,9281.0
7862,44618.0,42260.0,42218.0,35344.0,2358.0,2400.0,9274.0
7863,44618.0,42261.0,42218.0,35344.0,2357.0,2400.0,9274.0
7864,44618.0,42263.0,42218.0,35346.0,2355.0,2400.0,9272.0
7865,44618.0,42263.0,42218.0,35346.0,2355.0,2400.0,9272.0
7866,44618.0,42263.0,42218.0,35346.0,2355.0,2400.0,9272.0
7867,44618.0,42263.0,42218.0,35346.0,2355.0,2400.0,9272.0
7868,44618.0,42264.0,42218.0,35364.0,2354.0,2400.0,9254.0
7869,44618.0,42266.0,42218.0,35365.0,2352.0,2400.0,9253.0
7870,44618.0,42267.0,42219.0,35374.0,2351.0,2399.0,9244.0
7871,44618.0,42267.0,42234.0,35375.0,2351.0,2384.0,9243.0
7872,44618.0,42269.0,42234.0,35375.0,2349.0,2384.0,9243.0
7873,44618.0,42272.0,42242.0,35384.0,2346.0,2376.0,9234.0
7874,44618.0,42272.0,42242.0,35387.0,2346.0,2376.0,9231.0
7875,44618.0,42276.0,42243.0,35387.0,2342.0,2375.0,9231.0
7876,44618.0,42278.0,42248.0,35388.0,2340.0,2370.0,9230.0
7877,44618.0,42278.0,42259.0,35399.0,2340.0,2359.0,9219.0
7878,44618.0,42284.0,42259.0,35399.0,2334.0,2359.0,9219.0
7879,44618.0,42284.0,42263.0,35402.0,2334.0,2355.0,9216.0
7880,44618.0,42284.0,42270.0,35402.0,2334.0,2348.0,9216.0
7881,44618.0,42284.0,42273.0,35416.0,2334.0,2345.0,9202.0
7882,44618.0,42294.0,42273.0,35416.0,2324.0,2345.0,9202.0
7883,44618.0,42294.0,42274.0,35423.0,2324.0,2344.0,9195.0
7884,44618.0,42294.0,42276.0,35431.0,2324.0,2342.0,9187.0
7885,44618.0,42297.0,42279.0,35431.0,2321.0,2339.0,9187.0
7886,44618.0,42297.0,42293.0,35454.0,2321.0,2325.0,9164.0
7887,44618.0,42297.0,42295.0,35459.0,2321.0,2323.0,9159.0
7888,44618.0,42298.0,42295.0,35459.0,2320.0,2323.0,9159.0
7889,44618.0,42298.0,42295.0,35465.0,2320.0,2323.0,9153.0
7890,44618.0,42299.0,42295.0,35474.0,2319.0,2323.0,9144.0
7891,44618.0,42299.0,42300.0,35483.0,2319.0,2318.0,9135.0
7892,44618.0,42302.0,42302.0,35486.0,2316.0,2316.0,9132.0
7893,44618.0,42302.0,42306.0,35493.0,2316.0,2312.0,9125.0
7894,44618.0,42302.0,42307.0,35496.0,2316.0,2311.0,9122.0
7895,44618.0,42312.0,42312.0,35501.0,2306.0,2306.0,9117.0
7896,44618.0,42315.0,42312.0,35501.0,2303.0,2306.0,9117.0
7897,44618.0,42317.0,42317.0,35513.0,2301.0,2301.0,9105.0
7898,44618.0,42318.0,42319.0,35519.0,2300.0,2299.0,9099.0
7899,44618.0,42322.0,42331.0,35520.0,2296.0,2287.0,9098.0
7900,44618.0,42325.0,42331.0,35523.0,2293.0,2287.0,9095.0
7901,44618.0,42325.0,42331.0,35526.0,2293.0,2287.0,9092.0
7902,44618.0,42325.0,42331.0,35526.0,2293.0,2287.0,9092.0
7903,44618.0,42325.0,42336.0,35535.0,2293.0,2282.0,9083.0
7904,44618.0,42325.0,42345.0,35537.0,2293.0,2273.0,9081.0
7905,44618.0,42329.0,42347.0,35537.0,2289.0,2271.0,9081.0
7906,44618.0,42332.0,42347.0,35551.0,2286.0,2271.0,9067.0
7907,44618.0,42335.0,42350.0,35552.0,2283.0,2268.0,9066.0
7908,44618.0,42336.0,42350.0,35555.0,2282.0,2268.0,9063.0
7909,44618.0,42339.0,42354.0,35559.0,2279.0,2264.0,9059.0
7910,44618.0,42340.0,42354.0,35561.0,2278.0,2264.0,9057.0
7911,44618.0,42340.0,42354.0,35562.0,2278.0,2264.0,9056.0
7912,44618.0,42344.0,42356.0,35566.0,2274.0,2262.0,9052.0
7913,44618.0,42344.0,42356.0,35567.0,2274.0,2262.0,9051.0
7914,44618.0,42344.0,42358.0,35576.0,2274.0,2260.0,9042.0
7915,44618.0,42344.0,42359.0,35581.0,2274.0,2259.0,9037.0
7916,44618.0,42346.0,42365.0,35586.0,2272.0,2253.0,9032.0
7917,44618.0,42346.0,42367.0,35594.0,2272.0,2251.0,9024.0
7918,44618.0,42346.0,42368.0,35601.0,2272.0,2250.0,9017.0
7919,44618.0,42358.0,42370.0,35608.0,2260.0,2248.0,9010.0
7920,44618.0,42358.0,42376.0,35616.0,2260.0,2242.0,9002.0
7921,44618.0,42358.0,42376.0,35625.0,2260.0,2242.0,8993.0
7922,44618.0,42359.0,42376.0,35630.0,2259.0,2242.0,8988.0
7923,44618.0,42359.0,42376.0,35638.0,2259.0,2242.0,8980.0
7924,44618.0,42359.0,42376.0,35656.0,2259.0,2242.0,8962.0
7925,44618.0,42359.0,42380.0,35663.0,2259.0,2238.0,8955.0
7926,44618.0,42359.0,42385.0,35665.0,2259.0,2233.0,8953.0
7927,44618.0,42360.0,42390.0,35677.0,2258.0,2228.0,8941.0
7928,44618.0,42362.0,42390.0,35678.0,2256.0,2228.0,8940.0
7929,44618.0,42364.0,42390.0,35680.0,2254.0,2228.0,8938.0
7930,44618.0,42368.0,42399.0,35682.0,2250.0,2219.0,8936.0
7931,44618.0,42371.0,42405.0,35687.0,2247.0,2213.0,8931.0
7932,44618.0,42371.0,42413.0,35702.0,2247.0,2205.0,8916.0
7933,44618.0,42372.0,42414.0,35717.0,2246.0,2204.0,8901.0
7934,44618.0,42374.0,42414.0,35717.0,2244.0,2204.0,8901.0
7935,44618.0,42375.0,42420.0,35719.0,2243.0,2198.0,8899.0
7936,44618.0,42379.0,42421.0,35735.0,2239.0,2197.0,8883.0
7937,44618.0,42381.0,42421.0,35735.0,2237.0,2197.0,8883.0
7938,44618.0,42381.0,42422.0,35737.0,2237.0,2196.0,8881.0
7939,44618.0,42381.0,42422.0,35750.0,2237.0,2196.0,8868.0
7940,44618.0,42383.0,42422.0,35752.0,2235.0,2196.0,8866.0
7941,44618.0,42383.0,42422.0,35760.0,2235.0,2196.0,8858.0
7942,44618.0,42384.0,42422.0,35761.0,2234.0,2196.0,8857.0
7943,44618.0,42398.0,42426.0,35763.0,2220.0,2192.0,8855.0
7944,44618.0,42401.0,42434.0,35763.0,2217.0,2184.0,8855.0
7945,44618.0,42401.0,42434.0,35764.0,2217.0,2184.0,8854.0
7946,44618.0,42401.0,42434.0,35767.0,2217.0,2184.0,8851.0
7947,44618.0,42413.0,42442.0,35767.0,2205.0,2176.0,8851.0
7948,44618.0,42413.0,42447.0,35772.0,2205.0,2171.0,8846.0
7949,44618.0,42414.0,42455.0,35780.0,2204.0,2163.0,8838.0
7950,44618.0,42422.0,42459.0,35780.0,2196.0,2159.0,8838.0
7951,44618.0,42429.0,42459.0,35780.0,2189.0,2159.0,8838.0
7952,44618.0,42429.0,42464.0,35786.0,2189.0,2154.0,8832.0
7953,44618.0,42433.0,42464.0,35797.0,2185.0,2154.0,8821.0
7954,44618.0,42433.0,42464.0,35798.0,2185.0,2154.0,8820.0
7955,44618.0,42435.0,42465.0,35801.0,2183.0,2153.0,8817.0
7956,44618.0,42439.0,42465.0,35804.0,2179.0,2153.0,8814.0
7957,44618.0,42439.0,42465.0,35806.0,2179.0,2153.0,8812.0
7958,44618.0,42441.0,42465.0,35806.0,2177.0,2153.0,8812.0
7959,44618.0,42441.0,42465.0,35806.0,2177.0,2153.0,8812.0
7960,44618.0,42441.0,42465.0,35816.0,2177.0,2153.0,8802.0
7961,44618.0,42442.0,42465.0,35816.0,2176.0,2153.0,8802.0
7962,44618.0,42442.0,42468.0,35817.0,2176.0,2150.0,8801.0
7963,44618.0,42443.0,42468.0,35817.0,2175.0,2150.0,8801.0
7964,44618.0,42444.0,42472.0,35817.0,2174.0,2146.0,8801.0
7965,44618.0,42446.0,42472.0,35823.0,2172.0,2146.0,8795.0
7966,44618.0,42446.0,42472.0,35828.0,2172.0,2146.0,8790.0
7967,44618.0,42446.0,42473.0,35833.0,2172.0,2145.0,8785.0
7968,44618.0,42450.0,42480.0,35833.0,2168.0,2138.0,8785.0
7969,44618.0,42450.0,42488.0,35837.0,2168.0,2130.0,8781.0
7970,44618.0,42457.0,42488.0,35839.0,2161.0,2130.0,8779.0
7971,44618.0,42462.0,42489.0,35839.0,2156.0,2129.0,8779.0
7972,44618.0,42464.0,42498.0,35844.0,2154.0,2120.0,8774.0
7973,44618.0,42464.0,42506.0,35852.0,2154.0,2112.0,8766.0
7974,44618.0,42464.0,42516.0,35855.0,2154.0,2102.0,8763.0
7975,44618.0,42465.0,42516.0,35860.0,2153.0,2102.0,8758.0
7976,44618.0,42467.0,42517.0,35860.0,2151.0,2101.0,8758.0
7977,44618.0,42467.0,42526.0,35860.0,2151.0,2092.0,8758.0
7978,44618.0,42480.0,42526.0,35867.0,2138.0,2092.0,8751.0
7979,44618.0,42480.0,42526.0,35873.0,2138.0,2092.0,8745.0
7980,44618.0,42482.0,42539.0,35873.0,2136.0,2079.0,8745.0
7981,44618.0,42484.0,42548.0,35873.0,2134.0,2070.0,8745.0
7982,44618.0,42485.0,42552.0,35877.0,2133.0,2066.0,8741.0
7983,44618.0,42485.0,42552.0,35879.0,2133.0,2066.0,8739.0
7984,44618.0,42485.0,42555.0,35888.0,2133.0,2063.0,8730.0
7985,44618.0,42486.0,42559.0,35889.0,2132.0,2059.0,8729.0
7986,44618.0,42486.0,42560.0,35897.0,2132.0,2058.0,8721.0
7987,44618.0,42491.0,42560.0,35903.0,2127.0,2058.0,8715.0
7988,44618.0,42493.0,42561.0,35904.0,2125.0,2057.0,8714.0
7989,44618.0,42494.0,42561.0,35910.0,2124.0,2057.0,8708.0
7990,44618.0,42494.0,42561.0,35914.0,2124.0,2057.0,8704.0
7991,44618.0,42496.0,42564.0,35926.0,2122.0,2054.0,8692.0
7992,44618.0,42498.0,42568.0,35927.0,2120.0,2050.0,8691.0
7993,44618.0,42498.0,42572.0,35932.0,2120.0,2046.0,8686.0
7994,44618.0,42498.0,42573.0,35932.0,2120.0,2045.0,8686.0
7995,44618.0,42498.0,42573.0,35934.0,2120.0,2045.0,8684.0
7996,44618.0,42500.0,42574.0,35938.0,2118.0,2044.0,8680.0
7997,44618.0,42500.0,42582.0,35944.0,2118.0,2036.0,8674.0
7998,44618.0,42501.0,42591.0,35954.0,2117.0,2027.0,8664.0
7999,44618.0,42501.0,42591.0,35959.0,2117.0,2027.0,8659.0
8000,44618.0,42502.0,42591.0,35976.0,2116.0,2027.0,8642.0
8001,44618.0,42502.0,42602.0,35978.0,2116.0,2016.0,8640.0
8002,44618.0,42502.0,42602.0,35982.0,2116.0,2016.0,8636.0
8003,44618.0,42509.0,42602.0,35994.0,2109.0,2016.0,8624.0
8004,44618.0,42509.0,42602.0,35994.0,2109.0,2016.0,8624.0
8005,44618.0,42509.0,42602.0,35994.0,2109.0,2016.0,8624.0
8006,44618.0,42510.0,42614.0,35999.0,2108.0,2004.0,8619.0
8007,44618.0,42510.0,42617.0,35999.0,2108.0,2001.0,8619.0
8008,44618.0,42517.0,42623.0,36000.0,2101.0,1995.0,8618.0
8009,44618.0,42518.0,42624.0,36007.0,2100.0,1994.0,8611.0
8010,44618.0,42521.0,42625.0,36007.0,2097.0,1993.0,8611.0
8011,44618.0,42521.0,42625.0,36008.0,2097.0,1993.0,8610.0
8012,44618.0,42522.0,42626.0,36011.0,2096.0,1992.0,8607.0
8013,44618.0,42524.0,42630.0,36011.0,2094.0,1988.0,8607.0
8014,44618.0,42524.0,42631.0,36011.0,2094.0,1987.0,8607.0
8015,44618.0,42524.0,42638.0,36022.0,2094.0,1980.0,8596.0
8016,44618.0,42524.0,42640.0,36024.0,2094.0,1978.0,8594.0
8017,44618.0,42529.0,42640.0,36024.0,2089.0,1978.0,8594.0
8018,44618.0,42529.0,42640.0,36031.0,2089.0,1978.0,8587.0
8019,44618.0,42529.0,42640.0,36031.0,2089.0,1978.0,8587.0
8020,44618.0,42529.0,42646.0,36037.0,2089.0,1972.0,8581.0
8021,44618.0,42530.0,42646.0,36041.0,2088.0,1972.0,8577.0
8022,44618.0,42530.0,42650.0,36043.0,2088.0,1968.0,8575.0
8023,44618.0,42530.0,42650.0,36043.0,2088.0,1968.0,8575.0
8024,44618.0,42531.0,42650.0,36043.0,2087.0,1968.0,8575.0
8025,44618.0,42531.0,42650.0,36043.0,2087.0,1968.0,8575.0
8026,44618.0,42531.0,42650.0,36046.0,2087.0,1968.0,8572.0
8027,44618.0,42531.0,42656.0,36046.0,2087.0,1962.0,8572.0
8028,44618.0,42535.0,42656.0,36046.0,2083.0,1962.0,8572.0
8029,44618.0,42537.0,42659.0,36046.0,2081.0,1959.0,8572.0
8030,44618.0,42537.0,42661.0,36048.0,2081.0,1957.0,8570.0
8031,44618.0,42537.0,42661.0,36060.0,2081.0,1957.0,8558.0
8032,44618.0,42541.0,42662.0,36067.0,2077.0,1956.0,8551.0
8033,44618.0,42542.0,42662.0,36075.0,2076.0,1956.0,8543.0
8034,44618.0,42542.0,42665.0,36082.0,2076.0,1953.0,8536.0
8035,44618.0,42543.0,42672.0,36085.0,2075.0,1946.0,8533.0
8036,44618.0,42553.0,42678.0,36087.0,2065.0,1940.0,8531.0
8037,44618.0,42553.0,42692.0,36095.0,2065.0,1926.0,8523.0
8038,44618.0,42557.0,42693.0,36108.0,2061.0,1925.0,8510.0
8039,44618.0,42558.0,42696.0,36108.0,2060.0,1922.0,8510.0
8040,44618.0,42558.0,42696.0,36113.0,2060.0,1922.0,8505.0
8041,44618.0,42558.0,42696.0,36121.0,2060.0,1922.0,8497.0
8042,44618.0,42559.0,42704.0,36130.0,2059.0,1914.0,8488.0
8043,44618.0,42560.0,42706.0,36132.0,2058.0,1912.0,8486.0
8044,44618.0,42561.0,42713.0,36134.0,2057.0,1905.0,8484.0
8045,44618.0,42564.0,42714.0,36135.0,2054.0,1904.0,8483.0
8046,44618.0,42564.0,42714.0,36137.0,2054.0,1904.0,8481.0
8047,44618.0,42569.0,42714.0,36137.0,2049.0,1904.0,8481.0
8048,44618.0,42581.0,42717.0,36140.0,2037.0,1901.0,8478.0
8049,44618.0,42583.0,42717.0,36152.0,2035.0,1901.0,8466.0
8050,44618.0,42586.0,42717.0,36152.0,2032.0,1901.0,8466.0
8051,44618.0,42589.0,42717.0,36162.0,2029.0,1901.0,8456.0
8052,44618.0,42589.0,42723.0,36164.0,2029.0,1895.0,8454.0
8053,44618.0,42589.0,42724.0,36169.0,2029.0,1894.0,8449.0
8054,44618.0,42594.0,42728.0,36178.0,2024.0,1890.0,8440.0
8055,44618.0,42594.0,42733.0,36184.0,2024.0,1885.0,8434.0
8056,44618.0,42595.0,42752.0,36189.0,2023.0,1866.0,8429.0
8057,44618.0,42595.0,42752.0,36194.0,2023.0,1866.0,8424.0
8058,44618.0,42602.0,42754.0,36196.0,2016.0,1864.0,8422.0
8059,44618.0,42604.0,42754.0,36198.0,2014.0,1864.0,8420.0
8060,44618.0,42604.0,42754.0,36203.0,2014.0,1864.0,8415.0
8061,44618.0,42606.0,42759.0,36203.0,2012.0,1859.0,8415.0
8062,44618.0,42609.0,42761.0,36203.0,2009.0,1857.0,8415.0
8063,44618.0,42610.0,42777.0,36203.0,2008.0,1841.0,8415.0
8064,44618.0,42610.0,42777.0,36204.0,2008.0,1841.0,8414.0
8065,44618.0,42620.0,42777.0,36205.0,1998.0,1841.0,8413.0
8066,44618.0,42620.0,42786.0,36218.0,1998.0,1832.0,8400.0
8067,44618.0,42620.0,42786.0,36223.0,1998.0,1832.0,8395.0
8068,44618.0,42622.0,42790.0,36236.0,1996.0,1828.0,8382.0
8069,44618.0,42622.0,42790.0,36236.0,1996.0,1828.0,8382.0
8070,44618.0,42622.0,42790.0,36240.0,1996.0,1828.0,8378.0
8071,44618.0,42622.0,42792.0,36244.0,1996.0,1826.0,8374.0
8072,44618.0,42622.0,42794.0,36250.0,1996.0,1824.0,8368.0
8073,44618.0,42623.0,42797.0,36250.0,1995.0,1821.0,8368.0
8074,44618.0,42628.0,42797.0,36262.0,1990.0,1821.0,8356.0
8075,44618.0,42629.0,42797.0,36264.0,1989.0,1821.0,8354.0
8076,44618.0,42629.0,42797.0,36264.0,1989.0,1821.0,8354.0
8077,44618.0,42633.0,42797.0,36267.0,1985.0,1821.0,8351.0
8078,44618.0,42633.0,42802.0,36272.0,1985.0,1816.0,8346.0
8079,44618.0,42638.0,42802.0,36275.0,1980.0,1816.0,8343.0
8080,44618.0,42641.0,42803.0,36275.0,1977.0,1815.0,8343.0
8081,44618.0,42644.0,42805.0,36280.0,1974.0,1813.0,8338.0
8082,44618.0,42656.0,42805.0,36287.0,1962.0,1813.0,8331.0
8083,44618.0,42656.0,42809.0,36293.0,1962.0,1809.0,8325.0
8084,44618.0,42656.0,42810.0,36294.0,1962.0,1808.0,8324.0
8085,44618.0,42667.0,42810.0,36301.0,1951.0,1808.0,8317.0
8086,44618.0,42667.0,42810.0,36301.0,1951.0,1808.0,8317.0
8087,44618.0,42669.0,42810.0,36301.0,1949.0,1808.0,8317.0
8088,44618.0,42679.0,42810.0,36312.0,1939.0,1808.0,8306.0
8089,44618.0,42681.0,42810.0,36318.0,1937.0,1808.0,8300.0
8090,44618.0,42681.0,42810.0,36321.0,1937.0,1808.0,8297.0
8091,44618.0,42681.0,42810.0,36324.0,1937.0,1808.0,8294.0
8092,44618.0,42681.0,42812.0,36329.0,1937.0,1806.0,8289.0
8093,44618.0,42683.0,42816.0,36349.0,1935.0,1802.0,8269.0
8094,44618.0,42683.0,42820.0,36362.0,1935.0,1798.0,8256.0
8095,44618.0,42687.0,42821.0,36370.0,1931.0,1797.0,8248.0
8096,44618.0,42689.0,42822.0,36370.0,1929.0,1796.0,8248.0
8097,44618.0,42693.0,42823.0,36378.0,1925.0,1795.0,8240.0
8098,44618.0,42697.0,42823.0,36378.0,1921.0,1795.0,8240.0
8099,44618.0,42697.0,42828.0,36378.0,1921.0,1790.0,8240.0
8100,44618.0,42699.0,42828.0,36379.0,1919.0,1790.0,8239.0
8101,44618.0,42699.0,42828.0,36387.0,1919.0,1790.0,8231.0
8102,44618.0,42700.0,42832.0,36392.0,1918.0,1786.0,8226.0
8103,44618.0,42704.0,42833.0,36406.0,1914.0,1785.0,8212.0
8104,44618.0,42705.0,42833.0,36412.0,1913.0,1785.0,8206.0
8105,44618.0,42705.0,42833.0,36417.0,1913.0,1785.0,8201.0
8106,44618.0,42707.0,42835.0,36420.0,1911.0,1783.0,8198.0
8107,44618.0,42707.0,42835.0,36423.0,1911.0,1783.0,8195.0
8108,44618.0,42709.0,42837.0,36433.0,1909.0,1781.0,8185.0
8109,44618.0,42710.0,42840.0,36442.0,1908.0,1778.0,8176.0
8110,44618.0,42714.0,42840.0,36445.0,1904.0,1778.0,8173.0
8111,44618.0,42714.0,42841.0,36448.0,1904.0,1777.0,8170.0
8112,44618.0,42715.0,42841.0,36453.0,1903.0,1777.0,8165.0
8113,44618.0,42715.0,42841.0,36457.0,1903.0,1777.0,8161.0
8114,44618.0,42717.0,42848.0,36457.0,1901.0,1770.0,8161.0
8115,44618.0,42719.0,42850.0,36462.0,1899.0,1768.0,8156.0
8116,44618.0,42719.0,42850.0,36462.0,1899.0,1768.0,8156.0
8117,44618.0,42730.0,42859.0,36462.0,1888.0,1759.0,8156.0
8118,44618.0,42746.0,42859.0,36468.0,1872.0,1759.0,8150.0
8119,44618.0,42747.0,42861.0,36468.0,1871.0,1757.0,8150.0
8120,44618.0,42749.0,42861.0,36473.0,1869.0,1757.0,8145.0
8121,44618.0,42749.0,42862.0,36476.0,1869.0,1756.0,8142.0
8122,44618.0,42750.0,42863.0,36480.0,1868.0,1755.0,8138.0
8123,44618.0,42750.0,42863.0,36486.0,1868.0,1755.0,8132.0
8124,44618.0,42752.0,42865.0,36486.0,1866.0,1753.0,8132.0
8125,44618.0,42756.0,42865.0,36486.0,1862.0,1753.0,8132.0
8126,44618.0,42759.0,42867.0,36492.0,1859.0,1751.0,8126.0
8127,44618.0,42760.0,42867.0,36502.0,1858.0,1751.0,8116.0
8128,44618.0,42760.0,42867.0,36504.0,1858.0,1751.0,8114.0
8129,44618.0,42765.0,42867.0,36504.0,1853.0,1751.0,8114.0
8130,44618.0,42766.0,42872.0,36511.0,1852.0,1746.0,8107.0
8131,44618.0,42769.0,42872.0,36513.0,1849.0,1746.0,8105.0
8132,44618.0,42769.0,42874.0,36522.0,1849.0,1744.0,8096.0
8133,44618.0,42771.0,42874.0,36522.0,1847.0,1744.0,8096.0
8134,44618.0,42777.0,42875.0,36526.0,1841.0,1743.0,8092.0
8135,44618.0,42778.0,42875.0,36531.0,1840.0,1743.0,8087.0
8136,44618.0,42778.0,42875.0,36531.0,1840.0,1743.0,8087.0
8137,44618.0,42778.0,42875.0,36531.0,1840.0,1743.0,8087.0
8138,44618.0,42778.0,42875.0,36545.0,1840.0,1743.0,8073.0
8139,44618.0,42782.0,42881.0,36547.0,1836.0,1737.0,8071.0
8140,44618.0,42787.0,42886.0,36547.0,1831.0,1732.0,8071.0
8141,44618.0,42792.0,42886.0,36561.0,1826.0,1732.0,8057.0
8142,44618.0,42793.0,42886.0,36561.0,1825.0,1732.0,8057.0
8143,44618.0,42807.0,42886.0,36562.0,1811.0,1732.0,8056.0
8144,44618.0,42826.0,42886.0,36571.0,1792.0,1732.0,8047.0
8145,44618.0,42829.0,42886.0,36580.0,1789.0,1732.0,8038.0
8146,44618.0,42830.0,42886.0,36580.0,1788.0,1732.0,8038.0
8147,44618.0,42830.0,42893.0,36586.0,1788.0,1725.0,8032.0
8148,44618.0,42830.0,42893.0,36593.0,1788.0,1725.0,8025.0
8149,44618.0,42834.0,42896.0,36603.0,1784.0,1722.0,8015.0
8150,44618.0,42843.0,42898.0,36603.0,1775.0,1720.0,8015.0
8151,44618.0,42849.0,42898.0,36611.0,1769.0,1720.0,8007.0
8152,44618.0,42851.0,42900.0,36614.0,1767.0,1718.0,8004.0
8153,44618.0,42852.0,42900.0,36624.0,1766.0,1718.0,7994.0
8154,44618.0,42852.0,42901.0,36636.0,1766.0,1717.0,7982.0
8155,44618.0,42855.0,42901.0,36639.0,1763.0,1717.0,7979.0
8156,44618.0,42856.0,42903.0,36644.0,1762.0,1715.0,7974.0
8157,44618.0,42856.0,42903.0,36655.0,1762.0,1715.0,7963.0
8158,44618.0,42856.0,42905.0,36655.0,1762.0,1713.0,7963.0
8159,44618.0,42857.0,42906.0,36655.0,1761.0,1712.0,7963.0
8160,44618.0,42859.0,42908.0,36656.0,1759.0,1710.0,7962.0
8161,44618.0,42871.0,42908.0,36661.0,1747.0,1710.0,7957.0
8162,44618.0,42872.0,42911.0,36669.0,1746.0,1707.0,7949.0
8163,44618.0,42872.0,42914.0,36670.0,1746.0,1704.0,7948.0
8164,44618.0,42876.0,42914.0,36675.0,1742.0,1704.0,7943.0
8165,44618.0,42877.0,42915.0,36675.0,1741.0,1703.0,7943.0
8166,44618.0,42877.0,42917.0,36676.0,1741.0,1701.0,7942.0
8167,44618.0,42879.0,42918.0,36683.0,1739.0,1700.0,7935.0
8168,44618.0,42880.0,42918.0,36685.0,1738.0,1700.0,7933.0
8169,44618.0,42880.0,42918.0,36687.0,1738.0,1700.0,7931.0
8170,44618.0,42892.0,42918.0,36690.0,1726.0,1700.0,7928.0
8171,44618.0,42894.0,42919.0,36691.0,1724.0,1699.0,7927.0
8172,44618.0,42899.0,42919.0,36701.0,1719.0,1699.0,7917.0
8173,44618.0,42900.0,42919.0,36707.0,1718.0,1699.0,7911.0
8174,44618.0,42900.0,42919.0,36717.0,1718.0,1699.0,7901.0
8175,44618.0,42901.0,42919.0,36726.0,1717.0,1699.0,7892.0
8176,44618.0,42903.0,42919.0,36726.0,1715.0,1699.0,7892.0
8177,44618.0,42912.0,42929.0,36726.0,1706.0,1689.0,7892.0
8178,44618.0,42912.0,42929.0,36726.0,1706.0,1689.0,7892.0
8179,44618.0,42912.0,42929.0,36732.0,1706.0,1689.0,7886.0
8180,44618.0,42913.0,42929.0,36737.0,1705.0,1689.0,7881.0
8181,44618.0,42913.0,42931.0,36747.0,1705.0,1687.0,7871.0
8182,44618.0,42913.0,42931.0,36765.0,1705.0,1687.0,7853.0
8183,44618.0,42914.0,42931.0,36766.0,1704.0,1687.0,7852.0
8184,44618.0,42916.0,42935.0,36766.0,1702.0,1683.0,7852.0
8185,44618.0,42918.0,42937.0,36768.0,1700.0,1681.0,7850.0
8186,44618.0,42922.0,42937.0,36772.0,1696.0,1681.0,7846.0
8187,44618.0,42925.0,42938.0,36777.0,1693.0,1680.0,7841.0
8188,44618.0,42925.0,42946.0,36787.0,1693.0,1672.0,7831.0
8189,44618.0,42925.0,42949.0,36788.0,1693.0,1669.0,7830.0
8190,44618.0,42928.0,42950.0,36795.0,1690.0,1668.0,7823.0
8191,44618.0,42928.0,42954.0,36799.0,1690.0,1664.0,7819.0
8192,44618.0,42940.0,42959.0,36804.0,1678.0,1659.0,7814.0
8193,44618.0,42940.0,42959.0,36804.0,1678.0,1659.0,7814.0
8194,44618.0,42941.0,42963.0,36804.0,1677.0,1655.0,7814.0
8195,44618.0,42941.0,42964.0,36809.0,1677.0,1654.0,7809.0
8196,44618.0,42945.0,42964.0,36818.0,1673.0,1654.0,7800.0
8197,44618.0,42948.0,42964.0,36820.0,1670.0,1654.0,7798.0
8198,44618.0,42950.0,42970.0,36826.0,1668.0,1648.0,7792.0
8199,44618.0,42951.0,42971.0,36832.0,1667.0,1647.0,7786.0
8200,44618.0,42951.0,42973.0,36832.0,1667.0,1645.0,7786.0
8201,44618.0,42953.0,42973.0,36835.0,1665.0,1645.0,7783.0
8202,44618.0,42953.0,42973.0,36835.0,1665.0,1645.0,7783.0
8203,44618.0,42955.0,42973.0,36835.0,1663.0,1645.0,7783.0
8204,44618.0,42955.0,42982.0,36842.0,1663.0,1636.0,7776.0
8205,44618.0,42958.0,42982.0,36848.0,1660.0,1636.0,7770.0
8206,44618.0,42961.0,42983.0,36848.0,1657.0,1635.0,7770.0
8207,44618.0,42962.0,42984.0,36858.0,1656.0,1634.0,7760.0
8208,44618.0,42962.0,42984.0,36861.0,1656.0,1634.0,7757.0
8209,44618.0,42962.0,42984.0,36861.0,1656.0,1634.0,7757.0
8210,44618.0,42962.0,42985.0,36862.0,1656.0,1633.0,7756.0
8211,44618.0,42967.0,42986.0,36874.0,1651.0,1632.0,7744.0
8212,44618.0,42967.0,42987.0,36878.0,1651.0,1631.0,7740.0
8213,44618.0,42968.0,42987.0,36889.0,1650.0,1631.0,7729.0
8214,44618.0,42973.0,42989.0,36895.0,1645.0,1629.0,7723.0
8215,44618.0,42981.0,42994.0,36895.0,1637.0,1624.0,7723.0
8216,44618.0,42983.0,42997.0,36905.0,1635.0,1621.0,7713.0
8217,44618.0,42985.0,42997.0,36914.0,1633.0,1621.0,7704.0
8218,44618.0,42986.0,43007.0,36914.0,1632.0,1611.0,7704.0
8219,44618.0,42990.0,43009.0,36921.0,1628.0,1609.0,7697.0
8220,44618.0,42990.0,43013.0,36921.0,1628.0,1605.0,7697.0
8221,44618.0,42995.0,43013.0,36927.0,1623.0,1605.0,7691.0
8222,44618.0,43000.0,43020.0,36928.0,1618.0,1598.0,7690.0
8223,44618.0,43000.0,43022.0,36930.0,1618.0,1596.0,7688.0
8224,44618.0,43005.0,43024.0,36934.0,1613.0,1594.0,7684.0
8225,44618.0,43006.0,43024.0,36937.0,1612.0,1594.0,7681.0
8226,44618.0,43007.0,43027.0,36937.0,1611.0,1591.0,7681.0
8227,44618.0,43010.0,43030.0,36937.0,1608.0,1588.0,7681.0
8228,44618.0,43018.0,43030.0,36937.0,1600.0,1588.0,7681.0
8229,44618.0,43018.0,43034.0,36938.0,1600.0,1584.0,7680.0
8230,44618.0,43028.0,43034.0,36946.0,1590.0,1584.0,7672.0
8231,44618.0,43039.0,43034.0,36946.0,1579.0,1584.0,7672.0
8232,44618.0,43044.0,43034.0,36950.0,1574.0,1584.0,7668.0
8233,44618.0,43046.0,43034.0,36953.0,1572.0,1584.0,7665.0
8234,44618.0,43048.0,43036.0,36955.0,1570.0,1582.0,7663.0
8235,44618.0,43056.0,43036.0,36955.0,1562.0,1582.0,7663.0
8236,44618.0,43056.0,43044.0,36955.0,1562.0,1574.0,7663.0
8237,44618.0,43056.0,43045.0,36963.0,1562.0,1573.0,7655.0
8238,44618.0,43056.0,43046.0,36964.0,1562.0,1572.0,7654.0
8239,44618.0,43058.0,43047.0,36966.0,1560.0,1571.0,7652.0
8240,44618.0,43062.0,43047.0,36973.0,1556.0,1571.0,7645.0
8241,44618.0,43066.0,43047.0,36974.0,1552.0,1571.0,7644.0
8242,44618.0,43070.0,43047.0,36977.0,1548.0,1571.0,7641.0
8243,44618.0,43070.0,43048.0,36980.0,1548.0,1570.0,7638.0
8244,44618.0,43075.0,43049.0,36982.0,1543.0,1569.0,7636.0
8245,44618.0,43077.0,43049.0,36982.0,1541.0,1569.0,7636.0
8246,44618.0,43079.0,43053.0,36983.0,1539.0,1565.0,7635.0
8247,44618.0,43079.0,43053.0,36983.0,1539.0,1565.0,7635.0
8248,44618.0,43083.0,43053.0,36983.0,1535.0,1565.0,7635.0
8249,44618.0,43095.0,43053.0,36987.0,1523.0,1565.0,7631.0
8250,44618.0,43096.0,43054.0,36989.0,1522.0,1564.0,7629.0
8251,44618.0,43096.0,43054.0,37002.0,1522.0,1564.0,7616.0
8252,44618.0,43096.0,43059.0,37013.0,1522.0,1559.0,7605.0
8253,44618.0,43098.0,43069.0,37019.0,1520.0,1549.0,7599.0
8254,44618.0,43106.0,43069.0,37019.0,1512.0,1549.0,7599.0
8255,44618.0,43106.0,43070.0,37025.0,1512.0,1548.0,7593.0
8256,44618.0,43107.0,43070.0,37037.0,1511.0,1548.0,7581.0
8257,44618.0,43107.0,43070.0,37038.0,1511.0,1548.0,7580.0
8258,44618.0,43113.0,43070.0,37045.0,1505.0,1548.0,7573.0
8259,44618.0,43117.0,43075.0,37056.0,1501.0,1543.0,7562.0
8260,44618.0,43119.0,43075.0,37060.0,1499.0,1543.0,7558.0
8261,44618.0,43121.0,43081.0,37062.0,1497.0,1537.0,7556.0
8262,44618.0,43121.0,43084.0,37076.0,1497.0,1534.0,7542.0
8263,44618.0,43125.0,43084.0,37083.0,1493.0,1534.0,7535.0
8264,44618.0,43132.0,43084.0,37095.0,1486.0,1534.0,7523.0
8265,44618.0,43132.0,43084.0,37107.0,1486.0,1534.0,7511.0
8266,44618.0,43133.0,43088.0,37128.0,1485.0,1530.0,7490.0
8267,44618.0,43134.0,43089.0,37130.0,1484.0,1529.0,7488.0
8268,44618.0,43134.0,43091.0,37131.0,1484.0,1527.0,7487.0
8269,44618.0,43134.0,43091.0,37131.0,1484.0,1527.0,7487.0
8270,44618.0,43134.0,43093.0,37131.0,1484.0,1525.0,7487.0
8271,44618.0,43134.0,43093.0,37132.0,1484.0,1525.0,7486.0
8272,44618.0,43135.0,43094.0,37139.0,1483.0,1524.0,7479.0
8273,44618.0,43135.0,43094.0,37140.0,1483.0,1524.0,7478.0
8274,44618.0,43143.0,43100.0,37146.0,1475.0,1518.0,7472.0
8275,44618.0,43144.0,43100.0,37156.0,1474.0,1518.0,7462.0
8276,44618.0,43151.0,43100.0,37159.0,1467.0,1518.0,7459.0
8277,44618.0,43152.0,43100.0,37165.0,1466.0,1518.0,7453.0
8278,44618.0,43152.0,43100.0,37165.0,1466.0,1518.0,7453.0
8279,44618.0,43152.0,43104.0,37175.0,1466.0,1514.0,7443.0
8280,44618.0,43152.0,43104.0,37181.0,1466.0,1514.0,7437.0
8281,44618.0,43152.0,43104.0,37185.0,1466.0,1514.0,7433.0
8282,44618.0,43158.0,43111.0,37198.0,1460.0,1507.0,7420.0
8283,44618.0,43158.0,43112.0,37211.0,1460.0,1506.0,7407.0
8284,44618.0,43159.0,43123.0,37218.0,1459.0,1495.0,7400.0
8285,44618.0,43159.0,43123.0,37224.0,1459.0,1495.0,7394.0
8286,44618.0,43163.0,43124.0,37226.0,1455.0,1494.0,7392.0
8287,44618.0,43163.0,43125.0,37233.0,1455.0,1493.0,7385.0
8288,44618.0,43177.0,43125.0,37233.0,1441.0,1493.0,7385.0
8289,44618.0,43178.0,43125.0,37237.0,1440.0,1493.0,7381.0
8290,44618.0,43181.0,43129.0,37239.0,1437.0,1489.0,7379.0
8291,44618.0,43181.0,43129.0,37249.0,1437.0,1489.0,7369.0
8292,44618.0,43184.0,43129.0,37255.0,1434.0,1489.0,7363.0
8293,44618.0,43191.0,43129.0,37255.0,1427.0,1489.0,7363.0
8294,44618.0,43191.0,43129.0,37258.0,1427.0,1489.0,7360.0
8295,44618.0,43197.0,43129.0,37266.0,1421.0,1489.0,7352.0
8296,44618.0,43200.0,43130.0,37273.0,1418.0,1488.0,7345.0
8297,44618.0,43205.0,43130.0,37280.0,1413.0,1488.0,7338.0
8298,44618.0,43205.0,43130.0,37284.0,1413.0,1488.0,7334.0
8299,44618.0,43205.0,43130.0,37294.0,1413.0,1488.0,7324.0
8300,44618.0,43211.0,43130.0,37304.0,1407.0,1488.0,7314.0
8301,44618.0,43211.0,43136.0,37304.0,1407.0,1482.0,7314.0
8302,44618.0,43211.0,43136.0,37305.0,1407.0,1482.0,7313.0
8303,44618.0,43211.0,43139.0,37305.0,1407.0,1479.0,7313.0
8304,44618.0,43211.0,43141.0,37312.0,1407.0,1477.0,7306.0
8305,44618.0,43212.0,43141.0,37316.0,1406.0,1477.0,7302.0
8306,44618.0,43212.0,43144.0,37321.0,1406.0,1474.0,7297.0
8307,44618.0,43212.0,43144.0,37335.0,1406.0,1474.0,7283.0
8308,44618.0,43212.0,43146.0,37347.0,1406.0,1472.0,7271.0
8309,44618.0,43212.0,43146.0,37347.0,1406.0,1472.0,7271.0
8310,44618.0,43212.0,43146.0,37349.0,1406.0,1472.0,7269.0
8311,44618.0,43215.0,43146.0,37349.0,1403.0,1472.0,7269.0
8312,44618.0,43218.0,43146.0,37354.0,1400.0,1472.0,7264.0
8313,44618.0,43218.0,43146.0,37357.0,1400.0,1472.0,7261.0
8314,44618.0,43218.0,43146.0,37360.0,1400.0,1472.0,7258.0
8315,44618.0,43227.0,43147.0,37366.0,1391.0,1471.0,7252.0
8316,44618.0,43227.0,43147.0,37368.0,1391.0,1471.0,7250.0
8317,44618.0,43227.0,43150.0,37368.0,1391.0,1468.0,7250.0
8318,44618.0,43231.0,43151.0,37379.0,1387.0,1467.0,7239.0
8319,44618.0,43231.0,43151.0,37389.0,1387.0,1467.0,7229.0
8320,44618.0,43231.0,43151.0,37389.0,1387.0,1467.0,7229.0
8321,44618.0,43234.0,43152.0,37393.0,1384.0,1466.0,7225.0
8322,44618.0,43234.0,43153.0,37393.0,1384.0,1465.0,7225.0
8323,44618.0,43234.0,43156.0,37397.0,1384.0,1462.0,7221.0
8324,44618.0,43234.0,43156.0,37408.0,1384.0,1462.0,7210.0
8325,44618.0,43235.0,43156.0,37416.0,1383.0,1462.0,7202.0
8326,44618.0,43235.0,43156.0,37419.0,1383.0,1462.0,7199.0
8327,44618.0,43241.0,43156.0,37421.0,1377.0,1462.0,7197.0
8328,44618.0,43248.0,43156.0,37424.0,1370.0,1462.0,7194.0
8329,44618.0,43252.0,43157.0,37425.0,1366.0,1461.0,7193.0
8330,44618.0,43252.0,43161.0,37436.0,1366.0,1457.0,7182.0
8331,44618.0,43254.0,43161.0,37441.0,1364.0,1457.0,7177.0
8332,44618.0,43254.0,43163.0,37453.0,1364.0,1455.0,7165.0
8333,44618.0,43260.0,43164.0,37457.0,1358.0,1454.0,7161.0
8334,44618.0,43265.0,43169.0,37463.0,1353.0,1449.0,7155.0
8335,44618.0,43265.0,43171.0,37463.0,1353.0,1447.0,7155.0
8336,44618.0,43265.0,43173.0,37470.0,1353.0,1445.0,7148.0
8337,44618.0,43273.0,43173.0,37473.0,1345.0,1445.0,7145.0
8338,44618.0,43273.0,43173.0,37477.0,1345.0,1445.0,7141.0
8339,44618.0,43280.0,43175.0,37480.0,1338.0,1443.0,7138.0
8340,44618.0,43280.0,43180.0,37491.0,1338.0,1438.0,7127.0
8341,44618.0,43280.0,43180.0,37498.0,1338.0,1438.0,7120.0
8342,44618.0,43291.0,43184.0,37505.0,1327.0,1434.0,7113.0
8343,44618.0,43291.0,43185.0,37506.0,1327.0,1433.0,7112.0
8344,44618.0,43295.0,43186.0,37507.0,1323.0,1432.0,7111.0
8345,44618.0,43295.0,43186.0,37507.0,1323.0,1432.0,7111.0
8346,44618.0,43305.0,43188.0,37507.0,1313.0,1430.0,7111.0
8347,44618.0,43305.0,43188.0,37507.0,1313.0,1430.0,7111.0
8348,44618.0,43305.0,43189.0,37513.0,1313.0,1429.0,7105.0
8349,44618.0,43305.0,43191.0,37524.0,1313.0,1427.0,7094.0
8350,44618.0,43306.0,43194.0,37524.0,1312.0,1424.0,7094.0
8351,44618.0,43306.0,43195.0,37524.0,1312.0,1423.0,7094.0
8352,44618.0,43306.0,43203.0,37524.0,1312.0,1415.0,7094.0
8353,44618.0,43307.0,43203.0,37525.0,1311.0,1415.0,7093.0
8354,44618.0,43316.0,43205.0,37532.0,1302.0,1413.0,7086.0
8355,44618.0,43317.0,43205.0,37543.0,1301.0,1413.0,7075.0
8356,44618.0,43322.0,43205.0,37545.0,1296.0,1413.0,7073.0
8357,44618.0,43322.0,43209.0,37551.0,1296.0,1409.0,7067.0
8358,44618.0,43325.0,43211.0,37560.0,1293.0,1407.0,7058.0
8359,44618.0,43330.0,43211.0,37562.0,1288.0,1407.0,7056.0
8360,44618.0,43330.0,43211.0,37564.0,1288.0,1407.0,7054.0
8361,44618.0,43330.0,43211.0,37565.0,1288.0,1407.0,7053.0
8362,44618.0,43330.0,43212.0,37565.0,1288.0,1406.0,7053.0
8363,44618.0,43330.0,43214.0,37566.0,1288.0,1404.0,7052.0
8364,44618.0,43337.0,43216.0,37587.0,1281.0,1402.0,7031.0
8365,44618.0,43338.0,43217.0,37587.0,1280.0,1401.0,7031.0
8366,44618.0,43339.0,43221.0,37593.0,1279.0,1397.0,7025.0
8367,44618.0,43339.0,43223.0,37602.0,1279.0,1395.0,7016.0
8368,44618.0,43339.0,43225.0,37610.0,1279.0,1393.0,7008.0
8369,44618.0,43339.0,43225.0,37616.0,1279.0,1393.0,7002.0
8370,44618.0,43339.0,43225.0,37623.0,1279.0,1393.0,6995.0
8371,44618.0,43340.0,43237.0,37629.0,1278.0,1381.0,6989.0
8372,44618.0,43344.0,43239.0,37636.0,1274.0,1379.0,6982.0
8373,44618.0,43344.0,43239.0,37637.0,1274.0,1379.0,6981.0
8374,44618.0,43344.0,43239.0,37637.0,1274.0,1379.0,6981.0
8375,44618.0,43345.0,43245.0,37639.0,1273.0,1373.0,6979.0
8376,44618.0,43350.0,43246.0,37650.0,1268.0,1372.0,6968.0
8377,44618.0,43354.0,43246.0,37654.0,1264.0,1372.0,6964.0
8378,44618.0,43354.0,43247.0,37660.0,1264.0,1371.0,6958.0
8379,44618.0,43354.0,43247.0,37660.0,1264.0,1371.0,6958.0
8380,44618.0,43354.0,43249.0,37665.0,1264.0,1369.0,6953.0
8381,44618.0,43354.0,43251.0,37665.0,1264.0,1367.0,6953.0
8382,44618.0,43354.0,43261.0,37671.0,1264.0,1357.0,6947.0
8383,44618.0,43359.0,43263.0,37671.0,1259.0,1355.0,6947.0
8384,44618.0,43359.0,43267.0,37671.0,1259.0,1351.0,6947.0
8385,44618.0,43369.0,43269.0,37672.0,1249.0,1349.0,6946.0
8386,44618.0,43371.0,43270.0,37673.0,1247.0,1348.0,6945.0
8387,44618.0,43376.0,43274.0,37686.0,1242.0,1344.0,6932.0
8388,44618.0,43376.0,43281.0,37686.0,1242.0,1337.0,6932.0
8389,44618.0,43376.0,43282.0,37688.0,1242.0,1336.0,6930.0
8390,44618.0,43376.0,43282.0,37688.0,1242.0,1336.0,6930.0
8391,44618.0,43382.0,43294.0,37696.0,1236.0,1324.0,6922.0
8392,44618.0,43383.0,43294.0,37696.0,1235.0,1324.0,6922.0
8393,44618.0,43384.0,43294.0,37697.0,1234.0,1324.0,6921.0
8394,44618.0,43384.0,43297.0,37707.0,1234.0,1321.0,6911.0
8395,44618.0,43384.0,43297.0,37708.0,1234.0,1321.0,6910.0
8396,44618.0,43387.0,43297.0,37708.0,1231.0,1321.0,6910.0
8397,44618.0,43389.0,43297.0,37712.0,1229.0,1321.0,6906.0
8398,44618.0,43389.0,43297.0,37712.0,1229.0,1321.0,6906.0
8399,44618.0,43392.0,43299.0,37717.0,1226.0,1319.0,6901.0
8400,44618.0,43392.0,43301.0,37722.0,1226.0,1317.0,6896.0
8401,44618.0,43392.0,43301.0,37734.0,1226.0,1317.0,6884.0
8402,44618.0,43394.0,43301.0,37740.0,1224.0,1317.0,6878.0
8403,44618.0,43394.0,43301.0,37748.0,1224.0,1317.0,6870.0
8404,44618.0,43394.0,43302.0,37751.0,1224.0,1316.0,6867.0
8405,44618.0,43396.0,43304.0,37756.0,1222.0,1314.0,6862.0
8406,44618.0,43396.0,43307.0,37757.0,1222.0,1311.0,6861.0
8407,44618.0,43396.0,43311.0,37757.0,1222.0,1307.0,6861.0
8408,44618.0,43396.0,43311.0,37759.0,1222.0,1307.0,6859.0
8409,44618.0,43396.0,43312.0,37765.0,1222.0,1306.0,6853.0
8410,44618.0,43396.0,43315.0,37768.0,1222.0,1303.0,6850.0
8411,44618.0,43396.0,43317.0,37775.0,1222.0,1301.0,6843.0
8412,44618.0,43407.0,43317.0,37785.0,1211.0,1301.0,6833.0
8413,44618.0,43412.0,43321.0,37785.0,1206.0,1297.0,6833.0
8414,44618.0,43412.0,43321.0,37788.0,1206.0,1297.0,6830.0
8415,44618.0,43416.0,43322.0,37788.0,1202.0,1296.0,6830.0
8416,44618.0,43416.0,43329.0,37790.0,1202.0,1289.0,6828.0
8417,44618.0,43416.0,43333.0,37801.0,1202.0,1285.0,6817.0
8418,44618.0,43425.0,43333.0,37813.0,1193.0,1285.0,6805.0
8419,44618.0,43434.0,43333.0,37813.0,1184.0,1285.0,6805.0
8420,44618.0,43439.0,43336.0,37813.0,1179.0,1282.0,6805.0
8421,44618.0,43439.0,43336.0,37813.0,1179.0,1282.0,6805.0
8422,44618.0,43441.0,43338.0,37818.0,1177.0,1280.0,6800.0
8423,44618.0,43441.0,43338.0,37820.0,1177.0,1280.0,6798.0
8424,44618.0,43442.0,43339.0,37820.0,1176.0,1279.0,6798.0
8425,44618.0,43457.0,43339.0,37820.0,1161.0,1279.0,6798.0
8426,44618.0,43462.0,43346.0,37823.0,1156.0,1272.0,6795.0
8427,44618.0,43462.0,43346.0,37823.0,1156.0,1272.0,6795.0
8428,44618.0,43462.0,43348.0,37823.0,1156.0,1270.0,6795.0
8429,44618.0,43467.0,43358.0,37823.0,1151.0,1260.0,6795.0
8430,44618.0,43467.0,43358.0,37833.0,1151.0,1260.0,6785.0
8431,44618.0,43467.0,43358.0,37837.0,1151.0,1260.0,6781.0
8432,44618.0,43469.0,43359.0,37844.0,1149.0,1259.0,6774.0
8433,44618.0,43474.0,43359.0,37853.0,1144.0,1259.0,6765.0
8434,44618.0,43475.0,43361.0,37858.0,1143.0,1257.0,6760.0
8435,44618.0,43475.0,43361.0,37868.0,1143.0,1257.0,6750.0
8436,44618.0,43476.0,43361.0,37871.0,1142.0,1257.0,6747.0
8437,44618.0,43477.0,43373.0,37872.0,1141.0,1245.0,6746.0
8438,44618.0,43477.0,43375.0,37872.0,1141.0,1243.0,6746.0
8439,44618.0,43478.0,43375.0,37881.0,1140.0,1243.0,6737.0
8440,44618.0,43478.0,43376.0,37882.0,1140.0,1242.0,6736.0
8441,44618.0,43488.0,43376.0,37895.0,1130.0,1242.0,6723.0
8442,44618.0,43495.0,43376.0,37901.0,1123.0,1242.0,6717.0
8443,44618.0,43497.0,43378.0,37902.0,1121.0,1240.0,6716.0
8444,44618.0,43511.0,43380.0,37911.0,1107.0,1238.0,6707.0
8445,44618.0,43512.0,43380.0,37917.0,1106.0,1238.0,6701.0
8446,44618.0,43513.0,43381.0,37928.0,1105.0,1237.0,6690.0
8447,44618.0,43513.0,43381.0,37944.0,1105.0,1237.0,6674.0
8448,44618.0,43513.0,43384.0,37944.0,1105.0,1234.0,6674.0
8449,44618.0,43518.0,43384.0,37957.0,1100.0,1234.0,6661.0
8450,44618.0,43518.0,43388.0,37968.0,1100.0,1230.0,6650.0
8451,44618.0,43519.0,43388.0,37968.0,1099.0,1230.0,6650.0
8452,44618.0,43531.0,43388.0,37978.0,1087.0,1230.0,6640.0
8453,44618.0,43531.0,43389.0,37984.0,1087.0,1229.0,6634.0
8454,44618.0,43531.0,43389.0,37984.0,1087.0,1229.0,6634.0
8455,44618.0,43531.0,43390.0,37987.0,1087.0,1228.0,6631.0
8456,44618.0,43536.0,43390.0,37988.0,1082.0,1228.0,6630.0
8457,44618.0,43536.0,43394.0,37988.0,1082.0,1224.0,6630.0
8458,44618.0,43537.0,43394.0,37989.0,1081.0,1224.0,6629.0
8459,44618.0,43538.0,43396.0,37994.0,1080.0,1222.0,6624.0
8460,44618.0,43544.0,43396.0,37996.0,1074.0,1222.0,6622.0
8461,44618.0,43546.0,43398.0,38004.0,1072.0,1220.0,6614.0
8462,44618.0,43548.0,43401.0,38007.0,1070.0,1217.0,6611.0
8463,44618.0,43549.0,43404.0,38015.0,1069.0,1214.0,6603.0
8464,44618.0,43550.0,43405.0,38017.0,1068.0,1213.0,6601.0
8465,44618.0,43550.0,43405.0,38017.0,1068.0,1213.0,6601.0
8466,44618.0,43550.0,43406.0,38020.0,1068.0,1212.0,6598.0
8467,44618.0,43550.0,43409.0,38025.0,1068.0,1209.0,6593.0
8468,44618.0,43554.0,43410.0,38025.0,1064.0,1208.0,6593.0
8469,44618.0,43557.0,43413.0,38036.0,1061.0,1205.0,6582.0
8470,44618.0,43557.0,43413.0,38036.0,1061.0,1205.0,6582.0
8471,44618.0,43558.0,43414.0,38036.0,1060.0,1204.0,6582.0
8472,44618.0,43558.0,43414.0,38038.0,1060.0,1204.0,6580.0
8473,44618.0,43559.0,43424.0,38038.0,1059.0,1194.0,6580.0
8474,44618.0,43559.0,43427.0,38038.0,1059.0,1191.0,6580.0
8475,44618.0,43559.0,43430.0,38040.0,1059.0,1188.0,6578.0
8476,44618.0,43559.0,43430.0,38047.0,1059.0,1188.0,6571.0
8477,44618.0,43559.0,43430.0,38059.0,1059.0,1188.0,6559.0
8478,44618.0,43559.0,43430.0,38068.0,1059.0,1188.0,6550.0
8479,44618.0,43559.0,43430.0,38068.0,1059.0,1188.0,6550.0
8480,44618.0,43560.0,43433.0,38069.0,1058.0,1185.0,6549.0
8481,44618.0,43560.0,43436.0,38070.0,1058.0,1182.0,6548.0
8482,44618.0,43560.0,43444.0,38076.0,1058.0,1174.0,6542.0
8483,44618.0,43562.0,43446.0,38076.0,1056.0,1172.0,6542.0
8484,44618.0,43564.0,43446.0,38076.0,1054.0,1172.0,6542.0
8485,44618.0,43565.0,43450.0,38078.0,1053.0,1168.0,6540.0
8486,44618.0,43566.0,43450.0,38081.0,1052.0,1168.0,6537.0
8487,44618.0,43569.0,43450.0,38085.0,1049.0,1168.0,6533.0
8488,44618.0,43574.0,43450.0,38085.0,1044.0,1168.0,6533.0
8489,44618.0,43574.0,43455.0,38094.0,1044.0,1163.0,6524.0
8490,44618.0,43576.0,43455.0,38101.0,1042.0,1163.0,6517.0
8491,44618.0,43576.0,43455.0,38106.0,1042.0,1163.0,6512.0
8492,44618.0,43576.0,43455.0,38106.0,1042.0,1163.0,6512.0
8493,44618.0,43576.0,43455.0,38110.0,1042.0,1163.0,6508.0
8494,44618.0,43577.0,43455.0,38110.0,1041.0,1163.0,6508.0
8495,44618.0,43577.0,43455.0,38110.0,1041.0,1163.0,6508.0
8496,44618.0,43577.0,43457.0,38110.0,1041.0,1161.0,6508.0
8497,44618.0,43577.0,43457.0,38110.0,1041.0,1161.0,6508.0
8498,44618.0,43577.0,43461.0,38114.0,1041.0,1157.0,6504.0
8499,44618.0,43577.0,43461.0,38121.0,1041.0,1157.0,6497.0
8500,44618.0,43577.0,43461.0,38128.0,1041.0,1157.0,6490.0
8501,44618.0,43577.0,43465.0,38133.0,1041.0,1153.0,6485.0
8502,44618.0,43578.0,43466.0,38136.0,1040.0,1152.0,6482.0
8503,44618.0,43586.0,43466.0,38146.0,1032.0,1152.0,6472.0
8504,44618.0,43591.0,43467.0,38156.0,1027.0,1151.0,6462.0
8505,44618.0,43593.0,43471.0,38156.0,1025.0,1147.0,6462.0
8506,44618.0,43594.0,43471.0,38156.0,1024.0,1147.0,6462.0
8507,44618.0,43595.0,43473.0,38169.0,1023.0,1145.0,6449.0
8508,44618.0,43595.0,43480.0,38174.0,1023.0,1138.0,6444.0
8509,44618.0,43595.0,43482.0,38178.0,1023.0,1136.0,6440.0
8510,44618.0,43595.0,43496.0,38182.0,1023.0,1122.0,6436.0
8511,44618.0,43595.0,43497.0,38182.0,1023.0,1121.0,6436.0
8512,44618.0,43595.0,43497.0,38184.0,1023.0,1121.0,6434.0
8513,44618.0,43595.0,43497.0,38189.0,1023.0,1121.0,6429.0
8514,44618.0,43595.0,43497.0,38199.0,1023.0,1121.0,6419.0
8515,44618.0,43595.0,43501.0,38204.0,1023.0,1117.0,6414.0
8516,44618.0,43595.0,43501.0,38211.0,1023.0,1117.0,6407.0
8517,44618.0,43595.0,43501.0,38217.0,1023.0,1117.0,6401.0
8518,44618.0,43601.0,43504.0,38223.0,1017.0,1114.0,6395.0
8519,44618.0,43602.0,43504.0,38226.0,1016.0,1114.0,6392.0
8520,44618.0,43603.0,43506.0,38228.0,1015.0,1112.0,6390.0
8521,44618.0,43603.0,43508.0,38237.0,1015.0,1110.0,6381.0
8522,44618.0,43605.0,43508.0,38245.0,1013.0,1110.0,6373.0
8523,44618.0,43605.0,43510.0,38250.0,1013.0,1108.0,6368.0
8524,44618.0,43607.0,43510.0,38250.0,1011.0,1108.0,6368.0
8525,44618.0,43607.0,43512.0,38250.0,1011.0,1106.0,6368.0
8526,44618.0,43607.0,43514.0,38254.0,1011.0,1104.0,6364.0
8527,44618.0,43615.0,43514.0,38257.0,1003.0,1104.0,6361.0
8528,44618.0,43620.0,43517.0,38270.0,998.0,1101.0,6348.0
8529,44618.0,43620.0,43518.0,38270.0,998.0,1100.0,6348.0
8530,44618.0,43621.0,43519.0,38278.0,997.0,1099.0,6340.0
8531,44618.0,43621.0,43519.0,38292.0,997.0,1099.0,6326.0
8532,44618.0,43624.0,43524.0,38303.0,994.0,1094.0,6315.0
8533,44618.0,43624.0,43526.0,38312.0,994.0,1092.0,6306.0
8534,44618.0,43628.0,43527.0,38317.0,990.0,1091.0,6301.0
8535,44618.0,43628.0,43527.0,38322.0,990.0,1091.0,6296.0
8536,44618.0,43628.0,43529.0,38322.0,990.0,1089.0,6296.0
8537,44618.0,43631.0,43529.0,38322.0,987.0,1089.0,6296.0
8538,44618.0,43631.0,43530.0,38332.0,987.0,1088.0,6286.0
8539,44618.0,43631.0,43530.0,38348.0,987.0,1088.0,6270.0
8540,44618.0,43631.0,43531.0,38359.0,987.0,1087.0,6259.0
8541,44618.0,43631.0,43532.0,38362.0,987.0,1086.0,6256.0
8542,44618.0,43631.0,43532.0,38369.0,987.0,1086.0,6249.0
8543,44618.0,43631.0,43533.0,38375.0,987.0,1085.0,6243.0
8544,44618.0,43631.0,43543.0,38375.0,987.0,1075.0,6243.0
8545,44618.0,43635.0,43543.0,38375.0,983.0,1075.0,6243.0
8546,44618.0,43637.0,43544.0,38377.0,981.0,1074.0,6241.0
8547,44618.0,43637.0,43544.0,38377.0,981.0,1074.0,6241.0
8548,44618.0,43643.0,43544.0,38379.0,975.0,1074.0,6239.0
8549,44618.0,43645.0,43549.0,38380.0,973.0,1069.0,6238.0
8550,44618.0,43645.0,43549.0,38380.0,973.0,1069.0,6238.0
8551,44618.0,43645.0,43551.0,38383.0,973.0,1067.0,6235.0
8552,44618.0,43646.0,43551.0,38383.0,972.0,1067.0,6235.0
8553,44618.0,43646.0,43554.0,38396.0,972.0,1064.0,6222.0
8554,44618.0,43646.0,43557.0,38398.0,972.0,1061.0,6220.0
8555,44618.0,43646.0,43558.0,38411.0,972.0,1060.0,6207.0
8556,44618.0,43647.0,43559.0,38411.0,971.0,1059.0,6207.0
8557,44618.0,43647.0,43562.0,38421.0,971.0,1056.0,6197.0
8558,44618.0,43649.0,43562.0,38423.0,969.0,1056.0,6195.0
8559,44618.0,43650.0,43563.0,38423.0,968.0,1055.0,6195.0
8560,44618.0,43650.0,43579.0,38423.0,968.0,1039.0,6195.0
8561,44618.0,43653.0,43579.0,38434.0,965.0,1039.0,6184.0
8562,44618.0,43653.0,43584.0,38434.0,965.0,1034.0,6184.0
8563,44618.0,43653.0,43584.0,38445.0,965.0,1034.0,6173.0
8564,44618.0,43653.0,43595.0,38445.0,965.0,1023.0,6173.0
8565,44618.0,43653.0,43595.0,38455.0,965.0,1023.0,6163.0
8566,44618.0,43653.0,43598.0,38457.0,965.0,1020.0,6161.0
8567,44618.0,43653.0,43599.0,38470.0,965.0,1019.0,6148.0
8568,44618.0,43653.0,43599.0,38479.0,965.0,1019.0,6139.0
8569,44618.0,43653.0,43601.0,38488.0,965.0,1017.0,6130.0
8570,44618.0,43658.0,43601.0,38494.0,960.0,1017.0,6124.0
8571,44618.0,43658.0,43601.0,38495.0,960.0,1017.0,6123.0
8572,44618.0,43658.0,43606.0,38507.0,960.0,1012.0,6111.0
8573,44618.0,43658.0,43607.0,38510.0,960.0,1011.0,6108.0
8574,44618.0,43658.0,43607.0,38516.0,960.0,1011.0,6102.0
8575,44618.0,43658.0,43610.0,38517.0,960.0,1008.0,6101.0
8576,44618.0,43658.0,43610.0,38521.0,960.0,1008.0,6097.0
8577,44618.0,43658.0,43611.0,38521.0,960.0,1007.0,6097.0
8578,44618.0,43658.0,43615.0,38521.0,960.0,1003.0,6097.0
8579,44618.0,43658.0,43615.0,38530.0,960.0,1003.0,6088.0
8580,44618.0,43658.0,43616.0,38537.0,960.0,1002.0,6081.0
8581,44618.0,43658.0,43616.0,38541.0,960.0,1002.0,6077.0
8582,44618.0,43662.0,43618.0,38543.0,956.0,1000.0,6075.0
8583,44618.0,43662.0,43628.0,38550.0,956.0,990.0,6068.0
8584,44618.0,43664.0,43628.0,38554.0,954.0,990.0,6064.0
8585,44618.0,43664.0,43629.0,38554.0,954.0,989.0,6064.0
8586,44618.0,43666.0,43630.0,38563.0,952.0,988.0,6055.0
8587,44618.0,43666.0,43630.0,38573.0,952.0,988.0,6045.0
8588,44618.0,43666.0,43641.0,38582.0,952.0,977.0,6036.0
8589,44618.0,43667.0,43641.0,38582.0,951.0,977.0,6036.0
8590,44618.0,43667.0,43641.0,38584.0,951.0,977.0,6034.0
8591,44618.0,43668.0,43647.0,38593.0,950.0,971.0,6025.0
8592,44618.0,43668.0,43659.0,38594.0,950.0,959.0,6024.0
8593,44618.0,43669.0,43659.0,38594.0,949.0,959.0,6024.0
8594,44618.0,43669.0,43660.0,38595.0,949.0,958.0,6023.0
8595,44618.0,43672.0,43661.0,38595.0,946.0,957.0,6023.0
8596,44618.0,43672.0,43662.0,38606.0,946.0,956.0,6012.0
8597,44618.0,43672.0,43665.0,38607.0,946.0,953.0,6011.0
8598,44618.0,43676.0,43669.0,38608.0,942.0,949.0,6010.0
8599,44618.0,43676.0,43682.0,38622.0,942.0,936.0,5996.0
8600,44618.0,43676.0,43686.0,38624.0,942.0,932.0,5994.0
8601,44618.0,43677.0,43693.0,38625.0,941.0,925.0,5993.0
8602,44618.0,43681.0,43693.0,38631.0,937.0,925.0,5987.0
8603,44618.0,43681.0,43698.0,38635.0,937.0,920.0,5983.0
8604,44618.0,43681.0,43699.0,38639.0,937.0,919.0,5979.0
8605,44618.0,43682.0,43700.0,38642.0,936.0,918.0,5976.0
8606,44618.0,43682.0,43700.0,38651.0,936.0,918.0,5967.0
8607,44618.0,43682.0,43702.0,38651.0,936.0,916.0,5967.0
8608,44618.0,43682.0,43703.0,38651.0,936.0,915.0,5967.0
8609,44618.0,43682.0,43703.0,38661.0,936.0,915.0,5957.0
8610,44618.0,43682.0,43704.0,38670.0,936.0,914.0,5948.0
8611,44618.0,43683.0,43704.0,38671.0,935.0,914.0,5947.0
8612,44618.0,43683.0,43704.0,38674.0,935.0,914.0,5944.0
8613,44618.0,43683.0,43704.0,38678.0,935.0,914.0,5940.0
8614,44618.0,43683.0,43704.0,38680.0,935.0,914.0,5938.0
8615,44618.0,43689.0,43704.0,38685.0,929.0,914.0,5933.0
8616,44618.0,43689.0,43704.0,38688.0,929.0,914.0,5930.0
8617,44618.0,43689.0,43704.0,38690.0,929.0,914.0,5928.0
8618,44618.0,43693.0,43705.0,38694.0,925.0,913.0,5924.0
8619,44618.0,43693.0,43705.0,38694.0,925.0,913.0,5924.0
8620,44618.0,43693.0,43725.0,38699.0,925.0,893.0,5919.0
8621,44618.0,43693.0,43725.0,38699.0,925.0,893.0,5919.0
8622,44618.0,43694.0,43725.0,38712.0,924.0,893.0,5906.0
8623,44618.0,43695.0,43726.0,38717.0,923.0,892.0,5901.0
8624,44618.0,43696.0,43726.0,38721.0,922.0,892.0,5897.0
8625,44618.0,43696.0,43731.0,38728.0,922.0,887.0,5890.0
8626,44618.0,43696.0,43734.0,38735.0,922.0,884.0,5883.0
8627,44618.0,43696.0,43734.0,38740.0,922.0,884.0,5878.0
8628,44618.0,43700.0,43734.0,38748.0,918.0,884.0,5870.0
8629,44618.0,43700.0,43734.0,38752.0,918.0,884.0,5866.0
8630,44618.0,43700.0,43734.0,38760.0,918.0,884.0,5858.0
8631,44618.0,43700.0,43746.0,38760.0,918.0,872.0,5858.0
8632,44618.0,43700.0,43746.0,38769.0,918.0,872.0,5849.0
8633,44618.0,43700.0,43755.0,38778.0,918.0,863.0,5840.0
8634,44618.0,43700.0,43756.0,38778.0,918.0,862.0,5840.0
8635,44618.0,43700.0,43756.0,38789.0,918.0,862.0,5829.0
8636,44618.0,43700.0,43756.0,38793.0,918.0,862.0,5825.0
8637,44618.0,43700.0,43767.0,38795.0,918.0,851.0,5823.0
8638,44618.0,43706.0,43767.0,38795.0,912.0,851.0,5823.0
8639,44618.0,43711.0,43767.0,38795.0,907.0,851.0,5823.0
8640,44618.0,43713.0,43767.0,38802.0,905.0,851.0,5816.0
8641,44618.0,43713.0,43767.0,38807.0,905.0,851.0,5811.0
8642,44618.0,43713.0,43767.0,38807.0,905.0,851.0,5811.0
8643,44618.0,43715.0,43767.0,38807.0,903.0,851.0,5811.0
8644,44618.0,43715.0,43767.0,38815.0,903.0,851.0,5803.0
8645,44618.0,43717.0,43775.0,38815.0,901.0,843.0,5803.0
8646,44618.0,43717.0,43775.0,38815.0,901.0,843.0,5803.0
8647,44618.0,43718.0,43775.0,38815.0,900.0,843.0,5803.0
8648,44618.0,43718.0,43776.0,38817.0,900.0,842.0,5801.0
8649,44618.0,43722.0,43776.0,38820.0,896.0,842.0,5798.0
8650,44618.0,43722.0,43776.0,38822.0,896.0,842.0,5796.0
8651,44618.0,43723.0,43776.0,38827.0,895.0,842.0,5791.0
8652,44618.0,43723.0,43777.0,38832.0,895.0,841.0,5786.0
8653,44618.0,43723.0,43779.0,38843.0,895.0,839.0,5775.0
8654,44618.0,43733.0,43791.0,38851.0,885.0,827.0,5767.0
8655,44618.0,43734.0,43791.0,38854.0,884.0,827.0,5764.0
8656,44618.0,43734.0,43791.0,38857.0,884.0,827.0,5761.0
8657,44618.0,43736.0,43791.0,38862.0,882.0,827.0,5756.0
8658,44618.0,43740.0,43791.0,38863.0,878.0,827.0,5755.0
8659,44618.0,43746.0,43791.0,38865.0,872.0,827.0,5753.0
8660,44618.0,43750.0,43791.0,38876.0,868.0,827.0,5742.0
8661,44618.0,43750.0,43791.0,38884.0,868.0,827.0,5734.0
8662,44618.0,43750.0,43791.0,38884.0,868.0,827.0,5734.0
8663,44618.0,43751.0,43791.0,38896.0,867.0,827.0,5722.0
8664,44618.0,43753.0,43794.0,38902.0,865.0,824.0,5716.0
8665,44618.0,43753.0,43794.0,38904.0,865.0,824.0,5714.0
8666,44618.0,43753.0,43797.0,38904.0,865.0,821.0,5714.0
8667,44618.0,43753.0,43797.0,38907.0,865.0,821.0,5711.0
8668,44618.0,43754.0,43799.0,38907.0,864.0,819.0,5711.0
8669,44618.0,43754.0,43799.0,38907.0,864.0,819.0,5711.0
8670,44618.0,43754.0,43799.0,38921.0,864.0,819.0,5697.0
8671,44618.0,43754.0,43802.0,38921.0,864.0,816.0,5697.0
8672,44618.0,43754.0,43807.0,38921.0,864.0,811.0,5697.0
8673,44618.0,43754.0,43808.0,38929.0,864.0,810.0,5689.0
8674,44618.0,43756.0,43809.0,38933.0,862.0,809.0,5685.0
8675,44618.0,43758.0,43809.0,38942.0,860.0,809.0,5676.0
8676,44618.0,43759.0,43810.0,38945.0,859.0,808.0,5673.0
8677,44618.0,43760.0,43814.0,38945.0,858.0,804.0,5673.0
8678,44618.0,43760.0,43814.0,38946.0,858.0,804.0,5672.0
8679,44618.0,43760.0,43814.0,38950.0,858.0,804.0,5668.0
8680,44618.0,43760.0,43814.0,38957.0,858.0,804.0,5661.0
8681,44618.0,43760.0,43814.0,38957.0,858.0,804.0,5661.0
8682,44618.0,43761.0,43814.0,38965.0,857.0,804.0,5653.0
8683,44618.0,43765.0,43814.0,38967.0,853.0,804.0,5651.0
8684,44618.0,43769.0,43814.0,38987.0,849.0,804.0,5631.0
8685,44618.0,43769.0,43817.0,39001.0,849.0,801.0,5617.0
8686,44618.0,43770.0,43818.0,39003.0,848.0,800.0,5615.0
8687,44618.0,43770.0,43818.0,39007.0,848.0,800.0,5611.0
8688,44618.0,43772.0,43818.0,39008.0,846.0,800.0,5610.0
8689,44618.0,43772.0,43820.0,39016.0,846.0,798.0,5602.0
8690,44618.0,43774.0,43820.0,39016.0,844.0,798.0,5602.0
8691,44618.0,43775.0,43823.0,39021.0,843.0,795.0,5597.0
8692,44618.0,43777.0,43825.0,39023.0,841.0,793.0,5595.0
8693,44618.0,43778.0,43826.0,39025.0,840.0,792.0,5593.0
8694,44618.0,43782.0,43826.0,39030.0,836.0,792.0,5588.0
8695,44618.0,43782.0,43826.0,39033.0,836.0,792.0,5585.0
8696,44618.0,43782.0,43826.0,39039.0,836.0,792.0,5579.0
8697,44618.0,43783.0,43828.0,39041.0,835.0,790.0,5577.0
8698,44618.0,43784.0,43828.0,39041.0,834.0,790.0,5577.0
8699,44618.0,43784.0,43834.0,39050.0,834.0,784.0,5568.0
8700,44618.0,43784.0,43834.0,39053.0,834.0,784.0,5565.0
8701,44618.0,43787.0,43834.0,39060.0,831.0,784.0,5558.0
8702,44618.0,43787.0,43835.0,39064.0,831.0,783.0,5554.0
8703,44618.0,43789.0,43836.0,39064.0,829.0,782.0,5554.0
8704,44618.0,43789.0,43837.0,39070.0,829.0,781.0,5548.0
8705,44618.0,43789.0,43838.0,39072.0,829.0,780.0,5546.0
8706,44618.0,43789.0,43838.0,39083.0,829.0,780.0,5535.0
8707,44618.0,43789.0,43840.0,39092.0,829.0,778.0,5526.0
8708,44618.0,43795.0,43842.0,39092.0,823.0,776.0,5526.0
8709,44618.0,43808.0,43842.0,39093.0,810.0,776.0,5525.0
8710,44618.0,43808.0,43842.0,39095.0,810.0,776.0,5523.0
8711,44618.0,43808.0,43842.0,39102.0,810.0,776.0,5516.0
8712,44618.0,43808.0,43842.0,39113.0,810.0,776.0,5505.0
8713,44618.0,43808.0,43842.0,39113.0,810.0,776.0,5505.0
8714,44618.0,43808.0,43842.0,39114.0,810.0,776.0,5504.0
8715,44618.0,43808.0,43842.0,39114.0,810.0,776.0,5504.0
8716,44618.0,43808.0,43845.0,39117.0,810.0,773.0,5501.0
8717,44618.0,43817.0,43845.0,39118.0,801.0,773.0,5500.0
8718,44618.0,43817.0,43845.0,39128.0,801.0,773.0,5490.0
8719,44618.0,43821.0,43845.0,39129.0,797.0,773.0,5489.0
8720,44618.0,43823.0,43845.0,39130.0,795.0,773.0,5488.0
8721,44618.0,43823.0,43845.0,39137.0,795.0,773.0,5481.0
8722,44618.0,43827.0,43846.0,39142.0,791.0,772.0,5476.0
8723,44618.0,43831.0,43847.0,39146.0,787.0,771.0,5472.0
8724,44618.0,43838.0,43847.0,39146.0,780.0,771.0,5472.0
8725,44618.0,43838.0,43847.0,39155.0,780.0,771.0,5463.0
8726,44618.0,43838.0,43847.0,39158.0,780.0,771.0,5460.0
8727,44618.0,43839.0,43847.0,39167.0,779.0,771.0,5451.0
8728,44618.0,43841.0,43847.0,39167.0,777.0,771.0,5451.0
8729,44618.0,43841.0,43847.0,39176.0,777.0,771.0,5442.0
8730,44618.0,43841.0,43850.0,39176.0,777.0,768.0,5442.0
8731,44618.0,43842.0,43850.0,39177.0,776.0,768.0,5441.0
8732,44618.0,43842.0,43850.0,39186.0,776.0,768.0,5432.0
8733,44618.0,43842.0,43850.0,39187.0,776.0,768.0,5431.0
8734,44618.0,43842.0,43857.0,39187.0,776.0,761.0,5431.0
8735,44618.0,43847.0,43858.0,39189.0,771.0,760.0,5429.0
8736,44618.0,43847.0,43858.0,39189.0,771.0,760.0,5429.0
8737,44618.0,43847.0,43866.0,39190.0,771.0,752.0,5428.0
8738,44618.0,43857.0,43868.0,39197.0,761.0,750.0,5421.0
8739,44618.0,43857.0,43868.0,39198.0,761.0,750.0,5420.0
8740,44618.0,43857.0,43869.0,39200.0,761.0,749.0,5418.0
8741,44618.0,43857.0,43870.0,39200.0,761.0,748.0,5418.0
8742,44618.0,43857.0,43870.0,39203.0,761.0,748.0,5415.0
8743,44618.0,43857.0,43871.0,39210.0,761.0,747.0,5408.0
8744,44618.0,43857.0,43871.0,39217.0,761.0,747.0,5401.0
8745,44618.0,43857.0,43874.0,39217.0,761.0,744.0,5401.0
8746,44618.0,43857.0,43874.0,39217.0,761.0,744.0,5401.0
8747,44618.0,43857.0,43874.0,39228.0,761.0,744.0,5390.0
8748,44618.0,43857.0,43875.0,39228.0,761.0,743.0,5390.0
8749,44618.0,43861.0,43875.0,39241.0,757.0,743.0,5377.0
8750,44618.0,43862.0,43881.0,39253.0,756.0,737.0,5365.0
8751,44618.0,43862.0,43883.0,39261.0,756.0,735.0,5357.0
8752,44618.0,43862.0,43888.0,39267.0,756.0,730.0,5351.0
8753,44618.0,43862.0,43888.0,39270.0,756.0,730.0,5348.0
8754,44618.0,43862.0,43891.0,39270.0,756.0,727.0,5348.0
8755,44618.0,43864.0,43895.0,39277.0,754.0,723.0,5341.0
8756,44618.0,43864.0,43895.0,39277.0,754.0,723.0,5341.0
8757,44618.0,43864.0,43906.0,39288.0,754.0,712.0,5330.0
8758,44618.0,43864.0,43915.0,39294.0,754.0,703.0,5324.0
8759,44618.0,43864.0,43915.0,39299.0,754.0,703.0,5319.0
8760,44618.0,43864.0,43917.0,39301.0,754.0,701.0,5317.0
8761,44618.0,43864.0,43918.0,39312.0,754.0,700.0,5306.0
8762,44618.0,43864.0,43919.0,39317.0,754.0,699.0,5301.0
8763,44618.0,43864.0,43922.0,39322.0,754.0,696.0,5296.0
8764,44618.0,43867.0,43922.0,39332.0,751.0,696.0,5286.0
8765,44618.0,43867.0,43924.0,39339.0,751.0,694.0,5279.0
8766,44618.0,43867.0,43924.0,39340.0,751.0,694.0,5278.0
8767,44618.0,43867.0,43924.0,39340.0,751.0,694.0,5278.0
8768,44618.0,43870.0,43924.0,39341.0,748.0,694.0,5277.0
8769,44618.0,43873.0,43924.0,39344.0,745.0,694.0,5274.0
8770,44618.0,43876.0,43926.0,39361.0,742.0,692.0,5257.0
8771,44618.0,43876.0,43926.0,39362.0,742.0,692.0,5256.0
8772,44618.0,43876.0,43926.0,39362.0,742.0,692.0,5256.0
8773,44618.0,43877.0,43930.0,39364.0,741.0,688.0,5254.0
8774,44618.0,43877.0,43930.0,39364.0,741.0,688.0,5254.0
8775,44618.0,43877.0,43930.0,39364.0,741.0,688.0,5254.0
8776,44618.0,43877.0,43930.0,39364.0,741.0,688.0,5254.0
8777,44618.0,43879.0,43930.0,39369.0,739.0,688.0,5249.0
8778,44618.0,43880.0,43930.0,39370.0,738.0,688.0,5248.0
8779,44618.0,43880.0,43933.0,39373.0,738.0,685.0,5245.0
8780,44618.0,43880.0,43933.0,39373.0,738.0,685.0,5245.0
8781,44618.0,43880.0,43933.0,39373.0,738.0,685.0,5245.0
8782,44618.0,43880.0,43933.0,39379.0,738.0,685.0,5239.0
8783,44618.0,43880.0,43938.0,39379.0,738.0,680.0,5239.0
8784,44618.0,43880.0,43939.0,39392.0,738.0,679.0,5226.0
8785,44618.0,43880.0,43939.0,39393.0,738.0,679.0,5225.0
8786,44618.0,43880.0,43939.0,39398.0,738.0,679.0,5220.0
8787,44618.0,43880.0,43939.0,39401.0,738.0,679.0,5217.0
8788,44618.0,43880.0,43940.0,39401.0,738.0,678.0,5217.0
8789,44618.0,43880.0,43940.0,39401.0,738.0,678.0,5217.0
8790,44618.0,43880.0,43940.0,39401.0,738.0,678.0,5217.0
8791,44618.0,43880.0,43940.0,39406.0,738.0,678.0,5212.0
8792,44618.0,43880.0,43940.0,39415.0,738.0,678.0,5203.0
8793,44618.0,43880.0,43946.0,39417.0,738.0,672.0,5201.0
8794,44618.0,43880.0,43946.0,39428.0,738.0,672.0,5190.0
8795,44618.0,43880.0,43946.0,39428.0,738.0,672.0,5190.0
8796,44618.0,43880.0,43946.0,39444.0,738.0,672.0,5174.0
8797,44618.0,43880.0,43948.0,39450.0,738.0,670.0,5168.0
8798,44618.0,43880.0,43948.0,39460.0,738.0,670.0,5158.0
8799,44618.0,43880.0,43948.0,39477.0,738.0,670.0,5141.0
8800,44618.0,43880.0,43948.0,39482.0,738.0,670.0,5136.0
8801,44618.0,43880.0,43948.0,39488.0,738.0,670.0,5130.0
8802,44618.0,43880.0,43954.0,39488.0,738.0,664.0,5130.0
8803,44618.0,43880.0,43954.0,39488.0,738.0,664.0,5130.0
8804,44618.0,43880.0,43954.0,39488.0,738.0,664.0,5130.0
8805,44618.0,43881.0,43954.0,39488.0,737.0,664.0,5130.0
8806,44618.0,43885.0,43955.0,39493.0,733.0,663.0,5125.0
8807,44618.0,43885.0,43960.0,39495.0,733.0,658.0,5123.0
8808,44618.0,43885.0,43960.0,39498.0,733.0,658.0,5120.0
8809,44618.0,43887.0,43960.0,39499.0,731.0,658.0,5119.0
8810,44618.0,43887.0,43961.0,39499.0,731.0,657.0,5119.0
8811,44618.0,43888.0,43963.0,39505.0,730.0,655.0,5113.0
8812,44618.0,43888.0,43968.0,39509.0,730.0,650.0,5109.0
8813,44618.0,43888.0,43973.0,39518.0,730.0,645.0,5100.0
8814,44618.0,43888.0,43974.0,39527.0,730.0,644.0,5091.0
8815,44618.0,43890.0,43976.0,39527.0,728.0,642.0,5091.0
8816,44618.0,43890.0,43976.0,39527.0,728.0,642.0,5091.0
8817,44618.0,43893.0,43976.0,39531.0,725.0,642.0,5087.0
8818,44618.0,43893.0,43977.0,39538.0,725.0,641.0,5080.0
8819,44618.0,43893.0,43979.0,39540.0,725.0,639.0,5078.0
8820,44618.0,43893.0,43979.0,39540.0,725.0,639.0,5078.0
8821,44618.0,43893.0,43981.0,39540.0,725.0,637.0,5078.0
8822,44618.0,43903.0,43984.0,39541.0,715.0,634.0,5077.0
8823,44618.0,43904.0,43987.0,39541.0,714.0,631.0,5077.0
8824,44618.0,43905.0,43988.0,39553.0,713.0,630.0,5065.0
8825,44618.0,43910.0,43990.0,39558.0,708.0,628.0,5060.0
8826,44618.0,43921.0,43991.0,39571.0,697.0,627.0,5047.0
8827,44618.0,43921.0,43991.0,39571.0,697.0,627.0,5047.0
8828,44618.0,43922.0,43991.0,39580.0,696.0,627.0,5038.0
8829,44618.0,43922.0,43991.0,39584.0,696.0,627.0,5034.0
8830,44618.0,43922.0,43991.0,39593.0,696.0,627.0,5025.0
8831,44618.0,43922.0,43994.0,39596.0,696.0,624.0,5022.0
8832,44618.0,43925.0,43994.0,39596.0,693.0,624.0,5022.0
8833,44618.0,43926.0,43994.0,39596.0,692.0,624.0,5022.0
8834,44618.0,43927.0,43997.0,39601.0,691.0,621.0,5017.0
8835,44618.0,43928.0,43997.0,39601.0,690.0,621.0,5017.0
8836,44618.0,43928.0,43997.0,39606.0,690.0,621.0,5012.0
8837,44618.0,43934.0,44001.0,39614.0,684.0,617.0,5004.0
8838,44618.0,43934.0,44001.0,39614.0,684.0,617.0,5004.0
8839,44618.0,43935.0,44004.0,39615.0,683.0,614.0,5003.0
8840,44618.0,43937.0,44004.0,39615.0,681.0,614.0,5003.0
8841,44618.0,43942.0,44004.0,39623.0,676.0,614.0,4995.0
8842,44618.0,43943.0,44004.0,39626.0,675.0,614.0,4992.0
8843,44618.0,43952.0,44004.0,39634.0,666.0,614.0,4984.0
8844,44618.0,43952.0,44004.0,39645.0,666.0,614.0,4973.0
8845,44618.0,43952.0,44004.0,39645.0,666.0,614.0,4973.0
8846,44618.0,43955.0,44004.0,39649.0,663.0,614.0,4969.0
8847,44618.0,43955.0,44004.0,39649.0,663.0,614.0,4969.0
8848,44618.0,43955.0,44004.0,39650.0,663.0,614.0,4968.0
8849,44618.0,43955.0,44004.0,39660.0,663.0,614.0,4958.0
8850,44618.0,43955.0,44005.0,39660.0,663.0,613.0,4958.0
8851,44618.0,43956.0,44005.0,39675.0,662.0,613.0,4943.0
8852,44618.0,43957.0,44005.0,39683.0,661.0,613.0,4935.0
8853,44618.0,43957.0,44005.0,39687.0,661.0,613.0,4931.0
8854,44618.0,43957.0,44005.0,39687.0,661.0,613.0,4931.0
8855,44618.0,43957.0,44007.0,39687.0,661.0,611.0,4931.0
8856,44618.0,43957.0,44009.0,39690.0,661.0,609.0,4928.0
8857,44618.0,43957.0,44011.0,39697.0,661.0,607.0,4921.0
8858,44618.0,43957.0,44012.0,39702.0,661.0,606.0,4916.0
8859,44618.0,43957.0,44016.0,39702.0,661.0,602.0,4916.0
8860,44618.0,43958.0,44016.0,39709.0,660.0,602.0,4909.0
8861,44618.0,43958.0,44016.0,39710.0,660.0,602.0,4908.0
8862,44618.0,43960.0,44016.0,39713.0,658.0,602.0,4905.0
8863,44618.0,43964.0,44016.0,39713.0,654.0,602.0,4905.0
8864,44618.0,43964.0,44016.0,39720.0,654.0,602.0,4898.0
8865,44618.0,43964.0,44019.0,39726.0,654.0,599.0,4892.0
8866,44618.0,43964.0,44019.0,39734.0,654.0,599.0,4884.0
8867,44618.0,43964.0,44019.0,39735.0,654.0,599.0,4883.0
8868,44618.0,43964.0,44020.0,39739.0,654.0,598.0,4879.0
8869,44618.0,43964.0,44020.0,39748.0,654.0,598.0,4870.0
8870,44618.0,43964.0,44020.0,39748.0,654.0,598.0,4870.0
8871,44618.0,43964.0,44020.0,39756.0,654.0,598.0,4862.0
8872,44618.0,43964.0,44020.0,39768.0,654.0,598.0,4850.0
8873,44618.0,43964.0,44021.0,39776.0,654.0,597.0,4842.0
8874,44618.0,43964.0,44021.0,39776.0,654.0,597.0,4842.0
8875,44618.0,43967.0,44021.0,39784.0,651.0,597.0,4834.0
8876,44618.0,43967.0,44021.0,39784.0,651.0,597.0,4834.0
8877,44618.0,43968.0,44021.0,39784.0,650.0,597.0,4834.0
8878,44618.0,43970.0,44021.0,39787.0,648.0,597.0,4831.0
8879,44618.0,43971.0,44021.0,39795.0,647.0,597.0,4823.0
8880,44618.0,43975.0,44021.0,39795.0,643.0,597.0,4823.0
8881,44618.0,43975.0,44021.0,39799.0,643.0,597.0,4819.0
8882,44618.0,43975.0,44022.0,39799.0,643.0,596.0,4819.0
8883,44618.0,43975.0,44023.0,39799.0,643.0,595.0,4819.0
8884,44618.0,43975.0,44023.0,39805.0,643.0,595.0,4813.0
8885,44618.0,43975.0,44023.0,39815.0,643.0,595.0,4803.0
8886,44618.0,43978.0,44024.0,39820.0,640.0,594.0,4798.0
8887,44618.0,43978.0,44026.0,39824.0,640.0,592.0,4794.0
8888,44618.0,43978.0,44026.0,39834.0,640.0,592.0,4784.0
8889,44618.0,43981.0,44026.0,39841.0,637.0,592.0,4777.0
8890,44618.0,43985.0,44026.0,39847.0,633.0,592.0,4771.0
8891,44618.0,43985.0,44026.0,39847.0,633.0,592.0,4771.0
8892,44618.0,43988.0,44026.0,39853.0,630.0,592.0,4765.0
8893,44618.0,43988.0,44026.0,39853.0,630.0,592.0,4765.0
8894,44618.0,43988.0,44026.0,39853.0,630.0,592.0,4765.0
8895,44618.0,43988.0,44029.0,39855.0,630.0,589.0,4763.0
8896,44618.0,43988.0,44029.0,39855.0,630.0,589.0,4763.0
8897,44618.0,43988.0,44029.0,39855.0,630.0,589.0,4763.0
8898,44618.0,43993.0,44033.0,39855.0,625.0,585.0,4763.0
8899,44618.0,43993.0,44033.0,39855.0,625.0,585.0,4763.0
8900,44618.0,43998.0,44033.0,39858.0,620.0,585.0,4760.0
8901,44618.0,43998.0,44038.0,39861.0,620.0,580.0,4757.0
8902,44618.0,44002.0,44038.0,39864.0,616.0,580.0,4754.0
8903,44618.0,44002.0,44038.0,39878.0,616.0,580.0,4740.0
8904,44618.0,44002.0,44040.0,39878.0,616.0,578.0,4740.0
8905,44618.0,44005.0,44041.0,39881.0,613.0,577.0,4737.0
8906,44618.0,44008.0,44041.0,39888.0,610.0,577.0,4730.0
8907,44618.0,44011.0,44041.0,39890.0,607.0,577.0,4728.0
8908,44618.0,44011.0,44041.0,39890.0,607.0,577.0,4728.0
8909,44618.0,44011.0,44041.0,39905.0,607.0,577.0,4713.0
8910,44618.0,44011.0,44044.0,39910.0,607.0,574.0,4708.0
8911,44618.0,44011.0,44044.0,39910.0,607.0,574.0,4708.0
8912,44618.0,44011.0,44045.0,39923.0,607.0,573.0,4695.0
8913,44618.0,44011.0,44046.0,39929.0,607.0,572.0,4689.0
8914,44618.0,44011.0,44046.0,39936.0,607.0,572.0,4682.0
8915,44618.0,44011.0,44046.0,39947.0,607.0,572.0,4671.0
8916,44618.0,44011.0,44046.0,39948.0,607.0,572.0,4670.0
8917,44618.0,44011.0,44046.0,39959.0,607.0,572.0,4659.0
8918,44618.0,44013.0,44046.0,39959.0,605.0,572.0,4659.0
8919,44618.0,44013.0,44046.0,39959.0,605.0,572.0,4659.0
8920,44618.0,44018.0,44046.0,39961.0,600.0,572.0,4657.0
8921,44618.0,44018.0,44046.0,39966.0,600.0,572.0,4652.0
8922,44618.0,44018.0,44046.0,39966.0,600.0,572.0,4652.0
8923,44618.0,44025.0,44046.0,39966.0,593.0,572.0,4652.0
8924,44618.0,44025.0,44046.0,39966.0,593.0,572.0,4652.0
8925,44618.0,44025.0,44046.0,39968.0,593.0,572.0,4650.0
8926,44618.0,44032.0,44046.0,39968.0,586.0,572.0,4650.0
8927,44618.0,44033.0,44047.0,39978.0,585.0,571.0,4640.0
8928,44618.0,44033.0,44047.0,39981.0,585.0,571.0,4637.0
8929,44618.0,44034.0,44047.0,39981.0,584.0,571.0,4637.0
8930,44618.0,44034.0,44047.0,39981.0,584.0,571.0,4637.0
8931,44618.0,44034.0,44051.0,39984.0,584.0,567.0,4634.0
8932,44618.0,44036.0,44051.0,39992.0,582.0,567.0,4626.0
8933,44618.0,44036.0,44051.0,39999.0,582.0,567.0,4619.0
8934,44618.0,44036.0,44051.0,40002.0,582.0,567.0,4616.0
8935,44618.0,44036.0,44054.0,40002.0,582.0,564.0,4616.0
8936,44618.0,44036.0,44058.0,40003.0,582.0,560.0,4615.0
8937,44618.0,44036.0,44061.0,40010.0,582.0,557.0,4608.0
8938,44618.0,44036.0,44062.0,40016.0,582.0,556.0,4602.0
8939,44618.0,44036.0,44063.0,40020.0,582.0,555.0,4598.0
8940,44618.0,44039.0,44063.0,40020.0,579.0,555.0,4598.0
8941,44618.0,44040.0,44063.0,40024.0,578.0,555.0,4594.0
8942,44618.0,44040.0,44063.0,40024.0,578.0,555.0,4594.0
8943,44618.0,44041.0,44063.0,40029.0,577.0,555.0,4589.0
8944,44618.0,44041.0,44064.0,40029.0,577.0,554.0,4589.0
8945,44618.0,44042.0,44064.0,40031.0,576.0,554.0,4587.0
8946,44618.0,44042.0,44064.0,40035.0,576.0,554.0,4583.0
8947,44618.0,44042.0,44064.0,40035.0,576.0,554.0,4583.0
8948,44618.0,44042.0,44064.0,40045.0,576.0,554.0,4573.0
8949,44618.0,44042.0,44064.0,40049.0,576.0,554.0,4569.0
8950,44618.0,44042.0,44073.0,40049.0,576.0,545.0,4569.0
8951,44618.0,44042.0,44073.0,40052.0,576.0,545.0,4566.0
8952,44618.0,44042.0,44073.0,40055.0,576.0,545.0,4563.0
8953,44618.0,44045.0,44083.0,40060.0,573.0,535.0,4558.0
8954,44618.0,44045.0,44083.0,40068.0,573.0,535.0,4550.0
8955,44618.0,44046.0,44083.0,40068.0,572.0,535.0,4550.0
8956,44618.0,44046.0,44088.0,40070.0,572.0,530.0,4548.0
8957,44618.0,44046.0,44088.0,40078.0,572.0,530.0,4540.0
8958,44618.0,44046.0,44088.0,40085.0,572.0,530.0,4533.0
8959,44618.0,44047.0,44088.0,40087.0,571.0,530.0,4531.0
8960,44618.0,44047.0,44088.0,40089.0,571.0,530.0,4529.0
8961,44618.0,44047.0,44091.0,40095.0,571.0,527.0,4523.0
8962,44618.0,44047.0,44091.0,40098.0,571.0,527.0,4520.0
8963,44618.0,44047.0,44091.0,40109.0,571.0,527.0,4509.0
8964,44618.0,44047.0,44091.0,40109.0,571.0,527.0,4509.0
8965,44618.0,44047.0,44091.0,40113.0,571.0,527.0,4505.0
8966,44618.0,44047.0,44098.0,40118.0,571.0,520.0,4500.0
8967,44618.0,44047.0,44098.0,40120.0,571.0,520.0,4498.0
8968,44618.0,44047.0,44098.0,40123.0,571.0,520.0,4495.0
8969,44618.0,44047.0,44098.0,40131.0,571.0,520.0,4487.0
8970,44618.0,44048.0,44098.0,40141.0,570.0,520.0,4477.0
8971,44618.0,44048.0,44100.0,40142.0,570.0,518.0,4476.0
8972,44618.0,44048.0,44100.0,40150.0,570.0,518.0,4468.0
8973,44618.0,44048.0,44101.0,40159.0,570.0,517.0,4459.0
8974,44618.0,44048.0,44101.0,40159.0,570.0,517.0,4459.0
8975,44618.0,44049.0,44102.0,40159.0,569.0,516.0,4459.0
8976,44618.0,44049.0,44102.0,40166.0,569.0,516.0,4452.0
8977,44618.0,44049.0,44102.0,40181.0,569.0,516.0,4437.0
8978,44618.0,44050.0,44102.0,40181.0,568.0,516.0,4437.0
8979,44618.0,44050.0,44104.0,40197.0,568.0,514.0,4421.0
8980,44618.0,44050.0,44104.0,40204.0,568.0,514.0,4414.0
8981,44618.0,44050.0,44104.0,40205.0,568.0,514.0,4413.0
8982,44618.0,44051.0,44104.0,40210.0,567.0,514.0,4408.0
8983,44618.0,44051.0,44107.0,40212.0,567.0,511.0,4406.0
8984,44618.0,44051.0,44107.0,40215.0,567.0,511.0,4403.0
8985,44618.0,44054.0,44107.0,40215.0,564.0,511.0,4403.0
8986,44618.0,44057.0,44107.0,40219.0,561.0,511.0,4399.0
8987,44618.0,44057.0,44111.0,40227.0,561.0,507.0,4391.0
8988,44618.0,44057.0,44111.0,40232.0,561.0,507.0,4386.0
8989,44618.0,44057.0,44111.0,40238.0,561.0,507.0,4380.0
8990,44618.0,44058.0,44115.0,40240.0,560.0,503.0,4378.0
8991,44618.0,44060.0,44116.0,40257.0,558.0,502.0,4361.0
8992,44618.0,44060.0,44116.0,40263.0,558.0,502.0,4355.0
8993,44618.0,44060.0,44116.0,40263.0,558.0,502.0,4355.0
8994,44618.0,44060.0,44117.0,40263.0,558.0,501.0,4355.0
8995,44618.0,44060.0,44117.0,40265.0,558.0,501.0,4353.0
8996,44618.0,44060.0,44117.0,40274.0,558.0,501.0,4344.0
8997,44618.0,44063.0,44117.0,40275.0,555.0,501.0,4343.0
8998,44618.0,44064.0,44117.0,40278.0,554.0,501.0,4340.0
8999,44618.0,44064.0,44117.0,40280.0,554.0,501.0,4338.0
9000,44618.0,44064.0,44118.0,40292.0,554.0,500.0,4326.0
9001,44618.0,44064.0,44119.0,40292.0,554.0,499.0,4326.0
9002,44618.0,44064.0,44121.0,40292.0,554.0,497.0,4326.0
9003,44618.0,44064.0,44121.0,40293.0,554.0,497.0,4325.0
9004,44618.0,44064.0,44121.0,40295.0,554.0,497.0,4323.0
9005,44618.0,44064.0,44121.0,40300.0,554.0,497.0,4318.0
9006,44618.0,44064.0,44122.0,40305.0,554.0,496.0,4313.0
9007,44618.0,44065.0,44122.0,40311.0,553.0,496.0,4307.0
9008,44618.0,44069.0,44122.0,40312.0,549.0,496.0,4306.0
9009,44618.0,44070.0,44122.0,40317.0,548.0,496.0,4301.0
9010,44618.0,44070.0,44130.0,40320.0,548.0,488.0,4298.0
9011,44618.0,44070.0,44132.0,40338.0,548.0,486.0,4280.0
9012,44618.0,44071.0,44132.0,40338.0,547.0,486.0,4280.0
9013,44618.0,44071.0,44133.0,40345.0,547.0,485.0,4273.0
9014,44618.0,44071.0,44133.0,40352.0,547.0,485.0,4266.0
9015,44618.0,44075.0,44133.0,40352.0,543.0,485.0,4266.0
9016,44618.0,44081.0,44133.0,40352.0,537.0,485.0,4266.0
9017,44618.0,44081.0,44133.0,40352.0,537.0,485.0,4266.0
9018,44618.0,44081.0,44133.0,40352.0,537.0,485.0,4266.0
9019,44618.0,44081.0,44137.0,40353.0,537.0,481.0,4265.0
9020,44618.0,44082.0,44137.0,40356.0,536.0,481.0,4262.0
9021,44618.0,44084.0,44138.0,40357.0,534.0,480.0,4261.0
9022,44618.0,44084.0,44138.0,40367.0,534.0,480.0,4251.0
9023,44618.0,44084.0,44138.0,40375.0,534.0,480.0,4243.0
9024,44618.0,44084.0,44138.0,40381.0,534.0,480.0,4237.0
9025,44618.0,44086.0,44138.0,40387.0,532.0,480.0,4231.0
9026,44618.0,44086.0,44138.0,40394.0,532.0,480.0,4224.0
9027,44618.0,44092.0,44139.0,40403.0,526.0,479.0,4215.0
9028,44618.0,44097.0,44139.0,40407.0,521.0,479.0,4211.0
9029,44618.0,44100.0,44141.0,40408.0,518.0,477.0,4210.0
9030,44618.0,44100.0,44141.0,40409.0,518.0,477.0,4209.0
9031,44618.0,44102.0,44141.0,40422.0,516.0,477.0,4196.0
9032,44618.0,44102.0,44141.0,40422.0,516.0,477.0,4196.0
9033,44618.0,44104.0,44141.0,40427.0,514.0,477.0,4191.0
9034,44618.0,44104.0,44141.0,40427.0,514.0,477.0,4191.0
9035,44618.0,44104.0,44143.0,40432.0,514.0,475.0,4186.0
9036,44618.0,44104.0,44143.0,40433.0,514.0,475.0,4185.0
9037,44618.0,44104.0,44145.0,40435.0,514.0,473.0,4183.0
9038,44618.0,44106.0,44145.0,40436.0,512.0,473.0,4182.0
9039,44618.0,44112.0,44145.0,40448.0,506.0,473.0,4170.0
9040,44618.0,44112.0,44145.0,40454.0,506.0,473.0,4164.0
9041,44618.0,44113.0,44145.0,40462.0,505.0,473.0,4156.0
9042,44618.0,44113.0,44145.0,40470.0,505.0,473.0,4148.0
9043,44618.0,44113.0,44146.0,40477.0,505.0,472.0,4141.0
9044,44618.0,44113.0,44146.0,40481.0,505.0,472.0,4137.0
9045,44618.0,44113.0,44146.0,40483.0,505.0,472.0,4135.0
9046,44618.0,44123.0,44146.0,40486.0,495.0,472.0,4132.0
9047,44618.0,44123.0,44146.0,40493.0,495.0,472.0,4125.0
9048,44618.0,44123.0,44150.0,40500.0,495.0,468.0,4118.0
9049,44618.0,44123.0,44150.0,40503.0,495.0,468.0,4115.0
9050,44618.0,44131.0,44150.0,40504.0,487.0,468.0,4114.0
9051,44618.0,44131.0,44150.0,40505.0,487.0,468.0,4113.0
9052,44618.0,44131.0,44150.0,40508.0,487.0,468.0,4110.0
9053,44618.0,44131.0,44150.0,40512.0,487.0,468.0,4106.0
9054,44618.0,44131.0,44150.0,40517.0,487.0,468.0,4101.0
9055,44618.0,44132.0,44157.0,40517.0,486.0,461.0,4101.0
9056,44618.0,44136.0,44157.0,40529.0,482.0,461.0,4089.0
9057,44618.0,44136.0,44164.0,40530.0,482.0,454.0,4088.0
9058,44618.0,44137.0,44164.0,40537.0,481.0,454.0,4081.0
9059,44618.0,44138.0,44164.0,40537.0,480.0,454.0,4081.0
9060,44618.0,44138.0,44165.0,40537.0,480.0,453.0,4081.0
9061,44618.0,44138.0,44165.0,40544.0,480.0,453.0,4074.0
9062,44618.0,44138.0,44167.0,40544.0,480.0,451.0,4074.0
9063,44618.0,44139.0,44172.0,40544.0,479.0,446.0,4074.0
9064,44618.0,44140.0,44172.0,40547.0,478.0,446.0,4071.0
9065,44618.0,44140.0,44172.0,40555.0,478.0,446.0,4063.0
9066,44618.0,44140.0,44172.0,40559.0,478.0,446.0,4059.0
9067,44618.0,44157.0,44173.0,40559.0,461.0,445.0,4059.0
9068,44618.0,44158.0,44177.0,40561.0,460.0,441.0,4057.0
9069,44618.0,44159.0,44178.0,40561.0,459.0,440.0,4057.0
9070,44618.0,44159.0,44180.0,40566.0,459.0,438.0,4052.0
9071,44618.0,44160.0,44180.0,40566.0,458.0,438.0,4052.0
9072,44618.0,44160.0,44180.0,40566.0,458.0,438.0,4052.0
9073,44618.0,44161.0,44180.0,40566.0,457.0,438.0,4052.0
9074,44618.0,44161.0,44180.0,40573.0,457.0,438.0,4045.0
9075,44618.0,44162.0,44180.0,40577.0,456.0,438.0,4041.0
9076,44618.0,44162.0,44184.0,40577.0,456.0,434.0,4041.0
9077,44618.0,44162.0,44184.0,40577.0,456.0,434.0,4041.0
9078,44618.0,44162.0,44184.0,40578.0,456.0,434.0,4040.0
9079,44618.0,44162.0,44185.0,40600.0,456.0,433.0,4018.0
9080,44618.0,44162.0,44185.0,40610.0,456.0,433.0,4008.0
9081,44618.0,44162.0,44187.0,40610.0,456.0,431.0,4008.0
9082,44618.0,44162.0,44187.0,40610.0,456.0,431.0,4008.0
9083,44618.0,44162.0,44187.0,40610.0,456.0,431.0,4008.0
9084,44618.0,44163.0,44190.0,40613.0,455.0,428.0,4005.0
9085,44618.0,44164.0,44190.0,40618.0,454.0,428.0,4000.0
9086,44618.0,44177.0,44190.0,40618.0,441.0,428.0,4000.0
9087,44618.0,44177.0,44190.0,40618.0,441.0,428.0,4000.0
9088,44618.0,44177.0,44190.0,40622.0,441.0,428.0,3996.0
9089,44618.0,44179.0,44190.0,40627.0,439.0,428.0,3991.0
9090,44618.0,44179.0,44193.0,40631.0,439.0,425.0,3987.0
9091,44618.0,44179.0,44193.0,40631.0,439.0,425.0,3987.0
9092,44618.0,44179.0,44193.0,40631.0,439.0,425.0,3987.0
9093,44618.0,44179.0,44194.0,40631.0,439.0,424.0,3987.0
9094,44618.0,44183.0,44194.0,40638.0,435.0,424.0,3980.0
9095,44618.0,44186.0,44194.0,40639.0,432.0,424.0,3979.0
9096,44618.0,44186.0,44194.0,40649.0,432.0,424.0,3969.0
9097,44618.0,44188.0,44194.0,40652.0,430.0,424.0,3966.0
9098,44618.0,44189.0,44197.0,40652.0,429.0,421.0,3966.0
9099,44618.0,44191.0,44197.0,40654.0,427.0,421.0,3964.0
9100,44618.0,44191.0,44197.0,40659.0,427.0,421.0,3959.0
9101,44618.0,44193.0,44197.0,40663.0,425.0,421.0,3955.0
9102,44618.0,44193.0,44197.0,40673.0,425.0,421.0,3945.0
9103,44618.0,44193.0,44198.0,40685.0,425.0,420.0,3933.0
9104,44618.0,44193.0,44201.0,40687.0,425.0,417.0,3931.0
9105,44618.0,44193.0,44201.0,40692.0,425.0,417.0,3926.0
9106,44618.0,44193.0,44201.0,40698.0,425.0,417.0,3920.0
9107,44618.0,44197.0,44201.0,40703.0,421.0,417.0,3915.0
9108,44618.0,44197.0,44201.0,40704.0,421.0,417.0,3914.0
9109,44618.0,44197.0,44201.0,40708.0,421.0,417.0,3910.0
9110,44618.0,44197.0,44201.0,40718.0,421.0,417.0,3900.0
9111,44618.0,44197.0,44201.0,40720.0,421.0,417.0,3898.0
9112,44618.0,44197.0,44214.0,40724.0,421.0,404.0,3894.0
9113,44618.0,44197.0,44214.0,40724.0,421.0,404.0,3894.0
9114,44618.0,44197.0,44215.0,40724.0,421.0,403.0,3894.0
9115,44618.0,44199.0,44215.0,40725.0,419.0,403.0,3893.0
9116,44618.0,44201.0,44216.0,40727.0,417.0,402.0,3891.0
9117,44618.0,44201.0,44216.0,40727.0,417.0,402.0,3891.0
9118,44618.0,44202.0,44217.0,40731.0,416.0,401.0,3887.0
9119,44618.0,44202.0,44217.0,40731.0,416.0,401.0,3887.0
9120,44618.0,44203.0,44217.0,40739.0,415.0,401.0,3879.0
9121,44618.0,44205.0,44218.0,40741.0,413.0,400.0,3877.0
9122,44618.0,44205.0,44218.0,40751.0,413.0,400.0,3867.0
9123,44618.0,44213.0,44218.0,40759.0,405.0,400.0,3859.0
9124,44618.0,44213.0,44219.0,40771.0,405.0,399.0,3847.0
9125,44618.0,44214.0,44219.0,40781.0,404.0,399.0,3837.0
9126,44618.0,44214.0,44219.0,40792.0,404.0,399.0,3826.0
9127,44618.0,44214.0,44219.0,40798.0,404.0,399.0,3820.0
9128,44618.0,44214.0,44219.0,40800.0,404.0,399.0,3818.0
9129,44618.0,44214.0,44219.0,40804.0,404.0,399.0,3814.0
9130,44618.0,44215.0,44227.0,40807.0,403.0,391.0,3811.0
9131,44618.0,44224.0,44231.0,40812.0,394.0,387.0,3806.0
9132,44618.0,44225.0,44231.0,40827.0,393.0,387.0,3791.0
9133,44618.0,44226.0,44231.0,40839.0,392.0,387.0,3779.0
9134,44618.0,44226.0,44231.0,40847.0,392.0,387.0,3771.0
9135,44618.0,44226.0,44231.0,40848.0,392.0,387.0,3770.0
9136,44618.0,44226.0,44231.0,40848.0,392.0,387.0,3770.0
9137,44618.0,44226.0,44231.0,40855.0,392.0,387.0,3763.0
9138,44618.0,44226.0,44231.0,40861.0,392.0,387.0,3757.0
9139,44618.0,44227.0,44231.0,40861.0,391.0,387.0,3757.0
9140,44618.0,44227.0,44231.0,40869.0,391.0,387.0,3749.0
9141,44618.0,44230.0,44231.0,40869.0,388.0,387.0,3749.0
9142,44618.0,44233.0,44233.0,40869.0,385.0,385.0,3749.0
9143,44618.0,44234.0,44233.0,40873.0,384.0,385.0,3745.0
9144,44618.0,44234.0,44233.0,40873.0,384.0,385.0,3745.0
9145,44618.0,44234.0,44236.0,40873.0,384.0,382.0,3745.0
9146,44618.0,44234.0,44236.0,40876.0,384.0,382.0,3742.0
9147,44618.0,44234.0,44236.0,40877.0,384.0,382.0,3741.0
9148,44618.0,44234.0,44240.0,40880.0,384.0,378.0,3738.0
9149,44618.0,44237.0,44241.0,40890.0,381.0,377.0,3728.0
9150,44618.0,44239.0,44241.0,40899.0,379.0,377.0,3719.0
9151,44618.0,44240.0,44242.0,40899.0,378.0,376.0,3719.0
9152,44618.0,44241.0,44242.0,40903.0,377.0,376.0,3715.0
9153,44618.0,44241.0,44242.0,40915.0,377.0,376.0,3703.0
9154,44618.0,44241.0,44242.0,40919.0,377.0,376.0,3699.0
9155,44618.0,44241.0,44242.0,40926.0,377.0,376.0,3692.0
9156,44618.0,44242.0,44242.0,40931.0,376.0,376.0,3687.0
9157,44618.0,44242.0,44242.0,40936.0,376.0,376.0,3682.0
9158,44618.0,44242.0,44245.0,40940.0,376.0,373.0,3678.0
9159,44618.0,44242.0,44247.0,40944.0,376.0,371.0,3674.0
9160,44618.0,44244.0,44256.0,40951.0,374.0,362.0,3667.0
9161,44618.0,44244.0,44256.0,40958.0,374.0,362.0,3660.0
9162,44618.0,44244.0,44256.0,40965.0,374.0,362.0,3653.0
9163,44618.0,44244.0,44256.0,40968.0,374.0,362.0,3650.0
9164,44618.0,44244.0,44256.0,40968.0,374.0,362.0,3650.0
9165,44618.0,44245.0,44256.0,40973.0,373.0,362.0,3645.0
9166,44618.0,44245.0,44256.0,40980.0,373.0,362.0,3638.0
9167,44618.0,44245.0,44256.0,40990.0,373.0,362.0,3628.0
9168,44618.0,44245.0,44256.0,40993.0,373.0,362.0,3625.0
9169,44618.0,44246.0,44256.0,41003.0,372.0,362.0,3615.0
9170,44618.0,44246.0,44256.0,41003.0,372.0,362.0,3615.0
9171,44618.0,44246.0,44256.0,41010.0,372.0,362.0,3608.0
9172,44618.0,44246.0,44256.0,41010.0,372.0,362.0,3608.0
9173,44618.0,44246.0,44256.0,41019.0,372.0,362.0,3599.0
9174,44618.0,44246.0,44256.0,41019.0,372.0,362.0,3599.0
9175,44618.0,44248.0,44256.0,41019.0,370.0,362.0,3599.0
9176,44618.0,44248.0,44256.0,41028.0,370.0,362.0,3590.0
9177,44618.0,44250.0,44256.0,41039.0,368.0,362.0,3579.0
9178,44618.0,44250.0,44256.0,41046.0,368.0,362.0,3572.0
9179,44618.0,44250.0,44256.0,41047.0,368.0,362.0,3571.0
9180,44618.0,44250.0,44256.0,41050.0,368.0,362.0,3568.0
9181,44618.0,44250.0,44258.0,41050.0,368.0,360.0,3568.0
9182,44618.0,44250.0,44258.0,41051.0,368.0,360.0,3567.0
9183,44618.0,44250.0,44258.0,41061.0,368.0,360.0,3557.0
9184,44618.0,44251.0,44258.0,41071.0,367.0,360.0,3547.0
9185,44618.0,44251.0,44259.0,41075.0,367.0,359.0,3543.0
9186,44618.0,44255.0,44259.0,41084.0,363.0,359.0,3534.0
9187,44618.0,44255.0,44264.0,41088.0,363.0,354.0,3530.0
9188,44618.0,44255.0,44264.0,41096.0,363.0,354.0,3522.0
9189,44618.0,44257.0,44264.0,41103.0,361.0,354.0,3515.0
9190,44618.0,44257.0,44264.0,41111.0,361.0,354.0,3507.0
9191,44618.0,44257.0,44264.0,41119.0,361.0,354.0,3499.0
9192,44618.0,44257.0,44264.0,41134.0,361.0,354.0,3484.0
9193,44618.0,44258.0,44264.0,41134.0,360.0,354.0,3484.0
9194,44618.0,44265.0,44264.0,41144.0,353.0,354.0,3474.0
9195,44618.0,44270.0,44267.0,41151.0,348.0,351.0,3467.0
9196,44618.0,44270.0,44269.0,41151.0,348.0,349.0,3467.0
9197,44618.0,44270.0,44269.0,41151.0,348.0,349.0,3467.0
9198,44618.0,44270.0,44269.0,41158.0,348.0,349.0,3460.0
9199,44618.0,44270.0,44269.0,41159.0,348.0,349.0,3459.0
9200,44618.0,44270.0,44269.0,41168.0,348.0,349.0,3450.0
9201,44618.0,44270.0,44269.0,41168.0,348.0,349.0,3450.0
9202,44618.0,44272.0,44269.0,41175.0,346.0,349.0,3443.0
9203,44618.0,44279.0,44270.0,41175.0,339.0,348.0,3443.0
9204,44618.0,44279.0,44273.0,41175.0,339.0,345.0,3443.0
9205,44618.0,44279.0,44276.0,41182.0,339.0,342.0,3436.0
9206,44618.0,44279.0,44277.0,41182.0,339.0,341.0,3436.0
9207,44618.0,44285.0,44277.0,41183.0,333.0,341.0,3435.0
9208,44618.0,44286.0,44277.0,41186.0,332.0,341.0,3432.0
9209,44618.0,44286.0,44277.0,41191.0,332.0,341.0,3427.0
9210,44618.0,44286.0,44277.0,41198.0,332.0,341.0,3420.0
9211,44618.0,44286.0,44277.0,41198.0,332.0,341.0,3420.0
9212,44618.0,44286.0,44277.0,41198.0,332.0,341.0,3420.0
9213,44618.0,44286.0,44277.0,41205.0,332.0,341.0,3413.0
9214,44618.0,44286.0,44278.0,41206.0,332.0,340.0,3412.0
9215,44618.0,44286.0,44278.0,41212.0,332.0,340.0,3406.0
9216,44618.0,44287.0,44280.0,41227.0,331.0,338.0,3391.0
9217,44618.0,44287.0,44280.0,41232.0,331.0,338.0,3386.0
9218,44618.0,44287.0,44283.0,41234.0,331.0,335.0,3384.0
9219,44618.0,44289.0,44284.0,41236.0,329.0,334.0,3382.0
9220,44618.0,44289.0,44284.0,41239.0,329.0,334.0,3379.0
9221,44618.0,44289.0,44284.0,41239.0,329.0,334.0,3379.0
9222,44618.0,44289.0,44284.0,41242.0,329.0,334.0,3376.0
9223,44618.0,44289.0,44284.0,41244.0,329.0,334.0,3374.0
9224,44618.0,44289.0,44284.0,41244.0,329.0,334.0,3374.0
9225,44618.0,44289.0,44284.0,41248.0,329.0,334.0,3370.0
9226,44618.0,44289.0,44285.0,41254.0,329.0,333.0,3364.0
9227,44618.0,44289.0,44285.0,41254.0,329.0,333.0,3364.0
9228,44618.0,44289.0,44285.0,41255.0,329.0,333.0,3363.0
9229,44618.0,44289.0,44285.0,41258.0,329.0,333.0,3360.0
9230,44618.0,44289.0,44285.0,41266.0,329.0,333.0,3352.0
9231,44618.0,44289.0,44285.0,41272.0,329.0,333.0,3346.0
9232,44618.0,44291.0,44285.0,41279.0,327.0,333.0,3339.0
9233,44618.0,44294.0,44285.0,41279.0,324.0,333.0,3339.0
9234,44618.0,44294.0,44286.0,41287.0,324.0,332.0,3331.0
9235,44618.0,44297.0,44288.0,41297.0,321.0,330.0,3321.0
9236,44618.0,44301.0,44288.0,41297.0,317.0,330.0,3321.0
9237,44618.0,44307.0,44288.0,41299.0,311.0,330.0,3319.0
9238,44618.0,44307.0,44288.0,41305.0,311.0,330.0,3313.0
9239,44618.0,44307.0,44289.0,41306.0,311.0,329.0,3312.0
9240,44618.0,44307.0,44289.0,41307.0,311.0,329.0,3311.0
9241,44618.0,44307.0,44289.0,41310.0,311.0,329.0,3308.0
9242,44618.0,44307.0,44289.0,41314.0,311.0,329.0,3304.0
9243,44618.0,44309.0,44289.0,41319.0,309.0,329.0,3299.0
9244,44618.0,44310.0,44289.0,41328.0,308.0,329.0,3290.0
9245,44618.0,44313.0,44289.0,41328.0,305.0,329.0,3290.0
9246,44618.0,44313.0,44289.0,41330.0,305.0,329.0,3288.0
9247,44618.0,44313.0,44290.0,41332.0,305.0,328.0,3286.0
9248,44618.0,44313.0,44290.0,41332.0,305.0,328.0,3286.0
9249,44618.0,44313.0,44290.0,41333.0,305.0,328.0,3285.0
9250,44618.0,44313.0,44290.0,41336.0,305.0,328.0,3282.0
9251,44618.0,44313.0,44290.0,41343.0,305.0,328.0,3275.0
9252,44618.0,44313.0,44290.0,41343.0,305.0,328.0,3275.0
9253,44618.0,44318.0,44290.0,41347.0,300.0,328.0,3271.0
9254,44618.0,44318.0,44290.0,41347.0,300.0,328.0,3271.0
9255,44618.0,44319.0,44292.0,41351.0,299.0,326.0,3267.0
9256,44618.0,44319.0,44293.0,41354.0,299.0,325.0,3264.0
9257,44618.0,44319.0,44293.0,41355.0,299.0,325.0,3263.0
9258,44618.0,44319.0,44293.0,41358.0,299.0,325.0,3260.0
9259,44618.0,44319.0,44293.0,41358.0,299.0,325.0,3260.0
9260,44618.0,44319.0,44293.0,41362.0,299.0,325.0,3256.0
9261,44618.0,44319.0,44293.0,41365.0,299.0,325.0,3253.0
9262,44618.0,44319.0,44294.0,41365.0,299.0,324.0,3253.0
9263,44618.0,44319.0,44294.0,41365.0,299.0,324.0,3253.0
9264,44618.0,44319.0,44294.0,41379.0,299.0,324.0,3239.0
9265,44618.0,44319.0,44294.0,41384.0,299.0,324.0,3234.0
9266,44618.0,44319.0,44294.0,41388.0,299.0,324.0,3230.0
9267,44618.0,44319.0,44300.0,41388.0,299.0,318.0,3230.0
9268,44618.0,44319.0,44300.0,41396.0,299.0,318.0,3222.0
9269,44618.0,44319.0,44300.0,41400.0,299.0,318.0,3218.0
9270,44618.0,44319.0,44300.0,41400.0,299.0,318.0,3218.0
9271,44618.0,44319.0,44300.0,41403.0,299.0,318.0,3215.0
9272,44618.0,44319.0,44300.0,41405.0,299.0,318.0,3213.0
9273,44618.0,44319.0,44301.0,41417.0,299.0,317.0,3201.0
9274,44618.0,44319.0,44301.0,41427.0,299.0,317.0,3191.0
9275,44618.0,44319.0,44301.0,41437.0,299.0,317.0,3181.0
9276,44618.0,44319.0,44305.0,41441.0,299.0,313.0,3177.0
9277,44618.0,44319.0,44305.0,41444.0,299.0,313.0,3174.0
9278,44618.0,44319.0,44308.0,41444.0,299.0,310.0,3174.0
9279,44618.0,44319.0,44308.0,41448.0,299.0,310.0,3170.0
9280,44618.0,44319.0,44308.0,41459.0,299.0,310.0,3159.0
9281,44618.0,44320.0,44311.0,41469.0,298.0,307.0,3149.0
9282,44618.0,44320.0,44311.0,41478.0,298.0,307.0,3140.0
9283,44618.0,44320.0,44311.0,41479.0,298.0,307.0,3139.0
9284,44618.0,44324.0,44317.0,41486.0,294.0,301.0,3132.0
9285,44618.0,44324.0,44319.0,41489.0,294.0,299.0,3129.0
9286,44618.0,44324.0,44319.0,41489.0,294.0,299.0,3129.0
9287,44618.0,44325.0,44320.0,41498.0,293.0,298.0,3120.0
9288,44618.0,44325.0,44320.0,41501.0,293.0,298.0,3117.0
9289,44618.0,44325.0,44320.0,41501.0,293.0,298.0,3117.0
9290,44618.0,44325.0,44320.0,41503.0,293.0,298.0,3115.0
9291,44618.0,44325.0,44320.0,41506.0,293.0,298.0,3112.0
9292,44618.0,44325.0,44321.0,41515.0,293.0,297.0,3103.0
9293,44618.0,44325.0,44338.0,41516.0,293.0,280.0,3102.0
9294,44618.0,44325.0,44339.0,41520.0,293.0,279.0,3098.0
9295,44618.0,44325.0,44340.0,41520.0,293.0,278.0,3098.0
9296,44618.0,44325.0,44340.0,41530.0,293.0,278.0,3088.0
9297,44618.0,44325.0,44340.0,41541.0,293.0,278.0,3077.0
9298,44618.0,44325.0,44340.0,41541.0,293.0,278.0,3077.0
9299,44618.0,44325.0,44340.0,41551.0,293.0,278.0,3067.0
9300,44618.0,44325.0,44340.0,41551.0,293.0,278.0,3067.0
9301,44618.0,44333.0,44341.0,41556.0,285.0,277.0,3062.0
9302,44618.0,44333.0,44341.0,41556.0,285.0,277.0,3062.0
9303,44618.0,44333.0,44342.0,41563.0,285.0,276.0,3055.0
9304,44618.0,44333.0,44343.0,41572.0,285.0,275.0,3046.0
9305,44618.0,44333.0,44349.0,41572.0,285.0,269.0,3046.0
9306,44618.0,44333.0,44351.0,41575.0,285.0,267.0,3043.0
9307,44618.0,44333.0,44351.0,41579.0,285.0,267.0,3039.0
9308,44618.0,44333.0,44351.0,41583.0,285.0,267.0,3035.0
9309,44618.0,44333.0,44351.0,41586.0,285.0,267.0,3032.0
9310,44618.0,44333.0,44351.0,41590.0,285.0,267.0,3028.0
9311,44618.0,44333.0,44351.0,41593.0,285.0,267.0,3025.0
9312,44618.0,44333.0,44351.0,41599.0,285.0,267.0,3019.0
9313,44618.0,44333.0,44353.0,41602.0,285.0,265.0,3016.0
9314,44618.0,44333.0,44353.0,41604.0,285.0,265.0,3014.0
9315,44618.0,44333.0,44353.0,41604.0,285.0,265.0,3014.0
9316,44618.0,44333.0,44353.0,41615.0,285.0,265.0,3003.0
9317,44618.0,44333.0,44353.0,41618.0,285.0,265.0,3000.0
9318,44618.0,44333.0,44353.0,41618.0,285.0,265.0,3000.0
9319,44618.0,44333.0,44355.0,41622.0,285.0,263.0,2996.0
9320,44618.0,44333.0,44355.0,41623.0,285.0,263.0,2995.0
9321,44618.0,44333.0,44355.0,41623.0,285.0,263.0,2995.0
9322,44618.0,44333.0,44355.0,41623.0,285.0,263.0,2995.0
9323,44618.0,44333.0,44355.0,41623.0,285.0,263.0,2995.0
9324,44618.0,44333.0,44355.0,41624.0,285.0,263.0,2994.0
9325,44618.0,44336.0,44355.0,41628.0,282.0,263.0,2990.0
9326,44618.0,44336.0,44355.0,41629.0,282.0,263.0,2989.0
9327,44618.0,44336.0,44363.0,41633.0,282.0,255.0,2985.0
9328,44618.0,44336.0,44363.0,41633.0,282.0,255.0,2985.0
9329,44618.0,44336.0,44363.0,41634.0,282.0,255.0,2984.0
9330,44618.0,44336.0,44363.0,41642.0,282.0,255.0,2976.0
9331,44618.0,44336.0,44363.0,41642.0,282.0,255.0,2976.0
9332,44618.0,44336.0,44363.0,41642.0,282.0,255.0,2976.0
9333,44618.0,44336.0,44363.0,41642.0,282.0,255.0,2976.0
9334,44618.0,44337.0,44363.0,41642.0,281.0,255.0,2976.0
9335,44618.0,44338.0,44363.0,41647.0,280.0,255.0,2971.0
9336,44618.0,44338.0,44363.0,41651.0,280.0,255.0,2967.0
9337,44618.0,44338.0,44363.0,41651.0,280.0,255.0,2967.0
9338,44618.0,44338.0,44363.0,41651.0,280.0,255.0,2967.0
9339,44618.0,44338.0,44363.0,41659.0,280.0,255.0,2959.0
9340,44618.0,44338.0,44363.0,41662.0,280.0,255.0,2956.0
9341,44618.0,44338.0,44363.0,41668.0,280.0,255.0,2950.0
9342,44618.0,44338.0,44363.0,41674.0,280.0,255.0,2944.0
9343,44618.0,44340.0,44364.0,41677.0,278.0,254.0,2941.0
9344,44618.0,44342.0,44364.0,41678.0,276.0,254.0,2940.0
9345,44618.0,44343.0,44364.0,41678.0,275.0,254.0,2940.0
9346,44618.0,44344.0,44364.0,41682.0,274.0,254.0,2936.0
9347,44618.0,44344.0,44364.0,41687.0,274.0,254.0,2931.0
9348,44618.0,44345.0,44368.0,41700.0,273.0,250.0,2918.0
9349,44618.0,44346.0,44368.0,41712.0,272.0,250.0,2906.0
9350,44618.0,44347.0,44368.0,41722.0,271.0,250.0,2896.0
9351,44618.0,44347.0,44368.0,41736.0,271.0,250.0,2882.0
9352,44618.0,44347.0,44368.0,41746.0,271.0,250.0,2872.0
9353,44618.0,44347.0,44368.0,41748.0,271.0,250.0,2870.0
9354,44618.0,44347.0,44368.0,41753.0,271.0,250.0,2865.0
9355,44618.0,44347.0,44369.0,41753.0,271.0,249.0,2865.0
9356,44618.0,44347.0,44369.0,41755.0,271.0,249.0,2863.0
9357,44618.0,44347.0,44369.0,41757.0,271.0,249.0,2861.0
9358,44618.0,44347.0,44369.0,41759.0,271.0,249.0,2859.0
9359,44618.0,44347.0,44369.0,41762.0,271.0,249.0,2856.0
9360,44618.0,44347.0,44369.0,41763.0,271.0,249.0,2855.0
9361,44618.0,44347.0,44369.0,41767.0,271.0,249.0,2851.0
9362,44618.0,44347.0,44369.0,41767.0,271.0,249.0,2851.0
9363,44618.0,44347.0,44369.0,41767.0,271.0,249.0,2851.0
9364,44618.0,44347.0,44369.0,41767.0,271.0,249.0,2851.0
9365,44618.0,44347.0,44369.0,41769.0,271.0,249.0,2849.0
9366,44618.0,44347.0,44369.0,41771.0,271.0,249.0,2847.0
9367,44618.0,44347.0,44369.0,41772.0,271.0,249.0,2846.0
9368,44618.0,44352.0,44369.0,41772.0,266.0,249.0,2846.0
9369,44618.0,44352.0,44372.0,41775.0,266.0,246.0,2843.0
9370,44618.0,44352.0,44372.0,41782.0,266.0,246.0,2836.0
9371,44618.0,44352.0,44372.0,41783.0,266.0,246.0,2835.0
9372,44618.0,44352.0,44372.0,41792.0,266.0,246.0,2826.0
9373,44618.0,44352.0,44372.0,41800.0,266.0,246.0,2818.0
9374,44618.0,44352.0,44372.0,41802.0,266.0,246.0,2816.0
9375,44618.0,44352.0,44372.0,41813.0,266.0,246.0,2805.0
9376,44618.0,44353.0,44372.0,41814.0,265.0,246.0,2804.0
9377,44618.0,44353.0,44372.0,41821.0,265.0,246.0,2797.0
9378,44618.0,44353.0,44372.0,41830.0,265.0,246.0,2788.0
9379,44618.0,44353.0,44372.0,41836.0,265.0,246.0,2782.0
9380,44618.0,44353.0,44372.0,41841.0,265.0,246.0,2777.0
9381,44618.0,44354.0,44372.0,41847.0,264.0,246.0,2771.0
9382,44618.0,44354.0,44372.0,41852.0,264.0,246.0,2766.0
9383,44618.0,44354.0,44373.0,41860.0,264.0,245.0,2758.0
9384,44618.0,44354.0,44373.0,41860.0,264.0,245.0,2758.0
9385,44618.0,44355.0,44375.0,41860.0,263.0,243.0,2758.0
9386,44618.0,44355.0,44377.0,41860.0,263.0,241.0,2758.0
9387,44618.0,44357.0,44378.0,41869.0,261.0,240.0,2749.0
9388,44618.0,44357.0,44379.0,41872.0,261.0,239.0,2746.0
9389,44618.0,44357.0,44379.0,41880.0,261.0,239.0,2738.0
9390,44618.0,44357.0,44380.0,41885.0,261.0,238.0,2733.0
9391,44618.0,44357.0,44381.0,41886.0,261.0,237.0,2732.0
9392,44618.0,44357.0,44381.0,41886.0,261.0,237.0,2732.0
9393,44618.0,44357.0,44381.0,41891.0,261.0,237.0,2727.0
9394,44618.0,44357.0,44382.0,41902.0,261.0,236.0,2716.0
9395,44618.0,44366.0,44382.0,41913.0,252.0,236.0,2705.0
9396,44618.0,44366.0,44382.0,41916.0,252.0,236.0,2702.0
9397,44618.0,44366.0,44382.0,41920.0,252.0,236.0,2698.0
9398,44618.0,44366.0,44382.0,41922.0,252.0,236.0,2696.0
9399,44618.0,44366.0,44382.0,41922.0,252.0,236.0,2696.0
9400,44618.0,44366.0,44382.0,41926.0,252.0,236.0,2692.0
9401,44618.0,44366.0,44382.0,41935.0,252.0,236.0,2683.0
9402,44618.0,44366.0,44382.0,41939.0,252.0,236.0,2679.0
9403,44618.0,44366.0,44387.0,41939.0,252.0,231.0,2679.0
9404,44618.0,44366.0,44387.0,41941.0,252.0,231.0,2677.0
9405,44618.0,44366.0,44387.0,41943.0,252.0,231.0,2675.0
9406,44618.0,44366.0,44387.0,41945.0,252.0,231.0,2673.0
9407,44618.0,44366.0,44387.0,41955.0,252.0,231.0,2663.0
9408,44618.0,44366.0,44387.0,41958.0,252.0,231.0,2660.0
9409,44618.0,44366.0,44387.0,41967.0,252.0,231.0,2651.0
9410,44618.0,44366.0,44387.0,41970.0,252.0,231.0,2648.0
9411,44618.0,44366.0,44387.0,41972.0,252.0,231.0,2646.0
9412,44618.0,44366.0,44387.0,41972.0,252.0,231.0,2646.0
9413,44618.0,44366.0,44387.0,41976.0,252.0,231.0,2642.0
9414,44618.0,44366.0,44387.0,41982.0,252.0,231.0,2636.0
9415,44618.0,44366.0,44387.0,41991.0,252.0,231.0,2627.0
9416,44618.0,44366.0,44387.0,41991.0,252.0,231.0,2627.0
9417,44618.0,44375.0,44387.0,42001.0,243.0,231.0,2617.0
9418,44618.0,44375.0,44388.0,42010.0,243.0,230.0,2608.0
9419,44618.0,44375.0,44388.0,42010.0,243.0,230.0,2608.0
9420,44618.0,44375.0,44388.0,42016.0,243.0,230.0,2602.0
9421,44618.0,44375.0,44388.0,42018.0,243.0,230.0,2600.0
9422,44618.0,44375.0,44389.0,42018.0,243.0,229.0,2600.0
9423,44618.0,44375.0,44389.0,42019.0,243.0,229.0,2599.0
9424,44618.0,44375.0,44389.0,42022.0,243.0,229.0,2596.0
9425,44618.0,44376.0,44389.0,42027.0,242.0,229.0,2591.0
9426,44618.0,44376.0,44390.0,42028.0,242.0,228.0,2590.0
9427,44618.0,44376.0,44390.0,42028.0,242.0,228.0,2590.0
9428,44618.0,44376.0,44390.0,42028.0,242.0,228.0,2590.0
9429,44618.0,44376.0,44392.0,42033.0,242.0,226.0,2585.0
9430,44618.0,44376.0,44392.0,42046.0,242.0,226.0,2572.0
9431,44618.0,44376.0,44392.0,42051.0,242.0,226.0,2567.0
9432,44618.0,44376.0,44392.0,42064.0,242.0,226.0,2554.0
9433,44618.0,44376.0,44392.0,42068.0,242.0,226.0,2550.0
9434,44618.0,44376.0,44392.0,42068.0,242.0,226.0,2550.0
9435,44618.0,44382.0,44393.0,42071.0,236.0,225.0,2547.0
9436,44618.0,44382.0,44393.0,42081.0,236.0,225.0,2537.0
9437,44618.0,44382.0,44393.0,42081.0,236.0,225.0,2537.0
9438,44618.0,44382.0,44393.0,42084.0,236.0,225.0,2534.0
9439,44618.0,44382.0,44393.0,42095.0,236.0,225.0,2523.0
9440,44618.0,44382.0,44393.0,42104.0,236.0,225.0,2514.0
9441,44618.0,44382.0,44393.0,42114.0,236.0,225.0,2504.0
9442,44618.0,44382.0,44393.0,42118.0,236.0,225.0,2500.0
9443,44618.0,44382.0,44393.0,42123.0,236.0,225.0,2495.0
9444,44618.0,44383.0,44393.0,42134.0,235.0,225.0,2484.0
9445,44618.0,44383.0,44393.0,42148.0,235.0,225.0,2470.0
9446,44618.0,44383.0,44393.0,42149.0,235.0,225.0,2469.0
9447,44618.0,44383.0,44393.0,42150.0,235.0,225.0,2468.0
9448,44618.0,44383.0,44393.0,42150.0,235.0,225.0,2468.0
9449,44618.0,44383.0,44393.0,42159.0,235.0,225.0,2459.0
9450,44618.0,44383.0,44393.0,42170.0,235.0,225.0,2448.0
9451,44618.0,44384.0,44393.0,42173.0,234.0,225.0,2445.0
9452,44618.0,44384.0,44393.0,42178.0,234.0,225.0,2440.0
9453,44618.0,44384.0,44393.0,42182.0,234.0,225.0,2436.0
9454,44618.0,44384.0,44399.0,42192.0,234.0,219.0,2426.0
9455,44618.0,44384.0,44399.0,42198.0,234.0,219.0,2420.0
9456,44618.0,44384.0,44399.0,42200.0,234.0,219.0,2418.0
9457,44618.0,44384.0,44399.0,42204.0,234.0,219.0,2414.0
9458,44618.0,44384.0,44399.0,42204.0,234.0,219.0,2414.0
9459,44618.0,44384.0,44399.0,42209.0,234.0,219.0,2409.0
9460,44618.0,44384.0,44399.0,42214.0,234.0,219.0,2404.0
9461,44618.0,44384.0,44399.0,42215.0,234.0,219.0,2403.0
9462,44618.0,44384.0,44399.0,42217.0,234.0,219.0,2401.0
9463,44618.0,44384.0,44399.0,42220.0,234.0,219.0,2398.0
9464,44618.0,44384.0,44399.0,42226.0,234.0,219.0,2392.0
9465,44618.0,44384.0,44399.0,42235.0,234.0,219.0,2383.0
9466,44618.0,44384.0,44399.0,42243.0,234.0,219.0,2375.0
9467,44618.0,44384.0,44399.0,42252.0,234.0,219.0,2366.0
9468,44618.0,44384.0,44399.0,42255.0,234.0,219.0,2363.0
9469,44618.0,44384.0,44399.0,42270.0,234.0,219.0,2348.0
9470,44618.0,44384.0,44399.0,42274.0,234.0,219.0,2344.0
9471,44618.0,44387.0,44399.0,42274.0,231.0,219.0,2344.0
9472,44618.0,44387.0,44399.0,42274.0,231.0,219.0,2344.0
9473,44618.0,44388.0,44399.0,42286.0,230.0,219.0,2332.0
9474,44618.0,44388.0,44399.0,42288.0,230.0,219.0,2330.0
9475,44618.0,44388.0,44399.0,42294.0,230.0,219.0,2324.0
9476,44618.0,44388.0,44399.0,42300.0,230.0,219.0,2318.0
9477,44618.0,44389.0,44399.0,42312.0,229.0,219.0,2306.0
9478,44618.0,44389.0,44399.0,42321.0,229.0,219.0,2297.0
9479,44618.0,44389.0,44399.0,42325.0,229.0,219.0,2293.0
9480,44618.0,44389.0,44399.0,42329.0,229.0,219.0,2289.0
9481,44618.0,44389.0,44399.0,42340.0,229.0,219.0,2278.0
9482,44618.0,44390.0,44399.0,42344.0,228.0,219.0,2274.0
9483,44618.0,44391.0,44399.0,42345.0,227.0,219.0,2273.0
9484,44618.0,44391.0,44399.0,42352.0,227.0,219.0,2266.0
9485,44618.0,44395.0,44399.0,42356.0,223.0,219.0,2262.0
9486,44618.0,44395.0,44399.0,42365.0,223.0,219.0,2253.0
9487,44618.0,44395.0,44399.0,42367.0,223.0,219.0,2251.0
9488,44618.0,44397.0,44399.0,42368.0,221.0,219.0,2250.0
9489,44618.0,44397.0,44400.0,42372.0,221.0,218.0,2246.0
9490,44618.0,44397.0,44400.0,42380.0,221.0,218.0,2238.0
9491,44618.0,44398.0,44400.0,42384.0,220.0,218.0,2234.0
9492,44618.0,44398.0,44401.0,42384.0,220.0,217.0,2234.0
9493,44618.0,44400.0,44401.0,42387.0,218.0,217.0,2231.0
9494,44618.0,44400.0,44410.0,42388.0,218.0,208.0,2230.0
9495,44618.0,44402.0,44410.0,42388.0,216.0,208.0,2230.0
9496,44618.0,44402.0,44410.0,42388.0,216.0,208.0,2230.0
9497,44618.0,44402.0,44411.0,42391.0,216.0,207.0,2227.0
9498,44618.0,44405.0,44411.0,42397.0,213.0,207.0,2221.0
9499,44618.0,44405.0,44411.0,42399.0,213.0,207.0,2219.0
9500,44618.0,44405.0,44411.0,42403.0,213.0,207.0,2215.0
9501,44618.0,44405.0,44411.0,42404.0,213.0,207.0,2214.0
9502,44618.0,44405.0,44411.0,42405.0,213.0,207.0,2213.0
9503,44618.0,44405.0,44411.0,42405.0,213.0,207.0,2213.0
9504,44618.0,44405.0,44411.0,42406.0,213.0,207.0,2212.0
9505,44618.0,44405.0,44411.0,42424.0,213.0,207.0,2194.0
9506,44618.0,44406.0,44411.0,42429.0,212.0,207.0,2189.0
9507,44618.0,44407.0,44411.0,42429.0,211.0,207.0,2189.0
9508,44618.0,44407.0,44414.0,42433.0,211.0,204.0,2185.0
9509,44618.0,44407.0,44414.0,42438.0,211.0,204.0,2180.0
9510,44618.0,44407.0,44415.0,42447.0,211.0,203.0,2171.0
9511,44618.0,44407.0,44415.0,42447.0,211.0,203.0,2171.0
9512,44618.0,44407.0,44415.0,42447.0,211.0,203.0,2171.0
9513,44618.0,44407.0,44415.0,42455.0,211.0,203.0,2163.0
9514,44618.0,44407.0,44415.0,42460.0,211.0,203.0,2158.0
9515,44618.0,44407.0,44415.0,42460.0,211.0,203.0,2158.0
9516,44618.0,44407.0,44415.0,42463.0,211.0,203.0,2155.0
9517,44618.0,44408.0,44415.0,42481.0,210.0,203.0,2137.0
9518,44618.0,44426.0,44415.0,42482.0,192.0,203.0,2136.0
9519,44618.0,44426.0,44415.0,42482.0,192.0,203.0,2136.0
9520,44618.0,44426.0,44415.0,42482.0,192.0,203.0,2136.0
9521,44618.0,44426.0,44418.0,42482.0,192.0,200.0,2136.0
9522,44618.0,44426.0,44427.0,42491.0,192.0,191.0,2127.0
9523,44618.0,44428.0,44429.0,42492.0,190.0,189.0,2126.0
9524,44618.0,44428.0,44429.0,42492.0,190.0,189.0,2126.0
9525,44618.0,44428.0,44430.0,42494.0,190.0,188.0,2124.0
9526,44618.0,44428.0,44431.0,42497.0,190.0,187.0,2121.0
9527,44618.0,44428.0,44431.0,42499.0,190.0,187.0,2119.0
9528,44618.0,44428.0,44435.0,42510.0,190.0,183.0,2108.0
9529,44618.0,44428.0,44435.0,42513.0,190.0,183.0,2105.0
9530,44618.0,44437.0,44435.0,42522.0,181.0,183.0,2096.0
9531,44618.0,44439.0,44435.0,42527.0,179.0,183.0,2091.0
9532,44618.0,44439.0,44435.0,42527.0,179.0,183.0,2091.0
9533,44618.0,44439.0,44435.0,42530.0,179.0,183.0,2088.0
9534,44618.0,44441.0,44436.0,42535.0,177.0,182.0,2083.0
9535,44618.0,44441.0,44436.0,42543.0,177.0,182.0,2075.0
9536,44618.0,44441.0,44438.0,42545.0,177.0,180.0,2073.0
9537,44618.0,44443.0,44438.0,42546.0,175.0,180.0,2072.0
9538,44618.0,44443.0,44440.0,42560.0,175.0,178.0,2058.0
9539,44618.0,44443.0,44440.0,42560.0,175.0,178.0,2058.0
9540,44618.0,44443.0,44440.0,42563.0,175.0,178.0,2055.0
9541,44618.0,44443.0,44440.0,42563.0,175.0,178.0,2055.0
9542,44618.0,44443.0,44441.0,42574.0,175.0,177.0,2044.0
9543,44618.0,44443.0,44441.0,42581.0,175.0,177.0,2037.0
9544,44618.0,44443.0,44441.0,42581.0,175.0,177.0,2037.0
9545,44618.0,44443.0,44441.0,42583.0,175.0,177.0,2035.0
9546,44618.0,44443.0,44441.0,42584.0,175.0,177.0,2034.0
9547,44618.0,44443.0,44441.0,42585.0,175.0,177.0,2033.0
9548,44618.0,44443.0,44442.0,42588.0,175.0,176.0,2030.0
9549,44618.0,44443.0,44442.0,42589.0,175.0,176.0,2029.0
9550,44618.0,44443.0,44443.0,42590.0,175.0,175.0,2028.0
9551,44618.0,44443.0,44443.0,42590.0,175.0,175.0,2028.0
9552,44618.0,44443.0,44443.0,42594.0,175.0,175.0,2024.0
9553,44618.0,44443.0,44443.0,42600.0,175.0,175.0,2018.0
9554,44618.0,44443.0,44443.0,42607.0,175.0,175.0,2011.0
9555,44618.0,44443.0,44443.0,42611.0,175.0,175.0,2007.0
9556,44618.0,44443.0,44443.0,42615.0,175.0,175.0,2003.0
9557,44618.0,44447.0,44443.0,42620.0,171.0,175.0,1998.0
9558,44618.0,44448.0,44443.0,42625.0,170.0,175.0,1993.0
9559,44618.0,44448.0,44446.0,42625.0,170.0,172.0,1993.0
9560,44618.0,44448.0,44446.0,42627.0,170.0,172.0,1991.0
9561,44618.0,44448.0,44446.0,42632.0,170.0,172.0,1986.0
9562,44618.0,44449.0,44446.0,42638.0,169.0,172.0,1980.0
9563,44618.0,44449.0,44446.0,42639.0,169.0,172.0,1979.0
9564,44618.0,44449.0,44446.0,42646.0,169.0,172.0,1972.0
9565,44618.0,44449.0,44446.0,42646.0,169.0,172.0,1972.0
9566,44618.0,44449.0,44448.0,42655.0,169.0,170.0,1963.0
9567,44618.0,44449.0,44448.0,42659.0,169.0,170.0,1959.0
9568,44618.0,44449.0,44448.0,42661.0,169.0,170.0,1957.0
9569,44618.0,44449.0,44448.0,42661.0,169.0,170.0,1957.0
9570,44618.0,44449.0,44448.0,42662.0,169.0,170.0,1956.0
9571,44618.0,44449.0,44448.0,42666.0,169.0,170.0,1952.0
9572,44618.0,44449.0,44450.0,42676.0,169.0,168.0,1942.0
9573,44618.0,44449.0,44459.0,42676.0,169.0,159.0,1942.0
9574,44618.0,44449.0,44461.0,42685.0,169.0,157.0,1933.0
9575,44618.0,44450.0,44461.0,42692.0,168.0,157.0,1926.0
9576,44618.0,44450.0,44461.0,42692.0,168.0,157.0,1926.0
9577,44618.0,44450.0,44463.0,42699.0,168.0,155.0,1919.0
9578,44618.0,44450.0,44463.0,42707.0,168.0,155.0,1911.0
9579,44618.0,44450.0,44463.0,42719.0,168.0,155.0,1899.0
9580,44618.0,44450.0,44463.0,42725.0,168.0,155.0,1893.0
9581,44618.0,44450.0,44463.0,42725.0,168.0,155.0,1893.0
9582,44618.0,44450.0,44463.0,42732.0,168.0,155.0,1886.0
9583,44618.0,44450.0,44463.0,42745.0,168.0,155.0,1873.0
9584,44618.0,44453.0,44463.0,42754.0,165.0,155.0,1864.0
9585,44618.0,44453.0,44463.0,42759.0,165.0,155.0,1859.0
9586,44618.0,44453.0,44463.0,42765.0,165.0,155.0,1853.0
9587,44618.0,44453.0,44463.0,42774.0,165.0,155.0,1844.0
9588,44618.0,44453.0,44463.0,42774.0,165.0,155.0,1844.0
9589,44618.0,44453.0,44463.0,42779.0,165.0,155.0,1839.0
9590,44618.0,44453.0,44463.0,42786.0,165.0,155.0,1832.0
9591,44618.0,44453.0,44463.0,42786.0,165.0,155.0,1832.0
9592,44618.0,44453.0,44463.0,42790.0,165.0,155.0,1828.0
9593,44618.0,44453.0,44463.0,42794.0,165.0,155.0,1824.0
9594,44618.0,44453.0,44463.0,42794.0,165.0,155.0,1824.0
9595,44618.0,44456.0,44463.0,42799.0,162.0,155.0,1819.0
9596,44618.0,44456.0,44463.0,42811.0,162.0,155.0,1807.0
9597,44618.0,44456.0,44463.0,42811.0,162.0,155.0,1807.0
9598,44618.0,44456.0,44463.0,42822.0,162.0,155.0,1796.0
9599,44618.0,44456.0,44463.0,42824.0,162.0,155.0,1794.0
9600,44618.0,44456.0,44463.0,42833.0,162.0,155.0,1785.0
9601,44618.0,44456.0,44467.0,42843.0,162.0,151.0,1775.0
9602,44618.0,44456.0,44467.0,42844.0,162.0,151.0,1774.0
9603,44618.0,44456.0,44467.0,42844.0,162.0,151.0,1774.0
9604,44618.0,44456.0,44467.0,42844.0,162.0,151.0,1774.0
9605,44618.0,44456.0,44467.0,42844.0,162.0,151.0,1774.0
9606,44618.0,44456.0,44467.0,42856.0,162.0,151.0,1762.0
9607,44618.0,44456.0,44467.0,42857.0,162.0,151.0,1761.0
9608,44618.0,44456.0,44467.0,42857.0,162.0,151.0,1761.0
9609,44618.0,44456.0,44467.0,42857.0,162.0,151.0,1761.0
9610,44618.0,44456.0,44467.0,42861.0,162.0,151.0,1757.0
9611,44618.0,44456.0,44467.0,42863.0,162.0,151.0,1755.0
9612,44618.0,44456.0,44467.0,42868.0,162.0,151.0,1750.0
9613,44618.0,44456.0,44467.0,42881.0,162.0,151.0,1737.0
9614,44618.0,44456.0,44468.0,42884.0,162.0,150.0,1734.0
9615,44618.0,44456.0,44468.0,42893.0,162.0,150.0,1725.0
9616,44618.0,44456.0,44468.0,42893.0,162.0,150.0,1725.0
9617,44618.0,44456.0,44468.0,42893.0,162.0,150.0,1725.0
9618,44618.0,44456.0,44468.0,42897.0,162.0,150.0,1721.0
9619,44618.0,44456.0,44468.0,42900.0,162.0,150.0,1718.0
9620,44618.0,44458.0,44468.0,42901.0,160.0,150.0,1717.0
9621,44618.0,44458.0,44469.0,42906.0,160.0,149.0,1712.0
9622,44618.0,44458.0,44469.0,42908.0,160.0,149.0,1710.0
9623,44618.0,44458.0,44469.0,42910.0,160.0,149.0,1708.0
9624,44618.0,44458.0,44469.0,42919.0,160.0,149.0,1699.0
9625,44618.0,44458.0,44469.0,42929.0,160.0,149.0,1689.0
9626,44618.0,44458.0,44469.0,42932.0,160.0,149.0,1686.0
9627,44618.0,44459.0,44469.0,42937.0,159.0,149.0,1681.0
9628,44618.0,44459.0,44469.0,42942.0,159.0,149.0,1676.0
9629,44618.0,44459.0,44469.0,42947.0,159.0,149.0,1671.0
9630,44618.0,44460.0,44469.0,42947.0,158.0,149.0,1671.0
9631,44618.0,44460.0,44469.0,42952.0,158.0,149.0,1666.0
9632,44618.0,44460.0,44469.0,42954.0,158.0,149.0,1664.0
9633,44618.0,44461.0,44472.0,42957.0,157.0,146.0,1661.0
9634,44618.0,44461.0,44472.0,42957.0,157.0,146.0,1661.0
9635,44618.0,44464.0,44472.0,42961.0,154.0,146.0,1657.0
9636,44618.0,44464.0,44472.0,42965.0,154.0,146.0,1653.0
9637,44618.0,44464.0,44472.0,42973.0,154.0,146.0,1645.0
9638,44618.0,44464.0,44472.0,42975.0,154.0,146.0,1643.0
9639,44618.0,44465.0,44472.0,42986.0,153.0,146.0,1632.0
9640,44618.0,44465.0,44472.0,42991.0,153.0,146.0,1627.0
9641,44618.0,44465.0,44472.0,42994.0,153.0,146.0,1624.0
9642,44618.0,44465.0,44490.0,42999.0,153.0,128.0,1619.0
9643,44618.0,44465.0,44490.0,43002.0,153.0,128.0,1616.0
9644,44618.0,44465.0,44490.0,43009.0,153.0,128.0,1609.0
9645,44618.0,44465.0,44490.0,43014.0,153.0,128.0,1604.0
9646,44618.0,44465.0,44490.0,43020.0,153.0,128.0,1598.0
9647,44618.0,44465.0,44490.0,43020.0,153.0,128.0,1598.0
9648,44618.0,44466.0,44490.0,43026.0,152.0,128.0,1592.0
9649,44618.0,44466.0,44490.0,43028.0,152.0,128.0,1590.0
9650,44618.0,44469.0,44490.0,43030.0,149.0,128.0,1588.0
9651,44618.0,44469.0,44490.0,43031.0,149.0,128.0,1587.0
9652,44618.0,44469.0,44490.0,43031.0,149.0,128.0,1587.0
9653,44618.0,44469.0,44490.0,43035.0,149.0,128.0,1583.0
9654,44618.0,44469.0,44490.0,43044.0,149.0,128.0,1574.0
9655,44618.0,44469.0,44490.0,43046.0,149.0,128.0,1572.0
9656,44618.0,44469.0,44490.0,43046.0,149.0,128.0,1572.0
9657,44618.0,44469.0,44490.0,43057.0,149.0,128.0,1561.0
9658,44618.0,44469.0,44490.0,43057.0,149.0,128.0,1561.0
9659,44618.0,44469.0,44491.0,43057.0,149.0,127.0,1561.0
9660,44618.0,44469.0,44491.0,43067.0,149.0,127.0,1551.0
9661,44618.0,44469.0,44491.0,43070.0,149.0,127.0,1548.0
9662,44618.0,44469.0,44491.0,43079.0,149.0,127.0,1539.0
9663,44618.0,44469.0,44492.0,43085.0,149.0,126.0,1533.0
9664,44618.0,44469.0,44492.0,43091.0,149.0,126.0,1527.0
9665,44618.0,44469.0,44493.0,43091.0,149.0,125.0,1527.0
9666,44618.0,44471.0,44493.0,43091.0,147.0,125.0,1527.0
9667,44618.0,44471.0,44493.0,43101.0,147.0,125.0,1517.0
9668,44618.0,44471.0,44493.0,43104.0,147.0,125.0,1514.0
9669,44618.0,44471.0,44494.0,43104.0,147.0,124.0,1514.0
9670,44618.0,44471.0,44494.0,43112.0,147.0,124.0,1506.0
9671,44618.0,44471.0,44494.0,43112.0,147.0,124.0,1506.0
9672,44618.0,44471.0,44494.0,43120.0,147.0,124.0,1498.0
9673,44618.0,44471.0,44497.0,43121.0,147.0,121.0,1497.0
9674,44618.0,44472.0,44497.0,43124.0,146.0,121.0,1494.0
9675,44618.0,44472.0,44497.0,43133.0,146.0,121.0,1485.0
9676,44618.0,44473.0,44497.0,43141.0,145.0,121.0,1477.0
9677,44618.0,44475.0,44497.0,43141.0,143.0,121.0,1477.0
9678,44618.0,44475.0,44497.0,43142.0,143.0,121.0,1476.0
9679,44618.0,44475.0,44499.0,43151.0,143.0,119.0,1467.0
9680,44618.0,44476.0,44500.0,43157.0,142.0,118.0,1461.0
9681,44618.0,44476.0,44500.0,43159.0,142.0,118.0,1459.0
9682,44618.0,44476.0,44500.0,43169.0,142.0,118.0,1449.0
9683,44618.0,44476.0,44500.0,43176.0,142.0,118.0,1442.0
9684,44618.0,44476.0,44500.0,43186.0,142.0,118.0,1432.0
9685,44618.0,44476.0,44501.0,43194.0,142.0,117.0,1424.0
9686,44618.0,44476.0,44503.0,43206.0,142.0,115.0,1412.0
9687,44618.0,44476.0,44503.0,43214.0,142.0,115.0,1404.0
9688,44618.0,44476.0,44503.0,43226.0,142.0,115.0,1392.0
9689,44618.0,44476.0,44504.0,43230.0,142.0,114.0,1388.0
9690,44618.0,44476.0,44504.0,43230.0,142.0,114.0,1388.0
9691,44618.0,44476.0,44504.0,43230.0,142.0,114.0,1388.0
9692,44618.0,44476.0,44504.0,43232.0,142.0,114.0,1386.0
9693,44618.0,44476.0,44504.0,43234.0,142.0,114.0,1384.0
9694,44618.0,44476.0,44504.0,43234.0,142.0,114.0,1384.0
9695,44618.0,44476.0,44504.0,43240.0,142.0,114.0,1378.0
9696,44618.0,44476.0,44504.0,43248.0,142.0,114.0,1370.0
9697,44618.0,44482.0,44504.0,43248.0,136.0,114.0,1370.0
9698,44618.0,44482.0,44504.0,43259.0,136.0,114.0,1359.0
9699,44618.0,44482.0,44505.0,43260.0,136.0,113.0,1358.0
9700,44618.0,44485.0,44506.0,43261.0,133.0,112.0,1357.0
9701,44618.0,44485.0,44506.0,43267.0,133.0,112.0,1351.0
9702,44618.0,44485.0,44509.0,43268.0,133.0,109.0,1350.0
9703,44618.0,44485.0,44509.0,43269.0,133.0,109.0,1349.0
9704,44618.0,44487.0,44509.0,43272.0,131.0,109.0,1346.0
9705,44618.0,44487.0,44509.0,43277.0,131.0,109.0,1341.0
9706,44618.0,44487.0,44509.0,43280.0,131.0,109.0,1338.0
9707,44618.0,44487.0,44510.0,43280.0,131.0,108.0,1338.0
9708,44618.0,44487.0,44510.0,43282.0,131.0,108.0,1336.0
9709,44618.0,44487.0,44510.0,43289.0,131.0,108.0,1329.0
9710,44618.0,44487.0,44510.0,43300.0,131.0,108.0,1318.0
9711,44618.0,44487.0,44511.0,43306.0,131.0,107.0,1312.0
9712,44618.0,44487.0,44511.0,43314.0,131.0,107.0,1304.0
9713,44618.0,44487.0,44511.0,43317.0,131.0,107.0,1301.0
9714,44618.0,44487.0,44511.0,43317.0,131.0,107.0,1301.0
9715,44618.0,44487.0,44513.0,43317.0,131.0,105.0,1301.0
9716,44618.0,44487.0,44513.0,43322.0,131.0,105.0,1296.0
9717,44618.0,44487.0,44513.0,43322.0,131.0,105.0,1296.0
9718,44618.0,44487.0,44513.0,43322.0,131.0,105.0,1296.0
9719,44618.0,44487.0,44513.0,43332.0,131.0,105.0,1286.0
9720,44618.0,44487.0,44513.0,43332.0,131.0,105.0,1286.0
9721,44618.0,44490.0,44513.0,43334.0,128.0,105.0,1284.0
9722,44618.0,44491.0,44513.0,43334.0,127.0,105.0,1284.0
9723,44618.0,44491.0,44513.0,43339.0,127.0,105.0,1279.0
9724,44618.0,44491.0,44513.0,43345.0,127.0,105.0,1273.0
9725,44618.0,44491.0,44513.0,43345.0,127.0,105.0,1273.0
9726,44618.0,44491.0,44513.0,43352.0,127.0,105.0,1266.0
9727,44618.0,44491.0,44513.0,43352.0,127.0,105.0,1266.0
9728,44618.0,44491.0,44513.0,43360.0,127.0,105.0,1258.0
9729,44618.0,44493.0,44513.0,43360.0,125.0,105.0,1258.0
9730,44618.0,44494.0,44516.0,43364.0,124.0,102.0,1254.0
9731,44618.0,44494.0,44518.0,43364.0,124.0,100.0,1254.0
9732,44618.0,44494.0,44518.0,43380.0,124.0,100.0,1238.0
9733,44618.0,44494.0,44518.0,43387.0,124.0,100.0,1231.0
9734,44618.0,44494.0,44518.0,43394.0,124.0,100.0,1224.0
9735,44618.0,44494.0,44518.0,43396.0,124.0,100.0,1222.0
9736,44618.0,44494.0,44518.0,43407.0,124.0,100.0,1211.0
9737,44618.0,44494.0,44518.0,43409.0,124.0,100.0,1209.0
9738,44618.0,44494.0,44518.0,43410.0,124.0,100.0,1208.0
9739,44618.0,44494.0,44518.0,43412.0,124.0,100.0,1206.0
9740,44618.0,44494.0,44518.0,43413.0,124.0,100.0,1205.0
9741,44618.0,44494.0,44518.0,43413.0,124.0,100.0,1205.0
9742,44618.0,44494.0,44518.0,43415.0,124.0,100.0,1203.0
9743,44618.0,44494.0,44518.0,43421.0,124.0,100.0,1197.0
9744,44618.0,44494.0,44518.0,43427.0,124.0,100.0,1191.0
9745,44618.0,44494.0,44518.0,43427.0,124.0,100.0,1191.0
9746,44618.0,44494.0,44518.0,43427.0,124.0,100.0,1191.0
9747,44618.0,44494.0,44518.0,43427.0,124.0,100.0,1191.0
9748,44618.0,44494.0,44518.0,43428.0,124.0,100.0,1190.0
9749,44618.0,44494.0,44518.0,43428.0,124.0,100.0,1190.0
9750,44618.0,44494.0,44518.0,43433.0,124.0,100.0,1185.0
9751,44618.0,44494.0,44518.0,43440.0,124.0,100.0,1178.0
9752,44618.0,44494.0,44518.0,43443.0,124.0,100.0,1175.0
9753,44618.0,44494.0,44518.0,43448.0,124.0,100.0,1170.0
9754,44618.0,44494.0,44518.0,43452.0,124.0,100.0,1166.0
9755,44618.0,44494.0,44518.0,43457.0,124.0,100.0,1161.0
9756,44618.0,44494.0,44518.0,43457.0,124.0,100.0,1161.0
9757,44618.0,44494.0,44518.0,43458.0,124.0,100.0,1160.0
9758,44618.0,44494.0,44518.0,43463.0,124.0,100.0,1155.0
9759,44618.0,44494.0,44518.0,43465.0,124.0,100.0,1153.0
9760,44618.0,44494.0,44518.0,43468.0,124.0,100.0,1150.0
9761,44618.0,44494.0,44518.0,43469.0,124.0,100.0,1149.0
9762,44618.0,44494.0,44518.0,43471.0,124.0,100.0,1147.0
9763,44618.0,44494.0,44518.0,43472.0,124.0,100.0,1146.0
9764,44618.0,44494.0,44518.0,43472.0,124.0,100.0,1146.0
9765,44618.0,44494.0,44518.0,43482.0,124.0,100.0,1136.0
9766,44618.0,44494.0,44518.0,43485.0,124.0,100.0,1133.0
9767,44618.0,44494.0,44518.0,43485.0,124.0,100.0,1133.0
9768,44618.0,44494.0,44518.0,43486.0,124.0,100.0,1132.0
9769,44618.0,44494.0,44518.0,43494.0,124.0,100.0,1124.0
9770,44618.0,44494.0,44518.0,43505.0,124.0,100.0,1113.0
9771,44618.0,44494.0,44518.0,43505.0,124.0,100.0,1113.0
9772,44618.0,44495.0,44518.0,43506.0,123.0,100.0,1112.0
9773,44618.0,44496.0,44518.0,43519.0,122.0,100.0,1099.0
9774,44618.0,44496.0,44520.0,43530.0,122.0,98.0,1088.0
9775,44618.0,44496.0,44521.0,43530.0,122.0,97.0,1088.0
9776,44618.0,44496.0,44521.0,43531.0,122.0,97.0,1087.0
9777,44618.0,44496.0,44521.0,43531.0,122.0,97.0,1087.0
9778,44618.0,44496.0,44521.0,43537.0,122.0,97.0,1081.0
9779,44618.0,44496.0,44521.0,43543.0,122.0,97.0,1075.0
9780,44618.0,44496.0,44521.0,43551.0,122.0,97.0,1067.0
9781,44618.0,44496.0,44521.0,43560.0,122.0,97.0,1058.0
9782,44618.0,44496.0,44521.0,43568.0,122.0,97.0,1050.0
9783,44618.0,44497.0,44521.0,43571.0,121.0,97.0,1047.0
9784,44618.0,44497.0,44521.0,43580.0,121.0,97.0,1038.0
9785,44618.0,44497.0,44521.0,43592.0,121.0,97.0,1026.0
9786,44618.0,44497.0,44521.0,43594.0,121.0,97.0,1024.0
9787,44618.0,44498.0,44521.0,43603.0,120.0,97.0,1015.0
9788,44618.0,44498.0,44521.0,43609.0,120.0,97.0,1009.0
9789,44618.0,44498.0,44521.0,43610.0,120.0,97.0,1008.0
9790,44618.0,44498.0,44521.0,43610.0,120.0,97.0,1008.0
9791,44618.0,44498.0,44521.0,43610.0,120.0,97.0,1008.0
9792,44618.0,44498.0,44521.0,43612.0,120.0,97.0,1006.0
9793,44618.0,44498.0,44521.0,43617.0,120.0,97.0,1001.0
9794,44618.0,44498.0,44521.0,43625.0,120.0,97.0,993.0
9795,44618.0,44498.0,44521.0,43625.0,120.0,97.0,993.0
9796,44618.0,44498.0,44521.0,43625.0,120.0,97.0,993.0
9797,44618.0,44498.0,44521.0,43628.0,120.0,97.0,990.0
9798,44618.0,44498.0,44521.0,43633.0,120.0,97.0,985.0
9799,44618.0,44498.0,44521.0,43645.0,120.0,97.0,973.0
9800,44618.0,44500.0,44521.0,43647.0,118.0,97.0,971.0
9801,44618.0,44500.0,44521.0,43647.0,118.0,97.0,971.0
9802,44618.0,44500.0,44521.0,43647.0,118.0,97.0,971.0
9803,44618.0,44500.0,44521.0,43647.0,118.0,97.0,971.0
9804,44618.0,44500.0,44521.0,43657.0,118.0,97.0,961.0
9805,44618.0,44501.0,44521.0,43662.0,117.0,97.0,956.0
9806,44618.0,44501.0,44521.0,43667.0,117.0,97.0,951.0
9807,44618.0,44501.0,44521.0,43674.0,117.0,97.0,944.0
9808,44618.0,44501.0,44521.0,43681.0,117.0,97.0,937.0
9809,44618.0,44501.0,44522.0,43682.0,117.0,96.0,936.0
9810,44618.0,44501.0,44522.0,43687.0,117.0,96.0,931.0
9811,44618.0,44503.0,44522.0,43694.0,115.0,96.0,924.0
9812,44618.0,44503.0,44522.0,43701.0,115.0,96.0,917.0
9813,44618.0,44503.0,44522.0,43701.0,115.0,96.0,917.0
9814,44618.0,44503.0,44522.0,43701.0,115.0,96.0,917.0
9815,44618.0,44503.0,44522.0,43711.0,115.0,96.0,907.0
9816,44618.0,44504.0,44523.0,43719.0,114.0,95.0,899.0
9817,44618.0,44504.0,44524.0,43723.0,114.0,94.0,895.0
9818,44618.0,44504.0,44524.0,43742.0,114.0,94.0,876.0
9819,44618.0,44504.0,44524.0,43753.0,114.0,94.0,865.0
9820,44618.0,44504.0,44526.0,43759.0,114.0,92.0,859.0
9821,44618.0,44504.0,44526.0,43764.0,114.0,92.0,854.0
9822,44618.0,44508.0,44526.0,43768.0,110.0,92.0,850.0
9823,44618.0,44508.0,44526.0,43771.0,110.0,92.0,847.0
9824,44618.0,44508.0,44526.0,43772.0,110.0,92.0,846.0
9825,44618.0,44508.0,44526.0,43784.0,110.0,92.0,834.0
9826,44618.0,44508.0,44526.0,43785.0,110.0,92.0,833.0
9827,44618.0,44508.0,44526.0,43787.0,110.0,92.0,831.0
9828,44618.0,44508.0,44526.0,43794.0,110.0,92.0,824.0
9829,44618.0,44508.0,44526.0,43801.0,110.0,92.0,817.0
9830,44618.0,44508.0,44526.0,43801.0,110.0,92.0,817.0
9831,44618.0,44508.0,44526.0,43810.0,110.0,92.0,808.0
9832,44618.0,44508.0,44526.0,43814.0,110.0,92.0,804.0
9833,44618.0,44508.0,44526.0,43817.0,110.0,92.0,801.0
9834,44618.0,44508.0,44526.0,43818.0,110.0,92.0,800.0
9835,44618.0,44508.0,44526.0,43818.0,110.0,92.0,800.0
9836,44618.0,44508.0,44526.0,43828.0,110.0,92.0,790.0
9837,44618.0,44508.0,44526.0,43830.0,110.0,92.0,788.0
9838,44618.0,44508.0,44526.0,43837.0,110.0,92.0,781.0
9839,44618.0,44508.0,44526.0,43838.0,110.0,92.0,780.0
9840,44618.0,44508.0,44526.0,43845.0,110.0,92.0,773.0
9841,44618.0,44508.0,44526.0,43847.0,110.0,92.0,771.0
9842,44618.0,44508.0,44526.0,43847.0,110.0,92.0,771.0
9843,44618.0,44508.0,44529.0,43848.0,110.0,89.0,770.0
9844,44618.0,44508.0,44529.0,43858.0,110.0,89.0,760.0
9845,44618.0,44511.0,44529.0,43866.0,107.0,89.0,752.0
9846,44618.0,44511.0,44529.0,43873.0,107.0,89.0,745.0
9847,44618.0,44511.0,44529.0,43881.0,107.0,89.0,737.0
9848,44618.0,44511.0,44533.0,43891.0,107.0,85.0,727.0
9849,44618.0,44511.0,44533.0,43894.0,107.0,85.0,724.0
9850,44618.0,44511.0,44533.0,43898.0,107.0,85.0,720.0
9851,44618.0,44513.0,44533.0,43898.0,105.0,85.0,720.0
9852,44618.0,44513.0,44533.0,43898.0,105.0,85.0,720.0
9853,44618.0,44513.0,44533.0,43901.0,105.0,85.0,717.0
9854,44618.0,44513.0,44533.0,43915.0,105.0,85.0,703.0
9855,44618.0,44515.0,44533.0,43924.0,103.0,85.0,694.0
9856,44618.0,44515.0,44534.0,43924.0,103.0,84.0,694.0
9857,44618.0,44515.0,44534.0,43932.0,103.0,84.0,686.0
9858,44618.0,44515.0,44534.0,43932.0,103.0,84.0,686.0
9859,44618.0,44515.0,44534.0,43932.0,103.0,84.0,686.0
9860,44618.0,44525.0,44535.0,43939.0,93.0,83.0,679.0
9861,44618.0,44525.0,44535.0,43950.0,93.0,83.0,668.0
9862,44618.0,44525.0,44535.0,43958.0,93.0,83.0,660.0
9863,44618.0,44525.0,44535.0,43963.0,93.0,83.0,655.0
9864,44618.0,44532.0,44535.0,43964.0,86.0,83.0,654.0
9865,44618.0,44532.0,44535.0,43964.0,86.0,83.0,654.0
9866,44618.0,44534.0,44535.0,43969.0,84.0,83.0,649.0
9867,44618.0,44534.0,44535.0,43978.0,84.0,83.0,640.0
9868,44618.0,44534.0,44535.0,43979.0,84.0,83.0,639.0
9869,44618.0,44534.0,44535.0,43987.0,84.0,83.0,631.0
9870,44618.0,44535.0,44535.0,43987.0,83.0,83.0,631.0
9871,44618.0,44535.0,44535.0,43989.0,83.0,83.0,629.0
9872,44618.0,44535.0,44535.0,43997.0,83.0,83.0,621.0
9873,44618.0,44535.0,44535.0,43997.0,83.0,83.0,621.0
9874,44618.0,44535.0,44535.0,43999.0,83.0,83.0,619.0
9875,44618.0,44535.0,44535.0,44009.0,83.0,83.0,609.0
9876,44618.0,44535.0,44535.0,44011.0,83.0,83.0,607.0
9877,44618.0,44538.0,44537.0,44011.0,80.0,81.0,607.0
9878,44618.0,44538.0,44537.0,44026.0,80.0,81.0,592.0
9879,44618.0,44544.0,44537.0,44035.0,74.0,81.0,583.0
9880,44618.0,44545.0,44537.0,44038.0,73.0,81.0,580.0
9881,44618.0,44545.0,44537.0,44038.0,73.0,81.0,580.0
9882,44618.0,44545.0,44537.0,44039.0,73.0,81.0,579.0
9883,44618.0,44545.0,44537.0,44040.0,73.0,81.0,578.0
9884,44618.0,44545.0,44537.0,44040.0,73.0,81.0,578.0
9885,44618.0,44545.0,44537.0,44048.0,73.0,81.0,570.0
9886,44618.0,44545.0,44547.0,44063.0,73.0,71.0,555.0
9887,44618.0,44545.0,44547.0,44069.0,73.0,71.0,549.0
9888,44618.0,44545.0,44547.0,44086.0,73.0,71.0,532.0
9889,44618.0,44547.0,44547.0,44088.0,71.0,71.0,530.0
9890,44618.0,44548.0,44554.0,44090.0,70.0,64.0,528.0
9891,44618.0,44554.0,44554.0,44090.0,64.0,64.0,528.0
9892,44618.0,44554.0,44554.0,44094.0,64.0,64.0,524.0
9893,44618.0,44554.0,44554.0,44096.0,64.0,64.0,522.0
9894,44618.0,44556.0,44555.0,44100.0,62.0,63.0,518.0
9895,44618.0,44556.0,44555.0,44108.0,62.0,63.0,510.0
9896,44618.0,44556.0,44555.0,44111.0,62.0,63.0,507.0
9897,44618.0,44556.0,44555.0,44115.0,62.0,63.0,503.0
9898,44618.0,44556.0,44555.0,44122.0,62.0,63.0,496.0
9899,44618.0,44557.0,44555.0,44127.0,61.0,63.0,491.0
9900,44618.0,44557.0,44555.0,44127.0,61.0,63.0,491.0
9901,44618.0,44557.0,44557.0,44131.0,61.0,61.0,487.0
9902,44618.0,44564.0,44557.0,44144.0,54.0,61.0,474.0
9903,44618.0,44564.0,44560.0,44158.0,54.0,58.0,460.0
9904,44618.0,44564.0,44560.0,44169.0,54.0,58.0,449.0
9905,44618.0,44565.0,44566.0,44169.0,53.0,52.0,449.0
9906,44618.0,44566.0,44567.0,44179.0,52.0,51.0,439.0
9907,44618.0,44566.0,44567.0,44181.0,52.0,51.0,437.0
9908,44618.0,44566.0,44567.0,44189.0,52.0,51.0,429.0
9909,44618.0,44566.0,44567.0,44196.0,52.0,51.0,422.0
9910,44618.0,44566.0,44567.0,44203.0,52.0,51.0,415.0
9911,44618.0,44566.0,44569.0,44214.0,52.0,49.0,404.0
9912,44618.0,44574.0,44569.0,44214.0,44.0,49.0,404.0
9913,44618.0,44574.0,44569.0,44224.0,44.0,49.0,394.0
9914,44618.0,44575.0,44569.0,44232.0,43.0,49.0,386.0
9915,44618.0,44575.0,44569.0,44232.0,43.0,49.0,386.0
9916,44618.0,44575.0,44569.0,44244.0,43.0,49.0,374.0
9917,44618.0,44575.0,44571.0,44251.0,43.0,47.0,367.0
9918,44618.0,44575.0,44571.0,44251.0,43.0,47.0,367.0
9919,44618.0,44575.0,44571.0,44254.0,43.0,47.0,364.0
9920,44618.0,44575.0,44571.0,44264.0,43.0,47.0,354.0
9921,44618.0,44579.0,44571.0,44267.0,39.0,47.0,351.0
9922,44618.0,44579.0,44571.0,44281.0,39.0,47.0,337.0
9923,44618.0,44580.0,44571.0,44287.0,38.0,47.0,331.0
9924,44618.0,44580.0,44571.0,44288.0,38.0,47.0,330.0
9925,44618.0,44580.0,44571.0,44289.0,38.0,47.0,329.0
9926,44618.0,44580.0,44571.0,44299.0,38.0,47.0,319.0
9927,44618.0,44580.0,44575.0,44314.0,38.0,43.0,304.0
9928,44618.0,44580.0,44575.0,44314.0,38.0,43.0,304.0
9929,44618.0,44580.0,44576.0,44316.0,38.0,42.0,302.0
9930,44618.0,44580.0,44576.0,44322.0,38.0,42.0,296.0
9931,44618.0,44580.0,44577.0,44324.0,38.0,41.0,294.0
9932,44618.0,44580.0,44577.0,44327.0,38.0,41.0,291.0
9933,44618.0,44580.0,44578.0,44336.0,38.0,40.0,282.0
9934,44618.0,44580.0,44580.0,44336.0,38.0,38.0,282.0
9935,44618.0,44580.0,44581.0,44336.0,38.0,37.0,282.0
9936,44618.0,44580.0,44587.0,44349.0,38.0,31.0,269.0
9937,44618.0,44580.0,44587.0,44359.0,38.0,31.0,259.0
9938,44618.0,44580.0,44587.0,44366.0,38.0,31.0,252.0
9939,44618.0,44580.0,44589.0,44371.0,38.0,29.0,247.0
9940,44618.0,44580.0,44589.0,44376.0,38.0,29.0,242.0
9941,44618.0,44580.0,44589.0,44385.0,38.0,29.0,233.0
9942,44618.0,44582.0,44589.0,44388.0,36.0,29.0,230.0
9943,44618.0,44582.0,44589.0,44393.0,36.0,29.0,225.0
9944,44618.0,44582.0,44589.0,44394.0,36.0,29.0,224.0
9945,44618.0,44586.0,44589.0,44396.0,32.0,29.0,222.0
9946,44618.0,44587.0,44589.0,44402.0,31.0,29.0,216.0
9947,44618.0,44587.0,44595.0,44405.0,31.0,23.0,213.0
9948,44618.0,44587.0,44595.0,44414.0,31.0,23.0,204.0
9949,44618.0,44587.0,44595.0,44419.0,31.0,23.0,199.0
9950,44618.0,44587.0,44598.0,44422.0,31.0,20.0,196.0
9951,44618.0,44587.0,44599.0,44430.0,31.0,19.0,188.0
9952,44618.0,44587.0,44600.0,44430.0,31.0,18.0,188.0
9953,44618.0,44587.0,44600.0,44430.0,31.0,18.0,188.0
9954,44618.0,44587.0,44600.0,44430.0,31.0,18.0,188.0
9955,44618.0,44587.0,44600.0,44432.0,31.0,18.0,186.0
9956,44618.0,44587.0,44600.0,44435.0,31.0,18.0,183.0
9957,44618.0,44589.0,44600.0,44435.0,29.0,18.0,183.0
9958,44618.0,44589.0,44608.0,44440.0,29.0,10.0,178.0
9959,44618.0,44592.0,44608.0,44446.0,26.0,10.0,172.0
9960,44618.0,44595.0,44608.0,44446.0,23.0,10.0,172.0
9961,44618.0,44596.0,44608.0,44446.0,22.0,10.0,172.0
9962,44618.0,44596.0,44608.0,44451.0,22.0,10.0,167.0
9963,44618.0,44596.0,44608.0,44453.0,22.0,10.0,165.0
9964,44618.0,44597.0,44608.0,44469.0,21.0,10.0,149.0
9965,44618.0,44599.0,44608.0,44469.0,19.0,10.0,149.0
9966,44618.0,44599.0,44608.0,44469.0,19.0,10.0,149.0
9967,44618.0,44599.0,44608.0,44475.0,19.0,10.0,143.0
9968,44618.0,44599.0,44608.0,44478.0,19.0,10.0,140.0
9969,44618.0,44599.0,44608.0,44485.0,19.0,10.0,133.0
9970,44618.0,44599.0,44610.0,44495.0,19.0,8.0,123.0
9971,44618.0,44599.0,44610.0,44499.0,19.0,8.0,119.0
9972,44618.0,44599.0,44610.0,44499.0,19.0,8.0,119.0
9973,44618.0,44601.0,44610.0,44499.0,17.0,8.0,119.0
9974,44618.0,44604.0,44610.0,44505.0,14.0,8.0,113.0
9975,44618.0,44604.0,44610.0,44507.0,14.0,8.0,111.0
9976,44618.0,44604.0,44610.0,44514.0,14.0,8.0,104.0
9977,44618.0,44604.0,44610.0,44515.0,14.0,8.0,103.0
9978,44618.0,44604.0,44610.0,44516.0,14.0,8.0,102.0
9979,44618.0,44604.0,44610.0,44516.0,14.0,8.0,102.0
9980,44618.0,44604.0,44610.0,44520.0,14.0,8.0,98.0
9981,44618.0,44604.0,44610.0,44520.0,14.0,8.0,98.0
9982,44618.0,44604.0,44610.0,44524.0,14.0,8.0,94.0
9983,44618.0,44604.0,44610.0,44524.0,14.0,8.0,94.0
9984,44618.0,44604.0,44611.0,44533.0,14.0,7.0,85.0
9985,44618.0,44604.0,44611.0,44540.0,14.0,7.0,78.0
9986,44618.0,44604.0,44611.0,44542.0,14.0,7.0,76.0
9987,44618.0,44604.0,44618.0,44543.0,14.0,0.0,75.0
9988,44618.0,44606.0,44618.0,44546.0,12.0,0.0,72.0
9989,44618.0,44606.0,44618.0,44547.0,12.0,0.0,71.0
9990,44618.0,44606.0,44618.0,44563.0,12.0,0.0,55.0
9991,44618.0,44606.0,44618.0,44569.0,12.0,0.0,49.0
9992,44618.0,44606.0,44618.0,44573.0,12.0,0.0,45.0
9993,44618.0,44606.0,44618.0,44574.0,12.0,0.0,44.0
9994,44618.0,44606.0,44618.0,44577.0,12.0,0.0,41.0
9995,44618.0,44615.0,44618.0,44582.0,3.0,0.0,36.0
9996,44618.0,44615.0,44618.0,44586.0,3.0,0.0,32.0
9997,44618.0,44615.0,44618.0,44596.0,3.0,0.0,22.0
9998,44618.0,44618.0,44618.0,44609.0,0.0,0.0,9.0
9999,44618.0,44618.0,44618.0,44609.0,0.0,0.0,9.0
10000,44618.0,44618.0,44618.0,44618.0,0.0,0.0,0.0
