user_id,pair_rank_score,target
1,5.87435,9
2,5.567073,9
3,8.18501,13
4,7.7656384,1
5,5.217496,5
6,5.7929173,2
7,6.322304,6
8,5.53851,5
9,4.3579926,5
10,7.280656,2
11,4.0788507,4
12,4.980693,6
13,6.787893,2
14,2.7551844,12
15,0.46763664,0
16,2.3611646,7
17,2.2496417,2
18,7.5001593,11
19,6.164651,13
20,3.236658,0
21,7.0196257,13
22,5.0943694,1
23,5.607769,11
24,6.013741,10
25,4.0881715,1
26,2.2283397,0
27,4.342788,11
28,4.4630275,3
29,0.46763664,0
30,3.2714248,7
31,6.218376,7
32,0.46763664,2
33,3.4396975,3
34,4.7179246,10
35,2.2496417,0
36,4.06538,11
37,4.5867577,5
38,3.7157915,9
39,3.8503683,5
40,5.795079,10
41,5.5745893,6
42,4.761533,20
43,4.9640713,7
44,5.737612,8
45,5.1644626,5
46,2.2496417,0
47,4.2516384,10
48,2.2496417,4
49,3.3997002,0
50,6.1611123,0
51,2.2496417,3
52,6.7474065,12
53,3.7607486,1
54,2.368231,10
55,6.205052,1
56,4.0567975,0
57,6.7225194,13
58,3.7781174,3
59,4.3653913,2
60,2.2496417,5
61,5.059098,4
62,4.230077,8
63,3.4725957,0
64,6.3924794,17
65,4.266295,2
66,6.616228,0
67,4.2842493,5
68,3.5087328,8
69,6.6536627,8
70,4.7581654,5
71,0.46763664,0
72,4.3381205,4
73,4.884625,0
74,5.772464,4
75,6.0396485,5
76,5.329033,5
77,4.0744853,5
78,4.8528967,3
79,5.9563117,8
80,5.0389695,3
81,7.071849,2
82,2.2100496,11
83,3.2585053,5
84,7.422928,11
85,5.9726114,6
86,3.8701942,1
87,2.2496417,0
88,1.5762271,0
89,2.7250514,0
90,6.441012,10
91,6.557826,4
92,7.8051386,11
93,7.36933,9
94,2.2496417,0
95,4.3127456,2
96,6.1712017,3
97,2.620428,7
98,4.0621576,3
99,3.7586396,3
100,1.6247025,0
101,5.8232994,0
102,0.46763664,0
103,2.2496417,8
104,3.5981271,6
105,5.2782173,2
106,5.5807776,12
107,6.784853,0
108,5.890376,4
109,2.8671176,6
110,4.51005,11
111,3.2022798,7
112,3.6880052,0
113,3.669522,2
114,0.46763664,2
115,5.691169,4
116,5.402378,6
117,1.7701999,0
118,2.2394464,1
119,8.21928,10
120,7.265957,1
121,7.011745,3
122,3.2427597,4
123,3.3581774,11
124,4.1629868,1
125,5.276302,2
126,5.124804,0
127,1.6445395,0
128,6.930137,4
129,5.2003837,6
130,2.04618,0
131,0.46763664,9
132,0.46763664,0
133,4.8820877,2
134,3.8395083,3
135,6.7283645,7
136,6.418849,5
137,0.46763664,0
138,1.3346674,0
139,7.615572,15
140,4.3331223,5
141,6.3680263,10
142,4.737587,1
143,4.3221726,3
144,0.46763664,0
145,4.1508822,7
146,2.2496417,0
147,1.2917687,0
148,1.278598,4
149,5.85478,8
150,5.127712,6
151,1.3039705,8
152,0.98045474,0
153,3.0492957,5
154,6.4764695,10
155,1.1659598,0
156,0.46763664,0
157,6.105572,10
158,5.4388227,2
159,7.0216436,14
160,5.557672,7
161,0.46763664,0
162,4.8619027,4
163,4.8526335,8
164,4.4734173,2
165,5.171528,4
166,1.8396424,2
167,5.3156466,9
168,6.3165193,3
169,6.6094055,10
170,4.6204348,1
171,3.3200147,4
172,4.5813856,8
173,5.3852196,3
174,4.982987,5
175,1.1417458,0
176,4.7978992,6
177,2.2496417,1
178,5.757043,2
179,3.8823297,6
180,7.7728863,11
181,5.9015756,6
182,4.804259,6
183,3.2803252,5
184,5.7077518,4
185,3.7897756,7
186,1.7493216,2
187,0.46763664,0
188,3.2466202,5
189,5.271351,10
190,2.2496417,0
191,6.0540147,4
192,5.517103,0
193,5.1560216,9
194,0.46763664,2
195,4.0335126,10
196,0.46763664,0
197,7.542361,6
198,4.20047,8
199,4.6483088,5
200,4.785859,8
201,5.323403,13
202,4.873997,1
203,3.3906064,3
204,5.054454,3
205,5.9793825,4
206,3.7111423,8
207,3.324578,0
208,4.8698387,13
209,4.950932,6
210,1.2480718,0
211,4.899216,11
212,5.9919014,2
213,6.468087,5
214,3.9629805,9
215,5.4076824,15
216,5.143505,14
217,6.659823,10
218,6.0988755,4
219,0.895104,0
220,3.9763768,2
221,4.400839,9
222,2.2496417,2
223,4.774774,0
224,2.4638073,0
225,2.2496417,4
226,8.490079,11
227,7.976701,0
228,4.7300344,7
229,4.77015,3
230,4.417591,9
231,0.46763664,0
232,5.716173,1
233,5.3113394,10
234,0.98045474,0
235,6.004185,15
236,5.5089893,4
237,8.611969,6
238,6.2532806,8
239,2.4676096,0
240,5.3379574,5
241,7.1145115,6
242,9.574672,11
243,2.1452894,1
244,3.1153858,5
245,6.8051867,0
246,1.3551564,0
247,0.46763664,0
248,2.2496417,2
249,4.0489926,3
250,5.83852,11
251,4.659096,2
252,4.718294,1
253,5.067054,4
254,1.1417458,0
255,0.46763664,2
256,5.758524,3
257,5.5698013,6
258,4.6339836,5
259,2.2496417,3
260,3.26072,6
261,4.987919,1
262,5.43679,5
263,3.5168371,12
264,4.6358137,1
265,5.5354495,4
266,7.2223372,7
267,4.293727,5
268,6.3548245,2
269,5.218571,10
270,7.123561,11
271,0.46763664,0
272,3.4363,4
273,5.032069,8
274,5.380971,1
275,7.468014,11
276,8.480665,8
277,7.083652,6
278,3.023122,6
279,4.4174213,3
280,2.9130697,0
281,7.8248405,2
282,3.411071,3
283,5.149577,9
284,4.99132,0
285,10.219062,1
286,4.9909215,10
287,4.4364047,7
288,6.076697,2
289,6.609937,8
290,5.869556,8
291,4.19725,3
292,4.2467675,4
293,3.4494138,2
294,7.093981,6
295,0.46763664,0
296,7.6959267,12
297,4.030083,0
298,0.46763664,0
299,3.459914,3
300,5.7913284,2
301,0.46763664,0
302,3.903206,11
303,2.6315067,3
304,3.453012,9
305,2.8890796,2
306,3.1733265,0
307,4.9624276,0
308,3.3012471,0
309,3.7866895,3
310,4.409082,1
311,0.46763664,0
312,4.4330354,6
313,7.674947,8
314,5.89562,11
315,3.776878,5
316,3.0705411,1
317,5.160993,0
318,3.5889313,4
319,0.46763664,0
320,3.9022143,5
321,3.416589,8
322,3.6073685,0
323,5.51204,3
324,5.633051,1
325,4.760122,3
326,0.98045474,0
327,3.8996484,4
328,2.882854,0
329,5.170137,4
330,6.0444856,3
331,4.4198594,9
332,2.9202654,0
333,5.7228312,7
334,6.8461876,5
335,5.119201,2
336,4.4662156,5
337,5.7616506,7
338,1.9072253,0
339,4.6445756,4
340,5.2491436,3
341,0.46763664,0
342,3.2577004,0
343,2.2496417,1
344,4.260877,1
345,3.2525933,0
346,6.179109,1
347,2.3339746,0
348,3.8751624,6
349,5.4360414,2
350,8.5752,10
351,4.042551,8
352,5.9247384,10
353,1.3551564,0
354,2.4676096,0
355,7.9354753,7
356,6.962753,5
357,0.46763664,0
358,6.0509963,5
359,1.7296506,0
360,4.1930304,4
361,3.7125971,3
362,6.2945766,12
363,4.41341,3
364,1.4823911,0
365,3.5961795,7
366,4.439131,2
367,5.730449,2
368,5.2084627,2
369,5.085133,7
370,5.7328186,4
371,6.1995416,8
372,1.4199852,0
373,4.351295,3
374,4.8374205,5
375,2.326823,0
376,6.4128866,1
377,4.854417,4
378,4.3609867,9
379,5.3450284,0
380,4.759292,4
381,3.9947836,12
382,4.018514,1
383,4.9925246,5
384,5.8158064,4
385,6.375427,7
386,4.5779934,4
387,4.526433,8
388,4.3594236,3
389,6.546686,12
390,4.43486,4
391,2.2496417,1
392,2.2496417,0
393,6.5518026,7
394,2.2496417,1
395,2.2496417,4
396,0.46763664,0
397,5.8504796,6
398,5.4269814,9
399,6.7426615,9
400,8.359619,6
401,5.971601,8
402,7.062767,12
403,4.4650745,0
404,4.950226,11
405,4.7017984,0
406,3.6107774,12
407,4.2813816,2
408,2.6702588,1
409,7.658759,9
410,0.46763664,0
411,3.3447134,8
412,6.915877,3
413,3.919748,2
414,2.2496417,14
415,4.5161653,14
416,2.2496417,0
417,5.386516,3
418,0.46763664,0
419,6.647628,3
420,4.493467,12
421,7.4711223,8
422,5.5078354,3
423,3.432459,2
424,4.8545656,8
425,0.46763664,0
426,6.1682186,1
427,5.8110495,8
428,4.4183016,13
429,4.0116606,4
430,3.139075,0
431,5.2003837,0
432,4.4463058,12
433,5.4956913,7
434,3.2193086,6
435,4.7724915,7
436,4.2518,1
437,3.953647,4
438,3.4116182,2
439,6.3434105,8
440,0.46763664,0
441,3.7932632,6
442,1.8070737,2
443,4.312284,0
444,3.5234165,7
445,4.2170815,11
446,6.0433536,3
447,4.1431437,3
448,8.01927,12
449,5.1179876,3
450,4.095526,0
451,0.46763664,0
452,7.9874268,8
453,6.1536946,2
454,5.6830974,15
455,4.8452077,11
456,3.681163,5
457,6.4422555,5
458,5.0245256,14
459,3.3737745,0
460,7.0820317,5
461,5.2507696,6
462,4.0789022,4
463,5.1201615,6
464,4.25075,0
465,3.8622625,5
466,4.844715,4
467,2.911939,1
468,4.248607,6
469,4.3081536,1
470,4.9579077,9
471,2.2496417,1
472,5.102829,8
473,3.1312587,3
474,0.46763664,0
475,0.46763664,0
476,2.1074128,3
477,7.1436324,8
478,1.1514974,2
479,1.1951668,0
480,9.435157,10
481,4.9591365,4
482,6.2983007,2
483,3.0731838,13
484,3.426258,0
485,5.350708,5
486,2.8121474,1
487,3.4449656,6
488,7.423642,11
489,5.191259,6
490,3.0233414,2
491,5.202919,1
492,2.2496417,0
493,5.8277082,4
494,5.013931,3
495,6.7309117,7
496,4.341343,8
497,4.214593,16
498,4.871271,4
499,4.9133706,2
500,2.9206054,5
501,6.958076,3
502,6.903244,8
503,8.147666,11
504,1.7323995,1
505,2.2496417,0
506,3.0878465,10
507,6.7920666,6
508,4.885991,3
509,1.4929053,0
510,2.297909,0
511,6.988132,16
512,3.0611632,5
513,0.46763664,0
514,0.4963569,0
515,5.2534757,0
516,6.1703706,8
517,7.742239,4
518,4.701742,3
519,5.7920594,4
520,4.1569953,1
521,0.46763664,0
522,4.795337,2
523,3.4830241,8
524,3.3186262,1
525,2.3747144,1
526,2.9770496,1
527,4.112358,7
528,4.539174,0
529,7.7758856,7
530,4.6694765,10
531,4.4504313,10
532,6.8840675,16
533,4.976927,1
534,4.4767156,2
535,3.7015562,10
536,4.197349,0
537,2.2663224,0
538,2.2496417,0
539,5.1462517,10
540,2.0854905,0
541,2.509362,0
542,5.7631674,12
543,4.602529,0
544,3.965576,5
545,8.169893,11
546,1.6489419,3
547,3.472976,0
548,5.414219,1
549,2.9039783,0
550,4.5930405,4
551,6.149488,18
552,6.9350104,10
553,7.117694,0
554,6.8162646,5
555,0.46763664,0
556,7.7200093,14
557,6.6706758,4
558,4.935537,4
559,2.9439173,0
560,5.2660255,1
561,4.6967974,5
562,3.7919195,8
563,4.376935,4
564,3.4390237,1
565,4.5503383,5
566,5.9872036,13
567,6.1585207,9
568,5.183892,2
569,2.7607524,0
570,4.4817786,3
571,4.8700457,0
572,2.7887106,0
573,5.777708,11
574,0.46763664,0
575,4.7180867,1
576,6.1315727,4
577,3.529034,3
578,3.493358,0
579,4.234069,8
580,6.401978,8
581,5.3332033,2
582,5.82944,7
583,4.0962443,14
584,3.8323362,6
585,6.5931497,10
586,5.3037367,2
587,4.81825,2
588,2.0629122,0
589,7.652615,5
590,4.7710915,2
591,7.2428474,0
592,5.705081,4
593,4.2962565,3
594,5.312307,8
595,3.7644382,8
596,7.008084,10
597,4.986196,1
598,3.6276739,2
599,3.3139188,9
600,5.798448,10
601,6.5234127,5
602,6.1892853,9
603,5.807364,8
604,4.7508826,7
605,5.915332,14
606,0.46763664,1
607,7.337695,11
608,5.069496,11
609,4.379725,5
610,6.5015135,5
611,8.49395,9
612,1.1514974,1
613,3.6386461,6
614,3.9340575,2
615,3.9574234,5
616,0.46763664,0
617,5.235955,4
618,6.231484,6
619,5.300741,5
620,6.5693674,11
621,1.3295324,0
622,4.0907726,4
623,2.2496417,1
624,7.662246,14
625,4.383714,11
626,5.5778565,1
627,0.46763664,0
628,0.46763664,2
629,3.9318998,5
630,4.307129,0
631,7.015347,5
632,4.931489,7
633,8.558251,9
634,3.128721,5
635,7.538923,14
636,8.962551,12
637,4.6682734,4
638,2.3794603,0
639,5.3730173,5
640,0.46763664,0
641,3.3125212,1
642,2.7081115,0
643,4.834487,6
644,2.5754364,4
645,3.8577588,11
646,2.2496417,4
647,3.1350427,13
648,4.716884,1
649,8.253844,8
650,0.46763664,2
651,4.9984183,0
652,5.8332233,9
653,2.2496417,5
654,1.7323995,0
655,6.69901,7
656,4.4931617,0
657,0.46763664,0
658,5.0411944,7
659,5.6141944,6
660,7.967963,5
661,3.7189977,0
662,5.2411904,2
663,4.4143915,3
664,0.46763664,1
665,6.2170367,4
666,0.46763664,0
667,5.1034055,6
668,5.630187,6
669,4.5018115,5
670,3.1350427,0
671,3.8461907,0
672,7.564006,0
673,0.46763664,0
674,2.7384448,4
675,1.7317786,3
676,4.1808314,6
677,4.153405,1
678,2.5862532,0
679,5.0648108,0
680,7.655901,14
681,5.9867268,3
682,0.46763664,2
683,8.989592,2
684,5.1117754,5
685,2.2827747,0
686,0.46763664,0
687,5.2598205,8
688,3.2954066,3
689,0.46763664,0
690,5.0078287,3
691,4.8439846,1
692,3.8402035,1
693,5.566566,14
694,6.20111,4
695,5.742811,3
696,7.8521147,11
697,4.9042077,10
698,0.46763664,4
699,2.5797207,0
700,6.244547,2
701,8.00798,17
702,6.8328476,3
703,0.46763664,0
704,5.263088,0
705,7.0988703,8
706,0.46763664,1
707,1.7568511,1
708,1.6586844,0
709,6.214944,6
710,4.811812,3
711,4.7534924,9
712,6.3478165,2
713,5.254409,5
714,6.16044,18
715,3.4724278,0
716,4.7937064,10
717,3.3139188,6
718,4.2746987,4
719,6.3934474,7
720,6.2533584,8
721,6.778267,12
722,4.609686,5
723,4.880408,9
724,5.77557,1
725,5.003037,0
726,4.1132917,0
727,6.8357553,10
728,6.9352813,5
729,3.7221596,2
730,4.98118,6
731,4.368024,13
732,5.353237,6
733,5.0903864,7
734,3.1559808,1
735,5.2764654,2
736,0.46763664,1
737,5.3618846,4
738,6.048585,6
739,3.0406485,0
740,4.655616,5
741,3.817475,1
742,3.4359736,7
743,4.904735,1
744,6.548371,0
745,3.670208,1
746,4.965268,8
747,6.540573,2
748,1.3346674,0
749,6.123528,5
750,2.7250514,0
751,6.3753443,8
752,2.3845913,2
753,4.927823,13
754,6.9033585,11
755,4.6169834,10
756,0.4963569,0
757,2.5983489,0
758,3.2848234,0
759,6.6487336,6
760,2.6378882,6
761,7.256253,2
762,4.040605,18
763,4.300543,0
764,5.262466,5
765,5.87971,10
766,6.494309,14
767,6.6285896,8
768,4.01995,5
769,4.8505235,16
770,4.774762,4
771,4.499283,5
772,4.7914386,4
773,1.930436,0
774,7.1406894,11
775,4.8964453,3
776,6.06226,2
777,2.277966,1
778,4.532582,2
779,2.2496417,3
780,5.0231667,0
781,3.2608812,2
782,2.2496417,3
783,5.272059,4
784,4.316797,9
785,3.470794,3
786,2.2496417,12
787,4.9641504,6
788,6.108532,4
789,1.2917687,0
790,1.1514974,0
791,4.7189913,4
792,4.3992214,4
793,5.1788335,4
794,5.311389,3
795,5.698205,9
796,1.7266706,2
797,4.7852573,4
798,4.5806627,0
799,6.1725698,0
800,4.4330015,1
801,8.712794,7
802,2.8167872,11
803,0.46763664,0
804,6.761034,11
805,7.623033,4
806,6.2473397,6
807,4.4971495,0
808,4.771592,2
809,4.798009,6
810,5.0090013,5
811,0.46763664,0
812,2.7215354,0
813,2.2496417,0
814,5.093873,0
815,2.4202223,0
816,7.8462067,12
817,4.05012,4
818,4.95487,7
819,8.552138,11
820,1.9165055,1
821,7.308364,11
822,4.3447723,3
823,1.734835,0
824,4.7910833,8
825,4.143024,1
826,4.06368,5
827,4.9988174,12
828,4.6233163,2
829,0.46763664,0
830,1.9666718,4
831,3.711696,4
832,5.091505,13
833,2.2496417,0
834,7.3177323,10
835,6.5912347,5
836,2.6571825,0
837,4.063142,6
838,3.6559768,3
839,0.46763664,0
840,5.4556184,0
841,4.02848,1
842,4.6506567,8
843,0.46763664,0
844,4.2740827,6
845,5.759934,9
846,6.403642,14
847,7.066405,9
848,3.7149816,16
849,6.355603,14
850,4.3179603,3
851,5.5895057,13
852,5.337401,5
853,4.8861437,2
854,0.58943564,1
855,5.6324196,11
856,4.927092,5
857,3.3979537,4
858,3.3417692,3
859,6.5312037,6
860,5.6884627,2
861,0.46763664,3
862,3.267977,0
863,3.136051,7
864,5.022023,3
865,5.522977,5
866,7.718004,9
867,4.6856523,3
868,5.1624813,10
869,1.1951668,0
870,3.707702,5
871,4.3622527,7
872,4.1833606,9
873,6.7100587,11
874,4.9177837,7
875,5.761026,10
876,0.46763664,0
877,5.100225,4
878,6.908606,7
879,6.000226,9
880,5.457508,5
881,7.852435,10
882,0.46763664,0
883,6.6895595,4
884,5.0053086,6
885,3.7909033,2
886,4.5756435,12
887,6.2181516,12
888,6.7145705,4
889,4.735219,10
890,4.567654,4
891,5.4535446,3
892,7.392741,18
893,6.440981,4
894,4.596869,7
895,4.0975876,10
896,7.2436686,9
897,6.2829237,0
898,2.8825636,5
899,4.7212977,2
900,4.5699654,1
901,4.498953,5
902,4.7611046,0
903,7.4256053,5
904,4.209966,10
905,5.4522347,3
906,4.70794,0
907,5.129375,4
908,4.5499554,0
909,5.7557983,19
910,5.8526816,1
911,1.9520439,11
912,7.959091,8
913,0.46763664,0
914,2.2496417,0
915,3.1797523,4
916,8.9489,1
917,7.3538527,8
918,4.3642817,9
919,7.9480114,14
920,2.9456205,5
921,4.886678,6
922,4.468466,3
923,3.3566997,0
924,2.6707528,6
925,4.0478363,5
926,2.977383,1
927,1.3346674,0
928,1.930436,0
929,5.539047,16
930,3.6483977,7
931,3.1532218,15
932,4.1400156,4
933,7.573921,5
934,0.46763664,0
935,5.6688476,3
936,7.51399,8
937,4.4453564,3
938,4.1314316,2
939,6.20587,0
940,4.040426,0
941,5.0639553,3
942,3.2463825,6
943,7.975436,11
944,6.906897,6
945,5.153131,14
946,6.7854943,10
947,4.239501,2
948,0.86247283,1
949,4.1661854,1
950,4.6175947,0
951,4.593075,2
952,7.7470284,5
953,7.9421625,8
954,4.045179,4
955,5.1932015,13
956,5.6735163,2
957,4.37545,0
958,5.087035,12
959,1.1951668,0
960,5.5234294,2
961,3.4908013,1
962,4.7594223,3
963,5.206304,6
964,4.0324364,0
965,4.8150797,6
966,3.3167436,1
967,5.1107364,11
968,0.4963569,0
969,4.1758966,0
970,3.5348384,2
971,3.5879018,0
972,6.32875,13
973,7.2720623,0
974,3.9179137,4
975,4.0217133,0
976,6.378512,12
977,4.1410255,2
978,4.18247,12
979,6.089201,1
980,3.6193857,4
981,6.62217,5
982,4.12784,7
983,3.5218394,9
984,4.5017166,1
985,6.9619155,12
986,5.6640124,9
987,7.9109526,12
988,4.754775,10
989,6.5740685,11
990,6.0199685,1
991,2.2663224,1
992,0.46763664,0
993,0.46763664,0
994,4.6508975,10
995,6.0580034,8
996,3.5385494,6
997,5.8664722,9
998,3.565655,3
999,3.8977363,0
1000,5.6509314,5
1001,2.2496417,5
1002,6.046743,4
1003,3.9092872,6
1004,2.2496417,2
1005,0.46763664,0
1006,4.353852,12
1007,5.9895372,5
1008,4.7681913,6
1009,4.9726377,12
1010,4.928279,2
1011,5.482555,3
1012,7.0566144,12
1013,6.9342437,7
1014,4.6772413,2
1015,3.7709038,2
1016,1.1659598,1
1017,4.589714,12
1018,5.072669,1
1019,5.385726,13
1020,5.384309,5
1021,2.6636107,7
1022,0.46763664,0
1023,6.0573974,14
1024,4.800955,4
1025,0.46763664,1
1026,4.124636,10
1027,3.8025525,3
1028,7.0543747,8
1029,6.892203,12
1030,4.7383323,11
1031,4.8645406,3
1032,4.573184,5
1033,4.7433734,2
1034,3.748073,6
1035,3.2179596,0
1036,5.445742,4
1037,8.109956,7
1038,2.2496417,0
1039,4.3044763,2
1040,6.465995,3
1041,0.46763664,0
1042,4.2176037,2
1043,8.621599,0
1044,0.46763664,1
1045,6.373642,10
1046,3.2767048,3
1047,1.2648362,0
1048,4.5852447,3
1049,4.9565415,5
1050,4.653252,2
1051,4.0294366,5
1052,8.141012,10
1053,5.5604353,0
1054,0.46763664,0
1055,7.6008534,8
1056,2.6447167,6
1057,3.8696206,5
1058,4.539709,3
1059,5.8427186,7
1060,0.46763664,0
1061,5.157009,4
1062,5.24685,2
1063,3.1243224,2
1064,3.675967,12
1065,4.565356,3
1066,0.46763664,0
1067,4.644876,2
1068,2.503556,0
1069,7.978117,13
1070,2.2038133,0
1071,0.46763664,0
1072,4.0305357,0
1073,5.001121,7
1074,2.447403,2
1075,6.7595415,8
1076,2.2496417,0
1077,7.866372,8
1078,0.46763664,0
1079,4.1824775,6
1080,2.3845913,1
1081,4.1124444,0
1082,0.98045474,0
1083,4.5117583,3
1084,2.3424623,4
1085,4.9197474,10
1086,4.3653193,2
1087,4.294773,5
1088,7.1188397,6
1089,1.5111715,2
1090,1.6445395,1
1091,4.0809164,3
1092,7.2324734,3
1093,5.5954127,7
1094,2.7852128,0
1095,2.2227528,0
1096,4.767766,3
1097,3.7681715,4
1098,2.277966,1
1099,0.46763664,0
1100,5.576186,6
1101,6.296935,6
1102,4.85696,3
1103,7.8790493,4
1104,7.834032,8
1105,5.7770414,7
1106,3.8146446,2
1107,7.8636885,8
1108,6.7642193,5
1109,3.4382236,5
1110,4.8041573,3
1111,3.5525877,0
1112,5.2493677,0
1113,3.0844316,1
1114,4.026649,1
1115,4.8361664,6
1116,4.1714363,2
1117,7.044824,4
1118,6.716642,3
1119,5.1556454,3
1120,0.98045474,1
1121,3.9259365,5
1122,5.927186,4
1123,7.04549,7
1124,3.4742012,5
1125,5.223928,8
1126,1.6445395,0
1127,7.334634,5
1128,4.7553153,11
1129,6.153863,15
1130,2.2516243,2
1131,4.766217,2
1132,5.7292714,5
1133,5.270912,4
1134,5.7268124,8
1135,0.46763664,4
1136,5.3616185,10
1137,7.825321,4
1138,8.113493,10
1139,6.545956,9
1140,7.7884665,17
1141,5.517309,4
1142,4.1973343,1
1143,5.3626633,10
1144,4.9870367,6
1145,2.277966,0
1146,2.6733534,0
1147,7.2689734,7
1148,3.2604406,0
1149,5.296835,4
1150,4.194667,1
1151,3.972461,3
1152,2.8083289,0
1153,8.722716,12
1154,7.547783,14
1155,4.1470766,1
1156,6.7852583,10
1157,4.0885696,1
1158,4.870203,12
1159,3.7436898,0
1160,5.554871,9
1161,4.869752,10
1162,6.30569,10
1163,5.3804774,1
1164,8.4497,2
1165,6.225821,5
1166,5.449729,3
1167,1.6217458,0
1168,7.800948,9
1169,5.983652,16
1170,4.339444,0
1171,4.68591,17
1172,2.2447193,0
1173,4.4948893,4
1174,7.1128545,8
1175,5.172327,9
1176,5.038025,4
1177,3.464788,5
1178,1.3346674,0
1179,5.462191,2
1180,4.9683857,0
1181,6.4187965,1
1182,0.46763664,18
1183,6.0944147,11
1184,2.4996948,0
1185,6.111608,6
1186,5.4533854,14
1187,0.46763664,1
1188,5.1762376,6
1189,4.6349177,3
1190,3.2744017,8
1191,0.74694175,0
1192,4.989896,0
1193,6.3725104,6
1194,4.9131804,7
1195,4.668053,0
1196,5.3439946,1
1197,0.46763664,0
1198,5.4863653,11
1199,3.216264,4
1200,4.34584,2
1201,2.0142438,1
1202,3.4701538,7
1203,7.325,1
1204,1.1514974,0
1205,4.057147,5
1206,4.3594236,2
1207,6.304554,13
1208,4.879235,2
1209,1.9923648,3
1210,3.69121,2
1211,5.922381,5
1212,5.202683,1
1213,4.850521,10
1214,4.3404064,5
1215,4.300543,13
1216,4.390493,3
1217,6.17385,17
1218,3.464962,0
1219,5.9699597,0
1220,4.8926682,5
1221,2.4207387,0
1222,6.712305,3
1223,8.216507,13
1224,5.148801,2
1225,1.0456483,0
1226,4.492032,0
1227,4.835918,3
1228,3.8225672,6
1229,5.2793455,4
1230,4.114003,2
1231,6.2678814,0
1232,4.9273233,5
1233,2.0327566,8
1234,5.575288,15
1235,2.455472,0
1236,2.2496417,7
1237,5.5069137,6
1238,6.6062937,1
1239,4.6733923,4
1240,5.636261,6
1241,3.1054876,2
1242,4.9073043,5
1243,2.9955645,9
1244,3.646937,2
1245,0.46763664,0
1246,6.096533,18
1247,4.987919,2
1248,3.6742811,3
1249,5.0674577,4
1250,2.2496417,1
1251,4.4369483,4
1252,5.969535,10
1253,7.265043,8
1254,4.3594236,0
1255,2.8535993,2
1256,5.8737736,3
1257,5.5198445,9
1258,1.5732363,4
1259,2.2496417,0
1260,3.7338428,5
1261,1.1951668,3
1262,1.5762271,2
1263,4.1032896,5
1264,7.717494,9
1265,5.1695747,3
1266,2.5214665,1
1267,5.2583756,8
1268,4.096369,3
1269,6.640925,16
1270,3.7169676,3
1271,4.7649727,2
1272,4.851155,5
1273,4.528571,5
1274,3.1842859,0
1275,3.6162915,0
1276,4.9759603,2
1277,4.112811,2
1278,4.40668,4
1279,4.526917,7
1280,5.691864,12
1281,0.46763664,0
1282,5.230739,4
1283,3.0784352,6
1284,7.3952107,9
1285,3.668045,0
1286,0.46763664,0
1287,1.7323995,0
1288,3.0523071,7
1289,4.02337,0
1290,5.050128,2
1291,7.185852,7
1292,5.9336104,3
1293,7.0581527,4
1294,5.3206778,12
1295,1.2917687,0
1296,5.9233656,10
1297,5.7338557,12
1298,6.702728,7
1299,2.3035676,0
1300,8.651892,4
1301,0.4963569,2
1302,5.2280607,6
1303,5.549623,8
1304,3.5863335,2
1305,4.3402596,9
1306,3.366025,0
1307,3.7024415,0
1308,5.797169,4
1309,5.7266254,5
1310,5.3705854,2
1311,6.7613096,11
1312,4.908679,3
1313,7.329722,2
1314,2.2496417,12
1315,4.7722597,2
1316,5.202716,2
1317,5.496002,3
1318,2.063101,0
1319,6.115234,0
1320,2.2496417,0
1321,7.2848377,8
1322,4.8221574,6
1323,5.7279787,2
1324,5.907134,5
1325,4.2567873,2
1326,3.7436175,3
1327,0.46763664,0
1328,2.2496417,1
1329,3.865884,5
1330,0.46763664,0
1331,4.494963,21
1332,5.6465497,10
1333,4.639175,6
1334,5.647606,2
1335,3.073106,2
1336,0.46763664,0
1337,6.704741,7
1338,7.6569366,13
1339,6.0262074,6
1340,2.776356,3
1341,5.4088163,2
1342,5.2000732,0
1343,6.0517964,4
1344,6.349468,5
1345,6.0960946,9
1346,3.6451054,10
1347,3.58862,2
1348,4.4755144,2
1349,1.9246184,0
1350,0.86247283,1
1351,4.1597056,6
1352,7.0515614,11
1353,4.4092054,7
1354,4.630042,4
1355,2.2496417,0
1356,4.994255,0
1357,4.1951666,3
1358,5.94717,6
1359,5.077706,6
1360,4.020236,3
1361,5.8437243,9
1362,4.024571,3
1363,4.1450596,1
1364,2.7916968,0
1365,2.8204355,0
1366,5.0919228,2
1367,3.2348654,5
1368,0.46763664,0
1369,3.7117693,8
1370,5.49277,5
1371,1.8592168,0
1372,2.4513798,1
1373,3.5125706,9
1374,3.703096,0
1375,4.890035,3
1376,2.065942,2
1377,4.952296,13
1378,6.436432,6
1379,4.721225,5
1380,3.418913,2
1381,4.590251,2
1382,4.4060907,2
1383,3.8377993,4
1384,2.384303,0
1385,0.895104,0
1386,6.694007,10
1387,4.085441,3
1388,4.7397614,0
1389,5.7483044,6
1390,4.8791523,4
1391,4.704788,0
1392,8.027196,4
1393,5.3480563,6
1394,4.978935,3
1395,3.9119031,1
1396,4.8363237,8
1397,5.03008,9
1398,1.5525782,0
1399,4.2983994,1
1400,5.9691377,3
1401,4.077261,6
1402,1.2917687,2
1403,5.3222485,9
1404,7.3950715,14
1405,5.5410547,10
1406,5.23836,3
1407,0.46763664,0
1408,7.730008,0
1409,6.050462,3
1410,4.987919,1
1411,0.46763664,0
1412,7.2332263,9
1413,3.924032,1
1414,5.329364,1
1415,2.2496417,6
1416,3.7521508,4
1417,5.422963,5
1418,3.8036249,6
1419,3.5124116,2
1420,2.7076755,9
1421,4.4302697,3
1422,4.6796694,0
1423,4.9943085,7
1424,8.035362,13
1425,5.205677,14
1426,7.3797646,5
1427,3.0669925,3
1428,4.440263,8
1429,4.0414186,6
1430,2.9608405,0
1431,5.051502,1
1432,8.628872,8
1433,6.7861357,7
1434,5.087731,1
1435,6.3648367,10
1436,2.2496417,0
1437,2.7480118,0
1438,5.424889,5
1439,4.890687,14
1440,2.673421,9
1441,5.333494,1
1442,0.46763664,0
1443,0.46763664,0
1444,6.6311517,5
1445,1.4823911,0
1446,5.4621406,9
1447,4.879811,0
1448,5.015744,5
1449,6.914701,9
1450,4.1933823,3
1451,4.288637,15
1452,3.5763211,4
1453,6.6367855,11
1454,0.74694175,0
1455,5.6570797,2
1456,3.9754074,6
1457,5.8323975,2
1458,2.2496417,2
1459,3.8528903,5
1460,3.58862,2
1461,7.504657,0
1462,2.4207387,0
1463,4.4948893,1
1464,5.604547,3
1465,0.46763664,0
1466,2.1387835,1
1467,0.46763664,0
1468,2.7250514,0
1469,3.0891838,0
1470,5.2472005,12
1471,5.668045,8
1472,4.4317894,9
1473,3.918843,2
1474,4.506259,5
1475,2.9650528,8
1476,2.2496417,0
1477,5.378844,3
1478,5.281789,3
1479,3.5654142,5
1480,0.46763664,0
1481,0.46763664,0
1482,5.7522197,2
1483,5.751184,11
1484,6.2399263,1
1485,3.3754113,0
1486,3.4805903,5
1487,7.7580643,10
1488,0.46763664,0
1489,3.648085,0
1490,5.7078424,9
1491,5.539096,5
1492,3.587814,5
1493,6.8501015,3
1494,4.110854,10
1495,5.114139,12
1496,4.5274153,2
1497,3.8439991,0
1498,2.2496417,4
1499,0.46763664,0
1500,7.2296224,2
1501,3.2954066,0
1502,2.0629122,0
1503,1.5631219,0
1504,5.5715094,10
1505,8.303715,8
1506,2.2496417,0
1507,5.240914,3
1508,1.1951668,0
1509,2.986618,2
1510,4.7722483,6
1511,4.76281,4
1512,2.2496417,0
1513,2.2997115,5
1514,7.9120913,12
1515,3.907688,8
1516,5.180721,4
1517,5.7554607,1
1518,6.495803,5
1519,5.4037066,4
1520,6.857895,4
1521,6.9791985,8
1522,7.70078,0
1523,6.4202685,5
1524,6.1637216,5
1525,4.7337112,3
1526,3.8124788,6
1527,4.613601,1
1528,3.2090945,1
1529,6.2875247,11
1530,5.8656125,5
1531,6.9027247,1
1532,2.6466446,0
1533,0.46763664,0
1534,5.9889855,11
1535,5.1907554,5
1536,0.46763664,2
1537,5.274839,5
1538,4.6094503,3
1539,5.407651,8
1540,5.751376,8
1541,4.4168057,4
1542,4.409597,2
1543,4.1074,2
1544,6.3948045,7
1545,2.2496417,2
1546,7.1782413,12
1547,5.3326263,8
1548,4.948451,0
1549,2.2496417,1
1550,5.5501404,10
1551,4.9390335,11
1552,1.6204077,0
1553,6.92003,9
1554,3.3447845,8
1555,5.331347,2
1556,5.961022,2
1557,5.4617987,7
1558,3.915284,10
1559,3.2543209,10
1560,3.2521138,1
1561,2.64102,0
1562,3.2232578,9
1563,5.2921443,4
1564,2.2496417,0
1565,0.46763664,0
1566,3.9428732,0
1567,3.2757232,4
1568,5.0392175,9
1569,5.1405797,1
1570,5.0928164,9
1571,4.4948893,7
1572,2.9951181,0
1573,0.46763664,0
1574,4.0593896,5
1575,2.2496417,0
1576,3.457704,0
1577,6.2129507,0
1578,5.579734,4
1579,6.617675,13
1580,3.9751413,9
1581,5.398404,0
1582,7.280496,4
1583,4.238464,1
1584,4.541604,8
1585,4.4726458,4
1586,0.46763664,0
1587,1.1829773,0
1588,0.46763664,0
1589,6.5556545,7
1590,6.47686,7
1591,4.929411,13
1592,1.4469267,4
1593,0.46763664,0
1594,3.9160287,12
1595,4.239662,12
1596,5.949843,4
1597,2.498175,0
1598,5.107684,8
1599,5.4926815,0
1600,3.244483,5
1601,1.7610232,0
1602,5.036647,5
1603,4.3467216,5
1604,2.2496417,13
1605,5.610095,2
1606,4.5017166,11
1607,5.016102,2
1608,6.695965,10
1609,5.6289005,3
1610,7.310661,12
1611,0.46763664,3
1612,3.602153,6
1613,6.0915856,10
1614,3.5007048,2
1615,6.8170676,10
1616,5.0899625,2
1617,6.8151736,12
1618,3.4185355,0
1619,5.2287927,1
1620,5.1518035,4
1621,3.1117382,2
1622,3.5105004,0
1623,0.46763664,0
1624,4.417883,5
1625,0.46763664,1
1626,5.290525,13
1627,4.6574655,2
1628,0.46763664,0
1629,2.2496417,0
1630,4.9890966,2
1631,5.2692432,13
1632,5.349266,3
1633,7.7692432,3
1634,2.2496417,0
1635,1.742048,1
1636,3.787689,2
1637,6.962512,14
1638,8.457213,7
1639,7.9628572,4
1640,4.02848,0
1641,4.494963,11
1642,2.2496417,1
1643,2.37034,0
1644,3.575476,2
1645,6.6336803,1
1646,3.7876475,0
1647,0.46763664,1
1648,4.832246,11
1649,4.4300947,9
1650,1.6204077,3
1651,8.511183,6
1652,0.895104,0
1653,3.3511503,7
1654,8.046543,18
1655,4.8630075,1
1656,2.7445567,6
1657,5.345198,13
1658,4.355567,8
1659,5.0783405,1
1660,2.9456205,4
1661,3.3012471,1
1662,4.039243,17
1663,1.6404005,5
1664,2.9960551,1
1665,0.46763664,0
1666,2.2496417,0
1667,4.318626,0
1668,2.2496417,0
1669,5.1265388,0
1670,0.46763664,0
1671,7.891471,13
1672,4.1777296,2
1673,0.4963569,0
1674,5.918556,4
1675,3.8701942,0
1676,4.7009683,8
1677,2.3797827,9
1678,6.9757657,7
1679,5.7887354,3
1680,4.2865796,4
1681,5.004592,2
1682,4.812033,4
1683,1.9746879,0
1684,3.9245236,4
1685,5.3287673,4
1686,4.519411,1
1687,1.8554498,0
1688,4.1127863,0
1689,4.9309564,6
1690,6.6696353,7
1691,3.9625394,0
1692,5.396985,6
1693,7.265437,5
1694,6.7412286,0
1695,6.507081,13
1696,3.3729103,0
1697,6.119466,3
1698,7.968849,7
1699,5.7849593,2
1700,6.778592,9
1701,0.46763664,0
1702,5.396237,2
1703,0.98045474,0
1704,1.5762271,0
1705,4.0447454,10
1706,4.64092,0
1707,4.406494,1
1708,4.543522,3
1709,2.2496417,0
1710,5.901467,7
1711,4.158176,12
1712,5.0808134,4
1713,6.0102334,4
1714,4.7185144,1
1715,3.701499,7
1716,6.36985,8
1717,0.46763664,1
1718,3.5478864,6
1719,0.46763664,0
1720,4.111022,6
1721,4.8743153,4
1722,4.7270174,3
1723,5.6825123,2
1724,6.04501,3
1725,4.0366426,7
1726,6.9868717,13
1727,7.1680174,4
1728,1.3551564,0
1729,3.7611651,10
1730,7.0079565,8
1731,0.46763664,0
1732,6.185627,0
1733,3.9978445,1
1734,7.487028,7
1735,0.895104,0
1736,0.46763664,0
1737,6.066301,3
1738,0.46763664,0
1739,5.0838532,11
1740,4.2126102,3
1741,0.46763664,0
1742,4.2654796,9
1743,4.8659105,2
1744,4.3823156,1
1745,3.9065282,0
1746,5.525674,4
1747,4.6857405,1
1748,5.082783,11
1749,7.062464,12
1750,5.5160007,5
1751,3.9984672,6
1752,4.7235694,0
1753,3.5040605,11
1754,5.275887,11
1755,4.1523266,0
1756,2.2496417,1
1757,2.2496417,0
1758,4.6188426,0
1759,2.9188974,0
1760,4.424031,3
1761,4.4945726,0
1762,1.7701999,0
1763,6.650362,0
1764,2.2496417,1
1765,5.41025,4
1766,2.065942,2
1767,6.5580173,11
1768,3.9472287,0
1769,4.7366114,3
1770,4.973004,5
1771,2.6268842,8
1772,5.0526614,15
1773,4.587216,8
1774,4.4850187,1
1775,4.3760366,11
1776,5.787327,7
1777,6.6766458,12
1778,4.5380063,5
1779,5.7717834,3
1780,4.2758317,0
1781,5.395923,1
1782,4.3009844,3
1783,6.289219,9
1784,8.8430605,3
1785,4.020936,1
1786,4.1547246,7
1787,6.6885386,2
1788,4.4220014,1
1789,7.0689244,9
1790,4.839095,17
1791,4.9450364,6
1792,5.1366224,4
1793,6.720906,6
1794,5.3659377,9
1795,5.530119,11
1796,3.379322,9
1797,6.4097667,1
1798,3.7776706,1
1799,7.4936905,12
1800,0.46763664,0
1801,4.7301803,5
1802,5.5310187,2
1803,5.214777,3
1804,2.7250514,8
1805,4.5850744,1
1806,4.645401,3
1807,2.199671,0
1808,5.3017898,4
1809,5.6442537,0
1810,4.261898,6
1811,5.3583307,6
1812,9.040768,9
1813,5.039183,2
1814,5.8366513,9
1815,4.3972883,7
1816,5.4211583,7
1817,3.9551013,2
1818,4.372458,7
1819,3.81624,3
1820,5.141833,2
1821,6.3525343,5
1822,3.4689293,5
1823,5.424781,3
1824,4.326434,1
1825,6.064821,4
1826,7.279294,10
1827,4.044675,2
1828,6.385953,6
1829,7.8427973,5
1830,6.6339865,1
1831,8.931007,2
1832,4.358734,0
1833,5.8792048,5
1834,4.057834,0
1835,4.1923375,4
1836,5.840951,10
1837,4.252731,16
1838,4.539136,13
1839,4.513553,8
1840,5.7228312,0
1841,6.9894457,0
1842,5.0383883,10
1843,3.892556,2
1844,5.4075413,5
1845,1.7964026,2
1846,1.3906783,5
1847,3.4962513,10
1848,5.202411,8
1849,0.895104,0
1850,7.197268,9
1851,7.8093348,14
1852,5.5689764,10
1853,5.057033,16
1854,5.1916766,0
1855,5.972432,1
1856,3.19605,2
1857,2.1638546,3
1858,4.481558,5
1859,4.712018,3
1860,3.3298204,9
1861,4.899861,6
1862,0.46763664,0
1863,5.71,5
1864,3.0429478,10
1865,4.552297,1
1866,4.506662,0
1867,4.3594236,1
1868,5.5213976,1
1869,7.6811166,0
1870,0.46763664,0
1871,7.155411,2
1872,4.1673956,6
1873,4.273765,6
1874,5.233775,22
1875,4.0968595,6
1876,2.7480118,2
1877,4.6204348,2
1878,3.0586183,2
1879,5.7374716,4
1880,5.862217,4
1881,5.6914654,2
1882,4.423581,6
1883,4.45272,18
1884,3.8047302,3
1885,6.8514466,11
1886,5.904453,0
1887,5.526211,4
1888,4.533404,1
1889,5.810047,3
1890,4.4147043,0
1891,6.8047857,11
1892,0.46763664,0
1893,6.862218,2
1894,3.7710836,0
1895,4.755931,5
1896,2.515778,2
1897,3.5857952,1
1898,3.8178031,1
1899,5.287552,8
1900,5.5136685,4
1901,5.7011647,3
1902,4.514486,13
1903,9.115819,11
1904,4.921815,5
1905,7.673309,9
1906,6.721489,0
1907,7.528921,4
1908,0.46763664,0
1909,2.7391865,6
1910,6.438401,3
1911,4.4999695,4
1912,2.3479717,3
1913,5.070703,0
1914,5.7042437,9
1915,5.2961855,1
1916,3.5619466,0
1917,2.2496417,1
1918,5.0154724,4
1919,5.8272066,7
1920,4.9517603,3
1921,1.5762271,0
1922,5.4467998,11
1923,4.0713935,6
1924,4.4879184,9
1925,0.46763664,1
1926,8.786899,6
1927,4.88513,13
1928,5.3195043,6
1929,3.9982708,5
1930,5.820032,6
1931,5.4521685,2
1932,4.7097745,0
1933,6.938202,7
1934,6.590503,7
1935,3.3399723,3
1936,9.030508,15
1937,4.6950884,6
1938,1.0456483,1
1939,2.2496417,0
1940,5.000784,5
1941,4.397398,5
1942,6.341788,1
1943,8.141255,7
1944,1.3551564,0
1945,6.494968,6
1946,5.0429964,6
1947,6.884275,8
1948,5.3351107,0
1949,3.2335637,0
1950,1.7701999,0
1951,0.46763664,0
1952,5.5581594,6
1953,5.9971046,6
1954,3.2264273,0
1955,0.46763664,0
1956,4.843832,13
1957,5.4983625,1
1958,8.573399,15
1959,3.2954066,1
1960,4.968459,5
1961,5.1858444,3
1962,5.7384644,8
1963,3.7839372,10
1964,4.8736057,11
1965,4.4496117,0
1966,6.116582,10
1967,4.9039927,6
1968,4.7543063,8
1969,4.202077,3
1970,4.9370933,2
1971,4.815961,3
1972,4.1972523,8
1973,6.833404,9
1974,0.46763664,0
1975,7.771163,6
1976,6.971315,5
1977,2.277966,2
1978,0.46763664,0
1979,4.7181745,9
1980,3.9759438,4
1981,4.9715214,1
1982,3.7340095,5
1983,7.4324207,7
1984,5.366597,3
1985,2.8211706,0
1986,5.394392,4
1987,0.46763664,0
1988,6.6182795,5
1989,0.46763664,0
1990,4.4640975,10
1991,2.212099,1
1992,2.069871,1
1993,5.4538884,2
1994,1.2917687,0
1995,4.769555,19
1996,7.278084,8
1997,0.46763664,0
1998,5.74004,2
1999,0.86247283,0
2000,3.4163568,2
2001,2.9025574,1
2002,0.46763664,0
2003,2.2496417,4
2004,5.6366053,9
2005,5.8264823,4
2006,0.46763664,0
2007,6.120652,7
2008,4.608898,10
2009,6.8590436,15
2010,7.4173946,7
2011,6.454866,6
2012,2.7445567,1
2013,4.19613,5
2014,6.633574,2
2015,4.034187,1
2016,2.2496417,0
2017,5.92822,5
2018,4.7109065,5
2019,8.010977,3
2020,1.1829773,0
2021,0.46763664,0
2022,7.4651923,16
2023,6.6847043,3
2024,3.021416,0
2025,6.4317985,0
2026,4.1869993,8
2027,0.46763664,0
2028,5.581109,11
2029,1.6445395,0
2030,6.8096666,9
2031,2.2496417,0
2032,1.2917687,0
2033,5.334217,4
2034,3.5558848,10
2035,4.5259733,8
2036,3.1345966,2
2037,3.8428385,6
2038,5.9294558,0
2039,4.5726085,11
2040,5.4718657,3
2041,4.280793,8
2042,2.5840962,0
2043,1.3551564,0
2044,2.6931803,3
2045,0.46763664,0
2046,2.9221096,0
2047,6.581421,18
2048,3.0301106,0
2049,6.4890637,10
2050,4.363936,3
2051,6.468877,10
2052,5.260332,4
2053,5.0559993,4
2054,5.347061,4
2055,3.4367247,0
2056,1.4199852,0
2057,4.3765616,10
2058,2.2509289,0
2059,0.46763664,1
2060,7.3526573,1
2061,4.6796784,4
2062,4.791186,0
2063,5.8415747,10
2064,3.3673685,3
2065,6.7138085,2
2066,4.436696,10
2067,5.0325446,15
2068,1.6586844,0
2069,3.4011643,1
2070,2.9555867,1
2071,4.856421,11
2072,1.3551564,0
2073,6.260234,8
2074,4.380274,3
2075,4.0905075,5
2076,5.5138345,5
2077,1.9363223,3
2078,3.5213377,8
2079,7.695201,1
2080,4.962577,7
2081,4.0665307,0
2082,4.410586,4
2083,4.7005863,7
2084,4.728327,5
2085,4.8417664,11
2086,6.3264194,7
2087,1.7317786,0
2088,4.235524,7
2089,6.472187,0
2090,3.4853537,0
2091,3.809631,3
2092,4.7648735,2
2093,0.46763664,0
2094,3.4295144,1
2095,0.46763664,0
2096,2.3342676,0
2097,5.5662656,0
2098,4.8360906,3
2099,3.9602234,5
2100,8.253168,12
2101,6.563087,8
2102,5.404261,2
2103,6.4107795,3
2104,6.406007,4
2105,3.9751203,11
2106,3.8160164,6
2107,4.8815446,3
2108,6.726766,7
2109,5.497362,4
2110,3.0463092,1
2111,5.70532,9
2112,3.7354574,4
2113,0.74694175,0
2114,6.9156275,5
2115,5.244109,3
2116,4.441943,3
2117,5.9797587,11
2118,6.648082,7
2119,4.0717826,1
2120,5.576168,1
2121,4.329397,4
2122,2.2496417,3
2123,5.581917,2
2124,6.257452,9
2125,6.8605423,1
2126,0.46763664,0
2127,8.689293,10
2128,6.5915656,8
2129,3.4021573,4
2130,5.106621,4
2131,6.657825,1
2132,8.972258,1
2133,4.304902,7
2134,2.9456205,5
2135,2.452959,0
2136,3.6033635,0
2137,7.3872724,0
2138,1.5762271,0
2139,4.285132,3
2140,1.1514974,3
2141,5.6227465,6
2142,0.87777287,0
2143,5.920367,2
2144,5.8283696,6
2145,5.1761656,3
2146,2.2496417,1
2147,5.5211606,9
2148,3.9541066,7
2149,5.557106,4
2150,8.029933,9
2151,4.8975983,1
2152,4.2773623,6
2153,4.1986623,1
2154,7.489342,4
2155,6.8578,3
2156,5.8855996,8
2157,2.5966976,9
2158,4.0604825,12
2159,4.539136,0
2160,5.6774473,13
2161,3.7363093,4
2162,5.5843124,1
2163,3.705963,0
2164,4.754744,3
2165,8.31453,11
2166,5.895314,17
2167,3.8392932,0
2168,4.754974,4
2169,6.733091,13
2170,5.6846056,2
2171,3.5413513,5
2172,3.4224117,0
2173,3.6982663,0
2174,5.062772,1
2175,0.46763664,0
2176,7.8449717,6
2177,5.685744,12
2178,4.4171686,2
2179,4.8971086,1
2180,3.8415487,3
2181,5.460653,5
2182,1.3355044,0
2183,2.277966,6
2184,6.693161,3
2185,6.017372,2
2186,4.9328036,6
2187,6.06449,3
2188,6.632998,8
2189,3.400208,4
2190,0.46763664,0
2191,7.572707,8
2192,4.4489613,0
2193,1.8473061,5
2194,6.5249963,5
2195,5.5455422,5
2196,2.2496417,0
2197,5.70344,7
2198,5.1452446,1
2199,5.365568,3
2200,4.0623336,5
2201,4.6650414,0
2202,5.8457294,7
2203,5.7742367,8
2204,4.1402636,14
2205,0.46763664,0
2206,6.5985513,0
2207,4.043049,1
2208,2.2496417,1
2209,3.6998277,0
2210,5.169719,2
2211,4.2107553,4
2212,3.838055,12
2213,5.3595123,7
2214,6.247073,3
2215,3.811825,1
2216,1.3346674,0
2217,5.6635637,5
2218,4.422679,9
2219,5.2681966,9
2220,7.368863,2
2221,0.46763664,0
2222,6.7573714,12
2223,7.1137896,5
2224,4.6660895,6
2225,2.0629122,0
2226,2.7081115,0
2227,5.690009,9
2228,4.338862,13
2229,3.4964821,0
2230,4.8252583,10
2231,5.182721,8
2232,5.0463557,7
2233,7.72588,3
2234,1.4199852,0
2235,3.598746,14
2236,3.3061168,5
2237,2.7794764,5
2238,3.7636914,5
2239,5.2911124,1
2240,4.766281,6
2241,5.8994136,8
2242,3.439215,1
2243,5.7551503,6
2244,2.2496417,0
2245,2.7250514,0
2246,3.7517598,0
2247,5.1392307,3
2248,8.571584,10
2249,4.7332745,11
2250,4.3168287,1
2251,2.2496417,1
2252,4.526902,0
2253,6.341919,14
2254,6.3344297,15
2255,1.1951668,9
2256,4.201129,5
2257,5.5551596,3
2258,5.219678,14
2259,0.46763664,3
2260,7.5069475,9
2261,4.396915,6
2262,1.3295324,0
2263,6.316316,3
2264,5.6441684,9
2265,5.643562,12
2266,4.0901413,6
2267,6.091975,6
2268,5.2790875,6
2269,0.46763664,0
2270,4.971151,10
2271,0.46763664,0
2272,4.3868127,1
2273,6.6994433,11
2274,3.105477,4
2275,4.3306265,7
2276,5.851926,1
2277,4.1931143,5
2278,5.5134826,1
2279,2.2496417,0
2280,2.613411,0
2281,4.2121224,4
2282,4.766487,2
2283,7.257119,3
2284,5.144721,0
2285,4.9615164,0
2286,2.1638546,0
2287,5.87229,8
2288,3.31705,2
2289,4.477147,3
2290,6.590161,12
2291,1.3295324,0
2292,4.3453927,3
2293,0.46763664,0
2294,3.3752608,2
2295,2.0951357,0
2296,5.375693,7
2297,2.2496417,2
2298,2.2496417,0
2299,5.206877,0
2300,4.465184,4
2301,5.2118945,12
2302,5.0525646,4
2303,4.221471,5
2304,3.490976,9
2305,8.801062,7
2306,4.5935245,13
2307,6.227839,11
2308,4.847477,4
2309,3.6659968,7
2310,3.8363469,4
2311,6.837083,7
2312,6.837978,4
2313,0.98045474,0
2314,5.059811,10
2315,7.904441,11
2316,3.5828283,1
2317,6.0324593,10
2318,4.44788,0
2319,2.6795464,0
2320,4.3964376,5
2321,4.971023,2
2322,6.2251725,9
2323,2.2496417,1
2324,0.46763664,0
2325,3.6948106,5
2326,0.46763664,0
2327,2.9644723,3
2328,1.4165821,0
2329,6.5142307,0
2330,4.943008,5
2331,5.310067,9
2332,5.772819,7
2333,5.598916,0
2334,0.46763664,0
2335,7.485226,7
2336,3.5806434,1
2337,4.3221846,6
2338,6.558502,8
2339,5.1914525,8
2340,6.1099997,5
2341,5.42488,8
2342,2.2496417,0
2343,1.9746879,3
2344,2.2496417,1
2345,3.3782995,0
2346,6.113672,13
2347,5.5341587,2
2348,3.080965,2
2349,6.5214653,7
2350,4.854841,11
2351,2.8112152,11
2352,4.5275364,8
2353,0.4963569,1
2354,4.82724,2
2355,0.98045474,0
2356,0.46763664,0
2357,2.2496417,0
2358,0.46763664,0
2359,3.606273,0
2360,6.1522565,1
2361,6.9425797,2
2362,4.301088,2
2363,5.140272,7
2364,4.3339834,2
2365,7.565545,9
2366,1.3906783,0
2367,5.8476734,12
2368,0.98045474,0
2369,0.46763664,0
2370,3.5502975,12
2371,5.034093,7
2372,4.812482,10
2373,1.1659598,0
2374,6.2218657,8
2375,2.2496417,1
2376,3.4444954,0
2377,2.7879336,0
2378,4.9881954,3
2379,6.88356,11
2380,7.704224,12
2381,5.8802824,5
2382,4.1266,4
2383,5.08218,8
2384,5.773308,10
2385,0.46763664,0
2386,1.6445395,9
2387,4.3043213,9
2388,1.5762271,0
2389,6.3672495,5
2390,4.1756973,3
2391,7.967063,12
2392,6.293069,9
2393,8.823025,14
2394,1.3039705,1
2395,2.6934714,0
2396,2.8855143,0
2397,3.4517326,4
2398,6.2639527,2
2399,0.46763664,3
2400,2.863946,3
2401,0.46763664,0
2402,3.6553543,0
2403,0.46763664,0
2404,4.8964815,0
2405,0.46763664,0
2406,2.7330124,9
2407,5.5216427,0
2408,5.206248,3
2409,3.3716362,5
2410,6.73864,3
2411,6.652551,2
2412,3.390209,3
2413,5.209158,3
2414,3.9232986,3
2415,7.480128,10
2416,3.3288057,9
2417,4.0273447,10
2418,5.8818297,5
2419,8.447976,15
2420,4.421164,4
2421,3.1684175,8
2422,4.9890966,10
2423,2.7371666,0
2424,3.8330057,5
2425,3.716192,10
2426,6.19523,3
2427,1.7474421,2
2428,1.5715791,0
2429,7.2917595,7
2430,4.776114,1
2431,5.107506,10
2432,5.0336185,7
2433,4.284115,3
2434,5.938916,2
2435,2.2496417,2
2436,4.691939,0
2437,4.476754,4
2438,3.5714786,0
2439,3.9386618,5
2440,4.9323883,1
2441,3.6434486,13
2442,7.8902063,1
2443,7.036547,7
2444,3.486866,1
2445,4.217746,9
2446,3.138106,8
2447,6.0274324,9
2448,1.6404005,10
2449,4.4325294,4
2450,6.985606,9
2451,2.747878,2
2452,6.632419,0
2453,5.719521,14
2454,4.336681,5
2455,2.2496417,0
2456,5.763784,3
2457,3.8730109,9
2458,3.9177701,10
2459,4.047147,0
2460,5.491864,0
2461,2.6466446,0
2462,0.46763664,1
2463,5.471426,2
2464,7.024555,9
2465,2.277966,2
2466,4.9450364,0
2467,2.9517355,13
2468,6.0389047,6
2469,6.5325127,7
2470,4.692548,6
2471,1.5762271,0
2472,4.6490316,0
2473,1.8201047,5
2474,4.8250523,8
2475,4.4898095,7
2476,2.2496417,4
2477,6.0769334,1
2478,0.46763664,0
2479,7.629423,5
2480,4.6144667,6
2481,5.5858526,3
2482,2.2496417,0
2483,2.696921,0
2484,5.3326817,4
2485,5.3525186,4
2486,4.2206874,2
2487,3.9172847,7
2488,4.553503,8
2489,6.830623,11
2490,6.7529583,5
2491,4.058033,4
2492,4.9857807,3
2493,5.960397,6
2494,6.0863533,4
2495,5.325753,10
2496,3.781316,6
2497,6.5447297,13
2498,6.8708305,4
2499,4.188524,3
2500,1.2361412,0
2501,6.115434,14
2502,3.1298811,5
2503,4.5376334,7
2504,8.149524,20
2505,4.9450364,0
2506,5.777559,5
2507,3.1975555,11
2508,0.46763664,0
2509,8.367974,2
2510,5.0360856,18
2511,7.041292,13
2512,0.46763664,0
2513,6.5589247,13
2514,2.9184458,1
2515,3.6882434,11
2516,5.9678173,7
2517,2.582082,0
2518,5.081672,0
2519,1.930436,0
2520,3.9138272,4
2521,4.7138777,0
2522,4.3339133,5
2523,5.315934,4
2524,1.3346674,3
2525,2.2496417,1
2526,3.1531172,5
2527,3.8872569,2
2528,3.0059412,3
2529,6.5992093,6
2530,2.1658642,0
2531,3.3505251,9
2532,4.7898955,13
2533,4.1421523,6
2534,3.8350327,9
2535,0.895104,0
2536,2.354599,0
2537,5.5383477,7
2538,4.423098,0
2539,9.033942,8
2540,0.46763664,0
2541,3.8849566,2
2542,2.2496417,0
2543,1.4199852,0
2544,3.7870204,1
2545,8.525599,7
2546,2.0629122,0
2547,5.4988613,5
2548,2.592288,0
2549,0.98045474,2
2550,7.6732087,6
2551,6.612248,8
2552,1.6404005,0
2553,4.4983025,6
2554,4.679514,10
2555,3.836479,2
2556,3.904813,2
2557,2.6719546,12
2558,0.46763664,0
2559,4.467215,2
2560,3.5802171,6
2561,1.930436,0
2562,6.4910564,14
2563,5.451287,6
2564,5.5572367,6
2565,7.830289,4
2566,6.052467,4
2567,2.0054278,1
2568,4.1645813,11
2569,0.46763664,0
2570,4.7738357,5
2571,4.8152523,2
2572,4.36574,1
2573,4.149523,7
2574,4.4518104,1
2575,5.6862683,9
2576,2.2496417,2
2577,5.810644,8
2578,6.154179,6
2579,5.028468,7
2580,6.0768766,4
2581,5.8890924,14
2582,0.46763664,5
2583,0.46763664,0
2584,1.7014127,0
2585,3.843189,0
2586,1.6760837,1
2587,3.2208226,8
2588,4.90743,9
2589,6.754573,2
2590,4.172317,15
2591,5.407755,9
2592,4.4377565,2
2593,6.8434753,1
2594,4.9731255,5
2595,2.9017959,2
2596,5.006958,11
2597,4.219133,2
2598,4.8170457,5
2599,5.6511335,0
2600,5.0239115,7
2601,4.7220845,9
2602,4.30159,13
2603,4.776884,4
2604,0.87777287,3
2605,4.1250124,4
2606,3.7129977,3
2607,4.665704,10
2608,2.5398462,2
2609,3.8347137,4
2610,4.7222824,1
2611,2.8001478,9
2612,3.6888468,5
2613,6.226105,4
2614,0.46763664,0
2615,2.7542226,0
2616,3.1253998,7
2617,0.46763664,0
2618,1.7408886,0
2619,3.9513524,2
2620,4.713084,0
2621,5.8517733,8
2622,0.46763664,0
2623,4.4472637,6
2624,4.064974,4
2625,3.005879,6
2626,4.0565906,8
2627,2.4258654,0
2628,4.4351115,0
2629,5.4804034,8
2630,8.032105,23
2631,4.8521795,0
2632,2.2496417,1
2633,8.16912,13
2634,4.1238756,5
2635,4.7978663,3
2636,2.406199,4
2637,3.01013,1
2638,4.542769,7
2639,5.6626773,5
2640,5.8176527,0
2641,4.6929464,5
2642,5.135455,6
2643,0.46763664,0
2644,4.419274,8
2645,7.355616,6
2646,4.9867606,3
2647,4.39916,6
2648,3.3018854,9
2649,1.5255446,0
2650,4.5522513,0
2651,6.6444583,2
2652,4.6482334,12
2653,4.2268295,7
2654,6.040381,4
2655,1.7317786,0
2656,4.4640055,9
2657,3.995005,11
2658,5.839235,8
2659,2.6088142,4
2660,2.7327504,6
2661,6.6462626,7
2662,4.6569996,8
2663,1.3906783,0
2664,0.46763664,0
2665,2.3559647,2
2666,2.3281941,1
2667,4.6762547,1
2668,4.3339343,6
2669,4.7327023,1
2670,5.045456,2
2671,4.7965193,7
2672,6.3203125,6
2673,4.4856434,1
2674,1.3295324,0
2675,6.047075,10
2676,5.9679275,6
2677,3.1701634,2
2678,7.9516573,12
2679,0.46763664,0
2680,4.083131,3
2681,4.02848,0
2682,4.170295,2
2683,5.813442,9
2684,7.039756,7
2685,3.9545352,14
2686,3.0437021,4
2687,7.657844,14
2688,6.8913994,13
2689,7.8565483,3
2690,5.726275,7
2691,5.233101,6
2692,7.036547,0
2693,2.5573337,2
2694,3.779259,7
2695,4.2445416,0
2696,2.9045293,1
2697,4.4029713,3
2698,4.786765,4
2699,4.465269,5
2700,2.6443353,0
2701,4.4741836,3
2702,6.870928,12
2703,2.1638546,0
2704,5.1412554,2
2705,6.255743,10
2706,2.7076755,8
2707,0.46763664,0
2708,2.5294392,0
2709,0.46763664,0
2710,2.668145,1
2711,4.950265,3
2712,6.194946,3
2713,6.8598127,5
2714,5.509737,4
2715,5.7669234,6
2716,1.1417458,1
2717,8.035937,12
2718,7.8056974,6
2719,4.4313784,6
2720,6.448394,10
2721,2.2477608,0
2722,4.2075195,8
2723,4.5791726,2
2724,5.36738,12
2725,5.509346,2
2726,5.6119366,5
2727,1.6004897,0
2728,5.483867,4
2729,1.9472278,9
2730,0.46763664,0
2731,3.2642536,14
2732,6.402189,7
2733,6.1578217,2
2734,3.056174,3
2735,4.311512,7
2736,4.3906097,8
2737,7.067954,5
2738,3.5994532,0
2739,5.063165,11
2740,4.3566318,1
2741,3.464618,2
2742,5.5006094,8
2743,2.7250514,8
2744,4.444408,6
2745,5.4217467,6
2746,5.209391,8
2747,0.46763664,0
2748,6.4097366,11
2749,7.416003,12
2750,2.2207687,12
2751,2.7613723,5
2752,0.46763664,0
2753,5.4921255,5
2754,3.7895997,4
2755,0.46763664,0
2756,7.2619457,3
2757,0.46763664,0
2758,4.2174063,8
2759,4.7826247,3
2760,3.2072787,11
2761,6.0712624,18
2762,3.2848234,0
2763,4.361043,12
2764,5.378534,0
2765,8.372821,9
2766,4.516787,5
2767,5.35981,5
2768,8.251576,13
2769,3.9504793,6
2770,5.638437,6
2771,4.9037714,2
2772,4.02615,3
2773,6.590642,8
2774,2.2496417,0
2775,4.9595547,1
2776,4.1015525,2
2777,2.7480118,4
2778,3.7614908,11
2779,7.079156,11
2780,8.508158,2
2781,3.7489893,2
2782,2.8614273,0
2783,7.0281353,1
2784,5.4227514,7
2785,2.7991505,0
2786,4.785568,6
2787,4.7857456,0
2788,5.4190836,0
2789,4.545468,6
2790,5.056189,6
2791,3.7279608,4
2792,6.2832184,3
2793,4.8722744,13
2794,3.646008,2
2795,5.8109202,13
2796,4.8927946,5
2797,5.157432,4
2798,5.0798287,8
2799,4.822999,0
2800,7.034942,5
2801,6.9056115,0
2802,1.3039705,0
2803,5.7681565,1
2804,7.351965,9
2805,1.7701999,0
2806,4.044422,3
2807,2.277966,0
2808,4.77761,2
2809,6.206445,7
2810,4.1603394,11
2811,4.780918,6
2812,4.809623,0
2813,5.771161,1
2814,5.383639,6
2815,4.37214,9
2816,5.7582083,2
2817,6.1161313,12
2818,5.2382603,8
2819,7.296906,10
2820,4.946616,2
2821,3.0784352,0
2822,2.9285662,1
2823,2.2496417,3
2824,6.11442,2
2825,4.335413,10
2826,2.936961,0
2827,3.1277506,7
2828,5.735484,2
2829,7.6258245,8
2830,5.147254,0
2831,5.1079717,2
2832,7.2546115,7
2833,3.2422147,2
2834,8.131371,17
2835,6.344339,11
2836,8.033487,14
2837,4.765723,5
2838,0.46763664,0
2839,2.277966,0
2840,4.9289284,0
2841,3.088129,0
2842,6.9758177,6
2843,3.7078393,4
2844,5.776428,10
2845,0.46763664,1
2846,4.529229,9
2847,5.407637,1
2848,5.4061594,5
2849,5.10878,2
2850,6.7271347,4
2851,4.5285373,2
2852,4.881211,4
2853,0.46763664,0
2854,3.9876354,0
2855,6.8236423,9
2856,6.6551676,7
2857,6.3795,2
2858,4.75929,6
2859,4.93802,4
2860,2.890196,0
2861,6.215624,3
2862,4.0729237,2
2863,6.8355803,11
2864,0.46763664,0
2865,7.1253605,7
2866,5.113416,7
2867,5.426729,0
2868,4.02848,0
2869,6.709551,14
2870,6.840968,10
2871,3.7317555,1
2872,2.2496417,1
2873,4.4133625,4
2874,4.157188,0
2875,2.2208161,0
2876,1.7508699,0
2877,6.5966315,14
2878,5.3443546,0
2879,5.136005,6
2880,2.8190339,4
2881,5.121187,11
2882,4.697506,14
2883,4.9432297,0
2884,4.124732,8
2885,6.0345793,10
2886,6.6409845,11
2887,4.5518875,0
2888,4.9007683,5
2889,3.790971,15
2890,2.6405594,0
2891,0.46763664,0
2892,4.8594103,15
2893,1.2917687,3
2894,3.8386667,5
2895,5.547282,10
2896,6.6570454,8
2897,0.46763664,0
2898,5.1302433,11
2899,5.568329,11
2900,2.2496417,1
2901,3.097013,4
2902,3.8001583,8
2903,6.782893,10
2904,5.839719,6
2905,6.1931195,12
2906,4.5370965,6
2907,5.551698,3
2908,6.871499,14
2909,4.1080494,1
2910,6.2819014,7
2911,5.703401,9
2912,6.00028,6
2913,8.089845,18
2914,4.365653,5
2915,7.7236824,3
2916,9.258121,11
2917,4.2807813,8
2918,1.4823911,8
2919,5.496781,13
2920,2.6662798,0
2921,5.2680507,3
2922,5.0987926,7
2923,0.46763664,0
2924,4.256616,6
2925,3.02327,6
2926,5.7334437,13
2927,4.951112,7
2928,5.65483,5
2929,6.4655585,0
2930,4.2987046,7
2931,2.9451277,2
2932,4.7580314,9
2933,4.014372,7
2934,4.75289,4
2935,5.4785514,4
2936,3.4383028,9
2937,2.4983335,2
2938,3.1472712,2
2939,4.922767,4
2940,7.490634,8
2941,2.2496417,0
2942,7.493169,5
2943,3.4451277,0
2944,6.243376,4
2945,3.7430434,5
2946,5.412979,0
2947,0.46763664,2
2948,2.0629122,0
2949,3.4808898,4
2950,3.6299498,3
2951,0.46763664,0
2952,0.46763664,0
2953,6.0809345,18
2954,0.46763664,1
2955,1.1951668,0
2956,4.021206,0
2957,3.7479286,6
2958,2.8513598,7
2959,0.46763664,0
2960,3.4654171,0
2961,6.839135,8
2962,2.3030128,0
2963,4.284607,2
2964,0.46763664,0
2965,8.061176,11
2966,5.157085,1
2967,5.432039,11
2968,4.030083,18
2969,4.925868,4
2970,5.842874,8
2971,8.905955,7
2972,0.46763664,1
2973,4.069577,2
2974,4.322811,10
2975,4.714506,11
2976,2.2496417,4
2977,7.2314396,16
2978,6.8172426,10
2979,5.699847,5
2980,5.492859,2
2981,5.2168074,1
2982,6.222367,5
2983,5.6872497,0
2984,0.46763664,0
2985,8.08935,11
2986,7.560749,10
2987,3.099177,0
2988,4.970168,3
2989,3.360504,3
2990,7.36933,2
2991,2.2496417,7
2992,4.300543,0
2993,6.006947,6
2994,3.6105142,0
2995,3.8392785,3
2996,5.506045,7
2997,2.9644723,0
2998,0.46763664,0
2999,6.5688157,7
3000,4.629826,0
3001,2.2496417,1
3002,3.0985084,2
3003,4.4516664,5
3004,3.6937735,6
3005,6.002803,2
3006,5.7499657,6
3007,5.7580085,8
3008,4.3868446,0
3009,7.603751,11
3010,3.856427,9
3011,2.2496417,0
3012,5.1802797,19
3013,2.582082,0
3014,3.841828,6
3015,2.8232064,0
3016,6.544734,8
3017,5.797334,4
3018,5.349464,3
3019,5.6913166,2
3020,3.8912795,2
3021,4.8822923,17
3022,0.46763664,0
3023,0.46763664,0
3024,2.0629122,0
3025,5.794694,8
3026,3.278723,1
3027,3.7876475,1
3028,7.3107586,0
3029,2.6636553,1
3030,0.46763664,0
3031,4.1893177,4
3032,3.9851096,5
3033,5.4240203,1
3034,2.7623773,2
3035,8.955962,10
3036,5.467086,9
3037,4.329837,6
3038,0.46763664,0
3039,2.3428397,0
3040,6.664148,10
3041,6.319671,5
3042,3.8841088,2
3043,5.4121203,0
3044,1.6586844,0
3045,3.3004947,1
3046,0.46763664,0
3047,4.2096586,7
3048,4.6658034,5
3049,2.425122,1
3050,7.4560556,12
3051,2.6934714,0
3052,2.2663224,0
3053,6.088548,10
3054,2.2496417,0
3055,1.9383227,1
3056,5.9625626,13
3057,6.0005894,5
3058,6.603064,11
3059,5.356675,7
3060,3.9953902,8
3061,4.02848,0
3062,4.3925457,6
3063,7.437613,7
3064,6.685855,11
3065,2.0030947,0
3066,0.46763664,0
3067,7.044729,9
3068,4.8701563,4
3069,5.2716546,10
3070,5.0656934,8
3071,6.4198394,8
3072,4.0512376,1
3073,0.46763664,0
3074,4.389572,0
3075,3.0954843,5
3076,5.66703,14
3077,0.46763664,0
3078,6.772064,9
3079,4.6543865,15
3080,6.8239675,6
3081,4.6204348,1
3082,6.674853,10
3083,4.865233,5
3084,4.191217,1
3085,4.5498276,5
3086,7.7140346,9
3087,4.0268974,1
3088,4.291585,5
3089,4.4308305,1
3090,6.598522,12
3091,2.2496417,3
3092,0.87777287,6
3093,3.3156493,11
3094,4.9025006,4
3095,0.46763664,0
3096,5.8511257,6
3097,6.378976,10
3098,6.1729126,8
3099,4.3861938,2
3100,3.972461,2
3101,5.738411,7
3102,6.346672,10
3103,4.815848,4
3104,5.469944,3
3105,6.7315097,9
3106,4.990936,2
3107,1.3551564,4
3108,4.7768416,2
3109,1.4199852,1
3110,5.309223,0
3111,9.185756,10
3112,3.9139717,3
3113,4.4631224,3
3114,8.231851,11
3115,6.5768003,9
3116,6.4019136,13
3117,1.7323995,0
3118,5.149935,5
3119,4.690752,10
3120,4.164367,3
3121,6.5493703,7
3122,5.575313,7
3123,5.67369,11
3124,0.46763664,0
3125,4.68472,2
3126,5.4905496,14
3127,3.4241672,3
3128,5.3210506,9
3129,4.5022163,5
3130,1.9464337,0
3131,0.46763664,0
3132,5.6550336,12
3133,4.670033,3
3134,2.9456205,0
3135,2.8222241,5
3136,5.221918,2
3137,4.758963,6
3138,5.752501,11
3139,6.16891,3
3140,1.3295324,0
3141,4.922805,5
3142,5.7913284,8
3143,3.040256,4
3144,5.5545335,9
3145,5.1262302,6
3146,6.1955423,1
3147,2.9278738,3
3148,5.5339117,1
3149,0.46763664,3
3150,3.8846128,4
3151,5.321678,1
3152,2.41764,0
3153,1.1417458,0
3154,6.1588173,4
3155,6.140422,10
3156,4.666248,6
3157,3.4537566,1
3158,4.728615,2
3159,5.476895,9
3160,2.2496417,1
3161,5.32154,10
3162,0.46763664,0
3163,5.7635417,12
3164,6.062947,1
3165,8.158402,7
3166,6.4330654,1
3167,1.930436,0
3168,2.5788226,2
3169,1.4199852,0
3170,5.8858504,0
3171,4.484668,6
3172,0.46763664,0
3173,4.963064,1
3174,2.801325,0
3175,2.965672,2
3176,6.9388695,1
3177,4.3850875,1
3178,5.2490873,1
3179,6.038395,8
3180,3.0371792,1
3181,1.1417458,3
3182,5.334962,1
3183,4.5173197,5
3184,3.714876,3
3185,2.246828,1
3186,0.46763664,0
3187,4.823419,4
3188,5.732422,5
3189,2.4203663,0
3190,4.6315846,6
3191,6.647122,9
3192,4.7704015,3
3193,4.3464627,8
3194,4.84538,7
3195,0.46763664,0
3196,6.3905487,1
3197,0.46763664,0
3198,3.2679002,1
3199,7.0032887,2
3200,2.9390461,5
3201,5.416801,6
3202,6.391942,0
3203,6.731753,9
3204,7.286492,10
3205,6.2144666,6
3206,5.1317334,4
3207,4.229599,3
3208,5.233904,4
3209,5.461028,10
3210,3.1550434,1
3211,4.9393215,4
3212,0.46763664,0
3213,0.46763664,0
3214,5.4403257,0
3215,6.681754,12
3216,6.540569,1
3217,4.3609123,6
3218,5.038726,4
3219,5.6129947,2
3220,4.7192945,4
3221,4.745494,7
3222,3.9139087,7
3223,4.1330795,0
3224,6.3079796,9
3225,5.348205,4
3226,6.3795414,9
3227,0.46763664,0
3228,1.930436,2
3229,1.8759559,0
3230,3.2084737,12
3231,7.5642877,10
3232,6.3372617,6
3233,3.6375468,0
3234,3.200815,7
3235,5.3542557,12
3236,4.05252,0
3237,0.46763664,0
3238,6.3010306,5
3239,3.1498497,13
3240,6.617796,7
3241,4.681951,5
3242,2.2496417,0
3243,5.047114,3
3244,6.5419717,3
3245,6.444608,3
3246,5.720905,3
3247,6.3514104,12
3248,3.4583683,1
3249,5.267024,12
3250,2.3035676,1
3251,3.4604986,8
3252,5.6076837,4
3253,4.7522445,2
3254,8.271179,5
3255,5.52139,8
3256,5.6356735,13
3257,1.920812,5
3258,2.0601883,3
3259,4.563291,0
3260,0.46763664,0
3261,4.4028077,12
3262,5.6987944,8
3263,5.514019,11
3264,7.1926937,14
3265,7.6396585,9
3266,4.987919,14
3267,5.0556226,11
3268,3.7833188,5
3269,0.46763664,0
3270,4.831663,9
3271,5.796856,5
3272,3.7466362,2
3273,2.2496417,0
3274,5.83827,4
3275,5.874484,4
3276,3.236658,0
3277,3.5088685,14
3278,4.761043,5
3279,7.054055,7
3280,4.2389154,6
3281,5.2848635,5
3282,3.1021695,1
3283,6.792349,7
3284,0.46763664,0
3285,3.9759734,14
3286,5.1194234,4
3287,4.887495,5
3288,4.4890337,1
3289,7.274608,7
3290,7.7510357,5
3291,0.46763664,0
3292,0.46763664,0
3293,3.3971505,0
3294,5.2620316,8
3295,4.164306,4
3296,4.0863843,15
3297,5.2626567,4
3298,1.3295324,0
3299,2.7429068,2
3300,7.168301,3
3301,5.499673,16
3302,0.87777287,0
3303,7.535622,16
3304,3.4487164,4
3305,3.9107373,4
3306,4.924287,7
3307,4.6180024,3
3308,0.46763664,1
3309,0.46763664,0
3310,9.0338125,12
3311,4.393902,2
3312,3.4631784,8
3313,0.46763664,1
3314,3.0318294,0
3315,3.6479304,5
3316,1.7701999,0
3317,2.2496417,0
3318,6.7515273,4
3319,3.6204777,4
3320,3.574494,10
3321,4.371406,4
3322,3.3012471,0
3323,5.538436,1
3324,4.1450596,14
3325,2.1259766,0
3326,2.7250514,8
3327,6.713691,11
3328,3.0333583,1
3329,5.2849627,6
3330,4.8418946,7
3331,5.068096,2
3332,6.127471,8
3333,1.7323995,0
3334,8.308156,8
3335,0.46763664,1
3336,2.9523208,0
3337,5.59434,3
3338,4.4948893,0
3339,6.165909,7
3340,4.6473103,2
3341,2.1638546,0
3342,5.215377,5
3343,4.717177,1
3344,3.0281637,0
3345,6.9776745,5
3346,4.329127,7
3347,3.629205,13
3348,3.5778022,8
3349,2.1638546,0
3350,4.675063,3
3351,5.84205,3
3352,5.7363644,10
3353,3.7529309,1
3354,3.6267405,3
3355,6.3269825,4
3356,2.4367688,1
3357,6.6012774,3
3358,6.0507846,9
3359,5.688793,7
3360,2.0623515,0
3361,5.7097154,4
3362,7.130597,3
3363,4.175645,9
3364,7.9221897,0
3365,4.8506384,2
3366,4.5013123,3
3367,0.46763664,1
3368,5.018393,11
3369,6.5200663,10
3370,1.7508699,0
3371,7.5770993,9
3372,0.46763664,0
3373,6.5243263,17
3374,2.2496417,1
3375,0.46763664,1
3376,3.7957428,2
3377,4.02848,0
3378,3.2334278,0
3379,4.870159,4
3380,5.8329687,2
3381,0.46763664,1
3382,3.711696,8
3383,6.5166736,4
3384,4.929812,6
3385,5.6283817,1
3386,5.417548,10
3387,6.933913,5
3388,7.510791,8
3389,6.5164104,14
3390,4.205943,4
3391,4.176667,7
3392,5.3079405,0
3393,6.7614183,1
3394,4.8019915,5
3395,2.7435243,1
3396,3.3902166,2
3397,3.0396998,0
3398,4.847988,8
3399,2.2496417,0
3400,4.119985,8
3401,3.6375585,7
3402,3.205891,0
3403,4.7244773,3
3404,6.447135,10
3405,5.4935493,3
3406,5.962016,0
3407,6.6733975,9
3408,5.497464,2
3409,4.9692187,6
3410,0.46763664,2
3411,6.008683,7
3412,4.5353975,0
3413,5.5726075,9
3414,6.848839,11
3415,2.372536,1
3416,6.2701035,2
3417,2.2496417,12
3418,5.7333217,2
3419,0.46763664,2
3420,1.9746879,5
3421,2.2477608,0
3422,6.075102,9
3423,0.46763664,0
3424,2.5718136,1
3425,4.445228,2
3426,6.4720907,5
3427,7.0133886,2
3428,5.222315,6
3429,6.078442,7
3430,8.481825,6
3431,2.7391865,0
3432,3.861245,0
3433,4.257212,13
3434,2.2566593,0
3435,4.3091044,0
3436,4.5756435,0
3437,7.306119,5
3438,4.2660217,8
3439,3.392697,1
3440,7.153775,5
3441,5.168974,3
3442,5.8109593,6
3443,5.282539,6
3444,3.9757617,5
3445,4.311877,0
3446,5.6230087,7
3447,0.46763664,0
3448,3.0160391,4
3449,7.135565,13
3450,5.309572,6
3451,1.6445395,0
3452,6.652744,6
3453,0.46763664,0
3454,0.46763664,0
3455,2.643185,2
3456,4.5370145,6
3457,1.8793484,0
3458,5.8594837,11
3459,4.063142,1
3460,4.447494,0
3461,1.6586844,0
3462,7.6965036,9
3463,4.5848627,7
3464,6.7553616,10
3465,6.968886,0
3466,0.46763664,0
3467,4.8018866,7
3468,4.4044027,2
3469,2.3782713,0
3470,7.9527617,12
3471,5.7794747,3
3472,4.5794344,7
3473,4.9998493,1
3474,6.1966944,3
3475,5.5206323,4
3476,0.46763664,0
3477,0.46763664,0
3478,6.394044,5
3479,6.9018636,12
3480,4.9497905,7
3481,4.1361017,3
3482,8.331836,7
3483,2.592288,2
3484,3.9148533,2
3485,5.1060586,4
3486,2.2776248,7
3487,7.136857,4
3488,3.8435276,0
3489,4.3128004,7
3490,4.5951376,0
3491,3.5062633,3
3492,0.46763664,1
3493,4.5202746,6
3494,0.98045474,0
3495,2.2496417,10
3496,3.6797438,0
3497,0.46763664,0
3498,0.46763664,0
3499,0.46763664,9
3500,4.5067277,2
3501,2.5617115,0
3502,4.1015387,2
3503,4.5323677,5
3504,4.4708824,4
3505,6.3400664,11
3506,0.46763664,0
3507,5.357582,2
3508,3.0537403,0
3509,0.46763664,0
3510,7.284588,7
3511,4.516007,2
3512,3.7234185,3
3513,7.282447,6
3514,1.5762271,1
3515,5.004604,2
3516,4.3387156,1
3517,2.2496417,0
3518,3.9269273,1
3519,2.5898113,0
3520,4.5726786,3
3521,7.0789075,10
3522,2.2496417,0
3523,6.210025,8
3524,5.246166,10
3525,0.895104,0
3526,3.522063,6
3527,2.3035676,1
3528,4.637051,4
3529,5.8199296,4
3530,4.817494,1
3531,5.989415,4
3532,5.6962786,7
3533,5.470984,7
3534,7.4718065,11
3535,6.080333,13
3536,4.8990126,6
3537,3.005379,0
3538,2.7278113,6
3539,4.245909,10
3540,0.46763664,0
3541,3.2266574,0
3542,0.46763664,0
3543,6.473068,9
3544,0.46763664,1
3545,6.6848817,2
3546,0.46763664,0
3547,2.0958378,0
3548,5.1352706,1
3549,4.9593945,1
3550,4.218536,9
3551,4.5246787,0
3552,6.674095,12
3553,8.578565,7
3554,4.744092,8
3555,5.0163884,2
3556,4.8903656,0
3557,4.3535905,6
3558,5.6110744,4
3559,4.813182,1
3560,5.2883134,6
3561,5.5134974,10
3562,4.98725,7
3563,6.4399986,1
3564,2.2496417,7
3565,4.492958,11
3566,4.7927675,6
3567,3.7876475,0
3568,0.46763664,0
3569,4.902824,2
3570,0.46763664,0
3571,7.192457,8
3572,6.632435,2
3573,0.46763664,0
3574,6.772064,0
3575,4.540477,0
3576,5.273691,3
3577,4.2073708,1
3578,4.3350396,3
3579,0.46763664,0
3580,4.6239743,1
3581,3.2516816,3
3582,5.6392074,6
3583,5.5051656,1
3584,6.736177,4
3585,4.1427994,3
3586,1.9062625,0
3587,5.4350934,0
3588,4.964798,12
3589,4.8522964,3
3590,5.285202,1
3591,7.99018,12
3592,3.8330338,2
3593,1.2917687,0
3594,4.134718,4
3595,5.3495784,12
3596,5.6937313,5
3597,2.2844727,0
3598,7.7039375,2
3599,5.629461,8
3600,5.4197803,4
3601,1.2917687,0
3602,2.9498732,6
3603,4.7093015,4
3604,5.6336555,9
3605,3.5236852,8
3606,6.9421825,3
3607,5.504176,0
3608,4.1356034,6
3609,1.2955889,0
3610,0.46763664,0
3611,4.0695295,6
3612,4.5776644,0
3613,5.898191,15
3614,6.749217,1
3615,2.2496417,0
3616,5.0872912,2
3617,5.0585775,12
3618,0.46763664,1
3619,4.5241632,9
3620,6.159977,4
3621,2.9695256,0
3622,7.6196218,13
3623,1.4183758,0
3624,2.8577855,0
3625,3.9092252,7
3626,2.2496417,0
3627,6.305573,10
3628,2.7081115,0
3629,5.288794,4
3630,2.7391865,0
3631,4.0505157,4
3632,4.079197,5
3633,6.745011,6
3634,6.1743627,9
3635,5.7077975,0
3636,6.03273,9
3637,6.5343504,5
3638,4.7498484,2
3639,1.1417458,0
3640,5.4716353,7
3641,5.2516327,1
3642,4.285992,10
3643,6.9639416,1
3644,7.595718,13
3645,4.3091044,6
3646,5.327534,0
3647,5.2165027,12
3648,4.796919,4
3649,7.5922303,11
3650,3.782468,5
3651,6.857152,7
3652,0.46763664,0
3653,4.1424146,4
3654,3.7439,11
3655,5.867788,6
3656,2.4061446,2
3657,5.28912,8
3658,2.7136772,3
3659,2.8642752,0
3660,0.46763664,0
3661,6.3283243,17
3662,6.371424,9
3663,4.09521,0
3664,3.7663214,7
3665,3.180084,3
3666,4.300023,3
3667,5.2656064,10
3668,7.405692,14
3669,2.8639307,8
3670,6.491323,4
3671,6.0351095,3
3672,4.679631,6
3673,4.0963645,10
3674,4.061046,2
3675,5.5766687,0
3676,6.547051,11
3677,6.9558225,13
3678,4.539545,1
3679,4.033049,12
3680,0.46763664,0
3681,2.6139839,0
3682,6.159837,7
3683,5.7338266,6
3684,3.0449946,4
3685,7.2576995,13
3686,1.1951668,0
3687,6.6094084,12
3688,0.46763664,0
3689,4.529532,7
3690,1.1951668,0
3691,4.1127386,0
3692,5.3788133,0
3693,5.5066543,11
3694,2.9937751,0
3695,7.5911045,8
3696,2.5849946,2
3697,8.196212,11
3698,3.196731,3
3699,3.9637883,14
3700,5.8047967,3
3701,4.850894,4
3702,6.445405,8
3703,1.7527183,0
3704,5.2623196,0
3705,3.6235876,5
3706,5.099287,6
3707,5.6369047,10
3708,3.8719938,7
3709,6.282122,3
3710,6.345957,7
3711,4.6528735,7
3712,4.6246924,13
3713,0.46763664,0
3714,2.406079,1
3715,2.2496417,1
3716,4.6875753,0
3717,6.1666145,2
3718,6.3013415,2
3719,4.0403557,10
3720,3.2941017,1
3721,3.7228858,8
3722,2.2072275,0
3723,2.497366,1
3724,4.3185167,4
3725,6.032959,5
3726,1.9831928,0
3727,5.4195576,4
3728,5.7563953,6
3729,7.4449744,12
3730,4.26278,4
3731,3.1696799,0
3732,1.1659598,0
3733,2.2496417,0
3734,5.2324634,0
3735,8.460654,9
3736,6.1169615,9
3737,6.3985205,1
3738,5.504225,5
3739,2.953162,3
3740,5.142197,14
3741,3.5918553,0
3742,2.7887106,0
3743,6.229944,2
3744,4.477617,1
3745,0.86247283,17
3746,4.5978465,0
3747,2.2663224,0
3748,7.331762,10
3749,4.9652286,9
3750,1.4199852,0
3751,6.468124,3
3752,3.7786782,8
3753,4.472628,2
3754,6.4030285,14
3755,4.777078,3
3756,4.8431993,0
3757,5.627411,8
3758,1.4199852,0
3759,1.1951668,0
3760,4.622205,6
3761,5.2035556,2
3762,6.099091,1
3763,4.2013445,0
3764,5.6693964,5
3765,5.0503736,2
3766,4.332369,6
3767,6.2142115,3
3768,2.8614273,1
3769,4.506625,2
3770,3.3953824,2
3771,1.6445395,0
3772,7.7444315,11
3773,6.45446,9
3774,3.9595025,4
3775,3.4896188,7
3776,7.395808,0
3777,5.2987447,3
3778,3.6956332,6
3779,3.8193367,4
3780,4.911159,9
3781,2.2496417,1
3782,0.46763664,0
3783,3.8461626,4
3784,6.2866993,2
3785,4.462865,5
3786,6.579546,0
3787,2.64102,1
3788,4.8848276,0
3789,7.032448,8
3790,5.861588,10
3791,2.2496417,0
3792,2.9456205,0
3793,4.3925834,4
3794,5.576169,11
3795,6.6940136,8
3796,2.600705,5
3797,3.8070133,6
3798,4.4448867,10
3799,4.7413406,4
3800,4.547201,7
3801,4.4763794,4
3802,3.8224719,0
3803,4.214964,0
3804,8.010451,7
3805,4.824529,1
3806,6.5745716,10
3807,3.757053,0
3808,3.9630396,3
3809,8.206183,1
3810,5.957609,5
3811,2.2663224,0
3812,4.3188066,11
3813,4.4382486,3
3814,5.5408807,4
3815,1.3906783,0
3816,1.7317786,0
3817,2.5897317,0
3818,7.016532,7
3819,0.895104,6
3820,6.6713448,5
3821,6.6061025,5
3822,7.625882,6
3823,3.7791688,5
3824,5.0571766,4
3825,4.1049733,10
3826,5.7579536,5
3827,2.1430976,0
3828,5.8739696,2
3829,4.184038,13
3830,4.5540886,1
3831,5.770287,5
3832,2.130923,0
3833,0.46763664,0
3834,5.757635,4
3835,4.126075,3
3836,5.286248,7
3837,6.524509,6
3838,8.379428,13
3839,4.99264,1
3840,0.46763664,0
3841,5.0045657,3
3842,0.46763664,0
3843,6.411828,9
3844,3.2497869,0
3845,5.684005,2
3846,4.657308,3
3847,4.137255,13
3848,3.101772,3
3849,5.2172565,2
3850,5.208782,3
3851,2.2496417,0
3852,6.7069583,10
3853,2.2496417,0
3854,1.1417458,0
3855,2.4130256,0
3856,2.1702752,12
3857,4.8760443,2
3858,0.46763664,0
3859,7.2723713,1
3860,6.7402115,8
3861,5.223903,6
3862,5.2852793,3
3863,5.281256,3
3864,5.6433144,3
3865,4.4656734,5
3866,5.191307,3
3867,5.499655,5
3868,0.4963569,2
3869,3.3012471,1
3870,4.4903464,7
3871,2.5503292,1
3872,2.2496417,0
3873,0.46763664,0
3874,6.2606087,7
3875,3.6245608,6
3876,5.4835773,1
3877,2.3281941,1
3878,8.741218,9
3879,4.9730806,7
3880,6.5079603,5
3881,3.0356944,13
3882,5.511594,9
3883,7.18874,11
3884,0.46763664,1
3885,3.0855153,0
3886,4.288167,3
3887,4.4393377,6
3888,5.385195,5
3889,3.2806745,6
3890,3.794914,2
3891,0.74694175,0
3892,4.164259,0
3893,3.3708508,0
3894,6.38606,10
3895,7.9498224,8
3896,6.481264,5
3897,4.81527,3
3898,6.9839773,11
3899,3.3578842,3
3900,6.3440123,15
3901,6.8099933,13
3902,7.817852,12
3903,4.213159,6
3904,1.7323995,0
3905,4.550663,4
3906,7.317295,12
3907,5.0988703,5
3908,7.274884,6
3909,1.6768695,3
3910,4.3849545,5
3911,7.9098206,6
3912,1.5217599,1
3913,3.9926102,1
3914,4.187598,0
3915,4.332735,5
3916,2.2506998,3
3917,5.928442,1
3918,7.529459,5
3919,4.0822315,3
3920,3.971618,1
3921,4.6064014,4
3922,0.46763664,0
3923,5.3673167,4
3924,2.6647751,1
3925,7.1654496,6
3926,4.3128886,1
3927,3.646272,9
3928,5.0513406,0
3929,0.46763664,3
3930,5.767706,3
3931,1.4199852,0
3932,4.9947743,11
3933,6.6117487,18
3934,2.2496417,3
3935,4.7189064,2
3936,2.0629122,0
3937,5.6331906,10
3938,2.2496417,0
3939,8.596553,12
3940,2.0623515,0
3941,5.132914,7
3942,6.7607756,10
3943,7.047779,3
3944,8.350254,4
3945,0.46763664,0
3946,1.593213,0
3947,4.889321,1
3948,4.02848,6
3949,0.46763664,0
3950,4.5389395,1
3951,5.057524,4
3952,8.393379,4
3953,5.388141,7
3954,4.520861,2
3955,4.8527417,2
3956,2.981328,1
3957,3.706087,2
3958,4.8844156,1
3959,6.3630834,15
3960,8.352949,8
3961,1.8522824,0
3962,3.679539,0
3963,0.46763664,0
3964,5.5177803,8
3965,5.143832,7
3966,3.679539,0
3967,0.46763664,0
3968,4.1617117,5
3969,4.6068897,6
3970,0.46763664,0
3971,2.2663224,0
3972,6.2207575,2
3973,5.675654,7
3974,4.7105417,4
3975,6.4378033,7
3976,2.2496417,1
3977,2.2496417,0
3978,4.065297,0
3979,2.7201622,0
3980,5.6484876,6
3981,6.1656814,2
3982,6.0003614,6
3983,3.426258,2
3984,6.957488,8
3985,3.5412507,1
3986,7.160433,17
3987,7.2390637,6
3988,2.3616896,0
3989,4.0099077,1
3990,4.146817,4
3991,3.0083308,0
3992,2.7677362,0
3993,5.415743,3
3994,2.2496417,0
3995,8.891904,10
3996,0.46763664,0
3997,2.2496417,0
3998,2.2496417,2
3999,0.46763664,0
4000,3.9905345,2
4001,5.142649,0
4002,8.322748,1
4003,5.659683,2
4004,4.0556555,2
4005,2.368231,2
4006,5.034706,6
4007,4.53606,3
4008,3.9914901,2
4009,5.248133,0
4010,7.2021303,5
4011,5.6361737,3
4012,7.694086,7
4013,6.309715,1
4014,5.239093,1
4015,4.087612,4
4016,5.493993,7
4017,2.2496417,10
4018,7.4303055,8
4019,5.295306,5
4020,8.494335,11
4021,6.1576967,4
4022,5.0773745,1
4023,6.2264843,9
4024,5.902478,0
4025,5.5248523,3
4026,0.46763664,0
4027,6.2395678,7
4028,6.5422726,2
4029,2.4676096,0
4030,8.141012,6
4031,1.8462132,0
4032,0.98045474,1
4033,0.46763664,0
4034,5.457777,0
4035,2.319427,1
4036,4.05769,8
4037,5.403611,8
4038,3.4208057,10
4039,6.0930624,2
4040,3.719537,4
4041,3.8759558,2
4042,5.3933115,2
4043,5.5545335,17
4044,5.640943,0
4045,5.3834777,5
4046,4.324107,6
4047,4.9730806,0
4048,4.7067556,1
4049,3.233001,0
4050,6.21401,7
4051,5.1250377,3
4052,5.758594,2
4053,3.7299235,0
4054,3.1916616,2
4055,5.162154,8
4056,3.3078735,1
4057,5.0679507,8
4058,7.9937754,14
4059,5.980948,1
4060,4.7348967,5
4061,6.4454784,8
4062,4.828327,4
4063,5.280069,7
4064,4.8198395,4
4065,5.397456,6
4066,2.4870987,0
4067,3.2997787,0
4068,4.129064,3
4069,5.868041,1
4070,2.395847,0
4071,5.600378,5
4072,0.46763664,0
4073,1.663615,0
4074,5.500332,3
4075,5.577642,1
4076,3.486866,19
4077,4.190891,13
4078,1.8462132,0
4079,4.2439265,14
4080,6.520297,6
4081,6.1577735,3
4082,2.6103194,1
4083,4.1823044,0
4084,0.46763664,0
4085,7.496547,5
4086,2.4207387,0
4087,6.603084,3
4088,4.8833013,9
4089,1.4183758,0
4090,5.7571883,5
4091,5.141358,4
4092,6.6420856,7
4093,5.2994976,3
4094,4.794572,0
4095,5.7372694,4
4096,6.155562,2
4097,7.1507955,3
4098,5.322544,5
4099,6.6838565,4
4100,3.0137365,2
4101,3.7881992,6
4102,4.241565,0
4103,7.1501303,2
4104,5.595546,7
4105,3.3622868,4
4106,6.836961,15
4107,5.965077,3
4108,5.8162203,4
4109,3.5616121,2
4110,0.46763664,0
4111,5.2823744,3
4112,6.3472342,16
4113,2.2496417,0
4114,6.2195125,6
4115,7.6900997,6
4116,4.2192645,2
4117,5.244212,7
4118,6.4058313,1
4119,4.4332542,9
4120,4.6773863,12
4121,4.399665,3
4122,2.7445567,2
4123,6.7188144,14
4124,6.7822127,12
4125,1.7701999,0
4126,6.9103956,7
4127,4.360718,3
4128,3.2841246,0
4129,3.9065282,0
4130,4.3218603,0
4131,2.3023016,0
4132,7.141744,4
4133,1.3551564,1
4134,4.2936296,3
4135,3.9280326,6
4136,5.961053,5
4137,4.687104,2
4138,5.2003837,1
4139,3.511514,4
4140,4.768914,4
4141,5.8071322,9
4142,0.46763664,0
4143,4.9816036,5
4144,4.7638855,12
4145,7.3303123,5
4146,1.7701999,3
4147,4.2155957,13
4148,4.4954586,11
4149,4.269622,5
4150,2.6747897,1
4151,6.1114364,10
4152,5.233145,6
4153,6.0046916,6
4154,2.17043,2
4155,5.1701965,5
4156,1.6586844,1
4157,5.4269342,2
4158,2.2496417,2
4159,4.2080655,1
4160,6.263266,12
4161,7.184873,13
4162,5.678556,16
4163,3.7876475,3
4164,4.14572,7
4165,1.5759153,0
4166,4.60956,4
4167,2.2496417,0
4168,4.6345453,0
4169,6.325652,4
4170,3.6765935,0
4171,1.3346674,0
4172,4.9138956,2
4173,3.9362261,2
4174,6.046206,7
4175,2.8748398,1
4176,7.4745274,4
4177,2.4201703,0
4178,2.1638546,3
4179,4.843341,1
4180,3.8897698,1
4181,5.7648506,0
4182,6.158195,0
4183,5.606394,9
4184,1.3906783,2
4185,4.168264,0
4186,8.410358,9
4187,0.46763664,6
4188,3.473726,0
4189,5.976952,6
4190,1.4183758,0
4191,9.724563,10
4192,3.2074325,8
4193,6.421186,3
4194,5.006009,4
4195,4.565722,0
4196,4.0604825,10
4197,5.7675514,4
4198,4.9919157,8
4199,1.1785402,2
4200,5.2596545,9
4201,8.068075,10
4202,5.109788,7
4203,3.259856,1
4204,7.062693,9
4205,6.5729756,8
4206,3.9552877,2
4207,5.2215714,4
4208,8.037874,6
4209,5.653874,1
4210,6.885441,2
4211,6.6825047,7
4212,5.44594,8
4213,5.406192,1
4214,5.535834,5
4215,3.7776706,5
4216,2.3262408,0
4217,6.32123,0
4218,5.2621164,1
4219,1.3295324,0
4220,6.3123846,10
4221,7.494901,9
4222,4.170025,9
4223,5.236281,5
4224,7.8423033,10
4225,2.7644513,0
4226,4.4495726,4
4227,6.270191,5
4228,2.8185115,0
4229,4.9300976,2
4230,3.4247758,6
4231,4.769362,8
4232,0.46763664,0
4233,4.6204348,1
4234,2.929109,5
4235,7.4422793,10
4236,5.813688,9
4237,6.787893,8
4238,4.0118537,8
4239,5.6702623,2
4240,5.345011,2
4241,7.0125437,0
4242,3.5362298,0
4243,5.315275,14
4244,4.9164147,4
4245,5.4326243,3
4246,3.7607486,0
4247,5.0051765,8
4248,0.98045474,1
4249,2.2496417,0
4250,0.46763664,0
4251,4.674497,2
4252,4.6839113,0
4253,4.8307185,1
4254,2.0316217,2
4255,7.713648,7
4256,1.2917687,0
4257,3.3036618,2
4258,4.237969,8
4259,4.825177,3
4260,4.8495045,10
4261,3.9385211,4
4262,3.6679502,9
4263,4.9901876,7
4264,2.326823,1
4265,2.192271,0
4266,3.9943979,13
4267,5.345777,6
4268,5.066134,5
4269,5.520809,6
4270,8.127296,10
4271,6.027015,2
4272,6.328933,10
4273,4.8121557,8
4274,6.962753,1
4275,2.0433202,0
4276,2.5830832,1
4277,8.063281,10
4278,3.3125727,15
4279,4.416671,3
4280,6.8414874,1
4281,4.87292,2
4282,5.794473,5
4283,4.7686276,8
4284,1.3750592,0
4285,0.46763664,0
4286,1.3039705,0
4287,3.7078393,12
4288,4.0094275,0
4289,3.1812162,2
4290,4.829956,5
4291,4.422068,5
4292,7.526545,8
4293,5.078289,4
4294,5.469365,11
4295,4.6142583,4
4296,4.2867427,6
4297,6.342167,3
4298,0.87777287,2
4299,5.142572,2
4300,4.539136,0
4301,4.9368215,1
4302,6.33261,8
4303,4.5446677,6
4304,8.361243,9
4305,5.2093945,3
4306,5.462191,0
4307,6.195661,8
4308,5.8538294,3
4309,4.6524925,10
4310,4.72519,1
4311,5.0255337,3
4312,5.0233674,1
4313,2.9517355,3
4314,5.8783617,0
4315,0.46763664,0
4316,6.0898266,1
4317,4.498444,5
4318,2.2496417,0
4319,2.2496417,2
4320,7.4362,12
4321,2.2496417,2
4322,3.9893115,13
4323,5.0591474,5
4324,7.1154103,2
4325,2.2496417,3
4326,7.973034,1
4327,4.417217,3
4328,4.709845,3
4329,3.8949907,5
4330,0.46763664,0
4331,0.46763664,0
4332,6.844569,8
4333,3.1242125,7
4334,3.2471726,0
4335,2.2496417,4
4336,5.665639,3
4337,5.8207407,8
4338,3.7121403,3
4339,2.2496417,2
4340,1.7838637,1
4341,5.6522765,2
4342,7.3445973,9
4343,5.1505127,4
4344,4.2914624,4
4345,3.632457,4
4346,4.9450364,3
4347,3.1028197,8
4348,0.46763664,0
4349,3.6179159,0
4350,5.1735616,4
4351,7.049172,4
4352,5.9607964,11
4353,3.3863463,0
4354,4.6481595,10
4355,7.1079845,13
4356,5.5126567,8
4357,6.835842,7
4358,4.640376,11
4359,4.868013,9
4360,0.46763664,0
4361,4.29332,4
4362,6.5852947,13
4363,4.7338095,5
4364,4.5489497,2
4365,4.6110635,10
4366,4.461879,4
4367,7.5207834,9
4368,6.112376,7
4369,5.902548,2
4370,4.7703385,3
4371,0.46763664,0
4372,5.3270016,15
4373,4.902674,4
4374,5.703069,3
4375,1.1417458,2
4376,4.362091,5
4377,0.46763664,0
4378,1.3551564,0
4379,1.9263176,0
4380,3.1974626,3
4381,5.76199,2
4382,1.5522262,0
4383,6.865272,4
4384,5.5725374,3
4385,5.578847,5
4386,1.7317786,0
4387,4.290885,1
4388,2.2496417,0
4389,4.8092055,9
4390,2.2496417,1
4391,1.6961591,0
4392,5.2262135,3
4393,5.2409825,4
4394,4.102452,6
4395,6.9189334,10
4396,7.25426,7
4397,5.9087977,6
4398,7.103998,14
4399,4.623594,6
4400,2.5319793,9
4401,6.8102617,11
4402,6.879214,4
4403,4.110753,11
4404,4.7331233,3
4405,2.2496417,0
4406,3.5959077,0
4407,2.2496417,1
4408,4.500378,1
4409,1.7701999,3
4410,4.3648534,0
4411,4.6558785,12
4412,5.7747464,8
4413,3.7876475,13
4414,5.584646,0
4415,2.2496417,0
4416,0.46763664,0
4417,6.2654257,12
4418,3.8739874,11
4419,2.8112152,0
4420,3.3954155,0
4421,4.0709443,1
4422,5.3515635,5
4423,1.8839558,6
4424,5.5925426,13
4425,5.5148425,4
4426,2.5374682,0
4427,0.46763664,0
4428,3.9141228,4
4429,4.9035387,11
4430,6.5704007,10
4431,0.46763664,0
4432,2.2496417,1
4433,2.5260887,0
4434,5.1488433,4
4435,6.154623,3
4436,5.2486854,7
4437,4.4183016,0
4438,3.863386,9
4439,6.4480066,7
4440,0.46763664,0
4441,4.300742,0
4442,1.3551564,0
4443,6.896486,16
4444,4.609491,5
4445,4.5574555,4
4446,2.962948,0
4447,0.74694175,0
4448,5.0064945,2
4449,7.160433,8
4450,7.372457,5
4451,6.2256,4
4452,2.872477,7
4453,2.1257699,0
4454,4.7798605,0
4455,4.9272256,0
4456,6.6634865,16
4457,2.9517355,0
4458,2.112009,2
4459,6.7273526,3
4460,2.2496417,0
4461,4.9025116,2
4462,7.0136433,6
4463,5.1767163,7
4464,2.2496417,3
4465,5.88114,4
4466,1.5732363,0
4467,5.0724993,10
4468,8.184865,10
4469,5.147625,8
4470,2.6362643,1
4471,7.4437265,9
4472,5.969582,16
4473,6.842718,2
4474,6.2780805,14
4475,4.703725,2
4476,2.0312874,0
4477,3.2034235,5
4478,5.2852755,0
4479,2.9434083,0
4480,4.521233,5
4481,7.168101,8
4482,3.3631866,0
4483,0.46763664,0
4484,6.1281614,7
4485,6.1118765,4
4486,1.1951668,0
4487,3.1105807,0
4488,7.6772676,12
4489,6.6263213,3
4490,4.432532,3
4491,2.2496417,2
4492,7.1925664,11
4493,1.815272,1
4494,3.2066102,8
4495,0.46763664,0
4496,4.954039,4
4497,1.4823911,0
4498,7.209811,3
4499,5.30658,4
4500,1.7323995,0
4501,5.708675,9
4502,0.46763664,0
4503,5.2275877,13
4504,6.1650977,7
4505,5.3647194,0
4506,2.065942,0
4507,3.1358907,2
4508,5.032616,2
4509,5.7109227,3
4510,6.2106037,12
4511,4.3841305,0
4512,7.961589,10
4513,2.4020917,1
4514,7.229973,8
4515,4.100151,1
4516,2.9871733,6
4517,5.170761,5
4518,4.6606936,5
4519,5.4881406,6
4520,4.500315,4
4521,6.690337,2
4522,5.1526856,0
4523,5.437568,0
4524,4.830723,5
4525,0.46763664,0
4526,6.433914,6
4527,2.1292217,0
4528,6.730364,2
4529,4.0218077,0
4530,6.938436,15
4531,3.1360562,3
4532,3.7451742,3
4533,5.531965,6
4534,4.2482557,9
4535,7.99413,7
4536,6.6346,0
4537,4.43121,0
4538,1.2436962,0
4539,3.4343095,7
4540,9.385103,6
4541,2.7182798,0
4542,5.402024,5
4543,2.3035676,0
4544,6.79057,13
4545,0.46763664,0
4546,5.4082046,2
4547,4.4496346,18
4548,5.086238,1
4549,5.0950084,12
4550,2.2496417,4
4551,2.619429,1
4552,5.2187753,1
4553,5.6759496,0
4554,3.6772442,1
4555,2.2496417,0
4556,7.511685,3
4557,5.396366,7
4558,3.2559001,2
4559,4.53105,8
4560,0.46763664,0
4561,3.7107275,5
4562,0.46763664,0
4563,6.4407043,10
4564,4.3558407,0
4565,5.6505857,2
4566,3.421451,0
4567,2.482146,5
4568,3.5723484,0
4569,7.220848,7
4570,4.678831,7
4571,5.0179615,6
4572,4.7652245,7
4573,6.677147,13
4574,4.063215,7
4575,3.150499,1
4576,7.2025757,11
4577,0.86247283,0
4578,3.217583,6
4579,6.152351,2
4580,3.4651835,22
4581,7.024694,5
4582,5.2833815,2
4583,5.7644835,0
4584,3.7724626,10
4585,3.2524517,3
4586,6.362259,9
4587,5.304915,0
4588,4.45348,2
4589,4.751438,5
4590,4.9526663,4
4591,3.3247998,0
4592,8.4019575,10
4593,2.2496417,6
4594,2.069871,0
4595,7.062333,7
4596,3.4068267,8
4597,3.5086558,4
4598,2.2496417,1
4599,1.3551564,0
4600,4.071557,8
4601,4.367819,6
4602,6.020579,16
4603,3.1696799,0
4604,4.170405,11
4605,6.0496244,1
4606,4.547107,3
4607,3.0946429,4
4608,0.46763664,0
4609,4.3430357,8
4610,6.337423,8
4611,3.5891674,15
4612,1.741356,4
4613,2.2496417,1
4614,6.2674336,7
4615,4.685641,0
4616,2.2496417,4
4617,2.727774,1
4618,1.0128473,0
4619,4.702549,5
4620,4.373644,3
4621,6.648347,7
4622,6.7106867,7
4623,4.751893,2
4624,4.963749,0
4625,4.4533114,9
4626,2.7979083,1
4627,4.182405,3
4628,4.423544,2
4629,4.0678444,7
4630,7.1478076,6
4631,5.404456,4
4632,0.46763664,0
4633,6.75522,3
4634,5.489393,8
4635,0.46763664,0
4636,2.277966,4
4637,8.237458,8
4638,7.3155856,6
4639,0.46763664,0
4640,4.8768616,4
4641,0.46763664,0
4642,7.313766,9
4643,4.64028,7
4644,3.7899015,6
4645,0.46763664,0
4646,3.5680823,5
4647,0.46763664,0
4648,6.692013,11
4649,3.350166,5
4650,3.9474485,5
4651,4.661488,2
4652,0.46763664,0
4653,7.3528867,0
4654,5.6008763,9
4655,4.2989273,3
4656,7.8235464,10
4657,4.4464707,1
4658,0.46763664,0
4659,3.8882067,8
4660,4.7449083,4
4661,4.194702,4
4662,4.346028,0
4663,3.9298017,7
4664,6.6283116,2
4665,6.4575324,1
4666,5.64179,3
4667,5.109892,8
4668,7.6252847,11
4669,4.0608935,1
4670,7.0706825,8
4671,2.7551844,0
4672,6.616264,11
4673,5.8768883,9
4674,5.429675,2
4675,6.5600896,9
4676,6.4996076,16
4677,7.4364834,9
4678,1.1951668,0
4679,3.8279984,4
4680,3.7208765,6
4681,4.9010863,3
4682,4.085621,13
4683,4.2786465,5
4684,6.8202295,10
4685,4.867365,2
4686,6.8433194,2
4687,5.352202,2
4688,3.7733371,0
4689,5.7586584,8
4690,4.797763,6
4691,6.062569,8
4692,4.6137333,1
4693,2.7924984,6
4694,5.0695524,8
4695,4.073226,8
4696,4.226766,1
4697,3.428285,4
4698,8.365119,13
4699,6.355352,11
4700,4.214106,5
4701,0.46763664,1
4702,3.9762475,1
4703,1.3551564,0
4704,1.1951668,0
4705,0.46763664,9
4706,5.333991,7
4707,5.7237964,3
4708,7.7567616,1
4709,2.8111842,9
4710,4.9186177,3
4711,4.0099077,3
4712,3.9892623,6
4713,2.8054283,4
4714,5.502182,11
4715,6.5853605,7
4716,6.1966176,2
4717,3.9167025,0
4718,3.512703,0
4719,0.46763664,0
4720,5.927255,3
4721,5.328554,7
4722,4.5787845,5
4723,0.46763664,0
4724,0.46763664,0
4725,5.4113636,0
4726,4.2073174,3
4727,4.734376,5
4728,0.46763664,0
4729,6.5157723,3
4730,7.892969,3
4731,2.2496417,0
4732,2.8395758,2
4733,4.6086082,5
4734,7.6253567,2
4735,3.000278,4
4736,0.46763664,0
4737,5.125479,8
4738,3.080006,1
4739,5.3164196,9
4740,8.0926075,8
4741,0.46763664,0
4742,5.791627,5
4743,4.711943,4
4744,5.4280696,4
4745,6.2056713,4
4746,6.4591546,3
4747,7.3972654,0
4748,5.4766183,6
4749,4.0099077,1
4750,4.938416,5
4751,5.170638,19
4752,4.2648287,5
4753,3.4124851,7
4754,4.896912,1
4755,2.2496417,1
4756,4.567566,10
4757,5.3708653,3
4758,4.2892184,4
4759,5.836885,6
4760,6.225569,0
4761,3.576862,5
4762,5.749748,5
4763,4.8728957,16
4764,3.0934582,10
4765,1.7729758,0
4766,7.3319283,10
4767,4.1074,15
4768,5.290226,3
4769,3.7876475,17
4770,4.1282206,7
4771,1.1514974,1
4772,4.443272,4
4773,6.049695,0
4774,7.35755,1
4775,4.4172406,0
4776,1.7701999,0
4777,4.904749,0
4778,7.530338,4
4779,3.7925494,7
4780,5.173189,11
4781,8.010282,7
4782,6.77348,5
4783,5.222105,1
4784,7.530338,3
4785,5.3251076,4
4786,1.5762271,2
4787,5.252001,8
4788,6.027191,3
4789,7.6027417,11
4790,6.2664723,2
4791,7.0776434,2
4792,4.9581957,0
4793,3.5875223,4
4794,5.21515,8
4795,5.4525895,3
4796,0.46763664,0
4797,4.0177593,3
4798,7.2916455,5
4799,4.20936,5
4800,6.194895,10
4801,5.704733,4
4802,4.246814,3
4803,6.6494427,1
4804,5.794769,9
4805,4.583943,6
4806,4.616327,1
4807,6.345207,4
4808,3.4611876,0
4809,7.4825764,2
4810,4.0709443,6
4811,4.8613067,5
4812,4.997472,13
4813,5.207541,9
4814,6.6500716,3
4815,6.654779,7
4816,4.458925,9
4817,5.120104,6
4818,5.6323814,2
4819,0.46763664,1
4820,0.46763664,0
4821,6.3242526,5
4822,4.80656,4
4823,6.965427,1
4824,6.0259037,8
4825,2.2496417,0
4826,3.5020142,0
4827,2.70721,9
4828,6.8416924,11
4829,5.499864,3
4830,4.839307,2
4831,0.46763664,0
4832,5.1284804,2
4833,5.905692,3
4834,7.526545,6
4835,4.014003,9
4836,5.9410195,4
4837,1.7317786,2
4838,2.378923,1
4839,5.55045,9
4840,4.539136,12
4841,6.976528,2
4842,2.8748398,1
4843,6.416211,5
4844,1.4822243,0
4845,5.2169123,1
4846,2.2496417,11
4847,0.46763664,0
4848,3.521641,1
4849,2.4872053,0
4850,7.170979,9
4851,4.8995676,11
4852,3.9632814,6
4853,4.5676427,5
4854,7.434856,9
4855,4.142859,4
4856,5.5561624,7
4857,2.2496417,0
4858,2.2496417,16
4859,3.12929,7
4860,6.218951,0
4861,5.5778475,7
4862,2.2496417,5
4863,3.8800962,6
4864,5.779964,7
4865,3.8643672,4
4866,5.5976524,9
4867,4.42229,8
4868,4.1823044,0
4869,6.2994986,2
4870,5.3997283,8
4871,1.6586844,0
4872,3.8725207,6
4873,3.798714,3
4874,4.044422,4
4875,7.3993464,8
4876,6.92785,0
4877,0.46763664,7
4878,2.2496417,0
4879,2.2496417,3
4880,6.634874,1
4881,5.1795144,11
4882,5.264366,1
4883,4.841037,4
4884,0.46763664,0
4885,6.7390766,13
4886,4.406066,1
4887,4.5538607,7
4888,3.5369189,0
4889,6.345151,7
4890,5.2148485,6
4891,3.5858872,1
4892,5.3109083,7
4893,4.61383,3
4894,3.9340575,0
4895,5.8297696,4
4896,1.1514974,0
4897,4.3760366,0
4898,2.1735337,1
4899,6.325798,6
4900,2.8905752,10
4901,7.2581477,12
4902,6.0671363,9
4903,3.7576854,2
4904,6.1481495,13
4905,5.375539,10
4906,3.4258153,5
4907,7.0226874,0
4908,5.1056747,0
4909,4.9995317,10
4910,3.333679,0
4911,7.367022,7
4912,3.6099803,0
4913,7.672458,9
4914,4.8802805,1
4915,5.6389794,5
4916,5.53975,4
4917,6.137728,9
4918,4.262271,8
4919,4.457677,4
4920,5.0958295,7
4921,4.253871,3
4922,6.335808,4
4923,5.0943236,7
4924,3.313607,5
4925,4.809702,0
4926,7.457911,8
4927,5.6638856,2
4928,1.3551564,3
4929,7.568989,6
4930,8.045173,11
4931,6.059518,5
4932,4.9135585,1
4933,5.4280014,2
4934,4.7316084,3
4935,1.8064374,0
4936,6.0130105,10
4937,4.877828,1
4938,4.261259,5
4939,4.556885,6
4940,5.5128107,3
4941,8.095112,9
4942,4.004562,1
4943,6.603387,11
4944,2.9598908,0
4945,5.2332416,5
4946,4.1770573,8
4947,3.2608812,0
4948,3.8607152,4
4949,0.46763664,0
4950,5.8016357,4
4951,5.4782805,4
4952,6.7648735,5
4953,0.46763664,0
4954,4.210626,2
4955,6.742091,3
4956,3.7517936,8
4957,2.2496417,4
4958,5.5898666,0
4959,6.869816,7
4960,4.912883,5
4961,3.5064132,0
4962,4.211345,5
4963,4.9697967,3
4964,5.9657807,1
4965,4.9085474,6
4966,5.447561,12
4967,3.5183842,0
4968,3.0344443,0
4969,5.151017,1
4970,7.60672,12
4971,3.6186357,7
4972,1.7701999,4
4973,5.172958,3
4974,5.1137276,2
4975,4.7671056,6
4976,5.3798537,8
4977,4.5799913,6
4978,7.006835,9
4979,5.9913654,5
4980,4.79621,10
4981,7.373989,3
4982,3.9759777,0
4983,5.8427873,12
4984,1.1514974,0
4985,5.3807,3
4986,4.4369807,2
4987,3.4598541,0
4988,5.8064547,4
4989,2.1982505,0
4990,4.7449007,2
4991,3.2229474,0
4992,5.4224625,11
4993,3.7582638,3
4994,4.611761,4
4995,5.6554513,11
4996,5.38783,2
4997,3.0556104,0
4998,3.4598541,1
4999,4.975284,6
5000,5.9165053,2
5001,0.46763664,0
5002,6.4690166,18
5003,2.2496417,0
5004,5.935604,13
5005,4.9011946,12
5006,5.935569,0
5007,3.9221108,0
5008,3.771889,7
5009,5.6194906,8
5010,6.314199,6
5011,6.280655,3
5012,2.2496417,0
5013,7.843034,7
5014,1.3039705,0
5015,4.930622,1
5016,4.535133,6
5017,2.1588879,0
5018,5.8952823,0
5019,7.9706135,10
5020,3.2523422,1
5021,5.7963386,1
5022,5.648923,12
5023,2.7764206,4
5024,5.8077,5
5025,5.7299933,4
5026,1.4823911,1
5027,7.195447,10
5028,0.46763664,10
5029,6.0811863,13
5030,4.4515076,3
5031,4.279286,2
5032,6.801149,9
5033,7.2511334,10
5034,4.4520693,9
5035,5.287577,1
5036,0.46763664,0
5037,3.7053723,5
5038,0.46763664,0
5039,6.8816743,11
5040,5.120681,2
5041,7.809373,7
5042,2.7847865,8
5043,2.7620416,4
5044,3.7199624,0
5045,7.298876,8
5046,3.804034,4
5047,4.716457,2
5048,5.115827,1
5049,5.0944653,8
5050,4.652482,6
5051,8.194963,15
5052,5.329627,10
5053,2.2904055,6
5054,4.737917,3
5055,6.439198,1
5056,6.324376,5
5057,4.0292764,6
5058,5.5924087,5
5059,0.46763664,0
5060,5.868102,13
5061,4.530591,2
5062,5.4637313,3
5063,5.729166,3
5064,4.233406,3
5065,3.458514,3
5066,0.46763664,0
5067,4.812752,8
5068,2.0847828,1
5069,5.537974,13
5070,3.7406175,8
5071,1.5762271,0
5072,0.46763664,2
5073,6.730648,3
5074,6.7867756,6
5075,7.097534,15
5076,7.0473375,12
5077,2.2564838,3
5078,5.075083,5
5079,3.887006,7
5080,1.1514974,0
5081,7.05324,7
5082,5.3839407,5
5083,4.2996364,0
5084,1.7701999,3
5085,4.3464165,8
5086,2.4207387,0
5087,3.986004,15
5088,7.503005,13
5089,6.7187295,0
5090,2.9207404,3
5091,3.5850935,2
5092,5.235878,9
5093,3.6104238,8
5094,3.4655898,3
5095,3.9474037,7
5096,4.8265367,3
5097,5.10999,0
5098,6.084938,12
5099,5.1374445,5
5100,3.725908,7
5101,3.8698971,2
5102,5.829503,5
5103,2.5665176,0
5104,5.066744,4
5105,2.4585211,3
5106,0.46763664,0
5107,7.347834,4
5108,7.3932877,9
5109,4.5626802,6
5110,8.1183,5
5111,4.858998,4
5112,6.7707453,6
5113,4.7138777,4
5114,5.205967,12
5115,4.308096,7
5116,6.0420794,4
5117,5.4629188,12
5118,4.128324,8
5119,5.503464,9
5120,4.4065876,3
5121,5.226087,0
5122,7.5456467,10
5123,5.607401,9
5124,4.8696404,18
5125,5.718708,4
5126,6.3957744,6
5127,3.8566282,4
5128,0.4963569,0
5129,4.658366,12
5130,2.2663224,0
5131,7.7953806,10
5132,0.46763664,0
5133,0.46763664,0
5134,3.2145932,8
5135,7.4466414,9
5136,1.2648362,1
5137,3.575977,2
5138,5.984943,5
5139,6.2383657,0
5140,5.5467567,3
5141,2.2496417,2
5142,3.9770525,2
5143,4.32082,3
5144,2.4870987,0
5145,4.455434,2
5146,6.447076,5
5147,6.2844644,3
5148,4.469409,6
5149,0.87777287,0
5150,4.497872,3
5151,4.3367133,12
5152,4.7188087,1
5153,6.360474,9
5154,1.1951668,0
5155,7.475347,14
5156,5.232718,2
5157,3.5592592,3
5158,7.555053,8
5159,7.017564,13
5160,2.0966284,0
5161,3.10033,5
5162,0.46763664,2
5163,6.4687753,2
5164,7.1046705,11
5165,6.697511,6
5166,4.6382246,5
5167,5.947632,2
5168,5.855786,9
5169,3.7764442,1
5170,5.3126802,3
5171,3.5153341,0
5172,4.957623,13
5173,4.4948893,11
5174,3.1807408,2
5175,4.8298187,4
5176,6.511165,9
5177,9.048276,8
5178,5.271465,0
5179,4.8464074,3
5180,6.914755,9
5181,3.5725138,8
5182,5.8183756,4
5183,5.1955757,7
5184,4.4339414,4
5185,5.2976995,4
5186,5.8636527,6
5187,4.1601233,0
5188,2.182764,1
5189,4.572359,13
5190,6.457049,2
5191,5.6223254,3
5192,4.9081793,3
5193,5.347703,3
5194,5.159609,9
5195,6.0130105,13
5196,3.1654992,0
5197,0.46763664,0
5198,3.485646,7
5199,2.2496417,0
5200,5.568346,4
5201,4.7719154,4
5202,2.596124,4
5203,7.915161,11
5204,3.3566997,0
5205,7.4833336,8
5206,2.2496417,2
5207,3.5737984,0
5208,6.084643,7
5209,4.8395886,5
5210,5.0023437,3
5211,7.109449,9
5212,0.46763664,0
5213,1.5732363,4
5214,4.131603,5
5215,1.4789339,0
5216,4.57051,1
5217,4.8655353,11
5218,2.8614273,4
5219,6.9349957,5
5220,4.545689,4
5221,4.9876394,3
5222,5.896734,9
5223,4.4751053,5
5224,5.2959805,4
5225,3.0791814,3
5226,4.1526613,2
5227,5.5539737,0
5228,1.3295324,0
5229,4.1620216,12
5230,4.767495,1
5231,6.2558017,6
5232,3.064587,5
5233,3.8884218,3
5234,3.2297487,3
5235,3.1068206,0
5236,3.5261402,4
5237,7.7988853,5
5238,5.5398154,3
5239,6.2906313,8
5240,3.8171532,1
5241,6.5648746,6
5242,5.5501366,7
5243,5.8770285,2
5244,2.2496417,12
5245,5.394812,0
5246,3.2377017,5
5247,6.033762,6
5248,1.3906783,7
5249,4.323815,6
5250,5.6674776,13
5251,3.4116502,11
5252,4.7655773,10
5253,5.168823,4
5254,4.8769403,1
5255,1.7317786,0
5256,5.126259,2
5257,4.614881,2
5258,6.6981335,0
5259,4.8472595,10
5260,5.5244393,2
5261,5.358239,3
5262,3.9054449,6
5263,2.6733534,0
5264,0.87777287,3
5265,6.335127,11
5266,4.0775027,8
5267,5.387316,9
5268,2.3550868,2
5269,5.1161513,6
5270,5.570735,4
5271,8.271245,10
5272,4.3412232,6
5273,4.427451,1
5274,8.2658415,6
5275,4.825495,7
5276,5.0599484,2
5277,5.419603,9
5278,0.46763664,0
5279,3.3514662,6
5280,4.5099344,2
5281,0.46763664,0
5282,0.46763664,2
5283,1.8619024,6
5284,6.779042,6
5285,2.518557,0
5286,1.1417458,1
5287,7.056743,1
5288,2.87594,3
5289,2.2496417,1
5290,6.1137996,2
5291,2.5618455,2
5292,6.117134,5
5293,7.830122,12
5294,1.5217599,1
5295,6.351566,5
5296,6.6920075,13
5297,5.0263176,3
5298,2.5898113,0
5299,5.7443247,6
5300,0.46763664,3
5301,3.9105875,0
5302,6.7309313,13
5303,4.6476617,3
5304,4.2076864,9
5305,4.4419565,8
5306,4.1320043,5
5307,6.2305493,7
5308,3.1429849,2
5309,7.8227024,0
5310,5.444038,2
5311,4.5399895,1
5312,2.887036,0
5313,6.7381506,6
5314,2.2496417,3
5315,3.2954066,0
5316,4.798973,2
5317,4.930546,8
5318,4.762628,11
5319,0.46763664,0
5320,5.1988435,5
5321,7.5146303,14
5322,5.846949,5
5323,5.505121,1
5324,4.7261825,3
5325,4.4325085,2
5326,4.1885633,7
5327,6.487942,8
5328,5.3946285,3
5329,4.587784,1
5330,5.8295603,4
5331,0.4963569,0
5332,3.028919,6
5333,1.6008084,0
5334,3.8571465,9
5335,1.2917687,0
5336,5.7576385,8
5337,5.5007668,10
5338,5.974099,6
5339,6.3674474,11
5340,1.1417458,0
5341,4.330653,8
5342,5.5913424,3
5343,5.063317,6
5344,6.65871,2
5345,5.0498214,8
5346,4.6043453,2
5347,4.275522,6
5348,5.7399073,4
5349,7.123957,2
5350,5.8480244,1
5351,2.2496417,0
5352,6.6169367,0
5353,5.111987,2
5354,3.84669,6
5355,3.6123037,3
5356,4.4352045,6
5357,6.9836655,11
5358,2.9119446,11
5359,1.9009055,0
5360,3.3442953,4
5361,8.40289,8
5362,6.0001636,9
5363,4.6736145,10
5364,2.1638546,0
5365,5.4872584,3
5366,4.455566,0
5367,4.4475207,5
5368,4.8343167,10
5369,0.46763664,0
5370,6.130792,4
5371,2.6466446,0
5372,4.3519697,2
5373,5.2552457,3
5374,2.6119409,6
5375,6.107051,3
5376,3.929322,0
5377,6.5096984,2
5378,6.1761594,4
5379,5.2561293,20
5380,4.190617,4
5381,5.582581,17
5382,5.735321,12
5383,4.9062734,6
5384,3.8534458,5
5385,6.759428,1
5386,5.7111025,1
5387,2.4147494,0
5388,4.309234,5
5389,5.8340816,5
5390,5.967673,3
5391,0.46763664,0
5392,5.408784,5
5393,0.46763664,0
5394,6.109569,1
5395,6.045726,8
5396,3.596147,4
5397,4.365013,4
5398,8.113349,3
5399,5.7945604,0
5400,4.7849436,0
5401,1.7701999,0
5402,3.9206402,0
5403,4.3920393,11
5404,4.244417,7
5405,5.1128173,9
5406,4.143059,3
5407,5.844041,4
5408,3.7277167,0
5409,4.9022856,7
5410,1.4199852,2
5411,3.7489388,5
5412,1.1514974,0
5413,5.609483,8
5414,5.950786,9
5415,5.2656474,1
5416,5.9859233,6
5417,2.2496417,8
5418,5.373078,10
5419,4.98472,4
5420,5.314967,1
5421,5.8225183,3
5422,0.46763664,1
5423,0.98045474,0
5424,3.824732,3
5425,3.0159273,0
5426,0.86247283,1
5427,4.141776,1
5428,5.124173,1
5429,0.87777287,0
5430,5.5517178,15
5431,5.714906,8
5432,4.452188,6
5433,9.253833,6
5434,5.318887,2
5435,4.329049,11
5436,2.0629122,0
5437,3.5717428,4
5438,5.109393,4
5439,4.446364,8
5440,8.275281,8
5441,6.0252213,4
5442,4.083896,15
5443,7.001044,3
5444,5.4332247,7
5445,5.180142,3
5446,5.2271514,2
5447,2.2496417,0
5448,3.236658,6
5449,0.46763664,6
5450,6.691055,2
5451,6.97447,11
5452,7.28973,15
5453,6.2094417,6
5454,4.1288433,0
5455,4.7863574,10
5456,5.536262,2
5457,5.295209,11
5458,6.289695,4
5459,2.9285662,2
5460,5.1608915,7
5461,5.0936184,13
5462,5.4260216,4
5463,7.1145325,8
5464,3.249653,3
5465,2.2099695,0
5466,1.3551564,2
5467,0.46763664,0
5468,1.4183758,2
5469,2.5121727,0
5470,5.0545344,4
5471,4.118495,6
5472,2.6632745,2
5473,6.944821,10
5474,3.679539,0
5475,5.0322323,5
5476,1.3906783,0
5477,1.9265505,3
5478,5.771061,0
5479,2.2496417,0
5480,0.46763664,0
5481,7.6923733,12
5482,5.979275,13
5483,0.46763664,0
5484,0.46763664,0
5485,6.2890215,10
5486,4.073803,7
5487,1.5762271,1
5488,0.46763664,0
5489,2.694517,3
5490,4.8985395,0
5491,3.4221761,3
5492,2.3287039,8
5493,6.6179347,9
5494,6.9541388,12
5495,2.4431865,2
5496,1.7610232,0
5497,4.3495545,3
5498,8.233919,16
5499,3.5099356,4
5500,5.7231445,7
5501,0.46763664,0
5502,4.0492387,5
5503,3.4170873,9
5504,5.5166736,6
5505,3.3673685,0
5506,3.1286504,0
5507,2.4201703,0
5508,5.8943315,6
5509,4.3497906,2
5510,2.7494342,9
5511,5.4629636,0
5512,1.6586844,0
5513,0.46763664,0
5514,3.3566997,1
5515,5.098094,4
5516,1.9763986,0
5517,6.025119,4
5518,5.454989,11
5519,6.5159836,5
5520,6.7216535,12
5521,3.6612003,6
5522,8.111766,7
5523,7.550497,6
5524,1.3551564,0
5525,2.8111842,0
5526,5.0524707,9
5527,5.882025,10
5528,3.5300815,2
5529,6.0640616,2
5530,3.5461779,2
5531,4.5792933,2
5532,4.2192135,2
5533,6.0562,14
5534,3.4264388,3
5535,0.46763664,0
5536,4.529841,5
5537,6.050211,3
5538,0.46763664,1
5539,5.379617,0
5540,4.262535,9
5541,5.4127035,5
5542,4.3174047,5
5543,6.9564414,9
5544,4.174206,5
5545,6.7869344,4
5546,4.6953835,4
5547,8.285208,7
5548,7.300121,4
5549,4.4525895,1
5550,3.9805582,3
5551,3.840698,0
5552,5.936533,7
5553,5.030455,2
5554,1.4183758,0
5555,4.41617,10
5556,3.7633188,9
5557,2.4353516,2
5558,0.46763664,0
5559,5.7837243,3
5560,4.576262,4
5561,5.470384,3
5562,4.964607,11
5563,4.5216336,5
5564,4.9907045,10
5565,4.3534093,4
5566,4.5494742,0
5567,4.0921984,4
5568,6.30265,16
5569,4.687629,1
5570,4.9111648,6
5571,2.2496417,2
5572,4.1953454,0
5573,5.2384253,7
5574,4.2519603,1
5575,2.9645817,1
5576,0.46763664,0
5577,6.717329,10
5578,5.279263,1
5579,4.760641,1
5580,7.3005095,9
5581,3.8069518,6
5582,6.4440703,3
5583,4.9011717,2
5584,4.908636,1
5585,7.09822,9
5586,4.628025,5
5587,5.147245,0
5588,4.2538133,1
5589,1.884144,0
5590,4.810567,6
5591,4.6818757,3
5592,3.541822,6
5593,2.1547494,0
5594,0.46763664,0
5595,5.2704473,3
5596,6.0474825,8
5597,0.46763664,0
5598,3.6294677,0
5599,4.781606,8
5600,4.865601,13
5601,5.5978603,7
5602,7.3820257,2
5603,7.8530855,10
5604,5.6613765,0
5605,1.6445395,0
5606,4.3438287,19
5607,3.7139418,3
5608,8.279048,11
5609,1.7317786,0
5610,2.394047,1
5611,3.7157915,0
5612,4.731712,0
5613,5.14627,4
5614,5.445465,9
5615,1.8619024,0
5616,4.3650994,1
5617,5.28656,3
5618,2.2496417,2
5619,3.0328953,0
5620,7.2899933,6
5621,5.352053,4
5622,7.514727,10
5623,3.2422147,3
5624,2.5899212,3
5625,2.7646902,0
5626,6.4003344,2
5627,4.1753144,5
5628,0.46763664,3
5629,5.7099686,11
5630,7.5637493,7
5631,3.9092305,1
5632,4.7261667,4
5633,4.2093596,6
5634,4.715437,3
5635,3.045981,0
5636,5.2773085,9
5637,0.46763664,0
5638,4.08797,1
5639,4.2897973,8
5640,6.8264284,1
5641,5.2183948,0
5642,4.0605483,4
5643,4.4647074,6
5644,5.8644075,11
5645,4.99012,4
5646,4.1678348,2
5647,4.987919,0
5648,6.9109745,3
5649,3.9107525,1
5650,5.393849,1
5651,3.9113772,3
5652,5.8176093,7
5653,5.778917,4
5654,6.2181687,15
5655,1.5333358,0
5656,7.1644855,10
5657,6.3617535,7
5658,1.2995352,0
5659,8.214204,8
5660,5.225724,12
5661,4.081771,0
5662,4.777119,4
5663,1.6445395,0
5664,6.2507267,2
5665,3.9264152,0
5666,2.7035463,0
5667,4.84399,0
5668,5.466547,8
5669,5.7659855,4
5670,6.515933,5
5671,3.7602112,6
5672,2.6733534,0
5673,0.46763664,0
5674,2.9211226,2
5675,1.3906783,0
5676,2.452959,2
5677,3.8225672,0
5678,6.39464,10
5679,6.427099,5
5680,5.356239,2
5681,6.051015,1
5682,4.357616,3
5683,4.115714,7
5684,4.581497,1
5685,2.970729,0
5686,4.969554,2
5687,1.4183758,0
5688,6.1816454,6
5689,4.4748077,0
5690,4.8816466,1
5691,4.892377,5
5692,4.7465796,5
5693,5.708988,9
5694,6.2701306,9
5695,8.152948,13
5696,5.0418863,6
5697,4.190528,2
5698,3.830135,0
5699,3.7729661,5
5700,5.359089,0
5701,4.8917813,0
5702,7.4640594,8
5703,4.241874,2
5704,0.46763664,4
5705,4.9630065,3
5706,4.306528,1
5707,2.2663224,0
5708,2.2496417,3
5709,7.8580055,7
5710,4.058612,6
5711,4.2079864,9
5712,7.4582267,5
5713,7.3270206,8
5714,0.895104,0
5715,6.014951,7
5716,3.0069203,5
5717,4.9257603,10
5718,6.9093423,12
5719,6.6597404,7
5720,3.4424074,3
5721,6.5127954,9
5722,5.0519114,1
5723,1.1951668,2
5724,6.71912,7
5725,6.278118,0
5726,1.9746879,2
5727,6.735694,5
5728,3.7533925,3
5729,5.787438,2
5730,4.1238756,0
5731,3.368173,5
5732,6.975668,13
5733,5.140829,0
5734,4.523942,14
5735,4.2069755,4
5736,6.2259393,3
5737,5.2844844,3
5738,1.1951668,0
5739,6.178127,7
5740,6.181932,4
5741,3.7221596,7
5742,7.623822,2
5743,3.4228377,15
5744,3.8725207,12
5745,8.397489,13
5746,6.648436,7
5747,4.919434,3
5748,5.486947,6
5749,7.73087,4
5750,0.46763664,0
5751,5.5641036,6
5752,4.5860977,1
5753,0.46763664,0
5754,9.221866,3
5755,3.9711092,0
5756,3.1275346,2
5757,6.034081,10
5758,2.7250514,5
5759,5.921158,8
5760,5.3250413,9
5761,6.77499,13
5762,2.9088573,0
5763,2.7644513,5
5764,0.46763664,0
5765,3.7856805,7
5766,3.0739367,0
5767,3.8684194,10
5768,4.904513,6
5769,5.654696,0
5770,4.653378,2
5771,6.160265,4
5772,5.9060235,2
5773,2.8168392,0
5774,3.1393108,3
5775,1.2504479,0
5776,5.048325,5
5777,5.699812,11
5778,1.7323995,1
5779,4.19616,6
5780,6.9794188,5
5781,0.46763664,0
5782,2.2496417,4
5783,4.2902,11
5784,7.1553392,8
5785,4.5767827,18
5786,4.2833295,4
5787,4.6092725,3
5788,0.46763664,1
5789,1.7964026,0
5790,2.2496417,2
5791,3.7228878,10
5792,5.5898514,5
5793,2.8748398,3
5794,4.2380166,6
5795,5.185431,9
5796,8.09857,7
5797,3.3906786,7
5798,1.7323995,0
5799,4.320678,4
5800,0.98045474,0
5801,2.7869506,1
5802,3.8561952,2
5803,3.7131855,9
5804,6.1962557,14
5805,5.8625646,5
5806,3.1582012,9
5807,5.291194,6
5808,0.46763664,0
5809,5.2514825,8
5810,6.1692348,5
5811,3.3338382,8
5812,3.550122,1
5813,4.8205276,12
5814,1.5732363,0
5815,4.7344913,7
5816,6.778784,9
5817,5.6568966,10
5818,5.18562,1
5819,3.1961186,4
5820,6.2084064,10
5821,2.6831172,4
5822,3.7056878,7
5823,6.4719048,7
5824,2.2496417,1
5825,8.355397,9
5826,4.904735,6
5827,3.329125,0
5828,1.3551564,0
5829,7.192457,1
5830,7.864785,10
5831,6.332645,6
5832,7.27552,6
5833,6.8831124,13
5834,4.336459,11
5835,4.6424294,3
5836,3.105553,5
5837,4.006358,7
5838,5.702137,3
5839,3.5107622,3
5840,4.354256,6
5841,4.339476,0
5842,5.5165424,1
5843,4.404435,0
5844,3.1166642,2
5845,0.46763664,0
5846,3.5741255,7
5847,0.46763664,0
5848,1.6404005,0
5849,5.10855,0
5850,4.2022047,7
5851,4.504835,9
5852,6.477792,5
5853,5.412707,5
5854,3.4340827,0
5855,7.8170385,2
5856,5.797072,11
5857,5.489375,5
5858,5.5279913,3
5859,5.8330717,12
5860,6.2882113,10
5861,0.46763664,0
5862,5.9828997,9
5863,2.4058492,8
5864,5.1337495,6
5865,4.4223433,4
5866,2.2496417,1
5867,4.217355,2
5868,4.627121,7
5869,6.1681533,13
5870,3.0851843,6
5871,3.8239968,5
5872,3.139075,0
5873,3.3948743,0
5874,4.5653396,0
5875,4.609216,3
5876,2.0406837,7
5877,5.2182264,5
5878,5.719843,5
5879,5.030466,4
5880,2.2454412,20
5881,5.233486,0
5882,4.7480407,0
5883,5.06917,1
5884,5.2335324,0
5885,7.325784,2
5886,4.165952,14
5887,4.5597277,8
5888,8.031102,8
5889,4.1421638,1
5890,5.8027787,1
5891,2.232366,3
5892,3.3025649,3
5893,6.8192306,10
5894,0.46763664,0
5895,5.2180576,1
5896,3.653758,3
5897,4.0514994,4
5898,4.5816884,5
5899,3.9797342,1
5900,6.013902,2
5901,3.572561,0
5902,2.1860037,0
5903,2.7081115,1
5904,4.779341,5
5905,5.1175046,6
5906,5.3042593,2
5907,0.46763664,2
5908,4.5756435,2
5909,0.46763664,0
5910,4.649988,2
5911,2.7480118,3
5912,4.888552,11
5913,2.5420902,0
5914,6.363154,4
5915,7.2691455,12
5916,4.608074,9
5917,5.9516172,9
5918,2.906837,8
5919,1.9056588,0
5920,0.46763664,0
5921,0.895104,0
5922,5.8500023,14
5923,4.5989184,5
5924,6.5605407,10
5925,2.2663224,0
5926,4.5557165,12
5927,5.363763,4
5928,4.043195,7
5929,5.739062,1
5930,7.9147596,8
5931,0.46763664,0
5932,5.633785,2
5933,7.4341974,10
5934,4.7143745,2
5935,4.536498,8
5936,4.3652062,3
5937,6.292581,19
5938,3.871929,13
5939,8.069009,0
5940,3.3143024,10
5941,3.038556,0
5942,2.7902272,0
5943,4.6683464,12
5944,0.46763664,0
5945,2.3385427,0
5946,6.4862165,5
5947,5.379297,7
5948,3.457712,4
5949,3.1592433,0
5950,6.2581778,3
5951,6.705166,10
5952,4.758433,3
5953,0.46763664,0
5954,4.072723,0
5955,6.974221,9
5956,4.7343473,2
5957,6.403861,13
5958,6.204894,0
5959,6.0555573,7
5960,4.550574,5
5961,5.424046,0
5962,3.5104253,3
5963,3.2497869,4
5964,5.354815,0
5965,4.3508716,5
5966,4.4321923,14
5967,2.2457187,0
5968,2.5743587,4
5969,8.858522,10
5970,3.80042,2
5971,5.252998,3
5972,3.948332,9
5973,3.749111,3
5974,6.5951276,5
5975,1.9524904,0
5976,7.9445925,8
5977,7.2914205,9
5978,4.6393056,2
5979,4.016538,2
5980,7.665069,10
5981,2.7081115,1
5982,2.2496417,0
5983,3.1224353,11
5984,5.3974524,8
5985,5.9855466,0
5986,5.294343,0
5987,5.4329534,9
5988,5.6763873,14
5989,3.3921418,5
5990,8.386487,5
5991,4.1374598,2
5992,3.4087374,0
5993,4.576713,3
5994,1.7323995,0
5995,0.46763664,0
5996,0.46763664,0
5997,5.839086,1
5998,6.04779,2
5999,3.3091311,1
6000,5.5663185,6
6001,4.288434,2
6002,5.070686,9
6003,6.021859,6
6004,4.5339494,7
6005,5.321153,6
6006,5.6683946,9
6007,3.9601133,3
6008,3.299831,12
6009,5.1269464,1
6010,1.9342788,0
6011,2.5861065,1
6012,0.46763664,0
6013,5.6723742,5
6014,8.913044,6
6015,4.72319,14
6016,6.758276,3
6017,3.7366388,0
6018,1.3295324,13
6019,3.2954066,11
6020,2.1982505,0
6021,6.737018,9
6022,4.628777,0
6023,0.46763664,0
6024,5.246419,6
6025,5.3985834,11
6026,3.511081,5
6027,3.2857113,6
6028,4.5017166,3
6029,0.46763664,0
6030,4.395504,0
6031,2.3380733,0
6032,0.46763664,0
6033,4.8591104,6
6034,4.7652245,5
6035,5.8580756,8
6036,5.817495,2
6037,0.46763664,0
6038,3.3403182,4
6039,5.2025433,3
6040,6.259268,14
6041,7.211035,12
6042,0.46763664,0
6043,7.9628572,2
6044,2.2496417,0
6045,6.6818805,8
6046,4.8844595,6
6047,1.3039705,0
6048,6.171464,2
6049,2.2168744,0
6050,3.0299108,0
6051,2.0629122,1
6052,5.5257998,7
6053,7.7379737,14
6054,3.8643672,1
6055,7.273601,6
6056,5.0568924,8
6057,3.9213984,7
6058,4.605391,3
6059,4.02848,12
6060,4.454057,10
6061,6.9454746,10
6062,0.46763664,0
6063,1.7701999,0
6064,6.376466,12
6065,5.8795385,3
6066,4.2697134,5
6067,6.141025,1
6068,5.3926725,4
6069,2.2496417,2
6070,2.9801364,0
6071,7.374733,9
6072,5.382596,0
6073,6.7877245,10
6074,7.8541107,8
6075,2.2663224,1
6076,4.896115,1
6077,7.376815,4
6078,1.4199852,0
6079,6.8535857,8
6080,5.309405,8
6081,6.3350873,3
6082,1.4183758,2
6083,6.996872,4
6084,3.2732189,0
6085,5.391769,7
6086,2.718849,1
6087,0.46763664,0
6088,4.341935,5
6089,2.0885885,6
6090,2.2496417,4
6091,5.598016,2
6092,3.9041612,0
6093,4.2443233,8
6094,4.554473,9
6095,4.899944,3
6096,3.6154857,4
6097,1.724584,1
6098,6.2746215,4
6099,6.6462717,0
6100,6.0096655,0
6101,1.1951668,0
6102,4.8816104,4
6103,3.845289,8
6104,4.0860977,6
6105,4.1174703,1
6106,3.2455995,0
6107,5.3531117,0
6108,1.6445395,0
6109,7.1310973,0
6110,3.896406,3
6111,5.27211,3
6112,6.1520944,7
6113,3.481447,10
6114,6.4717665,11
6115,4.239448,11
6116,5.327905,5
6117,3.9099271,0
6118,3.4344966,0
6119,2.2496417,1
6120,0.46763664,0
6121,2.9164963,2
6122,0.46763664,0
6123,3.4095857,1
6124,5.9702535,6
6125,2.2496417,3
6126,6.3770657,3
6127,4.0604825,8
6128,1.3819703,0
6129,3.7505138,5
6130,5.2344685,8
6131,1.1417458,0
6132,3.3012471,0
6133,3.6591969,1
6134,4.904735,0
6135,4.7112637,5
6136,0.46763664,0
6137,7.178539,2
6138,0.46763664,0
6139,5.6319447,3
6140,3.517832,4
6141,3.374921,12
6142,4.345742,1
6143,6.8926954,10
6144,5.8242984,6
6145,2.3860524,6
6146,2.2496417,2
6147,6.970387,0
6148,7.4160275,5
6149,0.46763664,0
6150,4.6467905,2
6151,2.2496417,0
6152,7.3416195,11
6153,3.5493953,0
6154,6.72911,2
6155,6.3065104,3
6156,2.2496417,0
6157,7.521757,0
6158,4.950375,4
6159,5.9330416,12
6160,3.807954,5
6161,4.5653644,1
6162,6.8359857,9
6163,4.0099077,0
6164,5.7837243,7
6165,3.9533918,7
6166,2.069871,1
6167,3.345356,4
6168,4.348214,4
6169,4.784335,4
6170,3.847986,3
6171,3.3125727,3
6172,1.3034636,0
6173,3.931513,12
6174,5.971646,3
6175,0.46763664,0
6176,7.0835176,6
6177,4.480972,0
6178,2.2496417,3
6179,0.46763664,0
6180,7.763438,12
6181,6.497484,1
6182,5.043528,14
6183,4.4271894,0
6184,4.9599247,5
6185,2.0370276,1
6186,3.8887331,8
6187,4.088742,1
6188,5.1385536,4
6189,2.772082,3
6190,2.7764206,7
6191,2.2496417,0
6192,2.28138,0
6193,2.9585528,0
6194,2.6645343,4
6195,6.1413927,9
6196,3.1809456,4
6197,2.7171156,0
6198,5.1004424,14
6199,6.453068,12
6200,6.4490976,10
6201,6.0627575,0
6202,3.6766198,10
6203,1.5762271,0
6204,3.7432914,11
6205,3.2448785,1
6206,4.430074,1
6207,2.2496417,3
6208,2.4142168,2
6209,7.1002364,4
6210,5.885519,0
6211,0.46763664,0
6212,7.033227,11
6213,5.109992,2
6214,6.106005,12
6215,4.9450364,14
6216,7.2815638,13
6217,4.8525896,0
6218,6.1036415,12
6219,3.8748744,6
6220,4.845318,2
6221,0.46763664,0
6222,2.9279482,3
6223,6.0384345,2
6224,4.060514,2
6225,7.641411,8
6226,6.108533,4
6227,4.383303,1
6228,6.6945314,8
6229,2.600705,0
6230,0.46763664,0
6231,4.141207,11
6232,6.175822,10
6233,4.342251,0
6234,4.7344394,2
6235,0.46763664,0
6236,4.663476,10
6237,6.2237215,5
6238,2.5797207,0
6239,3.347034,7
6240,4.8414164,0
6241,6.1961074,6
6242,5.0952687,7
6243,7.687499,5
6244,3.034917,1
6245,5.3491044,4
6246,4.973107,5
6247,0.46763664,2
6248,1.3295324,0
6249,4.5638065,3
6250,0.46763664,0
6251,4.9890966,10
6252,5.4292974,3
6253,4.9450364,1
6254,3.258418,0
6255,4.150446,1
6256,3.4690642,2
6257,2.7769196,0
6258,0.46763664,0
6259,5.1139927,7
6260,7.908331,4
6261,6.5379987,7
6262,0.46763664,0
6263,4.2645965,1
6264,3.6982896,4
6265,3.725509,1
6266,4.4619756,1
6267,6.40807,2
6268,4.6468287,2
6269,7.0392303,7
6270,1.7527183,0
6271,4.621502,10
6272,5.94032,15
6273,6.853389,10
6274,3.9252832,2
6275,4.571267,2
6276,6.0920525,1
6277,6.248924,10
6278,1.5732363,1
6279,3.6576922,8
6280,1.9763986,1
6281,0.46763664,0
6282,3.6398425,1
6283,6.1801133,12
6284,6.2297325,0
6285,2.5658488,1
6286,4.4269485,0
6287,5.816242,1
6288,0.46763664,0
6289,7.6678867,14
6290,4.6727715,3
6291,0.895104,0
6292,5.9188266,1
6293,3.5152767,9
6294,2.2496417,0
6295,7.6660743,12
6296,6.726596,8
6297,3.2803252,0
6298,2.2755089,1
6299,2.7551844,0
6300,2.2663224,4
6301,6.2690296,15
6302,4.9934883,4
6303,6.074953,3
6304,5.0708113,10
6305,4.085621,8
6306,5.872255,1
6307,1.7475477,2
6308,6.8249397,12
6309,4.4491124,6
6310,4.6979265,4
6311,4.8456597,7
6312,4.3315315,2
6313,2.3862884,0
6314,1.3346674,1
6315,3.7570925,2
6316,3.0993,0
6317,2.2663224,0
6318,4.8502226,0
6319,4.6195946,6
6320,7.0657496,19
6321,6.560686,1
6322,2.5838199,4
6323,0.46763664,0
6324,7.089447,7
6325,5.6921597,1
6326,4.594399,3
6327,3.9223974,4
6328,6.435834,11
6329,4.1188154,1
6330,4.73863,1
6331,4.989776,5
6332,4.0550613,3
6333,4.5047774,6
6334,3.3388693,5
6335,7.736986,4
6336,5.597748,7
6337,6.5460753,10
6338,4.0168447,7
6339,4.864973,3
6340,6.4024816,3
6341,5.611622,2
6342,2.277966,0
6343,1.9223117,0
6344,2.600705,2
6345,6.524278,4
6346,7.8841543,15
6347,5.60849,2
6348,0.46763664,0
6349,2.3944533,4
6350,5.323767,1
6351,3.4787576,6
6352,4.007582,0
6353,5.151593,10
6354,5.096101,7
6355,5.4780726,6
6356,4.3767796,6
6357,5.147022,4
6358,3.2471786,0
6359,4.3034935,5
6360,6.5781155,3
6361,4.473956,5
6362,5.911592,2
6363,6.087465,8
6364,6.811574,3
6365,5.171305,4
6366,5.7720265,2
6367,4.16374,7
6368,1.7610232,0
6369,3.7431605,4
6370,1.3295324,1
6371,4.1431255,0
6372,2.7278113,0
6373,3.2586386,1
6374,1.1659598,0
6375,0.46763664,0
6376,2.600705,2
6377,4.011124,2
6378,2.2496417,4
6379,2.2496417,0
6380,5.5719028,6
6381,0.46763664,0
6382,2.2496417,3
6383,6.0625186,10
6384,1.8049835,1
6385,0.46763664,0
6386,2.7915983,12
6387,3.8716486,2
6388,5.2318773,3
6389,6.7411404,9
6390,4.275161,3
6391,3.5616257,4
6392,7.3839455,9
6393,3.3611705,6
6394,3.0641446,8
6395,3.6405618,2
6396,1.3346674,3
6397,0.46763664,0
6398,2.8922644,13
6399,4.896887,15
6400,4.0587053,5
6401,4.356506,5
6402,1.6445395,1
6403,4.3839345,3
6404,4.868169,7
6405,2.9560978,9
6406,4.8766937,4
6407,4.149985,5
6408,4.2569537,0
6409,4.8552327,3
6410,5.0897903,3
6411,2.4258654,3
6412,5.3764963,3
6413,8.656169,0
6414,6.938134,3
6415,2.6607618,0
6416,6.3599105,4
6417,5.5673494,3
6418,0.46763664,0
6419,6.746407,3
6420,5.973046,0
6421,0.46763664,0
6422,4.75531,0
6423,5.5414066,8
6424,1.1659598,5
6425,0.46763664,0
6426,5.2146907,6
6427,5.5362134,11
6428,7.227898,9
6429,5.217841,8
6430,4.198989,1
6431,6.4531493,7
6432,5.35084,3
6433,5.005849,2
6434,6.3195744,9
6435,5.84079,9
6436,2.7107763,0
6437,5.5349083,11
6438,1.4823911,0
6439,5.2561016,0
6440,2.2496417,3
6441,6.686528,6
6442,7.731488,9
6443,6.30512,8
6444,2.2496417,0
6445,0.4963569,0
6446,2.2496417,7
6447,5.6288548,0
6448,7.4901557,9
6449,2.1638546,0
6450,3.5475924,2
6451,1.4183758,0
6452,4.4826255,10
6453,7.062771,6
6454,5.795627,4
6455,6.030232,0
6456,0.46763664,0
6457,4.057911,1
6458,4.0984297,6
6459,0.46763664,0
6460,3.6919096,0
6461,0.86247283,0
6462,0.46763664,0
6463,5.3137226,6
6464,0.46763664,0
6465,7.024555,6
6466,1.3551564,0
6467,5.418382,8
6468,3.125357,0
6469,3.3622644,3
6470,4.533765,5
6471,4.507387,9
6472,4.2859864,2
6473,4.909028,2
6474,5.4218297,3
6475,5.7482715,3
6476,1.6696981,1
6477,5.9127645,0
6478,7.7563915,0
6479,0.46763664,0
6480,6.999991,4
6481,2.2496417,1
6482,7.380994,14
6483,5.8953648,2
6484,4.2444763,3
6485,0.46763664,0
6486,6.3064737,10
6487,1.6586844,0
6488,2.7480118,0
6489,6.1657214,5
6490,7.5454254,5
6491,5.3621216,4
6492,5.885465,8
6493,5.05383,2
6494,5.383105,3
6495,0.98045474,0
6496,3.1547067,9
6497,7.249171,4
6498,7.1458826,3
6499,0.46763664,0
6500,3.63668,10
6501,6.119094,5
6502,5.8338637,1
6503,6.4302673,2
6504,4.0804224,5
6505,5.1079445,3
6506,2.421741,1
6507,6.0594525,7
6508,4.0352664,3
6509,2.406079,0
6510,7.537345,7
6511,4.543959,12
6512,5.299643,2
6513,3.5575883,5
6514,5.164225,9
6515,4.0564475,2
6516,4.9427385,2
6517,4.8369255,8
6518,4.680411,2
6519,4.769051,4
6520,5.0628824,5
6521,4.41158,0
6522,8.008656,2
6523,1.6445395,0
6524,1.58001,0
6525,3.272513,0
6526,6.8922205,9
6527,4.461169,3
6528,5.248376,7
6529,7.6656985,3
6530,4.650671,3
6531,6.742028,10
6532,5.6630197,6
6533,3.1813273,0
6534,7.4430237,10
6535,4.9225974,2
6536,0.46763664,0
6537,5.572356,13
6538,4.803118,3
6539,7.2948775,15
6540,8.414552,6
6541,4.5399384,1
6542,0.46763664,7
6543,5.1745405,3
6544,7.158142,5
6545,2.2496417,1
6546,4.2678914,1
6547,1.1514974,0
6548,4.6983876,6
6549,4.835165,1
6550,1.6586844,0
6551,7.661198,6
6552,6.4422536,0
6553,3.2994678,0
6554,2.2496417,1
6555,2.394047,0
6556,5.2655616,6
6557,4.884328,2
6558,3.5556338,3
6559,0.46763664,0
6560,3.2060754,4
6561,4.9730806,6
6562,3.5879204,3
6563,4.832058,1
6564,6.422595,1
6565,1.4823911,0
6566,0.46763664,0
6567,6.834236,11
6568,0.46763664,1
6569,2.2336304,5
6570,5.3336015,0
6571,5.7618246,8
6572,2.2496417,2
6573,4.99135,8
6574,4.562527,0
6575,6.6420703,12
6576,6.662377,11
6577,6.1122365,3
6578,4.172368,5
6579,5.6293144,7
6580,6.6282916,12
6581,6.279964,13
6582,7.414917,1
6583,0.46763664,0
6584,7.4448714,10
6585,6.9805374,4
6586,3.2634418,4
6587,3.3874068,11
6588,4.9665513,5
6589,5.2086973,6
6590,3.6218176,3
6591,4.9253416,10
6592,0.46763664,0
6593,5.333007,2
6594,7.9270687,12
6595,5.259516,3
6596,2.9456205,0
6597,2.9456205,1
6598,6.330828,4
6599,0.46763664,0
6600,5.964419,2
6601,4.1888556,11
6602,5.443219,4
6603,4.8314,0
6604,7.911727,7
6605,3.287309,3
6606,1.9769124,0
6607,6.2946396,9
6608,4.4585238,6
6609,3.3915246,0
6610,5.9737625,11
6611,5.881627,0
6612,5.6921477,6
6613,3.362349,1
6614,6.193318,8
6615,4.140276,14
6616,5.9979506,0
6617,6.8377132,6
6618,3.6189885,3
6619,7.211589,5
6620,8.197193,4
6621,5.689663,0
6622,4.673317,13
6623,5.0246787,5
6624,5.113462,0
6625,5.6824117,3
6626,3.5061367,1
6627,5.449092,3
6628,5.5674934,3
6629,5.446036,9
6630,5.9958615,5
6631,6.325525,8
6632,5.8629827,9
6633,0.46763664,0
6634,2.2496417,2
6635,8.238949,0
6636,3.6026676,2
6637,2.8193028,8
6638,0.46763664,2
6639,4.269641,2
6640,5.51284,0
6641,7.7548733,11
6642,3.5538647,2
6643,1.3551564,1
6644,4.424887,0
6645,3.4368927,1
6646,2.3044558,0
6647,5.8968806,4
6648,3.050059,1
6649,0.46763664,0
6650,2.1972246,8
6651,0.46763664,0
6652,4.7625666,4
6653,5.274386,1
6654,6.6996236,10
6655,5.579718,19
6656,4.1686954,7
6657,0.46763664,6
6658,3.480366,4
6659,0.46763664,1
6660,0.46763664,2
6661,4.5347,4
6662,1.3039705,0
6663,4.908954,1
6664,0.86247283,0
6665,6.544246,8
6666,4.7312813,1
6667,7.0374913,8
6668,2.5977252,0
6669,5.6505384,8
6670,4.778023,0
6671,3.7599132,0
6672,5.221286,8
6673,1.7317786,0
6674,5.014378,8
6675,4.617678,14
6676,0.46763664,1
6677,5.046424,5
6678,2.182764,0
6679,5.946883,13
6680,5.4410367,7
6681,2.8185115,1
6682,6.298988,5
6683,4.148575,5
6684,4.699942,10
6685,2.319427,0
6686,1.2917687,0
6687,0.895104,1
6688,6.0159006,7
6689,7.0260153,10
6690,6.6690974,3
6691,2.6709023,3
6692,4.159128,5
6693,5.3334336,10
6694,2.090258,0
6695,5.264219,12
6696,4.902465,10
6697,3.4843693,11
6698,7.5797586,8
6699,6.0456915,3
6700,0.46763664,1
6701,7.5852184,15
6702,2.0629122,0
6703,4.1427355,6
6704,2.2496417,0
6705,5.8766804,3
6706,1.5762271,0
6707,2.7902272,4
6708,0.46763664,0
6709,5.5216107,2
6710,2.2496417,3
6711,2.41044,0
6712,5.358635,2
6713,4.4416294,8
6714,1.7317786,1
6715,5.8936462,5
6716,4.9868255,2
6717,5.454133,0
6718,5.6022234,8
6719,3.3276248,5
6720,2.3035676,10
6721,6.076937,0
6722,0.46763664,0
6723,4.435871,5
6724,2.7537832,5
6725,2.6735759,8
6726,5.922576,3
6727,3.9143689,0
6728,7.013515,4
6729,1.7701999,0
6730,6.8986015,13
6731,7.5760584,13
6732,4.6767735,6
6733,6.323147,8
6734,4.657228,9
6735,5.4286833,10
6736,4.883027,4
6737,4.4480953,11
6738,5.4881983,0
6739,5.310325,2
6740,4.7969227,1
6741,0.4963569,6
6742,5.39511,2
6743,6.68028,2
6744,3.9886754,0
6745,7.385541,1
6746,7.6649885,6
6747,2.3043165,0
6748,3.8748872,4
6749,3.3673685,0
6750,4.633667,1
6751,5.9187107,7
6752,3.5297856,0
6753,7.481177,14
6754,2.9796302,0
6755,0.46763664,1
6756,4.1238756,5
6757,3.9547617,3
6758,5.712719,5
6759,5.83977,2
6760,5.4508624,6
6761,5.377078,2
6762,3.711696,1
6763,3.5221972,3
6764,2.7270603,1
6765,6.3156285,6
6766,6.568408,0
6767,6.36826,14
6768,5.6276517,15
6769,5.931835,7
6770,0.46763664,0
6771,4.317563,2
6772,2.23026,0
6773,8.100066,4
6774,4.9940143,4
6775,3.5304658,4
6776,3.897642,6
6777,0.46763664,4
6778,3.9398901,0
6779,4.510213,3
6780,1.930436,4
6781,7.6013865,11
6782,5.3652296,9
6783,6.247759,1
6784,6.9714537,7
6785,6.405034,9
6786,3.4343376,7
6787,4.977787,7
6788,5.1785693,6
6789,4.4129977,0
6790,3.1235483,5
6791,5.0894947,9
6792,4.74366,0
6793,4.4930444,7
6794,0.46763664,0
6795,2.728954,8
6796,4.6079154,4
6797,8.2139635,4
6798,7.6108646,10
6799,7.425757,14
6800,4.0957484,10
6801,3.7470784,8
6802,0.46763664,0
6803,7.063957,2
6804,5.293682,12
6805,4.7247043,2
6806,7.414862,9
6807,4.7893066,0
6808,2.6082194,5
6809,5.017392,13
6810,2.7887106,0
6811,4.2342076,4
6812,6.2227473,14
6813,2.0623515,0
6814,3.5283656,3
6815,7.5637226,11
6816,5.6582837,15
6817,3.2072184,1
6818,4.924868,12
6819,7.3007402,13
6820,3.9062788,0
6821,6.556208,17
6822,7.4641886,3
6823,6.5606446,3
6824,5.8414397,7
6825,6.657896,7
6826,6.6257606,9
6827,0.46763664,0
6828,4.9536986,16
6829,2.6733534,0
6830,0.46763664,0
6831,2.2496417,0
6832,3.0085318,0
6833,5.461916,4
6834,2.3970191,5
6835,5.202,14
6836,2.2496417,3
6837,3.8848555,3
6838,7.0313053,16
6839,3.324186,0
6840,6.0881357,6
6841,6.540933,15
6842,4.543067,2
6843,2.7839646,0
6844,2.0629122,3
6845,5.96838,0
6846,1.4183758,0
6847,3.0977423,12
6848,4.9533467,1
6849,5.7451606,1
6850,5.5428143,7
6851,3.1930847,0
6852,5.97537,9
6853,2.602459,0
6854,2.5188668,2
6855,5.058983,13
6856,4.934144,3
6857,6.2031307,2
6858,3.0007565,5
6859,5.467421,20
6860,2.6137357,3
6861,8.255905,1
6862,6.744928,10
6863,0.4963569,0
6864,3.4399645,8
6865,5.6651382,0
6866,0.46763664,0
6867,6.7287965,13
6868,4.152091,4
6869,5.61288,1
6870,5.736701,5
6871,5.260493,1
6872,1.4031074,4
6873,5.8848205,8
6874,5.2741346,1
6875,3.7686536,1
6876,2.2496417,0
6877,7.848813,4
6878,4.239288,6
6879,4.4637594,6
6880,7.5844746,9
6881,3.917371,10
6882,5.0251985,0
6883,4.777149,6
6884,3.1654992,5
6885,2.0370276,0
6886,4.8347106,7
6887,0.46763664,0
6888,6.133007,4
6889,5.2778563,2
6890,7.4621477,3
6891,6.599659,15
6892,3.2608812,0
6893,0.46763664,1
6894,5.4766583,11
6895,6.709571,8
6896,0.46763664,0
6897,6.664302,11
6898,3.5624063,12
6899,4.3274946,3
6900,3.6845505,9
6901,7.538515,11
6902,6.3681383,0
6903,6.7184954,12
6904,5.6390944,12
6905,2.9154267,0
6906,4.588989,11
6907,1.6404005,0
6908,4.9245405,8
6909,7.0023,4
6910,4.5028543,8
6911,6.3210077,11
6912,3.6506035,4
6913,0.46763664,8
6914,0.46763664,0
6915,5.9004855,14
6916,5.4019756,7
6917,5.50434,2
6918,3.5683722,4
6919,6.589654,7
6920,7.473948,3
6921,8.055907,16
6922,5.3256116,7
6923,3.449495,7
6924,4.0389733,0
6925,5.377916,0
6926,4.840657,8
6927,7.129137,13
6928,3.8955686,4
6929,5.6814537,3
6930,1.1951668,0
6931,1.4199852,1
6932,3.5299637,7
6933,3.4872615,9
6934,1.1514974,3
6935,4.883786,15
6936,2.0941596,2
6937,2.2496417,10
6938,7.923708,9
6939,7.088516,4
6940,4.0336776,4
6941,5.1028295,2
6942,0.46763664,0
6943,1.6586844,0
6944,6.22771,4
6945,5.484643,9
6946,6.760154,4
6947,3.8933551,7
6948,0.46763664,0
6949,5.17487,6
6950,4.02848,10
6951,1.3346674,0
6952,2.9119446,3
6953,3.035286,2
6954,7.2574677,5
6955,5.863139,3
6956,4.636754,7
6957,6.573386,6
6958,6.1641474,13
6959,0.46763664,0
6960,2.6571825,0
6961,7.8517733,1
6962,2.124718,3
6963,4.769555,8
6964,5.2644215,8
6965,3.256656,6
6966,5.1047688,0
6967,4.576237,11
6968,7.4756384,0
6969,5.294343,0
6970,3.2429616,0
6971,5.5483284,4
6972,0.46763664,0
6973,4.929003,5
6974,4.9375453,1
6975,3.5282295,0
6976,5.2954206,2
6977,4.2404156,6
6978,4.7489285,1
6979,0.87777287,4
6980,2.2496417,1
6981,8.233545,8
6982,5.089468,1
6983,6.405691,12
6984,0.46763664,1
6985,4.36851,5
6986,2.596124,0
6987,2.277966,0
6988,2.4726725,0
6989,4.41248,9
6990,7.2476325,4
6991,4.028618,1
6992,7.220669,14
6993,3.7760394,5
6994,5.1933103,10
6995,6.281727,3
6996,3.9057868,13
6997,5.0069957,2
6998,4.924548,10
6999,4.9450364,1
7000,5.006405,8
7001,6.04357,6
7002,5.398533,7
7003,3.8927648,1
7004,4.05,2
7005,4.3567696,0
7006,4.1650405,5
7007,3.6349466,4
7008,6.5228424,6
7009,0.46763664,0
7010,6.2864714,10
7011,1.1951668,0
7012,2.0629122,0
7013,6.3890457,11
7014,4.811065,2
7015,8.53745,1
7016,4.7061143,1
7017,4.259449,12
7018,7.6183186,3
7019,6.1604643,11
7020,3.80642,0
7021,7.348049,10
7022,3.2658885,0
7023,5.781574,4
7024,5.7039022,1
7025,3.1166508,6
7026,1.1659598,0
7027,6.5217013,9
7028,5.6856875,12
7029,5.8607225,1
7030,3.4917176,3
7031,8.413957,10
7032,3.3782573,1
7033,5.1019115,4
7034,7.7489514,2
7035,5.926709,6
7036,6.8201356,16
7037,6.2363157,12
7038,5.7589526,11
7039,7.0109844,15
7040,5.516409,7
7041,4.975966,8
7042,3.478492,1
7043,8.178595,8
7044,1.7317786,0
7045,2.613411,0
7046,4.351443,6
7047,5.2330465,4
7048,3.5302186,1
7049,4.5018225,6
7050,4.835478,2
7051,7.4794474,9
7052,5.615845,11
7053,6.392132,5
7054,3.000126,11
7055,4.296093,6
7056,1.1566781,0
7057,6.902567,8
7058,6.523521,19
7059,6.381388,7
7060,6.6426187,0
7061,0.46763664,3
7062,5.5813003,1
7063,7.0255895,9
7064,6.7976823,4
7065,5.631858,15
7066,4.6287193,21
7067,4.5714855,3
7068,1.734835,3
7069,4.725356,6
7070,2.756942,2
7071,6.8807077,10
7072,5.4582253,11
7073,2.2496417,0
7074,4.8621583,8
7075,0.46763664,0
7076,6.201892,6
7077,2.3822982,0
7078,4.519639,0
7079,7.2005067,2
7080,6.743475,12
7081,3.8186357,4
7082,2.2496417,1
7083,5.6499934,3
7084,4.02848,10
7085,6.3295565,8
7086,1.1659598,0
7087,6.3298826,2
7088,4.641194,1
7089,7.1481085,5
7090,3.8057444,5
7091,5.8304076,7
7092,0.46763664,0
7093,7.373087,3
7094,3.9000814,9
7095,4.6661315,4
7096,2.2496417,0
7097,5.9779177,11
7098,3.1974626,3
7099,4.4948893,0
7100,3.4386685,10
7101,3.6376448,6
7102,5.1847796,3
7103,2.2663224,1
7104,6.4108496,1
7105,4.3782163,1
7106,4.4321485,1
7107,5.4957876,2
7108,5.6716447,9
7109,7.5489197,10
7110,4.438504,18
7111,0.46763664,6
7112,4.9450364,2
7113,3.7013335,1
7114,7.1117578,8
7115,4.492347,1
7116,4.590227,8
7117,3.993386,3
7118,7.4928007,14
7119,5.946925,1
7120,6.798792,11
7121,1.6586844,0
7122,0.46763664,0
7123,7.674389,8
7124,3.802984,10
7125,3.5967052,0
7126,6.6151443,4
7127,1.5738218,0
7128,7.37117,11
7129,1.4183758,0
7130,6.019313,3
7131,4.098839,8
7132,6.2209005,10
7133,5.563147,4
7134,1.7323995,1
7135,5.8734956,5
7136,2.463625,0
7137,0.46763664,0
7138,7.006135,3
7139,9.032579,14
7140,3.800481,14
7141,6.159264,9
7142,6.1916056,6
7143,4.5382056,3
7144,5.493755,11
7145,6.499506,15
7146,5.503309,4
7147,6.328905,14
7148,6.910058,10
7149,4.5756435,6
7150,5.71167,2
7151,6.390008,3
7152,2.8653445,13
7153,3.6384819,6
7154,5.0148215,8
7155,7.186174,9
7156,0.895104,1
7157,7.0313053,19
7158,7.079425,10
7159,4.7888556,4
7160,6.139516,10
7161,0.46763664,0
7162,7.440852,11
7163,4.6872225,10
7164,0.46763664,0
7165,2.2496417,0
7166,1.3295324,1
7167,6.73573,6
7168,3.8788474,1
7169,0.46763664,0
7170,5.6044884,10
7171,0.46763664,0
7172,5.5557513,9
7173,5.439975,3
7174,0.46763664,0
7175,2.9896214,1
7176,1.2504479,1
7177,2.4207387,1
7178,3.8135474,0
7179,1.4823911,2
7180,5.094203,7
7181,6.2958703,8
7182,3.6195595,5
7183,4.4059877,1
7184,6.1773415,3
7185,4.8402863,7
7186,4.5289702,7
7187,3.31705,0
7188,7.192259,1
7189,6.0185328,3
7190,4.668589,2
7191,6.208693,5
7192,4.4039297,5
7193,2.7814045,1
7194,5.0364237,7
7195,4.1989202,2
7196,4.5071626,2
7197,4.862834,6
7198,5.819712,2
7199,4.462025,6
7200,3.0679233,5
7201,2.501908,5
7202,4.254779,4
7203,2.7076755,10
7204,3.9854343,4
7205,6.0544066,4
7206,4.767515,5
7207,4.470372,5
7208,0.46763664,0
7209,2.2496417,0
7210,4.4576793,7
7211,4.8552146,1
7212,1.1951668,0
7213,4.2885737,3
7214,4.673492,8
7215,5.4228415,5
7216,6.118191,13
7217,3.6162915,0
7218,8.011298,10
7219,7.785924,6
7220,6.366694,8
7221,0.46763664,0
7222,6.306276,9
7223,0.74694175,1
7224,6.166046,2
7225,5.1498,12
7226,0.46763664,0
7227,6.370192,8
7228,4.493474,3
7229,3.85382,1
7230,7.3107586,2
7231,3.3232083,4
7232,2.8191159,7
7233,5.8707714,13
7234,8.022246,8
7235,5.6091723,11
7236,4.727815,4
7237,5.7166514,9
7238,1.4754049,0
7239,6.0160418,0
7240,4.075277,5
7241,1.58001,7
7242,6.6812677,2
7243,3.2261362,6
7244,4.347134,5
7245,4.422334,2
7246,1.7317786,0
7247,4.3632393,11
7248,3.2556891,0
7249,4.9865694,9
7250,3.7677271,2
7251,2.7169287,0
7252,7.4505076,2
7253,3.7876475,12
7254,7.1566453,17
7255,6.2978077,3
7256,5.639312,1
7257,5.409853,4
7258,4.170383,0
7259,3.8923466,2
7260,6.7724314,0
7261,6.4381423,10
7262,4.6650414,2
7263,2.2496417,0
7264,2.631335,0
7265,6.037566,10
7266,5.7817507,10
7267,3.1654992,0
7268,0.46763664,0
7269,4.7979407,4
7270,5.328142,4
7271,3.787936,5
7272,3.881323,0
7273,4.628925,0
7274,1.7729758,0
7275,5.0481815,1
7276,5.8510103,0
7277,5.694006,12
7278,6.937424,2
7279,3.956271,4
7280,0.46763664,0
7281,1.4199852,0
7282,5.261569,5
7283,5.17184,3
7284,2.5797207,0
7285,4.8354297,11
7286,5.0420055,1
7287,4.070639,6
7288,3.834963,1
7289,5.646448,2
7290,5.220833,6
7291,2.7342138,0
7292,5.0805616,1
7293,1.7323995,0
7294,6.912778,1
7295,0.46763664,0
7296,2.1447482,1
7297,7.0159526,5
7298,2.2496417,0
7299,4.965279,6
7300,5.1472545,8
7301,1.8642503,0
7302,4.097978,6
7303,4.492499,9
7304,4.947278,5
7305,6.0302596,13
7306,0.46763664,0
7307,4.0344276,7
7308,4.241059,2
7309,6.2263703,0
7310,2.2496417,0
7311,4.5246487,0
7312,6.182479,4
7313,3.9087555,8
7314,5.9162683,3
7315,2.2496417,1
7316,6.7314777,11
7317,0.46763664,2
7318,5.0677195,8
7319,7.730008,12
7320,5.481661,2
7321,5.0267153,1
7322,4.476886,7
7323,2.7694504,14
7324,6.0376997,12
7325,4.705147,0
7326,2.2496417,0
7327,4.3804817,4
7328,3.9294035,3
7329,5.224733,5
7330,4.4226947,4
7331,4.9413786,2
7332,5.3404446,3
7333,5.640943,2
7334,6.5560255,6
7335,6.362773,2
7336,6.8948855,12
7337,4.492626,5
7338,2.2496417,4
7339,4.9619126,9
7340,4.1867023,3
7341,5.260484,9
7342,3.7732947,3
7343,8.24104,5
7344,5.687216,6
7345,3.124144,0
7346,6.410087,0
7347,8.514765,7
7348,5.498266,2
7349,4.3126235,2
7350,3.852249,2
7351,4.317982,0
7352,5.835358,0
7353,0.46763664,0
7354,7.0192533,7
7355,4.1038985,3
7356,6.1884446,3
7357,5.0890384,4
7358,5.3906612,10
7359,2.2496417,2
7360,2.0089235,0
7361,0.46763664,3
7362,4.844692,2
7363,2.2496417,1
7364,3.0121584,8
7365,2.0629122,0
7366,4.136368,14
7367,4.02848,1
7368,4.6810837,1
7369,4.2228727,3
7370,6.0563893,8
7371,2.2496417,2
7372,4.9109564,6
7373,0.46763664,0
7374,8.456678,0
7375,3.0006227,2
7376,5.7951145,9
7377,3.9626315,11
7378,5.2255735,3
7379,6.00006,5
7380,5.484479,10
7381,2.9176836,3
7382,5.6291986,13
7383,0.46763664,0
7384,5.3504696,2
7385,6.9837756,3
7386,3.7261465,0
7387,7.6842585,8
7388,2.2496417,0
7389,3.3111851,1
7390,4.6035895,11
7391,4.592836,4
7392,5.060375,0
7393,2.6120896,0
7394,5.0597553,1
7395,6.575432,13
7396,5.993718,1
7397,2.4146512,0
7398,6.5985513,0
7399,3.8308957,4
7400,5.370899,4
7401,2.3262408,0
7402,3.7588904,9
7403,1.6445395,3
7404,5.067054,6
7405,1.6445395,1
7406,6.64202,5
7407,4.811841,0
7408,1.7838637,3
7409,4.9890966,0
7410,2.2496417,0
7411,3.6552029,3
7412,6.0762796,3
7413,3.2380385,6
7414,8.023903,15
7415,5.1713247,5
7416,2.9153762,4
7417,4.112935,0
7418,6.813347,8
7419,3.3092623,0
7420,7.366288,6
7421,4.245634,4
7422,3.9479291,1
7423,0.46763664,0
7424,1.3906783,0
7425,0.46763664,0
7426,4.2668886,10
7427,6.57202,5
7428,4.828308,9
7429,6.632073,8
7430,6.081499,5
7431,7.675815,5
7432,5.0852423,9
7433,2.779004,11
7434,4.684962,0
7435,4.4393153,4
7436,4.2629185,0
7437,5.07071,8
7438,5.7946377,7
7439,1.5762271,0
7440,0.86247283,0
7441,1.6586844,0
7442,6.434086,11
7443,6.8074956,2
7444,4.8854666,4
7445,2.2496417,0
7446,4.518037,5
7447,1.1417458,0
7448,7.5285845,11
7449,7.7165947,9
7450,5.7942567,1
7451,5.699441,3
7452,6.068564,1
7453,5.37581,0
7454,0.46763664,0
7455,1.847695,1
7456,5.632263,3
7457,4.679043,1
7458,6.579007,0
7459,0.4963569,0
7460,5.961223,8
7461,8.609763,7
7462,3.586889,0
7463,6.0284047,5
7464,5.0793242,3
7465,3.9974506,5
7466,5.2347717,2
7467,6.809227,5
7468,8.318441,10
7469,4.987749,9
7470,1.7296506,0
7471,4.608074,4
7472,4.8606367,6
7473,6.093828,5
7474,7.8090143,7
7475,3.1348932,0
7476,5.01559,0
7477,7.1179585,7
7478,4.4198804,9
7479,3.086389,6
7480,2.2496417,3
7481,5.6939325,13
7482,7.288064,8
7483,2.9032898,0
7484,0.46763664,0
7485,4.019355,3
7486,2.606682,19
7487,5.0510964,6
7488,5.6943874,7
7489,5.9839263,5
7490,0.46763664,0
7491,0.46763664,0
7492,5.519253,6
7493,3.3304098,8
7494,4.795757,5
7495,3.4876547,1
7496,3.4565117,9
7497,0.46763664,0
7498,0.46763664,0
7499,7.9466476,8
7500,1.9013361,1
7501,4.340026,7
7502,6.898088,3
7503,3.7115786,7
7504,2.2496417,0
7505,2.932276,2
7506,5.151389,12
7507,0.46763664,0
7508,4.0907326,0
7509,4.084541,5
7510,7.6646304,11
7511,5.429336,2
7512,4.2802796,5
7513,0.895104,0
7514,4.9933352,3
7515,4.635382,4
7516,4.428559,5
7517,4.044685,2
7518,4.1160016,3
7519,3.9832313,11
7520,6.5277176,1
7521,5.580743,3
7522,6.332257,6
7523,7.0747023,10
7524,4.3998075,14
7525,8.228162,9
7526,6.1595726,8
7527,4.475266,7
7528,4.5365567,2
7529,5.381731,3
7530,5.010844,8
7531,5.8548546,0
7532,4.776045,4
7533,3.9279444,2
7534,0.46763664,0
7535,4.9149637,1
7536,5.9138093,17
7537,3.557654,3
7538,6.4995246,11
7539,6.6888466,3
7540,4.1018834,3
7541,3.2004902,1
7542,7.500723,7
7543,2.3782713,1
7544,5.9964237,3
7545,6.900126,8
7546,6.7979207,7
7547,3.385301,9
7548,6.9492626,3
7549,5.4170504,4
7550,6.184451,6
7551,2.2496417,2
7552,5.515479,15
7553,2.8138087,15
7554,5.3391924,6
7555,4.299465,12
7556,4.85341,3
7557,4.658886,0
7558,3.2004886,4
7559,4.4684668,2
7560,5.2033553,1
7561,5.9862666,6
7562,2.401603,4
7563,0.46763664,0
7564,5.7460423,2
7565,1.8692437,0
7566,3.0586183,5
7567,5.366649,7
7568,0.46763664,0
7569,3.070452,1
7570,6.1584983,5
7571,3.5283067,5
7572,4.718605,4
7573,3.6321268,3
7574,4.429457,4
7575,5.543955,1
7576,5.1260424,2
7577,4.229042,4
7578,5.175405,1
7579,3.7578151,1
7580,6.212513,2
7581,6.650696,10
7582,4.586025,0
7583,2.1638546,2
7584,0.46763664,0
7585,4.0535192,1
7586,4.983404,12
7587,5.5784006,6
7588,3.6760874,0
7589,4.8960724,4
7590,7.409767,12
7591,5.5836167,6
7592,3.8088295,2
7593,7.55899,10
7594,2.277966,0
7595,0.46763664,0
7596,1.1951668,0
7597,5.58691,4
7598,5.329767,10
7599,4.473452,0
7600,4.773286,6
7601,0.46763664,0
7602,2.130923,0
7603,5.9790506,9
7604,5.3085213,5
7605,5.636077,11
7606,6.183592,8
7607,5.521714,2
7608,2.0588143,0
7609,4.8980975,7
7610,2.6733534,0
7611,4.6263075,3
7612,5.2967625,7
7613,4.7138777,0
7614,4.085621,16
7615,7.4340963,4
7616,8.454199,10
7617,6.511551,1
7618,0.46763664,0
7619,4.6814218,2
7620,4.6067386,4
7621,4.250896,5
7622,5.3192964,6
7623,6.1032295,7
7624,2.9253898,4
7625,4.7652245,10
7626,7.4172707,9
7627,5.6305366,3
7628,0.46763664,0
7629,1.930436,0
7630,2.2496417,2
7631,8.172036,8
7632,5.5156956,3
7633,3.5883574,0
7634,8.390618,2
7635,5.7913284,15
7636,5.5698996,17
7637,4.8516226,10
7638,4.937742,7
7639,2.2394464,0
7640,0.46763664,0
7641,7.6296053,7
7642,6.1550546,6
7643,5.6392956,10
7644,6.4250093,16
7645,5.7399993,3
7646,5.4095936,10
7647,0.46763664,0
7648,5.728939,8
7649,7.149567,9
7650,3.2158692,2
7651,0.46763664,0
7652,1.7729758,0
7653,5.1714597,12
7654,3.766301,2
7655,2.8185115,0
7656,4.986196,8
7657,7.1187963,5
7658,1.7323995,0
7659,6.069588,10
7660,6.4854126,6
7661,4.203574,0
7662,4.851965,1
7663,5.3663,5
7664,6.1568913,6
7665,5.316782,3
7666,0.4963569,2
7667,6.580103,2
7668,2.2496417,0
7669,4.0604825,0
7670,1.3346674,0
7671,0.4963569,0
7672,3.2954066,4
7673,2.2496417,2
7674,2.2496417,0
7675,7.9586115,3
7676,4.509179,0
7677,0.46763664,0
7678,3.2563403,0
7679,6.1373005,3
7680,5.000437,10
7681,0.46763664,0
7682,1.3039705,0
7683,3.5829573,7
7684,4.1838717,2
7685,6.414083,7
7686,4.3406906,2
7687,4.5996265,1
7688,4.9329047,4
7689,4.9328036,0
7690,5.303625,7
7691,0.46763664,0
7692,6.24933,4
7693,3.530752,3
7694,4.713584,2
7695,7.2930603,9
7696,3.859214,6
7697,2.2496417,10
7698,5.4222608,4
7699,2.277966,4
7700,0.46763664,0
7701,3.3422022,1
7702,7.4690313,0
7703,5.733285,6
7704,2.0854905,0
7705,5.798095,5
7706,3.09034,0
7707,2.9559076,0
7708,2.2496417,0
7709,4.0428944,3
7710,4.3773847,5
7711,5.7922497,8
7712,5.283647,3
7713,0.895104,0
7714,3.982693,7
7715,5.459635,2
7716,3.7607486,3
7717,5.0796037,7
7718,3.621721,0
7719,4.622058,11
7720,4.091289,4
7721,2.4460375,0
7722,5.352783,8
7723,4.485817,6
7724,4.4290466,0
7725,5.907594,13
7726,6.273575,0
7727,4.0740585,8
7728,5.1993937,1
7729,5.577118,6
7730,4.0904803,6
7731,0.46763664,0
7732,5.959937,5
7733,6.3418126,4
7734,5.9015102,0
7735,1.1417458,0
7736,4.987919,0
7737,5.0004253,3
7738,3.9096925,2
7739,3.880798,1
7740,5.1548676,3
7741,5.204962,1
7742,5.7049813,3
7743,1.1659598,0
7744,5.698587,6
7745,7.328297,3
7746,2.5998452,16
7747,6.054582,9
7748,5.4605484,7
7749,6.5227485,9
7750,5.357601,9
7751,1.930436,0
7752,3.5242674,0
7753,6.3386273,9
7754,3.875991,8
7755,5.0830674,6
7756,5.452269,0
7757,7.534768,10
7758,2.2496417,2
7759,3.8239806,3
7760,4.1246686,6
7761,4.2126064,10
7762,4.155806,16
7763,0.46763664,0
7764,5.6677256,9
7765,2.8757763,3
7766,4.6653986,10
7767,7.001993,11
7768,2.7250514,4
7769,1.8891643,0
7770,5.4545774,2
7771,6.6913548,9
7772,8.237737,17
7773,7.0790734,19
7774,5.326458,4
7775,7.2838526,0
7776,6.136299,9
7777,5.1107535,2
7778,5.658292,6
7779,7.3466945,10
7780,0.46763664,3
7781,4.869801,6
7782,4.0134406,0
7783,6.538251,9
7784,4.526902,6
7785,5.650719,5
7786,6.2861123,8
7787,5.960156,10
7788,6.069995,7
7789,5.995225,3
7790,7.0694604,2
7791,5.0892253,9
7792,4.9776244,15
7793,3.740103,15
7794,4.4086432,6
7795,5.264038,3
7796,3.3125727,6
7797,6.267372,3
7798,6.491762,6
7799,5.7117586,8
7800,5.6165123,9
7801,4.5670643,3
7802,6.91001,15
7803,0.895104,0
7804,2.7920482,0
7805,8.5850525,3
7806,7.3877363,15
7807,5.804201,2
7808,6.512626,9
7809,6.900791,1
7810,3.0133839,0
7811,3.2131517,0
7812,0.46763664,0
7813,4.8666954,3
7814,2.2496417,1
7815,3.4765594,8
7816,2.9420679,0
7817,6.4100494,9
7818,8.515107,6
7819,3.6694782,7
7820,5.1811557,1
7821,5.747448,6
7822,0.46763664,1
7823,5.9995084,7
7824,5.7253346,13
7825,6.6002936,0
7826,4.6534038,2
7827,6.537605,12
7828,3.5863335,8
7829,3.866264,7
7830,3.3125727,0
7831,3.9676597,0
7832,4.328898,13
7833,4.314568,4
7834,0.46763664,0
7835,4.1874,2
7836,3.198866,5
7837,3.554838,0
7838,2.8311367,5
7839,5.852393,2
7840,7.2437654,9
7841,3.819671,2
7842,3.6565754,2
7843,2.1741083,0
7844,2.2496417,0
7845,2.2496417,10
7846,3.2577255,0
7847,4.735249,0
7848,0.46763664,0
7849,5.7010107,7
7850,5.1440306,3
7851,2.2496417,2
7852,4.9785824,2
7853,6.2676687,6
7854,2.7250514,4
7855,4.4047384,12
7856,6.021829,14
7857,5.1784124,7
7858,4.9870234,8
7859,2.2496417,1
7860,7.0895057,5
7861,0.46763664,0
7862,6.5681653,10
7863,5.0429296,12
7864,0.46763664,0
7865,2.0629122,0
7866,4.87325,3
7867,4.9450364,1
7868,4.486606,4
7869,6.7022038,3
7870,6.0346127,13
7871,4.1213217,7
7872,6.110838,7
7873,4.351765,3
7874,4.300543,0
7875,6.1118746,6
7876,5.384837,4
7877,7.805911,11
7878,3.3125727,0
7879,5.0953894,8
7880,4.1247773,4
7881,2.8201149,4
7882,5.7762823,3
7883,5.0262117,5
7884,3.3393185,10
7885,6.005362,3
7886,5.3315225,3
7887,1.8793484,0
7888,0.46763664,0
7889,1.7956148,3
7890,4.9833,0
7891,2.2496417,5
7892,4.05591,0
7893,4.422756,10
7894,4.2162037,0
7895,5.814642,7
7896,7.036769,8
7897,4.367535,2
7898,4.7669554,4
7899,7.2542195,5
7900,3.305334,1
7901,3.4021044,8
7902,4.1351957,4
7903,5.801816,6
7904,6.8348064,4
7905,5.256429,2
7906,5.3696632,2
7907,0.46763664,0
7908,9.173362,8
7909,0.46763664,0
7910,6.479247,1
7911,6.0329533,2
7912,6.7861743,3
7913,4.7789497,15
7914,5.6018944,16
7915,3.1126664,0
7916,5.551774,7
7917,2.6178374,0
7918,7.3610387,13
7919,0.46763664,0
7920,5.365899,0
7921,5.814418,9
7922,2.2496417,2
7923,2.6994164,4
7924,0.46763664,0
7925,8.271208,12
7926,6.023229,6
7927,5.855706,6
7928,4.0118537,5
7929,5.0406036,6
7930,7.174139,3
7931,4.299583,12
7932,5.464569,4
7933,1.1417458,0
7934,2.2496417,11
7935,5.3095264,7
7936,5.6632767,2
7937,5.8990383,6
7938,7.433081,3
7939,3.9244354,0
7940,2.9443185,3
7941,1.4183758,1
7942,4.270782,1
7943,6.429326,7
7944,3.4163375,2
7945,5.5765724,4
7946,6.2685003,8
7947,4.0264363,7
7948,6.4895473,13
7949,7.2135234,1
7950,7.664364,5
7951,4.8250723,3
7952,7.54793,0
7953,7.4776287,6
7954,0.46763664,1
7955,2.5633228,0
7956,5.145529,9
7957,5.6495905,6
7958,4.555936,5
7959,7.8764496,12
7960,0.46763664,0
7961,1.3295324,0
7962,5.205677,1
7963,0.46763664,0
7964,5.868837,3
7965,4.592636,6
7966,6.1295514,2
7967,5.380824,3
7968,1.3551564,0
7969,4.3770323,2
7970,4.1259274,2
7971,6.569078,14
7972,4.5773478,4
7973,2.3006196,0
7974,3.080061,6
7975,0.98045474,0
7976,5.2455816,1
7977,0.46763664,2
7978,4.6289563,3
7979,5.7135453,14
7980,5.922551,13
7981,3.2497869,6
7982,2.2496417,5
7983,3.3407323,5
7984,6.4703584,8
7985,4.480006,10
7986,1.6767005,0
7987,5.1483965,2
7988,4.128415,3
7989,3.2630916,0
7990,6.2020187,3
7991,3.6319642,7
7992,2.9415157,0
7993,4.808465,2
7994,5.5448685,0
7995,4.386709,5
7996,0.87777287,1
7997,1.1659598,0
7998,6.9122233,1
7999,5.84046,3
8000,4.388931,0
8001,5.15207,3
8002,4.430072,6
8003,6.271455,6
8004,3.7777956,3
8005,0.46763664,1
8006,0.46763664,0
8007,5.202944,5
8008,7.8625927,2
8009,7.105683,6
8010,5.7913284,3
8011,5.466626,0
8012,6.9803405,11
8013,0.46763664,1
8014,7.166174,4
8015,3.7615335,12
8016,4.457677,0
8017,4.4293036,4
8018,0.46763664,0
8019,3.8407133,12
8020,5.526169,7
8021,5.248168,7
8022,4.370781,5
8023,1.9427043,1
8024,7.7236824,11
8025,2.5505066,0
8026,3.5940857,8
8027,0.46763664,0
8028,4.085621,0
8029,3.7456994,6
8030,4.457677,3
8031,4.5130424,4
8032,2.7076755,0
8033,6.6938667,6
8034,0.46763664,0
8035,5.0218725,4
8036,5.5231853,2
8037,5.708697,3
8038,6.193215,1
8039,3.3134735,0
8040,4.285991,7
8041,5.027957,5
8042,4.963291,1
8043,0.46763664,0
8044,1.3906783,7
8045,8.114079,8
8046,7.2593246,8
8047,5.9476724,9
8048,3.7136388,9
8049,2.2496417,3
8050,5.308408,4
8051,4.994191,3
8052,1.797834,2
8053,2.2496417,1
8054,1.5762271,0
8055,4.5540767,18
8056,4.8499336,0
8057,6.926802,3
8058,6.209396,4
8059,5.6514783,1
8060,5.2291155,3
8061,3.1796014,0
8062,3.5208833,2
8063,5.6268935,0
8064,0.46763664,0
8065,5.414693,11
8066,1.1514974,0
8067,5.834948,1
8068,5.0006194,10
8069,6.927354,6
8070,4.8210726,5
8071,4.434426,8
8072,4.6656566,5
8073,2.638535,3
8074,4.7947407,10
8075,0.46763664,0
8076,6.76794,7
8077,3.9747245,3
8078,2.7250514,0
8079,3.706087,5
8080,4.4392033,2
8081,2.2496417,1
8082,5.418696,11
8083,4.9074135,3
8084,5.5236826,5
8085,4.8779516,0
8086,1.6290282,0
8087,2.5630732,0
8088,3.7017934,5
8089,6.1585274,8
8090,5.200326,2
8091,5.918766,13
8092,8.147724,4
8093,6.8830957,7
8094,7.384466,9
8095,0.46763664,0
8096,4.9762406,9
8097,6.2529154,10
8098,6.070678,1
8099,5.2012405,3
8100,2.277966,0
8101,4.749503,11
8102,3.6553943,2
8103,4.3015165,12
8104,3.546481,5
8105,2.1073477,2
8106,4.9933753,2
8107,0.86247283,1
8108,6.8956747,13
8109,1.3551564,4
8110,4.906557,1
8111,5.6605496,0
8112,5.62196,3
8113,6.479407,3
8114,6.785057,1
8115,1.6586844,0
8116,0.46763664,2
8117,4.539136,6
8118,4.658875,5
8119,4.031828,5
8120,5.0832553,2
8121,1.4199852,0
8122,6.4301424,9
8123,2.7030618,13
8124,3.8436577,10
8125,2.204719,0
8126,3.7572246,0
8127,6.0648737,6
8128,0.46763664,0
8129,0.46763664,0
8130,0.46763664,1
8131,2.72838,1
8132,4.608074,0
8133,7.091676,11
8134,7.4973335,3
8135,3.6506035,3
8136,4.727445,6
8137,4.518939,7
8138,0.4963569,0
8139,4.435523,1
8140,5.6346292,7
8141,1.3551564,1
8142,8.247845,3
8143,4.5756435,0
8144,6.864359,11
8145,0.46763664,0
8146,4.5164394,5
8147,5.1980867,3
8148,5.504698,2
8149,5.622111,2
8150,5.111632,1
8151,6.187251,2
8152,4.9402394,2
8153,2.2496417,2
8154,5.938382,7
8155,2.7480118,0
8156,4.792125,1
8157,2.5898113,0
8158,2.5797207,0
8159,7.195796,10
8160,0.46763664,0
8161,7.2990046,6
8162,2.2496417,2
8163,4.465245,12
8164,4.065297,0
8165,5.692228,7
8166,4.246713,7
8167,4.7479553,0
8168,7.6884904,11
8169,4.3811135,2
8170,6.472246,9
8171,0.46763664,0
8172,4.590639,0
8173,4.8677454,8
8174,4.847642,4
8175,4.6891055,3
8176,4.0812874,4
8177,5.9703484,7
8178,6.2878003,4
8179,2.6519842,6
8180,5.5907164,9
8181,7.324104,11
8182,6.183936,5
8183,4.3835516,5
8184,5.9707003,8
8185,0.46763664,0
8186,5.516602,3
8187,6.9553437,5
8188,3.693323,8
8189,5.2302175,4
8190,2.7739048,0
8191,6.1444664,7
8192,4.155653,9
8193,4.437762,0
8194,2.7250514,0
8195,6.4616623,5
8196,4.983557,3
8197,6.770755,1
8198,9.17456,5
8199,5.481684,3
8200,4.120353,4
8201,6.529009,2
8202,0.46763664,1
8203,3.6211348,4
8204,0.46763664,0
8205,6.9889,15
8206,1.6586844,0
8207,6.455322,11
8208,4.3736424,11
8209,3.930145,5
8210,2.994075,4
8211,5.569661,6
8212,4.675833,5
8213,6.8128943,13
8214,6.3821898,4
8215,0.46763664,0
8216,7.3911486,9
8217,3.7876475,11
8218,4.2120514,9
8219,0.46763664,0
8220,5.5886846,1
8221,2.2496417,4
8222,4.1098857,5
8223,2.912467,0
8224,0.46763664,0
8225,3.4145193,4
8226,5.497186,2
8227,5.731153,8
8228,4.7891717,9
8229,4.3421144,3
8230,7.3204603,14
8231,4.9890966,14
8232,1.4823911,0
8233,3.1907763,3
8234,2.9559076,0
8235,1.7317786,4
8236,5.1449757,1
8237,3.3125727,3
8238,4.470176,5
8239,6.0734153,7
8240,3.9708865,5
8241,3.9270303,4
8242,3.6101398,2
8243,6.2321525,5
8244,5.3133154,3
8245,4.650323,4
8246,4.8823605,2
8247,3.475386,6
8248,0.46763664,0
8249,7.4992704,9
8250,0.46763664,0
8251,2.7887106,0
8252,5.28897,7
8253,3.9839113,3
8254,6.127098,1
8255,6.3636503,1
8256,1.930436,0
8257,4.8660417,1
8258,3.7150683,6
8259,3.5570955,9
8260,6.169213,4
8261,2.8768086,0
8262,4.271414,8
8263,0.46763664,0
8264,5.6979194,3
8265,5.6010604,6
8266,6.795994,16
8267,5.152152,5
8268,1.1514974,0
8269,4.301352,0
8270,5.201126,2
8271,8.11501,6
8272,7.777231,0
8273,3.5920198,12
8274,7.0218177,14
8275,6.6678615,11
8276,4.82118,17
8277,3.9663928,4
8278,4.405557,9
8279,2.138744,4
8280,0.46763664,0
8281,0.46763664,0
8282,3.3125727,1
8283,0.46763664,1
8284,0.46763664,1
8285,7.591296,1
8286,1.5525782,1
8287,3.2605426,0
8288,5.454529,10
8289,2.2496417,0
8290,5.2934937,8
8291,7.2959404,7
8292,2.6733534,11
8293,6.7529583,11
8294,4.4276953,6
8295,4.6622643,4
8296,2.384303,0
8297,6.072709,2
8298,3.629692,1
8299,4.6617985,3
8300,4.936756,2
8301,0.46763664,0
8302,0.46763664,0
8303,8.266002,0
8304,5.8692865,2
8305,5.1926064,8
8306,8.188595,13
8307,2.9150717,7
8308,2.347319,3
8309,6.746484,7
8310,3.0862205,2
8311,0.87777287,0
8312,4.855515,3
8313,5.328904,2
8314,3.6733496,4
8315,4.5779076,2
8316,3.617579,0
8317,7.8069687,10
8318,5.498081,4
8319,4.4847174,4
8320,5.822562,2
8321,5.1796923,4
8322,5.412121,9
8323,5.614389,9
8324,0.46763664,0
8325,4.6980557,3
8326,1.3906783,0
8327,5.257466,11
8328,4.3756075,3
8329,5.187559,9
8330,7.1323195,14
8331,5.1778617,8
8332,4.1625643,6
8333,6.5315843,1
8334,6.269807,5
8335,2.2663224,0
8336,2.2496417,0
8337,6.0281343,5
8338,5.779179,17
8339,5.6181073,1
8340,5.2313724,2
8341,4.3780594,3
8342,2.2496417,5
8343,5.8642445,14
8344,3.5501926,5
8345,3.4217646,1
8346,0.46763664,0
8347,3.1368864,0
8348,0.46763664,0
8349,2.8064039,6
8350,5.368536,4
8351,2.2496417,0
8352,5.0005803,6
8353,3.6929078,19
8354,0.46763664,0
8355,4.798142,0
8356,5.3924274,3
8357,4.4094515,1
8358,7.827137,11
8359,6.094566,8
8360,7.167101,4
8361,8.018259,13
8362,6.8600597,12
8363,4.871111,3
8364,5.076911,6
8365,0.895104,2
8366,4.988043,5
8367,5.1526384,8
8368,7.2201753,11
8369,4.0450706,3
8370,5.9273286,6
8371,7.4158335,11
8372,5.5696363,13
8373,6.787893,0
8374,4.5162554,0
8375,1.1514974,0
8376,5.6061444,10
8377,7.308977,11
8378,4.9450364,13
8379,4.3233976,1
8380,6.297753,9
8381,7.469268,13
8382,2.458164,2
8383,6.9527,5
8384,2.1819212,0
8385,5.845281,6
8386,4.7315555,4
8387,5.534485,10
8388,4.4717407,3
8389,5.8103504,8
8390,5.3653607,1
8391,4.357703,7
8392,2.4967427,0
8393,1.7317786,0
8394,3.793514,0
8395,1.3906783,0
8396,6.3934913,17
8397,0.86247283,0
8398,3.903282,7
8399,5.9949636,7
8400,7.36933,2
8401,4.957623,0
8402,4.104989,8
8403,4.2378144,0
8404,5.31207,3
8405,6.0871334,4
8406,0.46763664,1
8407,6.3164916,5
8408,1.3551564,0
8409,6.3655996,5
8410,6.855874,9
8411,4.6118274,5
8412,3.4167225,2
8413,4.030573,0
8414,8.027152,11
8415,4.781774,14
8416,4.3675528,9
8417,5.1375837,5
8418,6.5367413,9
8419,4.0332236,3
8420,6.973197,4
8421,5.009161,0
8422,4.5061154,4
8423,5.246523,3
8424,2.5406268,7
8425,6.1648827,5
8426,4.9870143,11
8427,6.5731125,4
8428,7.186272,1
8429,7.059894,1
8430,4.2987814,3
8431,4.467686,14
8432,3.27305,0
8433,4.9450364,4
8434,0.46763664,0
8435,1.7725562,0
8436,0.46763664,0
8437,3.020149,2
8438,4.0941896,6
8439,5.4863653,11
8440,1.1514974,3
8441,3.2724586,1
8442,0.895104,0
8443,3.9820554,4
8444,5.701252,8
8445,3.1654992,0
8446,6.2211113,16
8447,3.0128682,3
8448,2.485329,6
8449,0.46763664,0
8450,0.46763664,0
8451,7.0998898,13
8452,4.0629396,16
8453,4.882453,5
8454,5.626853,3
8455,6.0665374,4
8456,3.9346159,1
8457,5.6316185,2
8458,6.7027426,6
8459,6.46223,3
8460,6.7155585,6
8461,5.632313,0
8462,8.277739,0
8463,6.954469,9
8464,4.539136,0
8465,7.970331,12
8466,3.2948177,7
8467,1.7317786,0
8468,6.958052,5
8469,3.9936488,18
8470,2.7383833,5
8471,3.9266918,12
8472,3.9833496,8
8473,3.2216768,0
8474,3.7570345,2
8475,1.6586844,0
8476,5.968072,1
8477,5.612223,0
8478,0.46763664,0
8479,6.49871,13
8480,6.619443,4
8481,4.9994826,2
8482,5.360447,9
8483,5.510151,11
8484,8.182222,16
8485,7.3411484,9
8486,5.7896657,3
8487,3.820298,8
8488,7.057405,8
8489,4.4662156,3
8490,4.0508475,0
8491,6.613468,10
8492,2.5890749,5
8493,5.7582083,13
8494,3.3879826,0
8495,3.8417342,7
8496,5.486237,7
8497,5.2624855,3
8498,2.9801364,4
8499,2.112009,0
8500,4.2865605,6
8501,2.3702576,2
8502,5.893856,8
8503,2.2496417,3
8504,6.163825,10
8505,4.2840586,3
8506,5.313312,6
8507,6.6685185,2
8508,3.9975631,1
8509,6.621805,1
8510,3.8819535,2
8511,6.205036,2
8512,5.2498183,4
8513,1.7323995,1
8514,3.4010894,9
8515,4.401623,5
8516,7.2235584,7
8517,4.475218,5
8518,4.5462213,8
8519,4.8394327,3
8520,3.521641,4
8521,2.923922,6
8522,0.46763664,2
8523,5.9466953,3
8524,4.5627384,1
8525,4.068772,13
8526,4.991378,1
8527,6.070226,11
8528,2.3206315,1
8529,6.4666796,14
8530,5.436041,10
8531,2.9895434,7
8532,6.373693,6
8533,3.0915337,10
8534,5.9162273,15
8535,4.282318,6
8536,5.27851,1
8537,4.135124,13
8538,5.1207223,4
8539,0.46763664,0
8540,5.090638,0
8541,6.9596786,6
8542,2.78866,0
8543,4.2769403,0
8544,3.7791317,1
8545,5.88495,6
8546,4.656994,2
8547,4.8822894,4
8548,5.8770375,11
8549,4.0700655,9
8550,0.46763664,0
8551,2.9912465,8
8552,5.665324,5
8553,5.9961658,3
8554,5.541451,6
8555,5.6703663,16
8556,7.898472,8
8557,4.979198,4
8558,4.5082097,4
8559,5.675665,4
8560,4.127698,5
8561,2.2496417,2
8562,6.4686766,1
8563,4.9665294,4
8564,3.972461,4
8565,6.0234084,0
8566,4.6770496,7
8567,4.4506507,2
8568,5.6116166,11
8569,5.7086773,0
8570,3.949241,5
8571,4.794211,5
8572,3.925915,1
8573,1.5754615,0
8574,4.6123605,3
8575,4.951201,6
8576,3.4064457,8
8577,5.2872615,12
8578,4.4963913,6
8579,6.411686,6
8580,3.6268983,1
8581,4.5486283,0
8582,5.0724597,6
8583,5.2901783,4
8584,2.7969956,1
8585,4.6631894,7
8586,5.4804745,5
8587,5.283868,3
8588,2.5567694,3
8589,2.6828804,1
8590,3.7607486,0
8591,4.2643833,6
8592,5.103732,4
8593,4.322551,6
8594,3.2539623,17
8595,3.777218,17
8596,6.622093,14
8597,5.6388574,0
8598,1.6768695,0
8599,4.9831347,10
8600,6.429523,4
8601,7.672508,0
8602,4.5117483,21
8603,6.895777,10
8604,4.0563283,2
8605,1.1417458,0
8606,5.2090855,9
8607,5.3440614,6
8608,2.5249352,1
8609,6.1381183,5
8610,2.7722428,2
8611,4.988232,5
8612,2.2496417,0
8613,3.1956294,3
8614,4.7833133,1
8615,2.78866,0
8616,5.9876637,4
8617,0.46763664,0
8618,5.7781963,0
8619,3.862604,0
8620,0.46763664,0
8621,4.252961,7
8622,6.66624,13
8623,5.5977736,4
8624,4.927072,1
8625,3.1285753,0
8626,3.1362936,0
8627,4.7825947,4
8628,4.5803003,3
8629,3.8070056,5
8630,6.898998,14
8631,2.2496417,0
8632,4.0490665,0
8633,0.98045474,0
8634,2.8185115,5
8635,4.8794317,7
8636,6.2439427,3
8637,6.5380683,4
8638,5.3652797,0
8639,0.46763664,0
8640,0.46763664,0
8641,6.0015187,4
8642,5.1413355,6
8643,4.8077354,4
8644,6.0772552,9
8645,3.3708,0
8646,6.118767,4
8647,5.769048,14
8648,1.6404005,0
8649,4.159756,4
8650,4.3980145,8
8651,3.9154384,0
8652,3.3938954,5
8653,3.8158143,6
8654,3.8541815,0
8655,5.30232,2
8656,0.46763664,0
8657,3.3747873,4
8658,3.548993,4
8659,2.1165302,0
8660,3.2490847,5
8661,2.6466446,0
8662,7.203859,6
8663,3.1581504,4
8664,0.46763664,0
8665,4.722993,6
8666,4.1526914,10
8667,3.9266183,2
8668,4.7447467,0
8669,6.597664,0
8670,4.171987,11
8671,0.46763664,0
8672,4.3481627,4
8673,4.601544,8
8674,3.7334712,4
8675,4.025267,4
8676,2.6269755,0
8677,8.000324,14
8678,6.801552,4
8679,0.98045474,0
8680,2.2496417,2
8681,5.410038,3
8682,0.46763664,0
8683,5.4974236,7
8684,6.5303726,2
8685,0.46763664,0
8686,0.46763664,0
8687,5.620357,8
8688,5.133181,3
8689,8.300499,5
8690,2.274066,11
8691,1.3295324,0
8692,4.9026246,11
8693,3.0622108,0
8694,6.678836,0
8695,4.750786,7
8696,2.2496417,2
8697,0.46763664,0
8698,8.167026,8
8699,3.6063964,0
8700,3.4081228,2
8701,3.6502576,3
8702,4.3622527,12
8703,3.565302,0
8704,4.1177387,4
8705,6.421766,12
8706,5.0872164,7
8707,5.6309347,0
8708,6.6920314,11
8709,6.7650485,5
8710,3.504418,8
8711,4.882078,4
8712,2.2496417,0
8713,2.9443824,16
8714,2.2496417,0
8715,4.7345905,6
8716,2.3188775,4
8717,5.8301787,3
8718,5.891311,12
8719,6.1679373,4
8720,6.4248137,3
8721,7.216323,3
8722,7.352558,11
8723,2.5727432,1
8724,4.036167,4
8725,4.525182,5
8726,0.46763664,0
8727,2.7145777,0
8728,3.714546,1
8729,0.46763664,0
8730,6.8521614,5
8731,4.470591,6
8732,1.3551564,2
8733,3.0980303,1
8734,4.1560254,2
8735,6.292413,14
8736,2.624617,2
8737,4.933722,6
8738,4.1283765,1
8739,6.3220563,5
8740,1.9444441,2
8741,5.2474413,0
8742,5.7734013,1
8743,3.5124142,13
8744,0.46763664,0
8745,7.932953,9
8746,5.577262,5
8747,5.483477,7
8748,6.21379,8
8749,3.58639,0
8750,6.7839446,8
8751,3.5952513,6
8752,6.3208213,11
8753,4.467074,4
8754,5.819525,6
8755,6.587866,8
8756,7.0099883,6
8757,2.727774,0
8758,4.5930543,4
8759,1.7323995,0
8760,0.46763664,0
8761,0.46763664,0
8762,5.6350417,8
8763,0.46763664,0
8764,5.2997584,1
8765,5.1477385,4
8766,5.7621098,0
8767,2.9485717,1
8768,6.9585185,0
8769,6.537484,10
8770,6.339781,8
8771,5.5055904,8
8772,0.46763664,0
8773,5.9546876,8
8774,1.930436,2
8775,2.592288,0
8776,6.7777157,1
8777,5.1243305,9
8778,6.6342287,0
8779,5.1679735,4
8780,4.2602053,10
8781,4.090716,3
8782,2.2496417,0
8783,8.157277,2
8784,8.068026,12
8785,4.794898,4
8786,0.46763664,0
8787,2.425122,2
8788,2.7088444,4
8789,2.2496417,1
8790,4.1624665,8
8791,7.597437,6
8792,4.514692,7
8793,3.6780813,0
8794,2.4585211,0
8795,4.5581794,12
8796,8.663115,14
8797,5.8184853,2
8798,5.594163,10
8799,3.0756283,0
8800,2.5287266,2
8801,5.5122657,3
8802,1.3906783,1
8803,5.3956804,0
8804,4.0080934,7
8805,4.2444763,9
8806,4.671506,3
8807,5.0418606,12
8808,5.048687,4
8809,1.7701999,0
8810,0.46763664,0
8811,0.46763664,0
8812,3.4140484,4
8813,4.6173487,5
8814,5.1658206,8
8815,5.240528,4
8816,6.4915733,8
8817,3.3012471,4
8818,5.128272,0
8819,9.453035,4
8820,4.6881986,5
8821,3.9169195,6
8822,4.6487713,7
8823,5.087036,7
8824,7.06823,3
8825,2.2496417,0
8826,6.645497,2
8827,3.9595053,7
8828,4.282281,2
8829,5.0790277,4
8830,5.3064747,2
8831,5.3863616,8
8832,4.6957283,5
8833,0.46763664,0
8834,4.3706927,4
8835,5.5960608,0
8836,2.808372,0
8837,3.9507005,0
8838,4.949095,4
8839,2.9157083,1
8840,6.468956,3
8841,2.1515038,5
8842,5.209805,0
8843,4.517699,7
8844,4.3037167,12
8845,4.731127,16
8846,3.0891507,2
8847,5.796025,8
8848,4.8708324,0
8849,6.163375,2
8850,4.6520615,3
8851,3.3294554,5
8852,6.403859,2
8853,4.357182,1
8854,5.238587,1
8855,5.0659175,3
8856,3.084851,10
8857,6.509902,13
8858,5.5965796,3
8859,4.6851635,7
8860,3.7881033,7
8861,5.368412,2
8862,3.2759447,10
8863,3.86326,0
8864,1.6586844,4
8865,5.3450785,7
8866,2.651119,0
8867,6.4252505,5
8868,5.3546886,9
8869,0.46763664,0
8870,4.9590917,6
8871,0.46763664,0
8872,4.2346487,11
8873,6.2547255,0
8874,0.46763664,0
8875,5.7747464,11
8876,6.8279476,7
8877,3.5549583,2
8878,3.5310547,6
8879,7.8948298,3
8880,3.5678368,3
8881,0.46763664,1
8882,5.295303,5
8883,3.1459816,5
8884,8.386255,8
8885,2.1638546,0
8886,4.046726,3
8887,0.46763664,2
8888,4.1765814,0
8889,3.8664415,2
8890,5.2505956,4
8891,2.915219,2
8892,4.5645943,0
8893,5.054038,12
8894,3.7611291,8
8895,3.123252,0
8896,4.245909,1
8897,4.563733,0
8898,6.9222193,13
8899,4.8061876,5
8900,5.557937,7
8901,4.817954,5
8902,4.519923,0
8903,3.5471869,2
8904,4.9665823,9
8905,4.8960586,6
8906,3.2331908,5
8907,3.7819612,10
8908,3.7367127,9
8909,2.371475,1
8910,5.250631,9
8911,5.0670342,6
8912,3.5619466,2
8913,3.6541922,0
8914,1.395701,0
8915,1.1951668,0
8916,3.525768,4
8917,6.177223,12
8918,2.2496417,2
8919,4.7526107,2
8920,7.644539,14
8921,4.961976,4
8922,5.8937445,6
8923,0.46763664,0
8924,3.862244,3
8925,0.46763664,0
8926,5.84362,7
8927,1.6586844,0
8928,7.8603888,6
8929,7.8463078,4
8930,5.455247,2
8931,2.72264,5
8932,6.6562963,7
8933,3.435654,6
8934,7.9628572,9
8935,5.854023,5
8936,7.5211916,0
8937,5.3095675,7
8938,3.5645564,2
8939,7.964818,10
8940,2.2496417,1
8941,2.2663224,0
8942,5.5025535,8
8943,2.1638546,0
8944,6.594864,4
8945,7.6822276,10
8946,1.4199852,0
8947,4.8959627,2
8948,5.0621943,8
8949,1.3346674,0
8950,6.697042,4
8951,1.3346674,0
8952,7.2362447,9
8953,6.315613,9
8954,5.7304473,9
8955,3.859388,5
8956,5.665581,4
8957,6.943066,13
8958,5.16739,13
8959,2.6934714,1
8960,2.9095738,0
8961,5.0427184,3
8962,6.114704,0
8963,8.003208,1
8964,5.73683,4
8965,5.215509,6
8966,6.3084464,3
8967,3.9919178,2
8968,3.2875621,1
8969,3.9340575,0
8970,5.894438,8
8971,6.493642,0
8972,8.347265,12
8973,5.007225,9
8974,0.46763664,0
8975,5.0315723,5
8976,7.9262247,11
8977,6.450581,7
8978,5.6660213,2
8979,4.9388223,10
8980,1.734835,0
8981,0.46763664,0
8982,7.155493,4
8983,3.9063046,10
8984,5.4337406,3
8985,4.0643396,4
8986,4.016721,5
8987,4.470927,1
8988,6.0816646,3
8989,2.1638546,0
8990,4.2793446,5
8991,5.6260257,2
8992,0.46763664,0
8993,2.2496417,1
8994,5.090712,3
8995,3.43359,2
8996,4.4770913,13
8997,4.3945084,2
8998,3.7696898,5
8999,7.2279596,6
9000,4.5753293,0
9001,6.857026,8
9002,2.277966,0
9003,4.0099077,2
9004,3.5866153,3
9005,4.5599613,9
9006,5.1265173,1
9007,1.7323995,0
9008,4.278544,1
9009,5.218091,6
9010,3.2718933,0
9011,1.1803796,0
9012,4.524655,0
9013,6.48714,4
9014,5.849884,1
9015,5.652889,3
9016,4.107636,0
9017,4.7719154,8
9018,6.3349857,4
9019,2.329043,0
9020,3.9437535,9
9021,6.792521,15
9022,4.2024665,2
9023,0.46763664,0
9024,6.04129,3
9025,3.323706,6
9026,0.46763664,0
9027,4.399129,2
9028,5.9765506,0
9029,7.345233,9
9030,0.46763664,0
9031,2.2496417,0
9032,0.46763664,0
9033,2.3702576,3
9034,2.2496417,2
9035,4.3083577,8
9036,2.2496417,1
9037,2.9456205,0
9038,8.231757,4
9039,4.3381343,2
9040,5.05612,5
9041,6.201159,7
9042,2.828964,4
9043,5.8367443,7
9044,0.46763664,0
9045,5.4541698,13
9046,1.9746879,6
9047,4.3594236,11
9048,5.088237,5
9049,1.5507486,0
9050,6.635619,6
9051,2.4186199,10
9052,0.46763664,0
9053,6.739148,4
9054,5.066798,4
9055,1.8419884,1
9056,5.803162,6
9057,4.8930817,0
9058,4.848511,6
9059,7.6943297,7
9060,0.46763664,0
9061,2.2496417,0
9062,2.0629122,1
9063,3.1919827,7
9064,4.329552,3
9065,1.930436,0
9066,6.401083,3
9067,2.2496417,2
9068,2.3648543,4
9069,5.1761503,5
9070,4.223721,1
9071,5.4982896,0
9072,3.8070014,0
9073,3.771817,1
9074,3.5931592,3
9075,6.9183087,10
9076,3.7154365,4
9077,5.574737,9
9078,4.486126,4
9079,4.724155,6
9080,7.0966606,8
9081,4.6058207,10
9082,3.9350507,4
9083,3.4319794,4
9084,5.864071,0
9085,4.82104,8
9086,4.844475,7
9087,5.9725494,13
9088,4.229286,1
9089,6.4128866,0
9090,4.577645,3
9091,2.7391865,0
9092,5.42078,10
9093,5.9879527,3
9094,0.46763664,0
9095,2.2496417,0
9096,3.6602614,1
9097,5.263088,3
9098,6.2431145,3
9099,6.183999,4
9100,2.7024639,9
9101,6.506268,8
9102,6.749178,8
9103,2.7069428,0
9104,3.2127821,1
9105,3.675273,5
9106,3.562891,7
9107,3.2981274,1
9108,6.450712,9
9109,2.0629122,0
9110,5.81813,2
9111,4.329248,0
9112,3.2812266,0
9113,7.801215,9
9114,4.818675,2
9115,3.931513,0
9116,2.2496417,1
9117,4.6459656,10
9118,0.46763664,0
9119,4.8191566,6
9120,8.914934,12
9121,3.4210122,0
9122,4.2237587,7
9123,4.5840063,6
9124,1.6621417,0
9125,4.3945894,0
9126,3.3291428,4
9127,5.390239,14
9128,5.199173,7
9129,4.8537292,5
9130,5.7812138,0
9131,4.690568,5
9132,2.2496417,0
9133,0.46763664,0
9134,5.235413,10
9135,2.6903071,4
9136,3.5891674,1
9137,4.7334995,11
9138,3.052394,5
9139,7.526683,1
9140,6.5876765,6
9141,7.5431876,16
9142,5.76795,7
9143,5.598591,4
9144,5.497042,7
9145,0.46763664,0
9146,7.699989,6
9147,8.0320015,4
9148,2.970729,1
9149,1.3295324,1
9150,4.59675,9
9151,4.234387,4
9152,1.4183758,0
9153,6.2715707,8
9154,5.690824,0
9155,6.580596,10
9156,3.9340575,11
9157,0.46763664,0
9158,5.4539804,10
9159,6.1575966,12
9160,4.3594236,13
9161,0.46763664,0
9162,4.3233604,1
9163,6.0474133,2
9164,5.40469,13
9165,4.539136,0
9166,5.908901,0
9167,4.7597365,0
9168,5.1443253,5
9169,4.7881346,4
9170,6.4217935,4
9171,5.23713,1
9172,5.9168816,3
9173,4.96916,5
9174,1.3039705,4
9175,5.0748134,3
9176,6.737758,6
9177,5.3664713,8
9178,5.738143,1
9179,3.4319794,2
9180,3.521641,13
9181,3.5560453,3
9182,4.0803285,3
9183,6.880492,8
9184,3.130624,1
9185,0.46763664,0
9186,5.5494413,0
9187,5.1795726,4
9188,3.864082,3
9189,4.6204348,0
9190,4.013864,4
9191,0.46763664,0
9192,3.233678,0
9193,0.46763664,0
9194,4.1236405,5
9195,4.9939404,4
9196,5.9196625,6
9197,2.3070393,0
9198,3.8433602,3
9199,3.3619473,0
9200,0.46763664,0
9201,4.6148906,11
9202,6.4516225,1
9203,6.6013675,6
9204,4.601544,6
9205,6.3476095,11
9206,1.7314655,5
9207,4.9661555,3
9208,5.4061594,12
9209,4.816492,0
9210,1.7317786,0
9211,5.113071,7
9212,4.172202,5
9213,0.895104,0
9214,5.148678,0
9215,6.7338257,5
9216,0.46763664,0
9217,4.856131,6
9218,5.6247745,2
9219,6.192687,3
9220,4.5337534,4
9221,5.2145267,1
9222,4.8315887,0
9223,3.880417,1
9224,3.55984,4
9225,6.0688424,11
9226,6.8473816,9
9227,5.779747,9
9228,6.025458,4
9229,7.040291,2
9230,2.2496417,1
9231,3.9480631,2
9232,2.130923,0
9233,2.9745793,13
9234,4.0313983,0
9235,4.667206,1
9236,6.0184793,1
9237,3.069638,2
9238,2.2496417,4
9239,5.5868063,1
9240,4.6331825,5
9241,2.769334,2
9242,3.894931,0
9243,6.962569,7
9244,6.3781657,8
9245,4.0595007,6
9246,5.08161,10
9247,5.8474994,5
9248,4.248488,0
9249,8.195048,8
9250,1.7317786,0
9251,7.5214553,8
9252,0.46763664,0
9253,5.593775,6
9254,3.3186262,0
9255,4.3363366,11
9256,6.994582,11
9257,0.46763664,0
9258,2.7373621,5
9259,5.3094826,7
9260,4.6055384,2
9261,6.7830043,10
9262,3.9365485,4
9263,3.6221764,0
9264,0.46763664,0
9265,6.5012197,7
9266,4.5756435,0
9267,5.3887167,3
9268,4.215564,1
9269,7.198305,7
9270,7.151927,6
9271,5.5233903,10
9272,6.63226,3
9273,2.5682552,0
9274,5.4713583,5
9275,6.6732254,10
9276,4.8107452,12
9277,3.1180854,9
9278,2.7076755,1
9279,7.156542,12
9280,4.92832,3
9281,4.49273,9
9282,7.530899,0
9283,7.6208086,2
9284,2.102716,1
9285,3.1495996,0
9286,7.529599,4
9287,4.3480716,10
9288,4.813576,9
9289,4.509017,9
9290,7.390053,12
9291,7.4524026,5
9292,1.7729758,2
9293,4.774647,4
9294,2.4255006,3
9295,4.949344,0
9296,5.666665,5
9297,4.1508822,9
9298,5.0548315,2
9299,4.320533,11
9300,4.113506,0
9301,3.9318354,5
9302,1.6586844,0
9303,6.974333,3
9304,3.4507132,4
9305,4.9899125,5
9306,4.0545807,8
9307,5.389917,11
9308,4.6035786,10
9309,6.955479,13
9310,2.6363056,14
9311,3.3341968,1
9312,5.970109,7
9313,3.4960353,5
9314,3.2497869,7
9315,3.883011,3
9316,4.539136,1
9317,4.9507756,2
9318,1.3906783,0
9319,6.3480105,19
9320,2.5481377,0
9321,7.1096582,11
9322,7.049671,1
9323,4.9181967,0
9324,0.46763664,0
9325,2.6466446,4
9326,0.46763664,0
9327,6.423047,1
9328,2.1638546,0
9329,0.46763664,0
9330,2.2496417,0
9331,4.7460933,3
9332,4.481016,2
9333,6.1097736,5
9334,5.475442,4
9335,3.569786,0
9336,1.8778671,0
9337,4.750103,2
9338,5.3933115,3
9339,5.4591393,5
9340,0.46763664,0
9341,7.564784,9
9342,4.493221,0
9343,5.40159,4
9344,2.5658867,4
9345,4.00619,1
9346,5.668532,0
9347,3.9839528,6
9348,0.46763664,0
9349,5.124028,6
9350,6.319909,1
9351,6.492299,0
9352,4.261762,0
9353,0.46763664,0
9354,4.706673,3
9355,7.6561837,6
9356,3.480322,6
9357,4.2893157,8
9358,6.175247,3
9359,4.24297,5
9360,6.315282,14
9361,6.284055,0
9362,2.0847828,1
9363,2.8553395,1
9364,7.468381,8
9365,5.410531,7
9366,6.841845,12
9367,7.5211225,14
9368,2.7250514,0
9369,4.8315277,1
9370,6.290454,0
9371,5.447462,2
9372,1.8326048,5
9373,6.9381437,8
9374,3.9968545,6
9375,3.218411,6
9376,2.939481,0
9377,6.6952004,1
9378,4.228101,6
9379,6.1613784,3
9380,4.901547,0
9381,6.488885,0
9382,3.58182,6
9383,6.2304416,16
9384,6.986256,0
9385,4.436863,4
9386,0.46763664,0
9387,7.7022147,14
9388,3.5180323,1
9389,3.39238,0
9390,3.8773773,1
9391,5.8456283,11
9392,6.537549,6
9393,5.6851296,13
9394,7.3172646,10
9395,4.7402587,9
9396,6.328888,4
9397,5.6285524,12
9398,6.696239,8
9399,5.173596,10
9400,6.642354,10
9401,0.46763664,0
9402,0.46763664,0
9403,3.711696,0
9404,7.7932196,5
9405,3.7011356,1
9406,7.9476957,15
9407,2.3702576,5
9408,6.1378436,5
9409,6.257518,9
9410,4.995691,5
9411,5.131018,5
9412,0.46763664,8
9413,6.090952,3
9414,1.8762914,2
9415,2.425122,0
9416,3.0923297,1
9417,4.9464808,11
9418,4.4194,10
9419,3.5790102,6
9420,4.5756435,0
9421,7.4242682,12
9422,6.9498005,14
9423,1.8839558,0
9424,2.2496417,2
9425,2.2496417,5
9426,6.052471,16
9427,2.8876038,2
9428,2.6934714,1
9429,2.2496417,0
9430,4.517387,3
9431,3.7714813,3
9432,4.2959237,4
9433,1.3039705,0
9434,4.3591166,1
9435,2.3702576,0
9436,4.2716255,7
9437,4.3594236,5
9438,1.7323995,0
9439,1.3346674,3
9440,4.218755,1
9441,4.71946,1
9442,2.5718136,0
9443,8.0756645,10
9444,6.294185,6
9445,6.4287686,2
9446,3.3243523,3
9447,5.2738194,0
9448,7.527312,11
9449,5.2944145,0
9450,8.399285,2
9451,4.7531915,4
9452,2.2116778,0
9453,6.1430454,10
9454,4.5564647,7
9455,4.902076,0
9456,2.2496417,2
9457,3.0232098,0
9458,0.895104,0
9459,3.1654992,5
9460,5.040048,5
9461,5.508811,7
9462,6.5168986,2
9463,4.4725204,1
9464,3.6314871,5
9465,0.46763664,0
9466,3.2023594,0
9467,6.7900047,6
9468,4.112358,4
9469,7.7016463,8
9470,3.6866314,6
9471,0.46763664,0
9472,4.697651,2
9473,4.9346447,14
9474,6.6440024,4
9475,2.7175286,0
9476,2.4593966,7
9477,3.712157,13
9478,3.4904244,5
9479,5.719524,4
9480,4.303878,8
9481,3.0236466,14
9482,6.484051,10
9483,6.7325172,10
9484,2.2496417,0
9485,6.7861714,9
9486,7.4372964,3
9487,4.6926537,1
9488,3.7607486,0
9489,7.3449516,3
9490,4.3827357,6
9491,3.776974,8
9492,5.5775833,7
9493,2.9973156,2
9494,4.8172235,5
9495,1.4823911,0
9496,5.2066555,5
9497,2.2496417,0
9498,5.4925127,3
9499,5.3686056,11
9500,4.7954197,4
9501,0.46763664,0
9502,5.561297,8
9503,7.3514357,0
9504,2.923558,1
9505,6.126978,12
9506,5.42083,9
9507,5.5100136,5
9508,3.4699342,9
9509,2.579124,0
9510,2.2496417,0
9511,5.6175013,6
9512,3.3042428,3
9513,1.734835,0
9514,4.6969805,17
9515,2.5735595,1
9516,5.7117906,0
9517,6.3942556,3
9518,5.518811,10
9519,3.259985,4
9520,6.2318225,9
9521,6.9180255,7
9522,4.887749,11
9523,4.0264363,8
9524,4.528745,6
9525,2.6378882,7
9526,5.4605007,4
9527,3.5533774,0
9528,1.7323995,0
9529,2.2496417,0
9530,2.1192162,1
9531,6.4564557,8
9532,5.021647,0
9533,2.2496417,0
9534,4.914132,3
9535,4.4532676,0
9536,5.1045384,12
9537,2.7081115,8
9538,4.0657806,0
9539,3.5534055,1
9540,2.2496417,4
9541,5.093185,1
9542,0.46763664,0
9543,5.197936,5
9544,2.6934714,4
9545,5.1688633,2
9546,7.283822,5
9547,0.46763664,0
9548,7.3725634,11
9549,5.0210485,7
9550,2.016971,1
9551,0.87777287,0
9552,6.5467157,3
9553,3.691484,0
9554,1.3295324,1
9555,4.181114,0
9556,0.46763664,0
9557,2.7163436,0
9558,5.361124,6
9559,4.5527472,2
9560,1.930436,0
9561,7.2589602,6
9562,4.548846,16
9563,0.46763664,0
9564,7.092127,4
9565,5.307072,10
9566,4.8799744,3
9567,1.8064374,0
9568,3.8488286,12
9569,0.46763664,0
9570,4.5043845,1
9571,2.2116778,0
9572,1.7168043,0
9573,4.5928316,4
9574,7.8515854,9
9575,4.3760366,0
9576,6.8507824,9
9577,6.9852824,3
9578,5.7060666,6
9579,2.9119446,8
9580,5.095174,11
9581,5.005488,4
9582,5.1174417,1
9583,5.392499,2
9584,6.665498,4
9585,6.389024,0
9586,4.271532,0
9587,6.2048445,6
9588,5.031733,15
9589,4.337741,5
9590,1.7353641,0
9591,1.4823911,1
9592,2.7480118,0
9593,3.8209102,5
9594,3.8438227,5
9595,4.3421564,0
9596,5.7848563,3
9597,4.9890966,0
9598,5.10527,6
9599,5.2330637,10
9600,6.2798142,4
9601,3.9858487,1
9602,5.8331866,3
9603,4.1514664,5
9604,0.46763664,0
9605,3.7291205,0
9606,5.272187,3
9607,4.1997113,4
9608,3.3762658,3
9609,6.772048,7
9610,4.336459,0
9611,5.129229,0
9612,2.2427268,0
9613,4.43296,1
9614,0.46763664,0
9615,2.2496417,2
9616,4.5333734,4
9617,5.5448685,1
9618,4.0203514,10
9619,6.621381,1
9620,0.895104,0
9621,6.968524,12
9622,4.9450364,6
9623,6.993138,7
9624,4.8365154,0
9625,2.6439548,3
9626,5.885766,16
9627,5.3480463,3
9628,2.2496417,0
9629,4.186465,6
9630,5.184964,6
9631,3.5759103,8
9632,0.46763664,0
9633,6.6241717,1
9634,2.8681417,12
9635,4.9931226,4
9636,4.108205,4
9637,3.3300683,2
9638,4.3757825,4
9639,4.4216776,1
9640,0.46763664,0
9641,0.46763664,0
9642,4.1590185,3
9643,5.0218725,9
9644,5.607168,1
9645,5.92579,9
9646,4.5269876,1
9647,3.973077,7
9648,5.538059,1
9649,6.4232087,2
9650,0.46763664,0
9651,4.0974326,6
9652,3.29305,6
9653,2.152437,3
9654,5.2507763,1
9655,2.600705,0
9656,5.172247,8
9657,4.9856644,5
9658,7.709261,8
9659,3.2458813,0
9660,4.2175245,1
9661,4.6785083,0
9662,5.900352,3
9663,6.185583,10
9664,5.7714043,13
9665,2.2496417,2
9666,3.1028278,0
9667,6.243532,0
9668,7.3360014,3
9669,7.2838573,8
9670,5.289002,1
9671,6.766138,9
9672,4.474773,18
9673,0.87777287,0
9674,6.0505676,4
9675,3.1208806,5
9676,6.4992146,9
9677,6.879263,11
9678,6.0142813,6
9679,7.0165358,11
9680,7.0977273,8
9681,4.6611853,0
9682,4.6641607,7
9683,4.228529,9
9684,3.7852504,0
9685,4.6918426,6
9686,2.403458,3
9687,6.861967,16
9688,2.5717661,5
9689,0.46763664,0
9690,5.8081245,2
9691,7.3171163,7
9692,7.751005,14
9693,5.3941784,3
9694,6.99891,13
9695,5.0944867,4
9696,2.7618642,1
9697,5.5257635,6
9698,4.970583,8
9699,4.63249,8
9700,2.7734869,1
9701,1.5762271,0
9702,1.928574,0
9703,6.3738585,8
9704,3.9810865,7
9705,1.3346674,1
9706,3.9327638,4
9707,4.938702,6
9708,2.2496417,0
9709,8.766603,9
9710,3.1312554,1
9711,1.2917687,0
9712,6.459539,4
9713,4.1150002,10
9714,0.46763664,4
9715,0.46763664,1
9716,4.3947167,2
9717,5.920635,6
9718,6.8459725,3
9719,2.7391865,0
9720,4.6204348,3
9721,7.886012,4
9722,0.46763664,0
9723,6.0882783,6
9724,3.786866,6
9725,1.5762271,3
9726,6.628659,10
9727,3.6057148,4
9728,7.001863,10
9729,2.9098167,5
9730,5.708667,2
9731,3.1257503,2
9732,5.9102335,2
9733,7.424098,11
9734,5.71185,7
9735,4.548612,6
9736,5.38788,6
9737,3.2796853,3
9738,5.866396,5
9739,7.091898,12
9740,7.2043796,1
9741,0.46763664,0
9742,4.7747335,3
9743,4.2746954,6
9744,3.7776706,5
9745,4.1372914,2
9746,0.46763664,0
9747,1.1514974,0
9748,0.46763664,0
9749,7.36474,7
9750,2.7081115,7
9751,3.1063821,2
9752,4.866884,3
9753,0.46763664,0
9754,5.0391693,5
9755,5.7392,5
9756,4.4774117,5
9757,5.6841416,6
9758,6.5167456,6
9759,2.9456205,0
9760,6.206889,3
9761,2.6934714,0
9762,7.2787027,8
9763,4.044422,10
9764,3.005379,12
9765,4.591709,9
9766,3.8024795,12
9767,4.316639,4
9768,4.691376,6
9769,5.6861343,1
9770,4.001945,0
9771,0.46763664,0
9772,3.9924228,1
9773,6.4743147,11
9774,2.2496417,3
9775,5.2003837,1
9776,6.127098,7
9777,2.8600612,8
9778,3.521427,0
9779,4.3350058,2
9780,6.375046,8
9781,5.2141542,0
9782,5.32212,0
9783,2.2496417,0
9784,7.3395905,11
9785,5.404527,13
9786,6.9089947,4
9787,3.234866,6
9788,6.7187867,4
9789,1.7701999,0
9790,3.841437,10
9791,4.0364866,2
9792,6.9374905,0
9793,5.35675,19
9794,0.46763664,1
9795,7.2897987,4
9796,4.1981688,13
9797,5.003605,12
9798,0.46763664,0
9799,8.075678,12
9800,7.0540113,15
9801,0.98045474,0
9802,7.2203712,4
9803,6.252355,0
9804,4.793631,2
9805,6.2715826,3
9806,7.227603,0
9807,7.139734,14
9808,5.2500668,0
9809,2.75739,5
9810,4.7471986,6
9811,3.694179,0
9812,0.46763664,0
9813,3.4366305,6
9814,5.9268875,2
9815,5.4531417,5
9816,4.6092606,4
9817,4.654923,0
9818,3.1320207,0
9819,7.315226,9
9820,4.068783,3
9821,4.797079,0
9822,2.277966,0
9823,5.1458364,8
9824,5.346889,4
9825,3.959823,2
9826,3.3771918,7
9827,2.2663224,0
9828,6.3898835,1
9829,0.46763664,0
9830,7.2363915,12
9831,2.5914602,2
9832,5.3568325,7
9833,7.352901,0
9834,5.1490135,9
9835,6.4369736,12
9836,2.5190547,0
9837,2.7480118,0
9838,4.0099077,2
9839,0.87777287,0
9840,4.1924014,0
9841,2.7480118,2
9842,2.8111842,0
9843,7.3164797,1
9844,6.169566,7
9845,5.497663,10
9846,2.2568126,6
9847,1.4892881,0
9848,5.200059,17
9849,4.1453567,2
9850,6.738674,6
9851,7.2204156,7
9852,7.2721667,9
9853,4.9474697,2
9854,2.6733534,0
9855,6.629484,6
9856,5.752207,0
9857,4.1726165,9
9858,2.7902272,0
9859,5.041582,4
9860,4.375471,6
9861,7.800088,7
9862,5.214406,12
9863,4.527166,6
9864,4.670292,9
9865,7.1050262,8
9866,5.8698525,2
9867,4.748955,1
9868,4.7257247,4
9869,4.7005863,9
9870,5.033882,6
9871,4.9477477,4
9872,0.895104,0
9873,5.253186,2
9874,3.5836918,6
9875,1.3295324,0
9876,6.992483,1
9877,5.7432604,1
9878,2.1191158,0
9879,2.7857635,15
9880,7.009697,5
9881,3.889077,8
9882,7.0259,7
9883,5.163699,3
9884,5.6950445,10
9885,4.179907,6
9886,1.1659598,0
9887,5.5867953,5
9888,6.8502254,12
9889,0.46763664,0
9890,2.331859,2
9891,6.1645355,14
9892,5.757278,3
9893,4.4413424,10
9894,6.1813126,9
9895,3.4225929,4
9896,8.904296,13
9897,0.46763664,0
9898,5.1451373,6
9899,4.9960933,8
9900,3.6091578,9
9901,8.154381,7
9902,4.0631766,6
9903,3.9901383,4
9904,2.2496417,2
9905,6.013518,11
9906,4.5521865,4
9907,4.649658,2
9908,5.479214,6
9909,0.46763664,0
9910,5.494898,0
9911,6.130827,11
9912,6.3768306,7
9913,1.645576,4
9914,3.4459484,0
9915,4.1136417,2
9916,7.199837,7
9917,5.797761,5
9918,5.292513,3
9919,5.4425697,10
9920,5.489816,12
9921,6.282572,3
9922,5.051624,3
9923,6.493845,0
9924,4.0405464,10
9925,2.2124,9
9926,7.609002,1
9927,3.3673685,12
9928,6.3734403,2
9929,2.1379125,0
9930,6.8658876,7
9931,7.0415945,6
9932,4.123745,2
9933,6.239663,14
9934,6.6535892,9
9935,4.63456,2
9936,4.403524,3
9937,7.8379602,5
9938,5.8795223,7
9939,6.5157375,13
9940,4.0450706,5
9941,0.46763664,0
9942,3.9595683,7
9943,1.6586844,0
9944,4.523324,5
9945,0.46763664,0
9946,1.7729758,1
9947,3.4406214,2
9948,0.46763664,0
9949,3.809614,3
9950,5.187892,12
9951,2.3035676,5
9952,6.163735,4
9953,7.4927964,5
9954,6.419711,3
9955,6.6540103,10
9956,5.9289417,6
9957,3.327526,4
9958,3.2022798,0
9959,5.4702744,8
9960,5.015483,0
9961,0.46763664,0
9962,4.1932206,2
9963,2.3782713,0
9964,2.8854363,2
9965,0.46763664,0
9966,0.46763664,0
9967,7.840315,4
9968,7.622757,12
9969,0.87777287,0
9970,4.848395,2
9971,3.867491,11
9972,2.2496417,7
9973,7.210249,7
9974,5.7322326,12
9975,4.1375303,3
9976,2.2887769,3
9977,6.526871,13
9978,3.521641,8
9979,2.447403,0
9980,6.0916467,2
9981,2.2496417,0
9982,5.3089104,1
9983,7.6658106,12
9984,0.46763664,0
9985,3.586874,7
9986,7.6518817,1
9987,5.2934065,8
9988,6.6783023,3
9989,5.9941006,10
9990,7.340948,10
9991,6.199325,10
9992,3.074949,6
9993,6.721043,15
9994,7.420085,3
9995,6.422982,1
9996,3.143669,0
9997,4.133634,11
9998,6.2213635,1
9999,4.595812,5
10000,0.46763664,0
