user_id,pto_pred,target
1,0.9430285,3
2,4.6261487,10
3,6.695587,11
4,4.838781,1
5,7.756716,3
6,0.4702112,0
7,7.151617,6
8,0.4702112,4
9,4.443379,3
10,6.790333,9
11,5.26552,1
12,7.0825605,13
13,8.073001,19
14,0.4702112,0
15,6.3816533,9
16,6.4776254,6
17,3.7196124,0
18,4.3820167,0
19,5.68792,10
20,5.8250146,4
21,2.2376254,3
22,4.8283978,5
23,3.4363,1
24,3.5920417,5
25,3.975273,1
26,3.1973855,0
27,5.0009203,5
28,7.1524987,3
29,4.751686,1
30,2.3878357,1
31,0.4702112,0
32,4.231664,5
33,5.2057796,2
34,3.4708855,3
35,4.8679304,2
36,6.466396,6
37,5.933756,15
38,4.0719357,1
39,0.4702112,0
40,6.4054513,1
41,0.4702112,0
42,5.870836,0
43,5.4797134,4
44,1.6641669,2
45,6.588557,6
46,7.2449136,12
47,0.56399405,0
48,5.1307817,0
49,2.7061627,1
50,4.353217,0
51,8.992797,2
52,5.498059,0
53,5.7179856,11
54,6.311115,5
55,2.3878357,0
56,2.6272767,1
57,1.642064,0
58,7.660193,3
59,4.2635446,7
60,3.603551,0
61,4.1970315,0
62,5.7338557,0
63,5.16387,1
64,5.278518,3
65,3.8139741,1
66,0.4702112,2
67,3.3452473,7
68,5.0091896,2
69,0.4702112,0
70,4.496661,2
71,5.9660316,9
72,5.230963,5
73,2.8690674,12
74,6.5356627,5
75,5.707358,6
76,0.7067969,0
77,4.802791,2
78,4.798832,4
79,0.4702112,0
80,8.463329,6
81,3.7686436,3
82,0.4702112,0
83,2.5637195,6
84,1.2159476,0
85,3.634788,0
86,7.3041515,11
87,7.483372,9
88,3.4712222,1
89,3.8393157,2
90,4.263162,8
91,7.163639,12
92,3.3890212,2
93,5.2462664,5
94,4.12505,9
95,4.207001,0
96,3.0074728,5
97,4.1520786,0
98,4.0619864,7
99,2.3878357,3
100,7.59866,10
101,5.559348,5
102,3.3381925,5
103,7.7243695,11
104,4.3148665,3
105,3.4297512,4
106,7.0382605,3
107,5.205395,12
108,0.4702112,0
109,8.217551,10
110,4.370486,0
111,6.624031,5
112,0.4702112,0
113,6.217733,4
114,4.6361732,5
115,7.6240335,12
116,6.8658156,12
117,6.1627316,11
118,2.1241846,0
119,6.0097194,3
120,5.679276,4
121,3.8834844,6
122,5.953964,0
123,2.3878357,0
124,8.753508,7
125,5.271456,6
126,0.4702112,1
127,3.6888015,1
128,3.0448744,10
129,4.5365267,5
130,7.6837053,13
131,0.4702112,0
132,4.182625,1
133,1.5196934,0
134,0.37915015,1
135,3.6664824,3
136,0.4702112,0
137,2.5777934,1
138,6.0198236,0
139,7.8654733,5
140,5.2050996,2
141,7.8345637,11
142,8.650832,13
143,7.857968,14
144,0.56399405,6
145,6.2001815,6
146,6.395799,9
147,6.3835816,11
148,0.9786884,4
149,4.815375,7
150,0.4702112,0
151,6.9096556,13
152,6.8793387,9
153,5.79415,9
154,2.8712165,8
155,8.17518,12
156,4.515037,1
157,4.3425145,0
158,7.1096673,6
159,1.7746574,0
160,7.05263,2
161,5.0109696,7
162,1.2245541,0
163,0.4702112,0
164,6.1770387,2
165,5.2119966,0
166,6.4928803,6
167,2.0511255,1
168,0.89299893,2
169,4.7427526,0
170,6.0080523,9
171,9.063223,7
172,5.65173,4
173,5.6139026,1
174,4.9411297,2
175,6.801404,7
176,8.524553,8
177,8.24136,7
178,3.6822464,3
179,9.121499,10
180,6.138726,6
181,3.391596,0
182,2.8524635,3
183,0.40893286,5
184,2.3878357,1
185,0.4702112,0
186,0.4702112,5
187,6.597609,5
188,2.3878357,3
189,6.1557946,5
190,8.171471,10
191,7.1005435,12
192,3.9310455,3
193,4.112364,8
194,5.8366785,4
195,3.5452113,0
196,5.4560666,2
197,6.1095333,12
198,5.49831,4
199,0.4702112,0
200,4.094234,1
201,2.3878357,0
202,5.600155,1
203,0.973535,0
204,5.8297963,13
205,3.180247,0
206,1.8186191,1
207,4.044925,3
208,6.2238927,14
209,6.3057556,6
210,6.7145863,14
211,7.0689645,2
212,4.321483,0
213,0.77286786,0
214,5.058224,10
215,0.4702112,0
216,4.8391848,4
217,8.626121,10
218,2.258929,9
219,1.9284886,0
220,1.4184927,0
221,4.2771516,2
222,2.3878357,2
223,8.15199,10
224,5.2534537,4
225,6.594126,8
226,4.2874436,6
227,2.9231122,0
228,7.528016,8
229,3.9548538,0
230,1.494468,0
231,5.092526,7
232,5.7061915,7
233,0.56399405,0
234,5.819549,7
235,0.4702112,0
236,6.3307643,3
237,4.775994,3
238,2.285505,0
239,5.3703184,7
240,3.0976455,5
241,0.5287162,1
242,8.057595,10
243,6.0597425,6
244,5.283194,0
245,8.30638,2
246,7.512007,9
247,9.133855,10
248,3.4766684,5
249,5.458767,2
250,6.00952,0
251,5.4118056,5
252,4.3957896,9
253,1.3405288,0
254,4.457333,5
255,3.723396,6
256,6.994145,7
257,4.5071816,4
258,4.2625155,7
259,9.665748,10
260,3.763304,8
261,7.4324374,6
262,4.0544086,6
263,1.3405288,1
264,5.368448,0
265,5.6687636,13
266,2.3878357,1
267,5.615268,4
268,5.937223,5
269,1.0544251,0
270,5.0455575,3
271,4.8873544,8
272,1.1236496,1
273,7.4629874,4
274,4.785262,3
275,6.9812074,13
276,4.2704673,8
277,0.4702112,0
278,4.653356,0
279,2.9354026,9
280,5.71917,2
281,3.2124696,0
282,2.3878357,0
283,0.4702112,0
284,2.094971,2
285,7.287854,5
286,5.2895308,7
287,0.4702112,0
288,4.3234553,4
289,4.7852373,5
290,4.188844,3
291,5.044769,1
292,2.3878357,12
293,5.7037134,2
294,1.083113,1
295,8.723739,4
296,6.6976023,0
297,5.327461,4
298,3.9477587,8
299,4.314171,7
300,0.4702112,0
301,6.3588824,4
302,6.6265664,13
303,6.930244,10
304,4.045609,6
305,1.2159476,0
306,1.964223,4
307,0.8643825,0
308,6.2632747,12
309,0.89299893,0
310,2.3878357,0
311,0.4702112,3
312,5.95569,7
313,3.1012847,2
314,5.1882634,6
315,0.4702112,0
316,6.105471,2
317,2.7069805,0
318,9.014131,6
319,0.4702112,0
320,4.7513328,2
321,6.3483796,14
322,6.342406,12
323,3.822168,4
324,5.476783,0
325,6.3071322,9
326,1.6491606,0
327,2.3878357,0
328,1.5954312,0
329,7.3035197,8
330,8.9983015,4
331,4.2137227,1
332,3.942154,8
333,11.125643,15
334,6.181583,4
335,6.827619,9
336,1.0665604,7
337,4.8294187,3
338,6.615126,19
339,4.9706655,5
340,6.7412453,8
341,5.137484,5
342,2.9913118,0
343,6.7493167,12
344,5.704996,11
345,2.2648487,1
346,8.619367,12
347,5.4707317,8
348,6.9694715,16
349,7.640186,6
350,3.6231177,3
351,4.549,7
352,5.005074,3
353,5.8921123,3
354,3.5880625,1
355,6.0923066,4
356,1.7451786,0
357,3.7388341,8
358,0.7067969,0
359,4.9698014,5
360,5.9884944,3
361,4.509599,3
362,2.169179,1
363,3.444301,3
364,4.1589823,6
365,3.4766486,2
366,6.5638695,3
367,4.6890798,6
368,0.7067969,0
369,5.4102936,9
370,6.3069253,3
371,4.7779994,0
372,3.1938574,2
373,4.354034,2
374,5.8962817,2
375,3.3398902,3
376,8.174096,1
377,2.5277443,0
378,6.090488,17
379,3.7847676,12
380,0.4702112,0
381,5.454001,6
382,0.4702112,12
383,4.9136686,11
384,5.136142,4
385,0.4702112,0
386,4.3306513,4
387,1.1236496,1
388,3.3893793,3
389,8.052479,11
390,7.492167,8
391,6.674726,9
392,2.8678515,0
393,0.4702112,0
394,6.805836,10
395,7.2521243,11
396,1.4268144,0
397,4.565935,4
398,2.7476225,1
399,0.8462328,0
400,3.090718,9
401,3.5852966,4
402,3.5427897,0
403,2.3878357,0
404,4.9839015,3
405,6.8150325,1
406,0.4702112,0
407,1.3222452,0
408,4.270758,2
409,7.9081235,7
410,3.4049923,3
411,8.429517,4
412,0.91027915,2
413,5.7102923,8
414,2.3878357,3
415,5.319918,5
416,7.250235,15
417,2.7800066,0
418,1.1047195,0
419,4.537067,1
420,2.2753518,0
421,7.6898065,8
422,8.075811,18
423,3.998427,7
424,7.7376885,9
425,7.568033,16
426,5.7464194,12
427,2.3878357,1
428,2.3878357,1
429,0.4702112,1
430,4.2701635,5
431,4.9382215,1
432,7.515565,10
433,4.170266,6
434,4.8608584,4
435,4.3804097,1
436,7.460955,6
437,6.6363606,0
438,6.2028837,5
439,0.7601344,0
440,0.4702112,0
441,7.477084,8
442,4.2324195,6
443,6.12077,14
444,3.2594392,2
445,6.9089155,10
446,0.73787254,0
447,5.093202,6
448,2.937558,0
449,7.739924,11
450,7.9673305,5
451,4.9386277,4
452,0.4702112,0
453,0.4702112,0
454,5.0157895,0
455,2.5565674,8
456,4.968127,3
457,4.3643517,2
458,6.115111,2
459,8.397227,2
460,5.454862,8
461,0.4702112,0
462,0.4702112,1
463,6.206845,3
464,6.1830754,9
465,4.795103,0
466,0.4702112,8
467,3.1020885,8
468,2.3878357,0
469,0.4702112,5
470,0.4702112,1
471,0.8643825,1
472,7.18667,4
473,6.0901017,1
474,4.8750033,7
475,5.446222,2
476,8.291132,10
477,3.6920977,0
478,5.574596,3
479,0.8450169,0
480,7.0560584,6
481,4.556106,7
482,3.3695166,7
483,6.5194097,9
484,5.3426323,0
485,2.7482126,5
486,7.5877185,8
487,0.8428969,0
488,6.2632747,12
489,7.8150096,7
490,4.786611,1
491,0.4702112,0
492,4.1232386,6
493,2.8844507,1
494,3.1583276,0
495,8.585255,10
496,3.4655297,8
497,3.607744,1
498,4.07789,3
499,1.0087638,0
500,4.329973,6
501,4.9371686,2
502,3.71296,5
503,4.106291,6
504,5.0966372,7
505,3.6392546,0
506,5.655096,1
507,0.4702112,0
508,2.9593303,2
509,7.9160476,9
510,7.7098784,10
511,4.96253,4
512,2.3878357,11
513,2.3878357,1
514,6.756387,14
515,6.0629535,4
516,7.208215,6
517,3.3657978,4
518,4.3570027,0
519,0.37915015,2
520,7.805571,10
521,3.2462895,0
522,7.1856537,5
523,5.9444995,10
524,3.1866155,4
525,7.226884,3
526,6.4231124,6
527,2.9161153,5
528,7.3304443,15
529,4.638556,8
530,0.4702112,0
531,9.890832,22
532,6.1131835,5
533,5.468032,2
534,5.941103,1
535,0.4702112,2
536,0.4702112,0
537,5.130014,8
538,1.7580575,0
539,6.837902,13
540,8.537188,11
541,5.885612,15
542,3.0979793,7
543,7.5313463,18
544,6.547774,5
545,4.9137287,4
546,4.8094187,1
547,4.2674828,0
548,3.3648088,0
549,5.0915265,3
550,3.8128088,4
551,0.4702112,0
552,6.701694,0
553,1.5812252,0
554,6.1964746,4
555,5.166017,2
556,1.3222452,0
557,4.9431787,5
558,6.804349,11
559,7.5031657,8
560,9.589902,9
561,4.7329655,3
562,7.274192,2
563,6.799992,6
564,7.822507,1
565,6.615126,3
566,2.7913783,0
567,2.4646566,0
568,2.3878357,0
569,0.4702112,0
570,2.0433066,0
571,1.3222452,0
572,8.243627,10
573,3.4005983,4
574,3.1156406,11
575,5.1688457,4
576,4.700896,8
577,2.8323257,0
578,5.385723,8
579,7.790261,8
580,7.8646665,10
581,6.3239713,7
582,5.8074336,2
583,5.2961316,14
584,7.031408,7
585,5.2068863,11
586,6.392042,4
587,6.139844,6
588,4.0881324,4
589,6.394217,6
590,0.9430285,0
591,4.925593,1
592,3.865003,0
593,0.4702112,0
594,4.851725,6
595,6.6553226,9
596,6.9599223,11
597,4.7690063,6
598,4.7715936,11
599,4.8387427,6
600,7.8057837,11
601,6.0976005,3
602,3.4222596,0
603,5.220257,0
604,3.5381777,8
605,1.8689243,0
606,4.24959,6
607,1.4393317,0
608,5.431896,9
609,5.0211515,4
610,4.4081917,6
611,9.107321,8
612,2.5633843,2
613,5.8108416,9
614,7.223199,6
615,7.6757436,10
616,6.1722455,8
617,3.914226,6
618,2.637803,0
619,3.858509,5
620,8.252595,15
621,2.2235477,0
622,4.2584314,8
623,5.2117734,12
624,7.4631925,17
625,0.4702112,0
626,2.160642,0
627,5.802003,1
628,5.6858416,2
629,7.2185793,9
630,2.0458403,0
631,1.9430507,1
632,6.115574,2
633,3.6787639,0
634,5.600508,0
635,6.0162654,0
636,1.9430507,0
637,4.9809594,10
638,2.3878357,2
639,3.3651066,3
640,4.8876,10
641,4.313913,7
642,4.3670087,5
643,8.250826,2
644,4.3957896,1
645,4.2158713,1
646,6.798515,1
647,5.607386,12
648,4.3091016,6
649,5.462419,0
650,2.7064078,1
651,8.288242,7
652,0.4702112,0
653,6.8304896,11
654,5.2081246,4
655,6.0371537,9
656,0.38214314,0
657,5.1599417,8
658,6.2793465,12
659,1.6034632,0
660,4.8133554,8
661,10.220795,13
662,0.4702112,2
663,6.2864265,6
664,1.422806,0
665,7.376555,6
666,7.494099,12
667,6.2366953,2
668,4.5200925,10
669,2.6495826,4
670,6.575011,7
671,0.4702112,1
672,2.7856524,10
673,6.5157084,7
674,3.0645757,4
675,5.9708657,4
676,4.925224,3
677,4.8405,6
678,0.4702112,0
679,4.1924653,1
680,5.5720706,2
681,1.3405288,0
682,0.4702112,3
683,1.1706091,0
684,0.4702112,0
685,0.4702112,0
686,6.427077,3
687,2.494831,10
688,0.4702112,4
689,4.0251274,9
690,5.266417,3
691,4.6098957,13
692,1.9186466,0
693,5.4822745,12
694,2.8791783,3
695,3.2696936,0
696,2.2657554,0
697,7.8621054,10
698,7.2614384,10
699,2.8928971,3
700,3.1707191,2
701,9.152816,14
702,8.122873,8
703,3.0108569,4
704,0.7067969,0
705,4.020674,1
706,4.2683425,0
707,5.224023,4
708,7.4006076,12
709,7.077124,2
710,6.4696565,11
711,6.416969,2
712,4.1343694,5
713,0.4702112,5
714,5.6728477,12
715,4.04404,2
716,9.358057,8
717,5.1399026,5
718,4.464172,5
719,5.4379573,5
720,5.041514,2
721,7.4819837,11
722,0.4702112,0
723,0.4702112,0
724,4.4154487,3
725,4.996653,0
726,5.0162234,5
727,3.5287478,6
728,0.973535,0
729,3.851261,4
730,7.727166,15
731,3.6742728,0
732,6.5655513,4
733,2.6495826,8
734,7.2098727,7
735,4.9147925,2
736,4.7409644,6
737,4.670254,4
738,7.3669686,3
739,5.1061916,3
740,0.4702112,0
741,6.4841695,13
742,1.1261456,2
743,1.5208265,0
744,0.4702112,0
745,4.56542,1
746,4.937295,4
747,2.0860138,0
748,3.677851,4
749,5.031702,1
750,3.7178957,4
751,6.9129686,9
752,2.9790237,3
753,4.669355,7
754,6.4504366,8
755,0.4702112,0
756,4.4236727,6
757,7.243115,12
758,5.4496946,9
759,3.5976124,14
760,7.6879544,9
761,3.9691796,22
762,5.4792113,0
763,4.688145,3
764,3.3978302,3
765,4.8250084,1
766,7.416631,3
767,5.5335965,7
768,1.5704701,1
769,2.3581772,15
770,4.630583,0
771,4.520666,4
772,4.623889,5
773,8.63544,13
774,5.455252,14
775,4.9202514,2
776,4.0721154,0
777,5.313273,5
778,2.3878357,1
779,4.578453,8
780,3.0861275,4
781,6.0907598,9
782,4.6310325,6
783,5.503943,3
784,7.3452773,5
785,4.3320193,7
786,5.8988557,6
787,3.9177816,0
788,6.7072177,10
789,5.020972,5
790,0.8643825,0
791,3.4736445,0
792,7.5626564,11
793,1.5111475,0
794,0.4702112,0
795,5.9596925,2
796,0.4702112,0
797,4.707805,7
798,4.6324234,9
799,3.1672707,6
800,7.161216,1
801,2.4092536,1
802,7.6453705,12
803,1.1301512,0
804,0.4702112,0
805,10.964568,6
806,7.6010556,3
807,0.7848078,0
808,7.033296,11
809,4.675265,7
810,6.645419,6
811,4.7328973,2
812,5.775351,0
813,7.0481358,9
814,0.4702112,0
815,6.662845,14
816,7.395141,10
817,7.0354943,6
818,6.2295446,9
819,1.1135328,1
820,7.1365123,7
821,3.3373358,1
822,4.2315364,4
823,2.3878357,0
824,0.4702112,0
825,5.6252623,9
826,5.2615175,4
827,4.689891,11
828,6.3243823,0
829,3.351772,4
830,1.0280287,0
831,4.3770657,6
832,2.0303364,0
833,6.2213583,7
834,7.577413,5
835,2.2348254,5
836,3.0331526,8
837,3.4465039,0
838,3.0727131,6
839,6.309244,11
840,3.6666005,1
841,3.4010367,0
842,4.1483994,7
843,7.72636,0
844,4.084868,8
845,5.554336,4
846,5.412498,0
847,5.4509263,4
848,2.8787575,2
849,6.2166295,12
850,8.671285,11
851,2.5902886,0
852,5.570632,11
853,6.573813,10
854,3.6688936,0
855,2.3878357,0
856,4.6401877,0
857,6.817227,14
858,6.541185,23
859,5.743131,7
860,9.029026,11
861,5.721173,5
862,4.6370482,0
863,2.1792045,0
864,6.6920404,7
865,2.2154434,0
866,5.047341,4
867,8.222431,10
868,2.508188,3
869,3.44577,1
870,0.4702112,0
871,2.8315418,4
872,6.240339,1
873,7.397577,10
874,6.1602554,8
875,2.3174915,0
876,5.092479,2
877,5.4822745,3
878,8.119958,7
879,10.0875025,12
880,5.252111,6
881,7.0539885,3
882,3.2230701,5
883,4.067836,6
884,0.4702112,0
885,0.4702112,13
886,4.366078,9
887,8.34834,13
888,2.0288866,4
889,2.257091,0
890,6.317805,0
891,1.2395209,4
892,6.748803,16
893,5.000397,5
894,0.4702112,0
895,5.6085167,10
896,3.8756535,0
897,5.3741593,5
898,0.4702112,0
899,7.6387887,10
900,7.074191,1
901,7.4237547,13
902,1.5704701,0
903,6.1536665,0
904,6.4911876,3
905,6.7317343,4
906,4.9596143,4
907,6.824783,7
908,3.056563,0
909,1.9949777,4
910,4.5662265,1
911,6.0137544,4
912,7.6106534,5
913,4.6593757,2
914,3.8366296,4
915,5.858887,3
916,2.3816175,9
917,5.5325317,1
918,5.1373615,5
919,6.6095977,9
920,5.2244782,4
921,4.5353317,3
922,2.3878357,0
923,4.2686343,3
924,3.8900704,1
925,2.3878357,0
926,3.8597853,1
927,7.3989387,10
928,5.823922,5
929,4.6984596,9
930,7.8025355,0
931,4.965569,1
932,6.72861,12
933,8.604153,6
934,3.339037,1
935,1.3738816,3
936,4.279584,0
937,4.883016,3
938,5.012278,8
939,5.3674445,6
940,5.39938,8
941,5.418427,3
942,5.4135175,9
943,4.866417,1
944,0.4702112,0
945,5.824083,2
946,3.76191,4
947,6.065714,2
948,5.391903,9
949,8.007521,27
950,1.9221569,0
951,0.4702112,0
952,4.0773606,3
953,1.5704701,0
954,5.057144,4
955,3.7091343,5
956,3.3638241,2
957,2.3878357,0
958,2.3731961,1
959,2.909223,0
960,7.099562,13
961,3.085298,3
962,6.6285224,4
963,4.289543,1
964,2.1831808,0
965,3.8289664,1
966,3.4729369,3
967,6.8625016,12
968,3.025437,0
969,2.4766588,1
970,4.5487847,0
971,6.857819,1
972,4.825255,4
973,4.028018,4
974,0.37915015,2
975,5.471923,9
976,5.33586,9
977,1.5704701,0
978,5.2940373,0
979,5.470341,5
980,1.3222452,0
981,6.4011073,9
982,1.861426,0
983,4.496661,8
984,4.1768613,3
985,0.4702112,0
986,5.1113462,3
987,4.316474,0
988,6.615208,3
989,3.0348418,2
990,3.5416782,0
991,6.604113,10
992,4.983341,3
993,2.3878357,0
994,1.1081226,0
995,0.4702112,0
996,3.602084,9
997,7.010424,10
998,6.3227105,11
999,7.5265384,7
1000,4.5523057,1
1001,6.711981,8
1002,6.306082,8
1003,3.0074708,3
1004,7.005736,16
1005,1.1750457,4
1006,3.9434555,14
1007,6.5587544,14
1008,0.4702112,0
1009,8.374383,16
1010,6.8640513,3
1011,4.191776,0
1012,5.1390405,1
1013,7.281051,6
1014,0.4702112,0
1015,4.086282,3
1016,6.8274236,16
1017,7.214546,4
1018,2.3878357,0
1019,3.1283758,0
1020,6.9074435,12
1021,2.6773057,0
1022,4.7764974,6
1023,2.4659295,13
1024,5.941301,6
1025,5.239065,5
1026,2.3819427,0
1027,1.2159476,2
1028,0.4702112,0
1029,6.448917,5
1030,6.028155,10
1031,5.2002673,3
1032,3.6920977,4
1033,5.5670953,3
1034,3.1647322,10
1035,9.229632,12
1036,6.349048,8
1037,5.1606717,9
1038,7.032084,5
1039,0.4702112,0
1040,3.7067463,8
1041,4.818938,4
1042,4.833714,3
1043,3.711942,1
1044,4.5283847,1
1045,5.5723243,1
1046,6.575527,18
1047,1.1236496,2
1048,5.8796997,4
1049,7.8378415,10
1050,5.6443124,6
1051,1.1047195,0
1052,3.5734205,0
1053,3.9679048,5
1054,1.8179802,0
1055,8.439503,9
1056,1.8399442,0
1057,4.1583314,3
1058,1.2552481,0
1059,1.9687937,0
1060,5.0602503,11
1061,2.9396422,2
1062,1.1081226,0
1063,3.6936176,7
1064,1.2589954,4
1065,4.884888,5
1066,5.157663,4
1067,3.909776,2
1068,7.8180676,10
1069,1.1081226,6
1070,1.1577926,0
1071,3.8206913,4
1072,3.9024465,1
1073,0.77286786,1
1074,6.05419,5
1075,4.1651115,8
1076,2.4273913,2
1077,4.2711377,2
1078,3.4716904,3
1079,7.973179,9
1080,6.0311584,3
1081,3.7633746,0
1082,5.0865192,1
1083,2.648189,0
1084,4.1539183,0
1085,3.7592523,9
1086,0.77286786,2
1087,2.3878357,2
1088,0.4702112,1
1089,5.142014,7
1090,5.5702233,1
1091,4.3837194,2
1092,0.4702112,0
1093,5.387663,0
1094,5.239927,2
1095,6.187383,2
1096,1.2159476,0
1097,2.2108872,0
1098,6.4289894,9
1099,0.4702112,0
1100,6.8066216,11
1101,5.067559,4
1102,6.945144,0
1103,0.4702112,4
1104,3.505453,5
1105,5.1498237,6
1106,2.7585633,2
1107,3.8075383,1
1108,0.4702112,0
1109,9.022553,11
1110,3.8777199,13
1111,3.7160535,6
1112,0.4702112,0
1113,5.584577,0
1114,2.936253,7
1115,2.2988913,8
1116,0.4702112,0
1117,6.8740644,4
1118,2.2493834,0
1119,5.5210695,5
1120,2.3558218,0
1121,0.37915015,2
1122,6.0819774,7
1123,10.177852,11
1124,3.5966556,6
1125,5.0673795,5
1126,3.7133384,3
1127,6.0711904,4
1128,5.9988856,10
1129,5.67662,0
1130,4.2490907,2
1131,5.54845,11
1132,6.8743615,10
1133,2.7142224,3
1134,1.3222452,0
1135,4.9434347,9
1136,5.357447,1
1137,2.4256747,0
1138,4.925764,2
1139,4.8412623,8
1140,0.4702112,0
1141,5.8982215,3
1142,1.3701338,0
1143,5.429926,8
1144,3.1443017,2
1145,5.1895866,3
1146,0.4702112,0
1147,3.8632731,1
1148,6.627965,8
1149,5.8507104,6
1150,7.623011,0
1151,6.7653165,6
1152,0.4702112,0
1153,4.0456214,6
1154,6.821528,0
1155,6.269702,8
1156,3.932575,1
1157,3.8581455,6
1158,6.672747,5
1159,5.6932693,10
1160,5.0816746,4
1161,4.2803383,8
1162,4.66779,1
1163,5.062472,8
1164,0.4702112,0
1165,7.413834,6
1166,6.8236136,3
1167,3.1361387,0
1168,3.0631073,10
1169,2.0421305,0
1170,4.8205876,0
1171,6.7667184,5
1172,5.047575,2
1173,5.944108,6
1174,3.9958177,3
1175,0.4702112,0
1176,2.4012463,0
1177,5.781073,4
1178,4.2174745,12
1179,6.9334793,7
1180,4.805719,0
1181,4.7267537,0
1182,5.246872,11
1183,2.9145901,1
1184,4.334557,6
1185,3.2073302,0
1186,2.6534255,1
1187,5.871243,10
1188,5.441135,3
1189,3.9369974,6
1190,5.779761,3
1191,6.879727,7
1192,2.7868183,7
1193,1.0621356,0
1194,8.506912,15
1195,5.298433,5
1196,2.3443727,1
1197,6.3218274,8
1198,7.3945384,15
1199,2.3878357,0
1200,5.9686875,12
1201,5.4429393,5
1202,7.274273,14
1203,6.863016,1
1204,5.686619,7
1205,3.5535214,13
1206,5.8409886,8
1207,5.3455358,2
1208,3.3598738,0
1209,3.2270586,0
1210,6.1372285,7
1211,6.7702656,9
1212,4.1789646,7
1213,3.7702868,5
1214,5.879054,8
1215,1.0087638,0
1216,4.95166,5
1217,7.7879467,15
1218,4.2908072,3
1219,6.50423,8
1220,4.655895,6
1221,8.589309,11
1222,2.3878357,3
1223,8.706392,10
1224,8.499141,12
1225,4.608592,4
1226,1.0968821,1
1227,4.2324004,0
1228,4.561164,9
1229,1.7948223,0
1230,4.3656516,2
1231,6.6600266,0
1232,5.3747287,0
1233,4.7006516,3
1234,0.37915015,0
1235,9.463285,12
1236,5.049455,2
1237,1.0280287,0
1238,5.7454734,9
1239,3.5010064,8
1240,0.4702112,0
1241,5.4651103,2
1242,5.6304407,9
1243,5.988352,4
1244,3.6527596,2
1245,5.9029098,3
1246,7.836338,16
1247,9.593715,11
1248,9.020507,3
1249,3.1539183,1
1250,2.3878357,0
1251,3.2736926,7
1252,2.1194875,1
1253,3.9190943,0
1254,3.7436676,4
1255,4.747101,3
1256,2.508188,0
1257,7.735303,9
1258,8.1595335,6
1259,6.0184793,7
1260,4.9868855,1
1261,7.3953867,3
1262,0.4702112,1
1263,6.501785,13
1264,4.301581,6
1265,4.7881866,2
1266,9.486452,9
1267,5.277489,3
1268,2.3878357,7
1269,1.8181919,0
1270,3.0618055,4
1271,6.969578,1
1272,0.973535,0
1273,1.1970644,1
1274,1.6324238,1
1275,5.7401795,10
1276,5.159388,8
1277,2.6297808,0
1278,4.6453843,7
1279,5.538304,4
1280,3.021338,1
1281,5.079475,1
1282,5.4219117,5
1283,4.579955,4
1284,2.3878357,1
1285,4.6589284,8
1286,2.3878357,0
1287,1.1706091,0
1288,4.790502,4
1289,2.366315,0
1290,4.4955645,3
1291,2.5414913,4
1292,4.719697,3
1293,4.3957896,1
1294,6.575664,5
1295,5.0056896,3
1296,4.7309766,8
1297,5.458731,2
1298,5.6092744,4
1299,4.025891,0
1300,1.5704701,0
1301,4.1209106,0
1302,4.0087295,8
1303,7.4921303,2
1304,0.4702112,0
1305,4.9506345,3
1306,0.4702112,0
1307,4.867667,2
1308,4.735472,16
1309,3.085235,2
1310,2.9946623,1
1311,7.8094087,11
1312,0.4702112,0
1313,4.474417,4
1314,4.49556,7
1315,7.6257405,13
1316,6.159202,7
1317,5.785012,7
1318,4.8086915,0
1319,8.761319,15
1320,5.7115245,3
1321,7.3144736,1
1322,1.0676725,0
1323,4.031672,2
1324,5.808953,0
1325,5.3527803,1
1326,6.511217,7
1327,4.7515926,11
1328,8.955612,9
1329,3.8795578,2
1330,7.190793,11
1331,7.588335,7
1332,6.079762,4
1333,0.4702112,0
1334,1.4966992,1
1335,4.7622795,2
1336,7.032952,8
1337,4.2958174,6
1338,5.1540384,0
1339,6.3470387,2
1340,4.5579276,2
1341,4.61307,0
1342,3.2696936,9
1343,4.8429174,9
1344,2.3878357,2
1345,7.419817,4
1346,7.638143,4
1347,1.1261456,0
1348,2.4834628,7
1349,3.0081556,1
1350,0.8643825,2
1351,0.38214314,1
1352,6.769921,13
1353,5.010077,7
1354,6.5883803,2
1355,7.663761,8
1356,4.6453843,5
1357,9.623433,9
1358,1.5196934,0
1359,4.198608,0
1360,4.6530013,6
1361,7.1808257,0
1362,6.7876096,6
1363,7.716711,12
1364,3.7172036,1
1365,2.3878357,1
1366,8.504762,13
1367,6.3137527,10
1368,4.13647,9
1369,4.2793727,0
1370,8.235094,6
1371,5.0219717,8
1372,6.1136894,6
1373,2.1206083,0
1374,5.734885,5
1375,3.5315309,5
1376,8.603053,6
1377,5.6979585,13
1378,3.634788,13
1379,3.084968,9
1380,4.9603534,0
1381,4.538644,0
1382,7.0198693,9
1383,2.820476,1
1384,6.822348,9
1385,1.0427238,0
1386,6.981051,7
1387,1.9332925,0
1388,6.217299,2
1389,2.9556825,1
1390,4.8077145,3
1391,4.647922,7
1392,6.4185934,2
1393,3.5789142,1
1394,2.4649704,1
1395,0.4702112,0
1396,6.235738,1
1397,5.8271217,13
1398,6.269382,12
1399,1.0052289,0
1400,1.1301512,0
1401,2.0710194,0
1402,5.225089,17
1403,6.9891124,0
1404,1.0853053,0
1405,5.614213,7
1406,6.470394,8
1407,1.0052289,2
1408,5.83672,6
1409,4.3074417,8
1410,0.4702112,0
1411,5.45379,0
1412,5.8160295,14
1413,2.7850075,0
1414,5.6200433,7
1415,4.5688777,6
1416,4.0673966,4
1417,2.3878357,3
1418,9.382274,15
1419,4.8350024,2
1420,4.4634,5
1421,3.0306742,1
1422,6.2179427,3
1423,4.191776,0
1424,2.3878357,0
1425,5.7236714,10
1426,4.0109897,2
1427,7.277951,7
1428,3.9437032,6
1429,3.9694207,3
1430,6.105829,3
1431,2.6264567,0
1432,5.1933427,5
1433,7.6073627,5
1434,5.261276,4
1435,0.4702112,0
1436,7.0106044,4
1437,4.726687,8
1438,4.974381,0
1439,5.01121,7
1440,4.0971603,3
1441,0.4702112,0
1442,0.4702112,0
1443,6.016239,15
1444,8.021172,13
1445,3.3381803,5
1446,6.5512786,3
1447,4.416084,0
1448,3.4177992,1
1449,1.5500263,2
1450,6.2563353,3
1451,8.369048,14
1452,5.2508907,8
1453,6.9803376,5
1454,2.1534023,1
1455,7.669689,1
1456,0.40893286,0
1457,4.327246,0
1458,2.3878357,2
1459,3.2987015,1
1460,6.9721684,14
1461,4.2235065,10
1462,4.6794024,2
1463,3.9276807,2
1464,1.5160588,2
1465,8.600469,15
1466,0.4702112,10
1467,6.0959964,10
1468,4.083195,0
1469,4.9974036,0
1470,8.694909,5
1471,7.435686,7
1472,6.030264,10
1473,5.7400293,2
1474,0.6282514,0
1475,5.335016,9
1476,4.45311,4
1477,8.796895,11
1478,6.392305,4
1479,5.3754616,2
1480,4.9770303,0
1481,6.301337,5
1482,0.56399405,0
1483,0.4702112,0
1484,5.0989623,3
1485,5.574596,11
1486,4.3629045,2
1487,5.8105707,0
1488,4.6158166,5
1489,6.060855,4
1490,4.844371,4
1491,7.4433703,9
1492,6.2132177,13
1493,7.6224437,9
1494,6.8466034,4
1495,4.6706076,3
1496,5.1420293,7
1497,7.2024684,13
1498,1.4980057,1
1499,2.0421305,8
1500,4.021527,0
1501,4.55292,2
1502,0.4702112,0
1503,2.4204633,0
1504,0.4702112,0
1505,4.9530134,3
1506,1.494468,0
1507,5.5050483,3
1508,5.7395806,8
1509,8.552825,7
1510,5.8595567,2
1511,3.4369411,3
1512,5.1883307,3
1513,5.365173,1
1514,8.352213,12
1515,4.9883437,0
1516,6.803629,10
1517,2.4326606,13
1518,4.8972936,3
1519,5.9967523,0
1520,3.6014128,0
1521,5.947696,9
1522,2.3878357,2
1523,6.5207915,8
1524,4.6835217,5
1525,7.7579203,11
1526,6.051204,1
1527,6.4229426,3
1528,0.4702112,0
1529,4.856419,5
1530,5.4211483,8
1531,6.3911014,9
1532,4.9479756,5
1533,1.2245541,3
1534,5.379355,5
1535,5.467589,10
1536,4.2793775,2
1537,4.3171644,3
1538,4.098626,4
1539,1.1577926,1
1540,3.8265224,1
1541,4.2860265,1
1542,4.829788,0
1543,7.5175133,0
1544,6.2061477,9
1545,3.8265224,8
1546,2.3878357,1
1547,6.6316733,4
1548,3.5416458,1
1549,4.0426702,1
1550,4.0162406,12
1551,5.4341645,9
1552,2.7155337,2
1553,4.4645433,3
1554,6.692531,12
1555,7.024946,13
1556,4.9551597,4
1557,6.3551865,0
1558,5.3479724,9
1559,5.0535264,3
1560,1.5196934,2
1561,4.4381237,2
1562,0.7848078,0
1563,9.162411,12
1564,1.8999211,1
1565,4.126363,0
1566,3.3590646,0
1567,0.4702112,0
1568,1.1658889,0
1569,5.2446303,11
1570,2.2270927,7
1571,6.3670926,11
1572,2.0237184,3
1573,5.8668494,7
1574,4.549799,5
1575,6.7021456,8
1576,4.6349964,5
1577,3.810007,1
1578,1.369858,0
1579,2.506608,0
1580,5.3535895,4
1581,0.4702112,0
1582,2.3878357,0
1583,0.8643825,0
1584,4.824658,5
1585,6.3279557,14
1586,0.4702112,0
1587,6.385015,3
1588,1.0052289,0
1589,0.43693,0
1590,2.3878357,0
1591,6.249338,2
1592,6.6807365,0
1593,4.177904,6
1594,3.9648418,1
1595,0.4702112,0
1596,8.216489,14
1597,4.1405087,0
1598,5.627396,6
1599,1.7189345,0
1600,7.4832034,9
1601,7.91547,2
1602,4.798836,6
1603,7.331641,12
1604,2.3878357,0
1605,7.239426,3
1606,6.4723845,5
1607,7.199947,5
1608,5.6224656,5
1609,6.318446,3
1610,4.055679,4
1611,8.246654,6
1612,3.8120244,1
1613,6.002129,7
1614,8.39111,1
1615,5.850648,4
1616,6.289846,4
1617,2.3878357,0
1618,2.6414177,1
1619,8.853627,8
1620,2.4382274,5
1621,4.921954,4
1622,4.050271,3
1623,6.266318,1
1624,2.169179,3
1625,4.0750394,4
1626,7.906983,7
1627,3.597788,0
1628,2.2914956,4
1629,5.336612,6
1630,3.6929028,0
1631,7.691001,11
1632,3.8565345,0
1633,4.7337284,0
1634,7.3016763,8
1635,5.4860644,2
1636,5.149533,7
1637,6.6574183,2
1638,4.17333,6
1639,5.153559,10
1640,2.8633928,11
1641,2.3878357,3
1642,7.5206513,5
1643,1.663946,0
1644,2.5394883,0
1645,7.191867,12
1646,0.4702112,0
1647,6.362601,10
1648,6.107352,13
1649,1.5704701,1
1650,2.0233772,3
1651,4.1116347,5
1652,0.4702112,0
1653,0.77286786,0
1654,2.7238595,1
1655,4.260549,4
1656,2.4762766,2
1657,4.555232,1
1658,0.4702112,0
1659,3.7963045,3
1660,2.7748358,0
1661,3.930865,6
1662,6.9521427,2
1663,1.9669043,2
1664,7.3858,0
1665,4.9830747,5
1666,4.3448424,2
1667,7.632364,13
1668,1.1236496,0
1669,1.4988889,1
1670,6.38932,11
1671,8.396199,12
1672,3.078965,3
1673,5.1572814,6
1674,4.188844,8
1675,5.989748,7
1676,2.9436188,3
1677,5.6393037,2
1678,6.9646325,15
1679,6.6188626,8
1680,5.982474,5
1681,3.902909,0
1682,6.916263,11
1683,3.4428952,4
1684,0.4702112,0
1685,4.091859,2
1686,5.363174,4
1687,0.4702112,0
1688,0.4702112,0
1689,1.3099123,1
1690,3.8541772,3
1691,5.898123,8
1692,3.5215995,8
1693,4.3964067,6
1694,6.7642584,2
1695,4.321615,7
1696,8.114189,10
1697,7.0849996,11
1698,5.5724826,5
1699,6.9755473,7
1700,6.541601,10
1701,5.1024184,15
1702,6.161739,2
1703,0.4702112,1
1704,4.593827,9
1705,0.4702112,0
1706,0.4702112,0
1707,4.831249,2
1708,5.565474,5
1709,6.5685296,3
1710,7.098408,13
1711,2.563948,0
1712,5.140632,3
1713,7.4595757,9
1714,5.772194,5
1715,2.3878357,0
1716,4.5910883,9
1717,7.348555,2
1718,5.7594676,2
1719,3.556238,11
1720,4.338859,4
1721,0.7067969,0
1722,4.5380893,8
1723,4.9638205,2
1724,4.919371,4
1725,3.155371,10
1726,5.7464194,11
1727,0.4702112,0
1728,0.4702112,0
1729,4.7779994,1
1730,4.675742,0
1731,7.0112457,0
1732,4.955157,6
1733,2.6228533,1
1734,8.356057,7
1735,0.4702112,0
1736,6.5926843,7
1737,0.4702112,0
1738,1.1972331,2
1739,5.833242,2
1740,6.9648905,8
1741,0.4702112,0
1742,0.973535,0
1743,4.961896,19
1744,6.648682,8
1745,7.313846,3
1746,1.0052289,0
1747,5.3770294,5
1748,4.944264,4
1749,6.0369554,5
1750,4.7556224,9
1751,7.934516,11
1752,4.799759,6
1753,6.519174,13
1754,9.814087,10
1755,2.2921562,0
1756,7.6431766,7
1757,3.4236076,4
1758,3.9848945,7
1759,7.215608,6
1760,0.4702112,0
1761,9.423014,9
1762,2.682984,4
1763,2.7811937,0
1764,4.6496034,6
1765,7.5172534,4
1766,8.34774,7
1767,4.356586,5
1768,5.071088,8
1769,5.370622,0
1770,8.504854,9
1771,7.4105372,9
1772,0.93474215,7
1773,0.7848078,0
1774,4.891962,0
1775,6.8824534,2
1776,0.4702112,0
1777,2.0619802,13
1778,3.976016,0
1779,4.906254,6
1780,4.1318145,3
1781,3.7085998,9
1782,0.78784543,0
1783,7.844732,17
1784,3.4396307,3
1785,4.7779994,12
1786,5.183128,9
1787,8.701653,7
1788,1.3099123,1
1789,5.2487607,5
1790,7.532992,6
1791,1.0087638,0
1792,5.3581514,0
1793,9.073089,8
1794,6.8511653,7
1795,9.305638,9
1796,4.6500874,6
1797,4.710333,8
1798,4.562559,2
1799,3.100351,8
1800,5.554639,3
1801,4.455753,5
1802,9.0266485,8
1803,6.8794227,9
1804,0.22643442,0
1805,5.8835874,2
1806,4.127811,4
1807,2.3878357,2
1808,6.592589,3
1809,4.5261955,1
1810,4.4465957,0
1811,6.800955,17
1812,5.0391426,9
1813,3.4691882,1
1814,8.839717,9
1815,0.4702112,0
1816,5.9186325,7
1817,4.8447385,6
1818,5.323617,4
1819,6.456978,7
1820,0.68831766,0
1821,5.4306726,7
1822,5.031304,7
1823,1.8519495,0
1824,6.190226,3
1825,6.2931924,5
1826,1.7746574,0
1827,5.116486,8
1828,6.976657,7
1829,0.38214314,0
1830,4.258681,8
1831,8.0396385,0
1832,0.37915015,0
1833,4.0209775,0
1834,4.25669,2
1835,6.5461936,6
1836,2.3878357,0
1837,8.029837,11
1838,4.991612,2
1839,4.292404,11
1840,4.899751,8
1841,6.9190993,9
1842,7.653086,9
1843,4.528952,2
1844,7.515987,9
1845,1.9268649,4
1846,6.5695,3
1847,4.557677,7
1848,0.4702112,0
1849,0.4702112,1
1850,7.021234,7
1851,3.58007,0
1852,6.5766883,5
1853,3.8916824,0
1854,4.379013,3
1855,5.005382,10
1856,0.4702112,0
1857,4.358619,3
1858,0.4702112,0
1859,8.439197,8
1860,6.6922936,13
1861,1.5082825,0
1862,4.907271,4
1863,3.0952234,1
1864,4.1661677,2
1865,5.1124244,12
1866,4.1329217,2
1867,0.4702112,0
1868,5.411098,11
1869,6.052497,3
1870,4.8690324,1
1871,5.433193,14
1872,3.1672142,4
1873,2.3878357,0
1874,3.307342,2
1875,5.3996844,1
1876,3.773125,3
1877,4.2528033,6
1878,6.666121,11
1879,4.2782245,4
1880,3.939098,3
1881,5.2288203,4
1882,7.7533402,10
1883,0.4702112,0
1884,6.3613334,7
1885,5.3581514,10
1886,5.480224,7
1887,4.761826,11
1888,3.7084599,2
1889,7.347075,6
1890,4.2379856,0
1891,0.4702112,0
1892,5.3268814,6
1893,5.885718,3
1894,3.961411,0
1895,8.581325,17
1896,5.042648,10
1897,5.9366503,8
1898,5.970926,1
1899,8.14994,4
1900,6.305378,2
1901,5.5225606,4
1902,1.2805375,0
1903,6.6231647,10
1904,6.155761,0
1905,4.016376,0
1906,4.580024,0
1907,6.345558,1
1908,8.105813,14
1909,4.442498,6
1910,4.3599787,1
1911,5.001288,8
1912,2.5701861,2
1913,1.1934428,1
1914,4.6397834,2
1915,6.3222466,2
1916,5.642325,3
1917,6.2523446,1
1918,8.158113,2
1919,5.9902053,8
1920,7.7048783,8
1921,8.7436075,12
1922,5.962759,2
1923,7.8300443,8
1924,4.854199,1
1925,2.5111763,0
1926,5.4668517,9
1927,8.470488,12
1928,5.3591824,2
1929,6.7867475,0
1930,5.057144,11
1931,4.0895557,3
1932,4.4203544,5
1933,1.2657479,4
1934,2.5206907,0
1935,5.9830174,3
1936,7.0958877,8
1937,6.6954236,7
1938,5.574596,3
1939,4.1084433,3
1940,1.6327802,5
1941,5.539562,4
1942,6.0788617,6
1943,1.5704701,0
1944,2.3878357,3
1945,8.06821,5
1946,7.6063666,14
1947,5.666208,5
1948,3.5795069,0
1949,3.8983305,10
1950,1.0052289,2
1951,1.0280287,7
1952,4.9842544,0
1953,0.4702112,2
1954,4.0778847,8
1955,5.764099,7
1956,2.1392586,8
1957,3.5097997,2
1958,1.2632802,2
1959,3.3980365,3
1960,4.491275,2
1961,7.0887885,11
1962,8.01417,13
1963,6.274201,4
1964,6.1184926,7
1965,5.428942,0
1966,5.115069,2
1967,1.342556,4
1968,4.139133,2
1969,3.4696681,0
1970,7.135288,5
1971,4.8032727,7
1972,4.093559,8
1973,4.5357237,1
1974,2.0314302,0
1975,4.232367,8
1976,0.9286368,1
1977,6.6400113,5
1978,0.4702112,0
1979,9.28811,8
1980,4.2828555,7
1981,8.459189,10
1982,1.0280287,0
1983,5.5459437,8
1984,7.5799074,7
1985,5.911425,11
1986,10.3894615,26
1987,5.9882984,2
1988,2.3878357,2
1989,4.802068,2
1990,5.574596,3
1991,0.4702112,0
1992,5.500133,3
1993,3.1454878,5
1994,0.4702112,1
1995,4.769469,5
1996,1.4106508,4
1997,0.4702112,0
1998,3.01233,4
1999,2.270704,0
2000,4.1095314,3
2001,6.1033773,3
2002,0.4702112,0
2003,5.802003,6
2004,0.4702112,0
2005,6.900467,20
2006,7.8874626,14
2007,4.2247443,6
2008,5.7788143,3
2009,2.8917778,3
2010,5.685146,7
2011,6.1562295,11
2012,5.709161,6
2013,0.4702112,0
2014,0.91027915,0
2015,2.4240053,1
2016,7.7225204,5
2017,3.8824627,7
2018,7.4465165,9
2019,5.785397,3
2020,3.6909428,0
2021,0.6282514,3
2022,5.723954,5
2023,4.587503,2
2024,7.3775363,0
2025,7.8525624,10
2026,5.2835517,11
2027,7.162045,7
2028,6.8252015,4
2029,2.2839172,4
2030,3.6679585,5
2031,4.4190364,5
2032,0.4702112,0
2033,2.3878357,1
2034,3.1605592,4
2035,1.5196934,0
2036,9.86713,8
2037,4.9679027,7
2038,6.2099547,1
2039,6.219295,12
2040,0.4702112,1
2041,4.2401304,6
2042,2.3878357,0
2043,4.747602,1
2044,6.3902636,9
2045,4.6700816,4
2046,4.018248,2
2047,0.4702112,0
2048,7.1618505,3
2049,4.900149,2
2050,8.657527,10
2051,2.9091403,4
2052,1.637369,1
2053,5.546981,1
2054,0.4702112,0
2055,3.7010233,6
2056,5.408192,6
2057,4.329888,6
2058,5.17991,0
2059,4.925593,2
2060,2.3878357,0
2061,3.4249017,0
2062,4.724601,4
2063,1.9186466,0
2064,6.4707117,4
2065,3.5407178,3
2066,5.084356,4
2067,3.7022738,4
2068,4.8728642,1
2069,3.7405465,1
2070,6.7176948,5
2071,5.3929763,6
2072,5.053681,5
2073,5.5102043,10
2074,0.38214314,0
2075,6.8371253,3
2076,6.011867,0
2077,5.2083473,7
2078,3.4625957,0
2079,5.377669,3
2080,7.410603,11
2081,4.9263234,1
2082,7.31692,5
2083,4.0323944,5
2084,4.377285,4
2085,7.1871266,13
2086,5.017588,2
2087,4.939899,8
2088,0.4702112,0
2089,6.773721,5
2090,3.1553857,2
2091,5.4395547,0
2092,3.2543824,4
2093,8.039277,11
2094,5.5339074,3
2095,0.4702112,0
2096,7.7343,1
2097,1.494468,0
2098,4.982881,11
2099,5.5961213,2
2100,4.4048743,8
2101,5.1667233,3
2102,8.107269,9
2103,6.9605927,15
2104,0.98287547,0
2105,4.366285,3
2106,4.159779,3
2107,0.4702112,5
2108,8.733384,7
2109,0.37915015,0
2110,4.811957,6
2111,6.5718007,10
2112,6.2823405,5
2113,3.5871103,4
2114,4.865169,2
2115,4.0030737,3
2116,4.8086915,0
2117,4.635609,5
2118,4.6897063,3
2119,5.9210625,8
2120,1.369858,1
2121,7.2352695,3
2122,4.955362,5
2123,0.4702112,0
2124,1.5704701,0
2125,0.8428969,0
2126,5.6317906,9
2127,6.453182,3
2128,3.4066422,8
2129,6.599591,0
2130,5.5874057,6
2131,6.0689416,13
2132,6.5431395,0
2133,7.1641088,7
2134,2.9719164,4
2135,6.542618,9
2136,5.9612746,8
2137,5.241436,8
2138,4.7907543,8
2139,2.7175207,0
2140,4.09894,8
2141,8.113556,10
2142,3.5637596,5
2143,0.4702112,0
2144,9.978534,11
2145,0.4702112,0
2146,5.2507987,11
2147,0.4702112,0
2148,6.2690487,10
2149,1.0052289,4
2150,2.0421305,0
2151,2.3878357,1
2152,2.8507502,5
2153,6.170364,6
2154,6.234804,1
2155,4.8332458,1
2156,3.5701401,5
2157,1.9912697,0
2158,1.1972331,0
2159,2.722395,5
2160,9.021169,11
2161,5.4128575,6
2162,6.4835367,10
2163,3.2426066,0
2164,2.975089,3
2165,5.293967,5
2166,9.523479,14
2167,5.2382846,12
2168,2.7936928,0
2169,1.0391743,0
2170,1.0052289,1
2171,3.73694,5
2172,4.366078,0
2173,5.3120112,2
2174,3.7794716,2
2175,7.4330707,15
2176,2.3878357,11
2177,3.6377592,0
2178,4.952119,0
2179,6.277943,11
2180,6.0546317,11
2181,5.315264,9
2182,0.4702112,0
2183,6.682666,11
2184,0.4702112,0
2185,6.0106044,2
2186,6.231575,3
2187,5.539446,5
2188,5.0262456,10
2189,5.162414,4
2190,0.77286786,0
2191,1.8789684,1
2192,5.846121,11
2193,4.1434526,4
2194,4.4089155,3
2195,6.064611,9
2196,6.1567755,4
2197,6.0958276,10
2198,3.3999321,3
2199,3.2477975,2
2200,6.504476,4
2201,5.2004046,3
2202,0.4702112,0
2203,4.0041676,7
2204,0.4702112,0
2205,5.4553776,3
2206,2.425402,0
2207,0.40893286,4
2208,2.2377164,0
2209,7.1080565,8
2210,3.390436,0
2211,0.4702112,1
2212,6.104777,4
2213,1.3405288,1
2214,6.8206263,9
2215,3.041992,5
2216,3.5259237,2
2217,8.477771,7
2218,5.686785,12
2219,2.4031868,7
2220,3.7415583,3
2221,7.2405066,8
2222,6.427753,2
2223,3.2567196,8
2224,4.189598,3
2225,0.4702112,0
2226,1.0954875,7
2227,5.992517,4
2228,7.030805,0
2229,2.5873625,4
2230,2.3878357,5
2231,6.864908,9
2232,2.3878357,19
2233,7.92871,9
2234,3.843135,6
2235,2.939117,2
2236,4.567128,11
2237,5.071734,8
2238,1.1807846,0
2239,0.4702112,0
2240,5.4023705,4
2241,1.9208869,4
2242,4.7785144,7
2243,2.3878357,0
2244,2.2682076,4
2245,6.4751735,3
2246,4.8906684,2
2247,1.1816818,0
2248,2.3878357,3
2249,5.763381,10
2250,0.4702112,0
2251,4.80386,1
2252,1.930384,11
2253,2.3878357,0
2254,4.4680634,5
2255,7.583724,9
2256,7.9782033,11
2257,4.326677,4
2258,5.4483237,4
2259,7.3748555,7
2260,0.4702112,0
2261,7.4198785,6
2262,5.825624,0
2263,4.7628026,3
2264,5.223024,7
2265,2.5465064,1
2266,3.379917,5
2267,7.9679885,14
2268,3.5607812,7
2269,5.575269,7
2270,5.9432693,2
2271,3.3239117,16
2272,5.3831673,7
2273,4.2250133,10
2274,5.5978847,5
2275,7.3818135,15
2276,4.359678,3
2277,0.5145968,0
2278,8.556444,8
2279,1.2322186,0
2280,5.8105707,6
2281,4.208061,5
2282,2.9311948,4
2283,5.753414,4
2284,8.0396385,13
2285,4.3493066,7
2286,6.856131,20
2287,9.279003,13
2288,3.9629865,2
2289,3.6454988,3
2290,7.8861237,10
2291,2.3878357,5
2292,0.973535,2
2293,7.1808257,5
2294,5.4766927,3
2295,0.4702112,0
2296,4.361292,6
2297,3.66476,2
2298,4.4687486,4
2299,0.4702112,0
2300,4.0743537,4
2301,3.4743383,4
2302,4.1453757,3
2303,1.0087638,0
2304,0.4702112,0
2305,6.859744,9
2306,6.384457,8
2307,2.3878357,0
2308,7.307528,1
2309,4.8690324,0
2310,6.16347,1
2311,6.8215814,0
2312,4.301764,3
2313,5.790637,6
2314,5.3527803,14
2315,0.56399405,0
2316,7.208778,5
2317,3.200878,0
2318,4.1462536,0
2319,3.1151116,1
2320,4.94828,0
2321,7.2243466,12
2322,6.968663,5
2323,6.223703,1
2324,5.8314424,7
2325,3.90459,0
2326,5.3885574,4
2327,4.4615273,22
2328,0.4702112,0
2329,6.524904,6
2330,5.494466,5
2331,7.5623784,4
2332,8.085748,8
2333,1.5704701,1
2334,4.803843,2
2335,6.5604687,7
2336,1.6438857,6
2337,6.53816,10
2338,4.3863187,7
2339,2.3878357,0
2340,6.267053,3
2341,0.4702112,0
2342,7.9997225,9
2343,1.2805375,0
2344,3.889805,0
2345,2.511155,2
2346,1.1301512,1
2347,6.8134775,5
2348,6.81688,1
2349,3.4447572,6
2350,7.292663,1
2351,4.485617,6
2352,5.303412,0
2353,4.55417,4
2354,3.8683202,2
2355,5.668451,8
2356,6.797807,9
2357,8.180565,12
2358,7.176855,6
2359,3.620458,11
2360,5.554419,4
2361,0.7067969,0
2362,6.750227,10
2363,3.1231291,2
2364,4.870543,5
2365,4.709468,2
2366,5.324528,2
2367,6.693913,8
2368,7.4585986,10
2369,5.2424016,9
2370,5.8534837,6
2371,2.3878357,0
2372,8.184949,12
2373,3.6815612,1
2374,4.0918736,8
2375,7.270509,4
2376,1.7347244,0
2377,2.3878357,0
2378,6.7828746,7
2379,5.2064595,12
2380,6.2524157,9
2381,6.1140094,7
2382,4.2330666,1
2383,4.2450805,0
2384,2.8091285,6
2385,1.3405288,1
2386,6.637877,3
2387,0.4702112,0
2388,8.948338,10
2389,2.7312603,14
2390,5.0313125,6
2391,0.4702112,0
2392,3.235895,2
2393,2.3878357,3
2394,6.720227,12
2395,3.0366123,3
2396,8.961628,13
2397,4.7302794,2
2398,5.51529,1
2399,6.8756957,0
2400,2.7608726,1
2401,7.415609,12
2402,3.5546947,3
2403,5.837533,3
2404,5.238976,8
2405,7.201725,7
2406,3.8539703,3
2407,0.80186254,0
2408,6.8753033,3
2409,5.153383,7
2410,2.3878357,2
2411,3.90459,0
2412,8.055301,0
2413,3.976054,0
2414,2.6319482,0
2415,5.6914554,3
2416,6.2566867,9
2417,6.7466226,10
2418,0.4702112,0
2419,9.314731,13
2420,3.7293038,2
2421,4.0324335,1
2422,5.433996,2
2423,0.4702112,0
2424,1.3405288,0
2425,5.4822745,4
2426,4.613649,7
2427,5.483282,4
2428,4.8067803,5
2429,5.3758426,4
2430,5.3299384,2
2431,4.9343925,9
2432,4.534431,4
2433,1.1519573,0
2434,6.0011106,7
2435,4.260949,2
2436,6.6469617,2
2437,1.1236496,1
2438,3.0070963,4
2439,4.085251,9
2440,7.2906694,3
2441,3.9348478,1
2442,2.3684247,0
2443,7.739738,8
2444,2.3878357,0
2445,5.223332,4
2446,2.0116615,0
2447,0.7067969,0
2448,5.9018035,8
2449,4.26392,3
2450,0.4702112,0
2451,5.026307,2
2452,3.620458,0
2453,4.4572124,5
2454,3.8266876,3
2455,4.9105334,6
2456,8.400552,7
2457,0.4702112,0
2458,0.4702112,0
2459,1.4443659,0
2460,3.913312,2
2461,3.3787487,0
2462,1.494468,0
2463,7.905661,12
2464,5.193564,3
2465,3.2082028,0
2466,3.8272588,0
2467,8.074853,9
2468,7.120827,7
2469,6.0935526,3
2470,4.6655407,13
2471,2.2648487,11
2472,2.3166382,3
2473,3.2591155,3
2474,0.973535,2
2475,5.6915536,7
2476,5.616593,12
2477,1.9186466,3
2478,4.114886,5
2479,4.1025124,10
2480,4.9945884,2
2481,6.903299,3
2482,2.2956288,0
2483,0.4702112,0
2484,1.3222452,0
2485,0.973535,0
2486,0.4702112,1
2487,4.188844,0
2488,1.5941237,0
2489,1.1543899,0
2490,5.354571,1
2491,5.7527385,14
2492,4.540208,4
2493,4.885637,7
2494,0.4702112,0
2495,7.6470795,14
2496,5.7149596,16
2497,7.402365,13
2498,1.7432945,0
2499,6.183883,5
2500,2.3878357,0
2501,4.9330144,1
2502,3.3004425,2
2503,7.4351115,11
2504,5.786859,7
2505,5.544778,4
2506,1.1236496,13
2507,6.0454383,9
2508,4.5802526,1
2509,2.0971348,0
2510,2.702718,0
2511,0.4702112,3
2512,2.3878357,1
2513,0.40893286,0
2514,0.37915015,1
2515,0.4702112,0
2516,6.101682,2
2517,4.124905,4
2518,4.2710814,1
2519,7.7520194,3
2520,0.4702112,0
2521,2.8807778,2
2522,5.9020104,0
2523,4.5357065,4
2524,5.823809,8
2525,0.4702112,0
2526,2.3878357,2
2527,6.9470534,7
2528,2.0375597,0
2529,5.3348756,6
2530,3.7782974,4
2531,7.710878,7
2532,3.33334,9
2533,6.575607,10
2534,4.8100233,7
2535,6.6703897,4
2536,7.7128124,16
2537,3.6028001,5
2538,1.369858,0
2539,7.926462,8
2540,6.7886987,13
2541,7.7466974,5
2542,1.0052289,0
2543,1.1972331,0
2544,2.3878357,0
2545,1.8602998,0
2546,4.9824014,6
2547,6.7966614,4
2548,5.106371,4
2549,7.0833745,0
2550,1.9942105,2
2551,5.911682,13
2552,1.385799,3
2553,1.660055,0
2554,1.2159476,7
2555,0.4702112,0
2556,5.393904,9
2557,0.4702112,0
2558,4.6820445,6
2559,1.9687937,0
2560,6.8684216,3
2561,4.735125,4
2562,4.7645583,7
2563,5.6102376,4
2564,5.1733856,0
2565,4.7427526,1
2566,1.0999821,0
2567,3.5106983,1
2568,6.5734844,9
2569,5.301969,8
2570,2.2696207,1
2571,0.4702112,0
2572,4.972002,10
2573,2.5825553,1
2574,4.5998936,2
2575,1.1301512,0
2576,1.0179229,0
2577,5.2319856,2
2578,0.4702112,0
2579,0.4702112,0
2580,2.9687998,3
2581,7.4599347,12
2582,3.8731215,0
2583,4.3577228,3
2584,6.208334,1
2585,8.468116,10
2586,0.4702112,0
2587,7.5163846,10
2588,2.3878357,2
2589,4.058319,9
2590,6.2444067,0
2591,5.598478,8
2592,6.9479146,8
2593,5.354571,0
2594,2.3096042,7
2595,5.963008,8
2596,4.2291083,2
2597,2.258929,9
2598,5.9112277,6
2599,0.4702112,1
2600,3.5648544,3
2601,6.0148854,8
2602,3.735705,11
2603,0.7067969,0
2604,1.2840351,0
2605,5.6973586,2
2606,7.633655,12
2607,3.982395,8
2608,3.0734155,2
2609,2.5039756,2
2610,2.9235575,0
2611,5.032616,6
2612,6.2979145,6
2613,5.8275404,3
2614,7.7252283,15
2615,4.1446805,3
2616,5.574596,2
2617,4.9310803,3
2618,9.052852,7
2619,3.9622667,2
2620,5.337589,0
2621,3.5186698,8
2622,6.717966,3
2623,6.060467,10
2624,2.995486,4
2625,2.3878357,1
2626,7.6794777,0
2627,1.3405288,0
2628,0.4702112,4
2629,10.364154,10
2630,4.5925965,4
2631,3.466574,5
2632,5.542575,4
2633,1.6928123,0
2634,8.623734,9
2635,2.3878357,0
2636,4.5894513,3
2637,5.820473,3
2638,4.2205787,9
2639,5.376155,4
2640,5.852139,8
2641,4.866607,1
2642,4.790088,8
2643,6.943995,9
2644,6.084572,2
2645,7.6515493,3
2646,4.6004496,2
2647,4.728893,3
2648,3.377401,0
2649,6.3741,4
2650,6.6818714,11
2651,5.8077855,0
2652,4.948185,10
2653,3.6551788,12
2654,3.9719098,3
2655,6.155137,8
2656,0.8428969,2
2657,7.7062755,11
2658,2.3878357,1
2659,1.2840351,1
2660,7.203284,4
2661,2.9858396,0
2662,5.8851123,15
2663,8.362083,12
2664,4.9451156,6
2665,5.5558906,4
2666,2.8213527,0
2667,9.316005,11
2668,6.0190787,12
2669,0.4702112,0
2670,3.2763166,0
2671,6.447141,3
2672,2.7194567,3
2673,6.758108,11
2674,0.4702112,0
2675,0.9430285,0
2676,1.3738816,0
2677,6.0013556,3
2678,5.220257,0
2679,3.4317553,1
2680,5.469196,4
2681,3.4730074,5
2682,4.475364,5
2683,6.7564435,4
2684,4.5306773,2
2685,3.5346808,5
2686,7.150884,6
2687,3.3203664,6
2688,7.2892623,6
2689,5.0999694,5
2690,4.7063866,5
2691,6.105704,5
2692,5.3426685,3
2693,5.8336205,6
2694,4.4469185,8
2695,4.590313,2
2696,7.1717587,16
2697,6.0928397,2
2698,2.3878357,0
2699,0.4702112,0
2700,7.6193986,7
2701,5.1018434,2
2702,6.4071326,1
2703,6.032624,0
2704,4.610869,3
2705,5.6463933,8
2706,0.4702112,1
2707,4.1500382,6
2708,4.0812187,3
2709,3.6274252,2
2710,6.7249427,3
2711,5.7541823,11
2712,6.9989734,7
2713,5.8164687,4
2714,4.185468,6
2715,5.2930927,3
2716,1.6669754,7
2717,4.6525264,5
2718,5.1018047,1
2719,0.4702112,0
2720,3.9769423,6
2721,5.3655467,14
2722,5.3338485,11
2723,8.013891,9
2724,8.088092,13
2725,5.178123,4
2726,6.200144,9
2727,0.68831766,0
2728,0.9737032,1
2729,9.715304,0
2730,7.726627,12
2731,7.280396,10
2732,8.338847,8
2733,3.442916,0
2734,7.94235,11
2735,5.3698926,8
2736,4.1295404,4
2737,4.001857,2
2738,4.9176416,5
2739,0.4702112,3
2740,0.973535,0
2741,3.5014603,1
2742,4.0278444,6
2743,4.38027,5
2744,6.203668,0
2745,6.421869,5
2746,4.1820984,2
2747,3.4831297,0
2748,0.4702112,0
2749,6.503019,3
2750,5.14802,0
2751,4.6405835,5
2752,1.0087638,0
2753,0.37915015,0
2754,4.778247,2
2755,5.254669,2
2756,5.2985787,5
2757,6.884296,16
2758,6.25573,11
2759,3.7466402,0
2760,4.2804,3
2761,7.2012467,14
2762,0.4702112,0
2763,5.372144,6
2764,4.9626164,4
2765,5.9915147,4
2766,3.5754864,4
2767,7.14114,5
2768,4.7984147,5
2769,6.1988072,6
2770,4.1399536,4
2771,3.9251444,6
2772,3.193366,2
2773,5.3581514,2
2774,7.069666,5
2775,6.755465,9
2776,6.62892,4
2777,0.4702112,1
2778,5.137279,9
2779,2.3878357,0
2780,6.409713,10
2781,8.802079,15
2782,3.90497,3
2783,2.3878357,0
2784,7.6837244,13
2785,5.8659697,13
2786,3.6353943,4
2787,4.7939095,1
2788,5.169587,4
2789,4.7427526,1
2790,8.145746,14
2791,3.9415152,4
2792,5.4765906,4
2793,1.5704701,2
2794,6.971018,4
2795,4.460932,3
2796,0.4702112,6
2797,2.2014678,3
2798,6.730987,4
2799,2.5936992,0
2800,4.686275,13
2801,6.4927764,4
2802,1.5500263,0
2803,4.6768775,0
2804,3.3217864,1
2805,6.2263103,5
2806,5.440444,5
2807,6.1315656,1
2808,6.2132773,7
2809,5.3442087,0
2810,5.935707,11
2811,4.4968743,1
2812,2.0756183,0
2813,6.115597,8
2814,0.4702112,0
2815,6.413676,8
2816,4.1873093,1
2817,0.4702112,0
2818,6.102031,0
2819,4.3855057,10
2820,5.734167,6
2821,4.6381917,6
2822,6.6396823,2
2823,6.005814,6
2824,5.615268,5
2825,4.751622,11
2826,5.591505,7
2827,4.5771775,8
2828,3.9233592,8
2829,2.2329063,0
2830,5.26502,9
2831,4.644975,8
2832,5.1531096,5
2833,2.5637162,2
2834,7.8105083,19
2835,4.231665,9
2836,4.269788,1
2837,1.519689,1
2838,7.5310454,15
2839,3.8319871,4
2840,5.4385524,1
2841,2.6495826,0
2842,5.2300425,12
2843,4.3924985,3
2844,3.7930937,3
2845,7.64673,8
2846,0.4702112,0
2847,3.6539652,4
2848,2.2514477,0
2849,5.292218,1
2850,7.213469,1
2851,6.5766225,10
2852,0.4702112,0
2853,5.562656,2
2854,5.1364694,10
2855,9.087215,10
2856,5.318306,4
2857,1.3099123,0
2858,6.414642,4
2859,8.365493,7
2860,5.0800557,0
2861,2.475037,0
2862,0.4702112,0
2863,8.845807,5
2864,3.1723056,4
2865,6.116305,6
2866,4.0206437,3
2867,4.8043504,2
2868,5.8506064,5
2869,6.279291,9
2870,0.4702112,0
2871,1.5582991,1
2872,5.4037414,11
2873,2.851363,0
2874,8.666978,7
2875,0.4702112,0
2876,6.6702523,4
2877,5.063748,3
2878,5.1184826,6
2879,2.3878357,0
2880,0.4702112,0
2881,4.689592,3
2882,8.84166,19
2883,5.213571,10
2884,2.6691601,2
2885,4.9453073,3
2886,4.8256054,0
2887,2.3878357,0
2888,3.9338503,4
2889,0.40893286,0
2890,2.4706986,0
2891,4.9407253,11
2892,5.149498,12
2893,7.1731424,10
2894,5.4681463,3
2895,6.804623,1
2896,3.8795981,3
2897,0.4702112,0
2898,4.1389546,6
2899,5.4995,8
2900,4.8849187,10
2901,6.611086,0
2902,4.387916,4
2903,4.742223,7
2904,1.0437499,1
2905,1.2552481,0
2906,5.8149977,12
2907,4.9809594,0
2908,5.7195725,12
2909,5.7272973,9
2910,3.6354482,6
2911,2.549176,0
2912,4.941582,0
2913,6.228898,13
2914,3.5555332,1
2915,1.2033939,0
2916,6.47822,9
2917,3.0211549,1
2918,5.377568,12
2919,7.2191124,4
2920,4.8260875,2
2921,5.223003,3
2922,4.568366,4
2923,0.4702112,3
2924,5.9109936,13
2925,4.89178,6
2926,4.302037,7
2927,0.4702112,0
2928,8.227595,6
2929,2.125308,0
2930,8.1716795,7
2931,4.4919877,5
2932,5.3703427,18
2933,5.3166285,1
2934,6.9824986,9
2935,4.9105067,2
2936,0.4702112,0
2937,4.229594,0
2938,8.011978,9
2939,7.6417785,11
2940,5.9803205,8
2941,5.674232,0
2942,2.766417,8
2943,7.140597,6
2944,7.869077,10
2945,3.962344,1
2946,1.5196934,1
2947,1.5196934,1
2948,9.50278,10
2949,4.356718,0
2950,2.3878357,5
2951,4.3313046,1
2952,0.4702112,1
2953,2.2664628,0
2954,7.813198,10
2955,7.664953,8
2956,4.056568,2
2957,4.8858128,4
2958,7.0954065,12
2959,1.0087638,1
2960,5.1397853,5
2961,6.221145,6
2962,7.1824684,13
2963,6.6056905,8
2964,4.717451,12
2965,6.361547,0
2966,6.2255826,7
2967,4.1573124,0
2968,7.797554,12
2969,2.3878357,3
2970,0.4702112,0
2971,2.6453621,2
2972,4.199306,12
2973,3.382974,5
2974,5.1523595,4
2975,5.006923,0
2976,5.646053,3
2977,0.4702112,0
2978,4.68954,9
2979,8.064249,9
2980,6.141168,1
2981,4.7706895,9
2982,7.1103287,13
2983,0.4702112,0
2984,4.814008,6
2985,4.332696,4
2986,4.5276504,5
2987,0.4702112,2
2988,5.893931,3
2989,2.3878357,1
2990,2.635752,2
2991,4.3118463,5
2992,2.8236709,0
2993,6.0043626,5
2994,5.93335,13
2995,4.4635544,6
2996,3.7635472,8
2997,7.7958603,12
2998,2.3878357,0
2999,2.7928855,5
3000,6.122364,3
3001,3.3612416,1
3002,4.7348084,5
3003,6.28426,8
3004,1.1912249,0
3005,6.7575784,2
3006,5.891214,3
3007,3.9022386,2
3008,8.766872,15
3009,3.8425498,5
3010,4.2160807,3
3011,5.37548,8
3012,5.523189,8
3013,0.4702112,0
3014,5.5307994,7
3015,5.1457157,4
3016,1.9665383,2
3017,5.354571,11
3018,0.4702112,0
3019,0.4702112,0
3020,5.303412,10
3021,1.5227005,0
3022,4.2359986,0
3023,3.2267377,0
3024,0.4702112,0
3025,2.101039,7
3026,6.0367966,1
3027,2.5090144,0
3028,8.057888,12
3029,3.8936362,5
3030,4.916683,9
3031,2.9257605,0
3032,8.437947,11
3033,0.4702112,0
3034,4.2215753,12
3035,4.4645114,12
3036,4.1900597,0
3037,5.023818,11
3038,1.971605,1
3039,0.4702112,0
3040,4.287889,3
3041,7.0515504,4
3042,5.406506,6
3043,5.1546884,2
3044,0.4702112,3
3045,4.567959,9
3046,0.4702112,0
3047,8.171651,6
3048,6.001944,5
3049,2.7242842,18
3050,1.5704701,0
3051,6.6941476,8
3052,9.141182,15
3053,4.869839,4
3054,3.9139273,9
3055,5.367457,3
3056,2.1836247,0
3057,3.794047,4
3058,3.5832036,6
3059,3.6312466,0
3060,5.360618,5
3061,4.5392947,0
3062,3.8728068,9
3063,5.2694607,1
3064,9.039057,9
3065,7.870849,10
3066,6.566087,12
3067,2.3878357,2
3068,2.292409,4
3069,0.4702112,0
3070,4.518515,0
3071,3.9611495,0
3072,6.984282,5
3073,4.6295366,1
3074,4.206781,0
3075,7.9947495,8
3076,6.441569,13
3077,4.4301167,6
3078,7.461613,5
3079,6.7328706,9
3080,0.4702112,0
3081,3.6914017,8
3082,5.364533,9
3083,3.4565542,4
3084,1.0544307,0
3085,6.1476436,1
3086,0.4702112,0
3087,4.435573,4
3088,7.008903,4
3089,4.061462,0
3090,5.4596343,2
3091,1.8699671,0
3092,6.435368,5
3093,3.6900334,0
3094,5.693209,2
3095,7.5593867,15
3096,3.2143886,5
3097,5.5406833,3
3098,0.4702112,0
3099,6.132586,4
3100,4.7996745,1
3101,1.5543567,0
3102,3.1792636,2
3103,4.166927,3
3104,0.4702112,0
3105,2.4253404,0
3106,5.3941417,2
3107,7.345432,6
3108,3.4615576,0
3109,3.3481991,1
3110,4.183096,4
3111,5.767821,2
3112,1.5582991,2
3113,2.2393324,0
3114,8.121028,8
3115,0.4702112,0
3116,6.4037986,5
3117,5.5653586,5
3118,7.8003845,14
3119,4.536937,11
3120,1.7189345,0
3121,1.1819942,0
3122,5.2335043,3
3123,7.430242,8
3124,4.740882,4
3125,6.816293,2
3126,3.1028645,0
3127,7.549637,11
3128,0.98042226,0
3129,6.4241023,8
3130,3.0816023,3
3131,4.8983684,4
3132,3.918184,2
3133,7.9472737,8
3134,6.837507,2
3135,7.067859,0
3136,6.9972706,3
3137,4.4420123,2
3138,3.7753263,2
3139,4.6453843,0
3140,3.5467827,3
3141,2.5703216,4
3142,2.3589861,0
3143,5.868453,5
3144,7.067245,6
3145,1.1972331,0
3146,0.4702112,0
3147,9.434772,11
3148,0.9430285,0
3149,5.2567296,14
3150,5.6396585,10
3151,0.4702112,0
3152,6.7273965,8
3153,2.057248,5
3154,4.235706,0
3155,5.288179,11
3156,10.062833,12
3157,5.309028,4
3158,5.8600526,2
3159,5.563711,4
3160,0.4702112,0
3161,3.4567988,3
3162,3.466458,8
3163,2.5193894,0
3164,1.0391743,0
3165,2.3878357,0
3166,7.8916426,5
3167,3.4301913,6
3168,6.8901305,9
3169,4.855161,9
3170,6.8488,7
3171,4.749495,5
3172,5.010777,6
3173,9.04653,7
3174,4.6139307,3
3175,0.4702112,0
3176,1.8954625,0
3177,6.0012636,3
3178,4.276053,1
3179,2.6481988,0
3180,7.481995,0
3181,8.780704,17
3182,2.6450891,7
3183,4.8726406,6
3184,5.989016,4
3185,6.635284,6
3186,2.3456686,1
3187,2.3878357,0
3188,6.6042414,11
3189,3.810572,1
3190,1.8511593,2
3191,5.905942,9
3192,6.8122506,2
3193,7.039408,10
3194,4.629714,5
3195,7.710391,8
3196,7.981707,1
3197,1.3909613,0
3198,8.317975,1
3199,3.9601512,3
3200,3.9120748,2
3201,6.5238957,14
3202,0.4702112,0
3203,5.0174346,7
3204,4.511084,5
3205,7.672448,7
3206,7.4586644,11
3207,8.332954,12
3208,3.8265224,10
3209,4.432819,5
3210,4.27181,9
3211,4.4464574,5
3212,3.8503506,1
3213,7.0803347,4
3214,1.4025859,3
3215,5.017588,4
3216,6.6877522,10
3217,5.1732173,8
3218,9.22449,13
3219,4.057198,2
3220,0.76449233,0
3221,4.881765,7
3222,3.190235,1
3223,0.4702112,0
3224,7.270802,7
3225,7.307058,10
3226,3.747199,0
3227,5.8976398,4
3228,0.4702112,0
3229,0.4702112,0
3230,9.314483,2
3231,5.7998514,6
3232,8.079736,7
3233,3.8164942,5
3234,1.7818661,0
3235,6.5139856,8
3236,4.4726434,1
3237,1.8757273,0
3238,4.372153,2
3239,4.4069257,5
3240,0.8428969,0
3241,6.653497,9
3242,5.1446986,1
3243,2.4998734,0
3244,2.508188,2
3245,0.4702112,0
3246,2.8325684,6
3247,4.3143597,12
3248,2.7778594,2
3249,6.3308954,7
3250,5.1092443,6
3251,3.7620697,6
3252,1.1261456,0
3253,4.0438023,4
3254,1.2159476,0
3255,7.5056176,8
3256,8.645211,3
3257,5.4074426,2
3258,2.1367311,0
3259,0.4702112,0
3260,7.353738,4
3261,4.5857806,7
3262,0.4702112,0
3263,5.6458335,14
3264,3.8963711,2
3265,7.4254355,7
3266,7.0035367,7
3267,4.5016484,14
3268,5.4806314,0
3269,2.3878357,2
3270,8.519464,10
3271,7.0052285,4
3272,0.4702112,0
3273,0.4702112,0
3274,2.3878357,0
3275,5.2102942,4
3276,4.496661,0
3277,3.7314997,3
3278,4.7939095,2
3279,1.0798908,0
3280,4.5032163,7
3281,4.6700807,7
3282,5.8000197,3
3283,2.686015,1
3284,3.6233952,3
3285,6.0438256,14
3286,8.017077,12
3287,4.8905234,4
3288,4.2936754,1
3289,2.3878357,2
3290,4.599983,4
3291,2.3878357,0
3292,4.670842,2
3293,6.321262,6
3294,4.466927,4
3295,0.4702112,0
3296,6.528383,5
3297,5.2911777,8
3298,4.2203093,3
3299,1.2795161,1
3300,1.494468,0
3301,5.7649946,0
3302,7.022228,7
3303,3.5547197,1
3304,9.218379,10
3305,3.5154605,4
3306,2.7793753,6
3307,5.2176986,0
3308,2.680073,1
3309,4.276643,2
3310,3.5117362,2
3311,1.1706091,0
3312,2.6716104,3
3313,1.1756945,0
3314,0.4702112,2
3315,0.6282514,2
3316,6.562877,9
3317,1.8511593,0
3318,6.6987147,11
3319,5.0477433,0
3320,4.87483,12
3321,2.0619802,0
3322,0.40893286,0
3323,3.7609253,4
3324,5.345804,8
3325,1.0655243,0
3326,4.910191,7
3327,5.084164,8
3328,2.3878357,0
3329,1.1301512,0
3330,6.563918,6
3331,2.3878357,2
3332,2.858764,0
3333,5.5034604,1
3334,4.2691145,7
3335,5.1221604,18
3336,5.3713145,1
3337,2.4253404,18
3338,5.7342086,3
3339,4.968444,7
3340,7.3281,2
3341,6.260057,0
3342,4.778651,7
3343,0.9430285,2
3344,8.805329,7
3345,6.7224293,1
3346,5.3865967,5
3347,3.9347312,12
3348,7.52648,15
3349,1.1706091,0
3350,6.1151223,7
3351,2.3878357,0
3352,7.194256,9
3353,8.601551,2
3354,4.5570283,5
3355,5.319656,5
3356,2.9178424,4
3357,3.3431876,5
3358,0.4702112,0
3359,2.7667565,5
3360,5.308566,7
3361,1.2805375,0
3362,8.680951,6
3363,4.87357,6
3364,4.974626,5
3365,4.1532164,3
3366,6.071784,10
3367,5.764471,0
3368,3.634788,0
3369,4.747879,0
3370,2.3558218,16
3371,0.4702112,10
3372,7.3045206,14
3373,6.569388,6
3374,2.0375597,0
3375,2.7381346,5
3376,6.566037,2
3377,4.231033,4
3378,1.2352407,1
3379,6.1253796,3
3380,4.8516326,11
3381,3.8718398,5
3382,3.0106747,2
3383,6.7368336,4
3384,8.905292,8
3385,3.6790726,5
3386,2.4926546,0
3387,4.75678,3
3388,5.1879745,3
3389,5.0582366,3
3390,4.683493,1
3391,2.9396582,0
3392,0.4702112,0
3393,4.8257823,6
3394,3.6285546,6
3395,4.9480696,8
3396,4.9034076,2
3397,2.1881404,0
3398,0.37915015,0
3399,5.6183314,12
3400,7.567166,7
3401,6.7524757,15
3402,5.7360635,3
3403,8.072818,12
3404,3.4573808,3
3405,3.8788188,9
3406,7.0579047,3
3407,5.1526146,2
3408,5.3350377,5
3409,2.1080303,0
3410,2.112819,0
3411,7.1824684,10
3412,2.4762766,0
3413,5.259498,4
3414,6.86205,9
3415,3.3506308,7
3416,6.8456755,2
3417,4.345198,11
3418,0.4936548,0
3419,7.4997234,8
3420,2.0619802,7
3421,3.3494601,4
3422,3.9039166,2
3423,4.343803,2
3424,0.7848078,0
3425,4.921954,3
3426,3.23777,3
3427,2.3878357,0
3428,4.8682723,0
3429,3.0500534,2
3430,3.712752,10
3431,3.3275511,8
3432,4.5095572,10
3433,4.7020516,15
3434,4.4578967,7
3435,4.6226115,7
3436,3.5888002,8
3437,7.106936,10
3438,6.760377,7
3439,5.3443837,5
3440,3.529863,0
3441,4.247871,6
3442,0.4702112,0
3443,4.8301225,5
3444,6.3708363,0
3445,1.1047195,0
3446,4.522845,2
3447,5.5415306,8
3448,0.4702112,0
3449,6.7777534,16
3450,7.2445836,7
3451,9.399967,10
3452,4.5482173,5
3453,2.0730186,1
3454,6.2349377,9
3455,0.4702112,0
3456,6.7747636,9
3457,5.1966925,2
3458,8.774432,9
3459,5.25812,11
3460,4.223636,0
3461,6.290332,2
3462,1.684996,2
3463,5.605172,11
3464,4.7159224,1
3465,7.5232606,13
3466,7.99165,5
3467,8.641357,18
3468,4.7082334,7
3469,3.2166193,2
3470,6.672095,2
3471,4.5415306,4
3472,4.0038934,5
3473,1.0105389,0
3474,9.141276,8
3475,1.3237869,1
3476,0.4702112,1
3477,3.432924,6
3478,4.466896,2
3479,5.587586,1
3480,3.9451709,3
3481,5.053056,4
3482,2.6963162,0
3483,5.52231,9
3484,4.6728168,10
3485,5.5047965,4
3486,5.411412,9
3487,1.2052385,2
3488,0.4702112,0
3489,8.469908,9
3490,3.8439202,2
3491,6.3776164,1
3492,4.7939095,12
3493,5.6907606,9
3494,3.877057,1
3495,7.3136463,12
3496,4.0780883,5
3497,3.7379014,6
3498,4.962822,6
3499,1.5196934,15
3500,5.3040605,13
3501,4.575539,1
3502,0.4702112,0
3503,0.4702112,0
3504,7.865928,11
3505,2.6595547,3
3506,8.106955,6
3507,6.544101,5
3508,3.0952234,8
3509,5.8955336,14
3510,3.8990185,2
3511,7.273477,11
3512,3.442678,4
3513,8.17048,7
3514,4.239776,3
3515,3.937124,0
3516,6.773786,3
3517,3.531862,0
3518,7.890286,9
3519,0.4702112,0
3520,5.574596,0
3521,7.6801596,9
3522,1.0052289,0
3523,6.8838015,10
3524,3.5158527,5
3525,6.0842357,8
3526,4.4581876,8
3527,5.7560396,4
3528,6.0004807,9
3529,4.1633987,9
3530,5.393845,1
3531,3.9824963,2
3532,2.5726464,1
3533,4.483941,11
3534,2.3878357,7
3535,0.4702112,0
3536,0.4702112,0
3537,0.4702112,0
3538,2.9774663,6
3539,5.194917,5
3540,0.4702112,0
3541,7.810531,16
3542,6.432966,1
3543,6.2511063,11
3544,4.551061,0
3545,6.089748,0
3546,0.56399405,0
3547,4.739583,3
3548,4.7669992,7
3549,7.813168,3
3550,5.8260813,5
3551,7.328906,14
3552,9.722228,18
3553,3.755986,1
3554,3.058048,0
3555,3.902236,0
3556,3.7494888,2
3557,0.9430285,0
3558,7.67047,11
3559,6.520267,1
3560,0.4702112,0
3561,4.173565,6
3562,1.2159476,3
3563,1.2526244,2
3564,1.0798908,1
3565,5.353102,7
3566,3.634788,1
3567,3.9977505,7
3568,4.469661,16
3569,5.878802,2
3570,6.1995625,7
3571,6.9374285,9
3572,5.057144,2
3573,1.7912668,14
3574,6.1816363,15
3575,4.957196,4
3576,5.6287456,8
3577,6.611443,6
3578,2.2722683,2
3579,5.795402,13
3580,5.7659707,3
3581,4.6488023,6
3582,6.9015684,14
3583,4.778351,5
3584,2.3726695,0
3585,8.517299,12
3586,5.2886014,10
3587,5.816154,14
3588,4.470662,4
3589,4.943458,0
3590,3.2607028,1
3591,2.5696907,8
3592,4.1108217,7
3593,4.2554016,6
3594,3.9459174,4
3595,8.076872,10
3596,6.5845113,10
3597,3.0128927,3
3598,5.0592318,8
3599,5.9834,12
3600,0.4702112,0
3601,6.829722,8
3602,4.5149064,10
3603,7.8372526,4
3604,1.2552481,0
3605,5.2751765,7
3606,2.3878357,0
3607,1.5272382,0
3608,9.306236,10
3609,8.525445,17
3610,4.0272856,3
3611,5.723217,9
3612,6.4359803,7
3613,8.442724,5
3614,8.666533,6
3615,3.9158316,1
3616,4.379049,10
3617,6.4535985,4
3618,5.8688807,6
3619,8.346019,17
3620,5.041684,9
3621,5.4401555,4
3622,1.0087638,1
3623,5.8808775,10
3624,8.817315,16
3625,4.115721,2
3626,4.873377,11
3627,3.6285799,10
3628,4.867703,0
3629,3.8585165,3
3630,6.011233,8
3631,0.89299893,0
3632,5.017588,0
3633,0.9430285,0
3634,1.9123755,0
3635,6.120511,1
3636,6.170245,13
3637,0.8643825,1
3638,7.792313,7
3639,4.834357,4
3640,2.7242842,6
3641,0.4702112,1
3642,3.1176918,2
3643,8.838268,10
3644,0.89299893,0
3645,4.768017,2
3646,5.242233,11
3647,0.4702112,0
3648,5.4105,1
3649,3.7410867,0
3650,0.4702112,0
3651,4.6453843,1
3652,5.2884226,2
3653,4.9137497,2
3654,3.5542822,4
3655,4.268912,5
3656,6.6422596,11
3657,5.691194,9
3658,0.80784845,0
3659,3.9972274,11
3660,0.4702112,3
3661,6.012538,6
3662,3.0470116,7
3663,4.482057,6
3664,6.930099,8
3665,4.1151643,2
3666,6.705108,1
3667,5.437393,0
3668,7.8995004,7
3669,4.3991685,4
3670,4.306103,1
3671,7.42542,12
3672,2.3883247,0
3673,5.5970187,0
3674,6.100419,2
3675,1.6266233,0
3676,6.5322423,9
3677,5.4940343,4
3678,7.8026595,11
3679,6.9937205,4
3680,5.499224,4
3681,7.540206,9
3682,3.7367544,0
3683,3.6286438,5
3684,9.617812,5
3685,0.4702112,0
3686,3.9893904,6
3687,4.9016595,4
3688,6.6827083,2
3689,5.26089,3
3690,5.9622765,1
3691,6.369303,11
3692,4.987334,8
3693,7.8784165,12
3694,0.4702112,0
3695,5.7465873,0
3696,3.7522223,8
3697,2.3878357,0
3698,4.260949,0
3699,1.8293965,17
3700,3.074485,0
3701,6.799544,11
3702,5.365029,5
3703,4.2964325,2
3704,6.6458683,12
3705,1.9304088,0
3706,3.5135663,4
3707,7.0497575,7
3708,1.1081226,0
3709,3.424445,2
3710,4.434333,6
3711,6.0534453,6
3712,6.149863,5
3713,5.545698,9
3714,6.3696966,0
3715,3.336696,8
3716,6.1116376,15
3717,0.4702112,2
3718,4.176661,4
3719,6.2644644,10
3720,1.6491606,1
3721,4.7233243,3
3722,5.464528,4
3723,3.206269,4
3724,1.2805375,0
3725,5.695091,4
3726,4.5800843,1
3727,5.442435,2
3728,5.189813,1
3729,5.3705373,2
3730,2.3878357,1
3731,2.5924575,0
3732,4.185002,3
3733,0.4702112,0
3734,0.77286786,3
3735,3.0838263,0
3736,0.4702112,0
3737,5.491569,7
3738,5.278496,0
3739,4.7050223,9
3740,8.411658,7
3741,4.8813853,6
3742,4.6362257,3
3743,4.3384643,2
3744,6.301516,8
3745,6.548761,6
3746,7.082715,2
3747,2.931475,3
3748,6.3694983,7
3749,3.780904,7
3750,5.5125313,3
3751,6.7957892,7
3752,6.0849195,5
3753,3.5995467,7
3754,7.8163733,13
3755,5.283194,1
3756,1.7912668,0
3757,6.882817,8
3758,3.6108987,2
3759,4.3446345,0
3760,4.845701,2
3761,7.2793646,2
3762,7.4419813,14
3763,5.517166,1
3764,4.3439493,6
3765,7.782057,9
3766,4.086732,3
3767,4.904252,1
3768,6.0251985,5
3769,0.8428969,0
3770,1.6639254,0
3771,8.554101,13
3772,5.367388,0
3773,4.170216,0
3774,4.502644,0
3775,0.4702112,0
3776,0.7848078,0
3777,5.8331513,6
3778,1.7095418,1
3779,1.5196934,0
3780,6.5849214,5
3781,2.4253404,0
3782,1.9827758,1
3783,4.651386,7
3784,5.966625,1
3785,5.793197,6
3786,1.717205,0
3787,7.136073,0
3788,1.1301512,0
3789,4.380686,8
3790,3.3760927,7
3791,5.544972,6
3792,6.181975,1
3793,3.6149092,11
3794,6.0128617,11
3795,3.6762574,4
3796,5.3154097,9
3797,4.311216,2
3798,7.103674,8
3799,6.144199,11
3800,4.0508323,9
3801,3.0253222,0
3802,7.808103,4
3803,5.8706098,8
3804,6.5673065,8
3805,3.7424016,0
3806,5.296923,1
3807,0.4702112,0
3808,4.56534,2
3809,7.691416,10
3810,3.9831464,0
3811,6.4021807,6
3812,4.9841,4
3813,6.381162,11
3814,0.4702112,0
3815,5.1043334,4
3816,5.730337,8
3817,0.4702112,0
3818,1.4730251,0
3819,2.7864726,1
3820,5.0173454,10
3821,2.9710996,4
3822,1.3836371,0
3823,7.592089,5
3824,6.800655,8
3825,8.468135,10
3826,6.832647,11
3827,5.505291,4
3828,3.2312713,0
3829,2.5600502,0
3830,1.5986353,0
3831,1.2840351,4
3832,7.2448964,3
3833,6.9232783,10
3834,7.1060286,14
3835,4.223232,2
3836,4.1814756,5
3837,9.3296995,10
3838,4.2283473,9
3839,5.2975364,8
3840,5.101853,0
3841,4.7131743,4
3842,4.4543204,6
3843,5.846372,8
3844,5.8389173,2
3845,4.178544,13
3846,4.795103,0
3847,0.8428969,0
3848,5.79172,6
3849,2.3878357,0
3850,1.1972331,0
3851,7.6287737,8
3852,3.2535799,2
3853,1.5409194,0
3854,7.6853194,12
3855,3.5514235,2
3856,6.543587,10
3857,5.605205,3
3858,4.0680194,0
3859,8.540354,10
3860,7.1303887,4
3861,4.804171,3
3862,4.9829316,0
3863,4.932112,5
3864,5.3164783,7
3865,2.3878357,0
3866,0.4702112,0
3867,5.577492,0
3868,6.8562727,5
3869,0.4702112,0
3870,5.383667,6
3871,5.949723,4
3872,6.289656,9
3873,2.3878357,3
3874,8.182921,10
3875,5.268566,4
3876,4.381314,7
3877,6.445698,19
3878,2.9624882,0
3879,4.3830156,2
3880,5.31974,9
3881,7.730692,11
3882,6.940217,14
3883,5.616588,5
3884,4.847799,0
3885,0.7067969,0
3886,3.2985866,7
3887,5.4322696,3
3888,2.8073215,5
3889,0.4702112,0
3890,1.7912668,0
3891,3.475315,0
3892,4.8124413,5
3893,3.8287306,9
3894,2.6057522,2
3895,9.074365,7
3896,0.4702112,0
3897,9.558305,13
3898,7.065281,8
3899,5.273112,2
3900,0.4702112,2
3901,4.2176366,1
3902,6.36221,3
3903,8.180149,13
3904,8.469256,4
3905,5.345453,2
3906,0.4702112,0
3907,3.8067634,1
3908,4.8779397,5
3909,3.4106064,0
3910,0.4702112,0
3911,5.6224656,0
3912,2.0613194,0
3913,5.3292475,6
3914,4.6783996,7
3915,8.203432,11
3916,4.0470104,6
3917,2.9767845,2
3918,6.5709624,4
3919,4.624215,8
3920,3.2495792,2
3921,2.9768388,9
3922,0.4702112,1
3923,5.7711353,5
3924,6.6268144,5
3925,0.7848078,2
3926,7.7474537,10
3927,5.697005,9
3928,2.013277,0
3929,5.4772606,10
3930,4.036861,5
3931,7.1953273,12
3932,3.8108208,6
3933,0.4702112,0
3934,5.3527803,12
3935,2.1217618,0
3936,5.8415446,4
3937,0.4702112,1
3938,5.85329,0
3939,3.9509885,2
3940,6.5579247,11
3941,0.6282514,1
3942,2.1492362,3
3943,4.0735297,4
3944,6.399315,0
3945,4.297922,2
3946,4.374828,0
3947,2.3279665,0
3948,0.4702112,0
3949,4.075305,0
3950,3.7152872,9
3951,7.9553246,9
3952,4.6216474,3
3953,1.5196934,1
3954,2.2648487,0
3955,4.425224,3
3956,4.7615366,5
3957,4.0390263,2
3958,5.181918,1
3959,6.5031157,14
3960,6.4001417,8
3961,9.385934,13
3962,8.572773,9
3963,6.592672,9
3964,0.4702112,0
3965,5.3719087,0
3966,1.2287557,0
3967,4.736862,7
3968,8.601466,14
3969,8.257253,13
3970,4.781276,5
3971,4.940351,11
3972,5.0862837,3
3973,4.809281,7
3974,5.57846,0
3975,0.37915015,1
3976,6.264244,7
3977,0.9430285,0
3978,1.0052289,0
3979,7.3511143,11
3980,8.249806,10
3981,3.7226555,1
3982,2.6639633,1
3983,0.8643825,0
3984,4.792786,7
3985,0.4702112,0
3986,5.470019,2
3987,5.7521305,5
3988,9.972764,9
3989,4.6646547,1
3990,5.851752,3
3991,2.9444892,1
3992,1.9931731,0
3993,4.0494237,7
3994,8.076918,7
3995,2.101754,0
3996,2.4253404,0
3997,9.079424,1
3998,6.497919,10
3999,4.9192257,1
4000,5.63005,3
4001,3.731591,4
4002,6.556511,9
4003,7.958447,11
4004,2.2630546,4
4005,4.7322106,5
4006,5.373035,8
4007,5.5522947,4
4008,5.802003,3
4009,8.7992,14
4010,2.0460434,0
4011,6.959951,0
4012,1.1236496,0
4013,2.7242842,1
4014,6.2748113,8
4015,0.4702112,0
4016,3.8340137,12
4017,4.2006,0
4018,5.9557314,1
4019,7.32661,10
4020,2.3878357,3
4021,2.9844003,1
4022,0.4702112,3
4023,8.741367,10
4024,0.4702112,0
4025,9.207238,6
4026,7.8182197,7
4027,6.7548423,7
4028,5.2537413,7
4029,5.5899634,9
4030,7.391953,9
4031,4.925593,0
4032,5.0765314,8
4033,5.3632827,1
4034,6.4992323,11
4035,5.051307,8
4036,0.4702112,0
4037,5.584073,3
4038,7.11249,13
4039,6.4720564,10
4040,3.3258235,0
4041,5.0203648,2
4042,6.9644976,7
4043,6.9345307,13
4044,4.375426,11
4045,7.3535376,7
4046,0.4702112,0
4047,0.7067969,1
4048,6.223366,11
4049,3.4515612,0
4050,5.074276,2
4051,9.009284,10
4052,0.37915015,4
4053,6.0313196,6
4054,1.2245541,0
4055,5.5151167,1
4056,4.4292474,4
4057,2.8222454,8
4058,7.5244756,4
4059,4.878188,7
4060,1.4529756,0
4061,3.4317553,12
4062,7.118796,12
4063,0.7067969,0
4064,6.4075437,6
4065,5.4772606,0
4066,5.4181943,4
4067,0.4702112,0
4068,6.594456,2
4069,4.412422,3
4070,8.979929,12
4071,3.6662514,0
4072,3.4682472,2
4073,5.261556,3
4074,4.685369,0
4075,2.9155288,4
4076,5.2859664,5
4077,4.593225,2
4078,4.512074,5
4079,5.568917,10
4080,0.40893286,5
4081,3.7264385,4
4082,6.222592,13
4083,2.674875,4
4084,7.963014,11
4085,5.8435073,6
4086,7.3790936,10
4087,3.5540025,2
4088,8.70527,9
4089,0.4702112,0
4090,6.1098003,3
4091,9.250994,1
4092,2.9913118,0
4093,6.3784366,4
4094,6.735293,16
4095,3.8855217,8
4096,4.3627872,1
4097,0.4702112,0
4098,5.678606,10
4099,4.123484,9
4100,4.696385,11
4101,2.2418394,0
4102,11.019386,4
4103,3.4883428,6
4104,2.2918699,13
4105,4.544496,8
4106,5.927645,3
4107,5.4114847,9
4108,3.5197654,6
4109,4.438875,1
4110,3.450027,0
4111,0.78699005,2
4112,3.3108184,19
4113,0.8428969,2
4114,2.9748816,0
4115,6.6534796,8
4116,4.7123923,2
4117,4.2444544,2
4118,4.7427526,15
4119,5.047245,5
4120,4.6750607,0
4121,1.6247314,3
4122,5.707621,0
4123,5.9651356,9
4124,1.0087638,0
4125,4.0717154,7
4126,2.3639371,0
4127,4.6998787,1
4128,2.4173732,2
4129,4.5569744,0
4130,3.8018196,2
4131,3.065934,1
4132,6.3091836,0
4133,6.669107,6
4134,5.9317346,5
4135,4.5566506,11
4136,6.615126,0
4137,6.028987,10
4138,2.0164764,0
4139,6.458009,8
4140,5.9547305,1
4141,3.4958282,0
4142,4.2305293,2
4143,7.030665,6
4144,4.384265,10
4145,1.6853136,0
4146,6.7465477,0
4147,5.7059693,7
4148,1.861426,12
4149,7.9364552,6
4150,4.0511665,3
4151,8.722776,8
4152,0.8643825,0
4153,5.215488,11
4154,4.4706597,2
4155,6.9973283,12
4156,2.1095037,4
4157,2.7245371,0
4158,2.5951068,2
4159,2.3878357,3
4160,5.6127286,6
4161,2.3878357,0
4162,4.0016327,0
4163,1.556194,1
4164,1.8014935,0
4165,5.9373145,3
4166,4.4897165,5
4167,7.049229,11
4168,5.831269,7
4169,5.104103,0
4170,3.8124397,5
4171,5.305973,7
4172,5.302188,3
4173,6.157057,6
4174,0.4702112,9
4175,3.1428788,0
4176,4.1838264,2
4177,6.1648936,3
4178,7.8658314,11
4179,4.9145,5
4180,6.0519414,9
4181,4.2052865,3
4182,5.3581514,2
4183,4.9004507,7
4184,1.5704701,1
4185,8.273249,8
4186,4.1566706,5
4187,8.764607,6
4188,7.8320937,8
4189,3.670608,5
4190,4.2021317,2
4191,5.1161637,7
4192,7.0234017,5
4193,0.37915015,1
4194,5.764819,5
4195,3.6384351,2
4196,5.629703,4
4197,6.7082,3
4198,7.33126,9
4199,8.37874,11
4200,5.553506,1
4201,7.1589456,10
4202,2.7239542,1
4203,2.1258745,11
4204,5.145038,5
4205,3.8515651,6
4206,7.0916452,2
4207,1.846578,6
4208,5.7027783,5
4209,8.063003,6
4210,1.8204855,1
4211,8.546777,10
4212,4.4873886,14
4213,2.94725,0
4214,4.8410535,4
4215,4.025284,8
4216,3.07474,7
4217,0.973535,0
4218,3.3380926,1
4219,6.508818,1
4220,4.3397985,3
4221,4.188781,2
4222,1.1301512,0
4223,9.46565,12
4224,3.666987,6
4225,3.8064618,4
4226,4.8609357,4
4227,5.6990657,1
4228,3.9083414,8
4229,5.8756194,9
4230,1.623155,2
4231,4.2061253,0
4232,1.9563303,6
4233,4.96347,2
4234,5.7972503,13
4235,4.6022325,8
4236,5.227964,6
4237,4.9798017,3
4238,4.727488,2
4239,6.347416,6
4240,3.2613077,4
4241,3.127867,11
4242,1.3701338,0
4243,9.477971,13
4244,5.189257,4
4245,8.112607,6
4246,0.4702112,0
4247,2.3878357,0
4248,3.9791496,4
4249,2.365505,0
4250,1.9860526,0
4251,0.8643825,0
4252,0.4702112,0
4253,2.3878357,0
4254,4.925593,15
4255,3.955838,6
4256,8.325586,11
4257,3.0926719,0
4258,0.4702112,0
4259,1.6427327,0
4260,3.943051,5
4261,5.5779567,8
4262,5.391666,3
4263,7.0737123,2
4264,8.5486145,0
4265,2.3878357,4
4266,1.0052289,0
4267,3.4864228,0
4268,1.3237869,1
4269,2.048273,0
4270,5.0718427,2
4271,4.979784,2
4272,5.158484,8
4273,5.827378,14
4274,6.725533,7
4275,4.05326,5
4276,4.9889193,5
4277,5.4546475,2
4278,1.1706091,1
4279,2.3878357,0
4280,4.002724,1
4281,0.38214314,3
4282,1.3340216,0
4283,0.4702112,0
4284,3.039626,13
4285,6.59616,14
4286,8.982804,10
4287,6.0919127,8
4288,4.6734695,0
4289,5.1822276,1
4290,6.0917563,8
4291,5.3240566,7
4292,4.7871165,7
4293,7.7473435,4
4294,7.363375,13
4295,5.0520425,4
4296,6.2773395,7
4297,1.494468,1
4298,6.92417,6
4299,5.854041,5
4300,1.1081226,0
4301,3.594107,4
4302,9.050828,9
4303,5.885778,10
4304,2.1694262,0
4305,6.348803,0
4306,8.407481,10
4307,0.56399405,0
4308,5.132137,2
4309,3.0722594,9
4310,5.0833955,3
4311,5.006682,1
4312,7.6072197,11
4313,7.627919,10
4314,5.978171,0
4315,4.197487,1
4316,4.8807726,7
4317,4.831255,4
4318,3.3937058,9
4319,6.945534,4
4320,6.5292754,17
4321,5.0878835,3
4322,6.1602554,9
4323,3.7608018,5
4324,4.086232,4
4325,3.542886,1
4326,6.7207947,6
4327,4.5198407,9
4328,4.5392947,8
4329,2.9632938,0
4330,8.549517,8
4331,5.490009,0
4332,5.418322,5
4333,8.745582,10
4334,6.6068864,1
4335,2.3878357,2
4336,0.89299893,0
4337,6.2410817,2
4338,2.2556245,1
4339,6.900713,7
4340,6.0980163,4
4341,5.5391803,2
4342,2.559459,0
4343,5.5202503,10
4344,2.199691,3
4345,5.335355,6
4346,2.3878357,4
4347,4.2441916,12
4348,0.4702112,0
4349,3.8211844,0
4350,4.8826404,6
4351,0.4702112,0
4352,4.499322,8
4353,5.197764,9
4354,1.0968821,0
4355,6.780417,6
4356,0.4702112,0
4357,4.9902816,4
4358,2.901576,2
4359,6.351446,4
4360,4.3542037,2
4361,6.6070232,9
4362,2.3878357,1
4363,8.733148,12
4364,0.4702112,0
4365,2.3878357,3
4366,0.4702112,1
4367,3.784308,8
4368,0.4702112,0
4369,0.38214314,0
4370,5.3429055,8
4371,6.0784516,9
4372,1.4670044,0
4373,4.716126,0
4374,7.297895,21
4375,5.939214,2
4376,2.506608,0
4377,5.220589,5
4378,3.368134,2
4379,5.6895785,0
4380,4.7399473,2
4381,8.424209,11
4382,6.2642455,4
4383,3.517577,7
4384,5.126579,2
4385,3.3128364,6
4386,5.3980684,9
4387,5.8727665,10
4388,5.200972,3
4389,6.1187096,5
4390,3.0619473,3
4391,4.5392947,2
4392,3.6180913,5
4393,6.325171,11
4394,5.6762676,0
4395,6.5266695,0
4396,3.5206764,3
4397,7.4099083,5
4398,3.657257,3
4399,6.698869,8
4400,0.4702112,0
4401,1.1706091,0
4402,7.6346297,10
4403,10.025955,10
4404,2.4838383,1
4405,4.814619,0
4406,7.8343067,5
4407,0.77286786,0
4408,3.0952234,6
4409,1.7903352,0
4410,2.3878357,3
4411,1.8987262,0
4412,2.3017185,0
4413,7.1006227,6
4414,0.68831766,0
4415,1.1236496,0
4416,0.64662635,0
4417,7.163927,11
4418,4.1878514,8
4419,3.934799,0
4420,4.381058,1
4421,4.7270036,9
4422,5.7857766,4
4423,0.8428969,0
4424,9.095813,8
4425,4.0189123,2
4426,5.4581,9
4427,2.3878357,1
4428,7.368662,7
4429,5.058655,1
4430,2.198191,0
4431,4.0615306,2
4432,2.3878357,4
4433,2.5018978,5
4434,4.2975707,3
4435,5.40878,3
4436,4.3563075,6
4437,2.0153368,0
4438,0.4702112,5
4439,5.016463,2
4440,4.835286,0
4441,4.79884,3
4442,5.6844373,12
4443,5.227234,14
4444,0.4702112,0
4445,7.054193,4
4446,1.1236496,2
4447,4.8086915,0
4448,6.064395,2
4449,4.5938287,6
4450,7.598045,5
4451,4.8851147,1
4452,7.941858,12
4453,5.0435104,2
4454,5.581768,3
4455,0.77286786,0
4456,5.789287,12
4457,6.6456156,5
4458,6.5505223,1
4459,1.6331316,0
4460,3.6914017,4
4461,2.8722098,4
4462,3.6743257,0
4463,0.7067969,2
4464,0.4702112,0
4465,5.011933,6
4466,4.269221,5
4467,3.9851074,2
4468,4.214585,0
4469,1.642957,0
4470,5.2605805,5
4471,8.066239,4
4472,0.56399405,0
4473,5.774265,3
4474,4.8194423,9
4475,4.822614,2
4476,4.060362,0
4477,3.294317,2
4478,10.391338,10
4479,4.7876916,11
4480,4.902744,2
4481,6.625625,4
4482,7.13545,18
4483,3.9533827,1
4484,0.9897021,0
4485,6.6513352,7
4486,8.372531,8
4487,6.5908093,4
4488,0.4702112,2
4489,7.3389306,2
4490,5.8757143,15
4491,5.664919,13
4492,1.3076915,0
4493,3.9396994,6
4494,5.7814136,6
4495,6.1048427,12
4496,6.2572474,10
4497,8.167055,13
4498,5.515165,3
4499,0.4702112,0
4500,3.767182,6
4501,6.3834934,1
4502,8.465705,12
4503,4.5187287,8
4504,7.990151,4
4505,4.8882327,11
4506,2.3321538,0
4507,7.1638584,12
4508,4.4864864,6
4509,3.2817194,3
4510,4.9354978,7
4511,5.238481,3
4512,8.154858,12
4513,4.605895,0
4514,2.986611,0
4515,6.5577855,3
4516,2.3878357,4
4517,0.4702112,0
4518,2.018177,1
4519,8.444772,11
4520,4.2869368,4
4521,4.8963923,2
4522,8.295699,7
4523,2.7242842,0
4524,0.4702112,0
4525,7.735704,10
4526,1.4796257,0
4527,8.27633,9
4528,6.8355227,0
4529,2.3878357,0
4530,1.8707736,4
4531,5.812059,8
4532,5.399306,0
4533,6.1072536,3
4534,4.915062,3
4535,5.0382285,12
4536,0.4702112,1
4537,6.5105,7
4538,8.452065,13
4539,5.221935,9
4540,2.4422572,12
4541,6.5256066,0
4542,4.5171475,5
4543,5.5345273,6
4544,4.903158,1
4545,4.342605,13
4546,2.2467456,1
4547,9.345436,12
4548,7.922069,4
4549,4.554526,4
4550,4.2054734,6
4551,3.7077768,2
4552,2.4506838,0
4553,4.9685984,8
4554,6.4082513,3
4555,6.160131,5
4556,7.0046616,14
4557,8.057975,11
4558,4.2977996,5
4559,4.413526,0
4560,7.917434,13
4561,4.0964713,3
4562,8.293693,10
4563,1.5704701,0
4564,7.4747605,17
4565,6.425443,7
4566,2.1875472,2
4567,2.8630242,2
4568,6.826692,12
4569,1.191596,3
4570,6.093838,3
4571,0.4702112,2
4572,3.4715443,0
4573,4.9152265,7
4574,4.3759947,1
4575,7.343153,11
4576,5.1057677,7
4577,4.145486,4
4578,3.597389,0
4579,4.843185,2
4580,3.3669965,3
4581,4.708701,4
4582,4.2288117,4
4583,0.4702112,0
4584,6.0298667,8
4585,4.9625087,1
4586,6.6682787,7
4587,3.3568103,3
4588,4.3050275,1
4589,4.9415865,4
4590,2.3878357,2
4591,4.5857787,8
4592,5.1828036,4
4593,4.5201607,4
4594,0.4702112,0
4595,5.402427,2
4596,4.582721,1
4597,4.726687,1
4598,5.525262,7
4599,3.0860176,1
4600,5.353152,0
4601,3.4438033,2
4602,4.7939095,0
4603,5.314617,5
4604,3.4369411,2
4605,5.384919,4
4606,2.0148497,0
4607,4.0886364,5
4608,1.8954625,0
4609,5.3869324,4
4610,1.3214442,3
4611,2.9990735,2
4612,7.689721,4
4613,3.4427094,1
4614,0.40893286,0
4615,0.4702112,0
4616,4.4723353,0
4617,1.1126854,0
4618,6.8702407,3
4619,5.6631417,5
4620,7.598985,2
4621,1.1756945,1
4622,6.2667136,8
4623,4.9794884,3
4624,6.263752,11
4625,7.7718115,12
4626,5.328863,8
4627,4.58889,5
4628,3.5579207,6
4629,2.3878357,2
4630,0.4702112,0
4631,0.4702112,0
4632,6.682604,10
4633,5.3895526,7
4634,5.057144,0
4635,2.1467302,0
4636,2.4253404,3
4637,1.9223002,0
4638,8.241237,6
4639,4.0883293,4
4640,4.384265,5
4641,0.4702112,0
4642,4.1899943,10
4643,3.8229911,6
4644,5.1041865,3
4645,4.5134783,0
4646,0.4702112,0
4647,4.4236155,2
4648,0.89299893,8
4649,6.3045416,9
4650,0.4702112,0
4651,1.2395806,0
4652,0.4702112,0
4653,2.0432725,0
4654,4.49354,2
4655,6.9868927,9
4656,3.9463818,0
4657,4.1020093,4
4658,4.2155614,4
4659,6.2515683,6
4660,5.894996,5
4661,5.2273602,1
4662,5.347058,6
4663,5.7779627,8
4664,4.9404187,6
4665,5.046126,1
4666,3.9204931,1
4667,0.79168934,1
4668,2.979432,6
4669,3.8578486,12
4670,6.058192,3
4671,0.77286786,0
4672,8.218223,13
4673,3.3482003,0
4674,0.4702112,0
4675,4.6108084,9
4676,1.5508832,1
4677,4.3957896,5
4678,5.8083205,7
4679,0.4702112,0
4680,5.4447675,6
4681,4.443794,9
4682,6.46219,0
4683,5.492272,3
4684,0.4702112,0
4685,3.492944,4
4686,4.206746,7
4687,7.649984,10
4688,8.35798,9
4689,4.5435576,17
4690,0.4702112,0
4691,1.3754843,6
4692,1.3701338,0
4693,0.4702112,11
4694,7.045536,6
4695,8.025124,11
4696,4.6531167,4
4697,0.973535,0
4698,4.8486705,8
4699,4.3571033,2
4700,3.011575,0
4701,6.011867,0
4702,5.8237605,2
4703,0.4702112,0
4704,4.266336,2
4705,0.9430285,5
4706,7.0271983,5
4707,0.4702112,0
4708,4.741216,0
4709,4.12528,0
4710,5.3922706,6
4711,0.4702112,0
4712,5.969276,2
4713,5.4943748,4
4714,8.239611,10
4715,7.332416,8
4716,1.5689422,1
4717,6.252118,11
4718,6.74452,13
4719,5.215635,4
4720,5.9575663,0
4721,7.5562353,9
4722,7.312205,4
4723,2.9169888,2
4724,8.315499,13
4725,2.9213867,0
4726,3.8806899,10
4727,1.9667166,4
4728,5.079892,3
4729,0.77286786,0
4730,1.1261456,0
4731,5.603373,4
4732,3.8479009,4
4733,6.474596,11
4734,4.414684,0
4735,1.7189345,1
4736,5.9343653,6
4737,5.561224,1
4738,3.755748,7
4739,7.1755514,9
4740,8.029181,12
4741,5.4067845,6
4742,9.181836,8
4743,4.8690324,8
4744,5.633146,4
4745,2.8471065,3
4746,3.344404,9
4747,4.969528,13
4748,3.2700899,5
4749,4.1525908,0
4750,6.955569,7
4751,0.37915015,0
4752,1.950669,2
4753,8.469876,11
4754,3.6237574,2
4755,5.017593,5
4756,5.6246877,8
4757,5.9450426,9
4758,4.4266667,3
4759,4.3406644,6
4760,2.0481374,0
4761,5.7474523,1
4762,4.2287498,11
4763,2.4008923,0
4764,4.9005704,4
4765,5.118008,3
4766,3.069311,0
4767,6.3494935,11
4768,5.1178155,3
4769,2.2259982,11
4770,4.0995445,8
4771,6.754149,4
4772,3.4657972,0
4773,5.073582,2
4774,6.833943,6
4775,3.7833016,1
4776,0.4702112,0
4777,7.1235194,11
4778,4.7305436,4
4779,6.294315,6
4780,1.3814746,13
4781,4.6560454,3
4782,6.9784946,11
4783,4.3103967,7
4784,6.38205,3
4785,5.480749,4
4786,6.0329533,5
4787,6.6692657,4
4788,6.4487457,6
4789,0.4702112,0
4790,4.7427526,2
4791,7.004879,7
4792,4.7230077,6
4793,4.9941144,2
4794,1.1047195,0
4795,4.610203,2
4796,5.598652,2
4797,6.093866,17
4798,5.094567,9
4799,3.7410233,0
4800,0.4702112,0
4801,5.190536,0
4802,6.241179,8
4803,2.9516847,2
4804,7.458178,6
4805,9.441453,7
4806,1.8229667,0
4807,5.790734,12
4808,5.649837,2
4809,7.9100866,11
4810,3.4709697,0
4811,5.4621325,3
4812,4.3489537,6
4813,0.4702112,0
4814,7.56788,10
4815,4.755118,7
4816,6.3231173,7
4817,5.369443,10
4818,0.4702112,0
4819,5.4573474,2
4820,6.437419,2
4821,4.590318,3
4822,5.1786485,2
4823,0.8428969,0
4824,2.2608402,0
4825,3.838536,0
4826,4.079124,1
4827,1.2245541,0
4828,7.057899,5
4829,5.0515394,1
4830,0.4702112,1
4831,7.775417,5
4832,0.4702112,2
4833,4.2584314,3
4834,5.149656,5
4835,9.654417,13
4836,3.6424727,6
4837,4.571274,2
4838,3.634788,3
4839,1.8602998,0
4840,3.108527,0
4841,5.173742,3
4842,1.4520265,1
4843,7.572854,6
4844,0.4702112,0
4845,1.1301512,1
4846,4.8691134,3
4847,5.38195,6
4848,6.3309445,20
4849,7.2450943,13
4850,1.7587036,0
4851,4.4040284,5
4852,1.9941691,0
4853,5.227512,0
4854,4.732247,4
4855,5.36912,3
4856,5.144452,2
4857,7.3675876,10
4858,2.0769808,1
4859,3.6013594,8
4860,4.614379,5
4861,3.3374076,2
4862,2.583619,4
4863,6.9822993,7
4864,4.1354585,8
4865,1.1972331,0
4866,7.7013736,17
4867,6.437612,4
4868,9.54504,10
4869,4.1801033,4
4870,2.4762766,0
4871,2.811394,0
4872,4.8433914,8
4873,5.384728,5
4874,4.0629725,13
4875,6.828401,9
4876,4.0115886,7
4877,5.7966127,9
4878,5.6857495,4
4879,2.6674914,0
4880,2.996022,3
4881,6.3315406,13
4882,5.1393085,4
4883,3.9835865,6
4884,7.6122823,0
4885,1.3353678,0
4886,7.705306,4
4887,4.8801775,5
4888,2.3581772,0
4889,2.5566497,1
4890,8.826874,1
4891,6.19214,0
4892,9.086801,13
4893,4.1632013,4
4894,2.6917703,0
4895,7.5857644,9
4896,5.2361183,12
4897,6.5245166,5
4898,6.883038,1
4899,4.5440493,6
4900,6.6110787,10
4901,2.863181,0
4902,4.233863,14
4903,0.77286786,0
4904,2.1825235,1
4905,2.3878357,1
4906,2.6171653,0
4907,3.725069,1
4908,7.284589,6
4909,5.5927606,5
4910,1.1706091,0
4911,4.1986265,7
4912,8.511231,7
4913,6.2065353,1
4914,2.3878357,0
4915,5.9626846,5
4916,4.5985,16
4917,8.025563,11
4918,3.5427897,7
4919,6.196756,3
4920,4.489797,3
4921,2.3878357,1
4922,0.4702112,0
4923,6.167995,0
4924,6.9130683,4
4925,5.711331,3
4926,1.1301512,0
4927,8.159366,10
4928,4.795792,1
4929,2.3043158,3
4930,5.3144865,11
4931,3.5522823,5
4932,4.988338,5
4933,5.7247243,3
4934,8.53898,6
4935,7.8208313,11
4936,8.29355,9
4937,6.0615687,3
4938,7.9663043,6
4939,0.4702112,2
4940,2.7096064,3
4941,7.429348,2
4942,2.3878357,1
4943,4.701868,5
4944,4.655114,2
4945,4.26642,3
4946,5.78398,0
4947,6.1115084,4
4948,4.843759,7
4949,1.620292,0
4950,7.7621603,8
4951,6.011867,1
4952,6.082355,1
4953,2.3878357,7
4954,4.859097,5
4955,2.3878357,0
4956,4.486934,1
4957,1.0052289,0
4958,6.0393944,3
4959,7.454481,9
4960,7.190793,11
4961,5.11128,2
4962,4.3017125,9
4963,3.3715804,13
4964,5.2988086,0
4965,4.0695453,7
4966,1.3668443,1
4967,3.1042802,5
4968,5.867247,6
4969,4.9775167,6
4970,5.6802273,5
4971,3.1525204,6
4972,5.314544,2
4973,2.0857313,0
4974,7.760819,8
4975,3.6116114,0
4976,1.2805375,0
4977,5.9971924,3
4978,2.101253,0
4979,7.4870896,8
4980,0.4702112,0
4981,5.6561713,1
4982,2.0069711,0
4983,8.304418,15
4984,3.3776097,0
4985,5.878714,7
4986,5.602594,2
4987,3.955388,7
4988,0.4702112,0
4989,6.3690476,9
4990,4.4478946,3
4991,7.1569095,10
4992,1.4614384,13
4993,7.4286604,13
4994,3.0894222,9
4995,3.334648,0
4996,7.594571,5
4997,0.81690896,0
4998,6.023495,5
4999,5.7302623,3
5000,0.4702112,0
5001,2.9572227,0
5002,5.3999715,13
5003,6.0836406,6
5004,3.9810805,0
5005,4.5057845,4
5006,7.1323304,10
5007,4.4874463,5
5008,2.685624,2
5009,0.4702112,0
5010,5.090987,6
5011,7.0957804,2
5012,5.7880836,9
5013,6.741868,1
5014,4.041883,0
5015,7.5041375,8
5016,3.6999402,9
5017,8.059131,8
5018,6.311115,0
5019,3.566065,1
5020,6.9727874,4
5021,2.2183142,0
5022,7.091594,9
5023,5.4461074,10
5024,4.203409,0
5025,6.1110125,2
5026,1.4106508,6
5027,6.020726,3
5028,4.600778,8
5029,4.2417073,6
5030,6.707746,10
5031,1.3222452,1
5032,0.4702112,0
5033,5.574596,0
5034,6.051258,5
5035,6.0995545,10
5036,5.4638834,10
5037,4.340981,7
5038,3.2975128,5
5039,5.015241,0
5040,9.29474,10
5041,0.4702112,2
5042,0.4702112,7
5043,5.91274,3
5044,1.1236496,0
5045,0.77286786,1
5046,4.505608,2
5047,0.4702112,0
5048,3.8529017,8
5049,5.580983,6
5050,5.2887545,2
5051,6.490188,1
5052,5.9314036,6
5053,4.4079256,5
5054,1.0052289,2
5055,1.3099123,0
5056,0.4702112,0
5057,7.4128065,10
5058,7.7743974,10
5059,4.269258,0
5060,5.786428,2
5061,2.4408987,4
5062,5.9022155,0
5063,4.4705033,10
5064,4.3352447,0
5065,4.345057,8
5066,6.047747,3
5067,8.050648,1
5068,4.3019624,0
5069,7.2833877,7
5070,6.5498824,6
5071,0.4702112,1
5072,5.791824,3
5073,4.9071946,2
5074,5.6642065,10
5075,5.9633865,2
5076,5.992338,3
5077,3.849204,5
5078,8.42423,16
5079,5.433703,3
5080,3.2801797,0
5081,5.303412,0
5082,4.6507545,4
5083,0.4702112,2
5084,2.3878357,0
5085,4.922414,4
5086,1.1972331,0
5087,3.64823,0
5088,8.705997,13
5089,2.9531531,8
5090,5.7571054,7
5091,3.8141274,1
5092,7.1169004,17
5093,8.304448,13
5094,4.306274,0
5095,1.1236496,0
5096,0.4702112,0
5097,7.998718,7
5098,3.2946148,9
5099,1.5123211,2
5100,3.2971547,3
5101,4.166907,4
5102,0.4702112,0
5103,6.593197,6
5104,3.3506308,2
5105,4.0684886,3
5106,4.3635592,8
5107,7.623327,11
5108,1.5719062,0
5109,3.634788,10
5110,1.831518,1
5111,5.221869,4
5112,7.43648,11
5113,5.7828135,0
5114,7.3360887,0
5115,5.7723536,0
5116,7.2183814,10
5117,9.537844,0
5118,2.3878357,0
5119,2.000213,0
5120,5.3689246,9
5121,8.386146,6
5122,10.859845,15
5123,0.4702112,0
5124,2.6194732,2
5125,6.2522616,11
5126,5.6506124,4
5127,8.408844,9
5128,6.0931144,3
5129,0.4702112,1
5130,9.158545,10
5131,3.5511818,10
5132,6.688412,1
5133,7.9488435,12
5134,7.0563493,9
5135,5.760605,4
5136,5.5310855,9
5137,1.1081226,7
5138,7.3477135,13
5139,8.928302,14
5140,3.6663454,9
5141,6.4455934,0
5142,5.946849,3
5143,4.0197277,6
5144,7.1924367,13
5145,0.4702112,0
5146,1.1706091,0
5147,3.3468738,5
5148,5.63415,3
5149,5.65315,3
5150,7.5652256,0
5151,1.3099123,0
5152,4.7427526,0
5153,7.773691,5
5154,1.1706091,0
5155,5.7370186,13
5156,2.3072994,1
5157,4.400795,8
5158,0.4702112,0
5159,3.7303185,7
5160,2.3878357,0
5161,5.3057384,0
5162,9.018296,0
5163,1.3701338,0
5164,8.924085,6
5165,7.089007,5
5166,7.237715,11
5167,0.4702112,0
5168,0.4702112,0
5169,4.7126865,4
5170,5.474852,5
5171,6.2227454,3
5172,4.759344,3
5173,3.073426,1
5174,5.9097056,14
5175,6.0969057,6
5176,4.4164176,0
5177,5.5842147,0
5178,2.3878357,5
5179,4.5919237,5
5180,0.4702112,0
5181,5.935248,3
5182,5.6821046,7
5183,2.670411,3
5184,0.8428969,1
5185,4.8443923,6
5186,3.9619105,6
5187,6.4612403,1
5188,0.4702112,0
5189,7.487054,8
5190,3.4737413,5
5191,2.3878357,0
5192,0.68831766,0
5193,6.1190996,3
5194,7.2086463,9
5195,4.0418134,2
5196,6.770493,6
5197,5.8050737,5
5198,0.38214314,0
5199,4.6050982,4
5200,7.568033,0
5201,4.172911,3
5202,2.3878357,7
5203,4.2287498,5
5204,5.03235,7
5205,7.3064904,1
5206,6.628602,12
5207,7.5078883,4
5208,1.4327172,1
5209,1.1236496,0
5210,8.814326,11
5211,7.300529,12
5212,7.699376,11
5213,7.651201,11
5214,2.498103,0
5215,9.044181,13
5216,7.095784,4
5217,9.3810625,16
5218,7.1324425,3
5219,1.1081226,9
5220,4.204298,10
5221,6.6018558,4
5222,6.7308726,12
5223,3.6927671,2
5224,1.8954625,0
5225,4.1387563,0
5226,5.3747416,12
5227,8.319439,10
5228,4.6603456,2
5229,3.7926733,1
5230,3.136459,0
5231,8.700247,13
5232,0.4702112,0
5233,1.8454298,3
5234,2.4671745,1
5235,0.4702112,0
5236,6.1687627,2
5237,5.6317387,3
5238,4.606315,10
5239,3.2503903,2
5240,4.977977,2
5241,7.0075507,7
5242,6.608537,6
5243,4.723172,4
5244,3.6182005,3
5245,4.4350057,5
5246,6.1323013,4
5247,4.8217945,3
5248,2.6478906,1
5249,5.8882794,4
5250,2.731243,1
5251,3.40178,2
5252,5.300833,5
5253,4.0207725,3
5254,7.078147,0
5255,1.3405288,0
5256,4.529308,3
5257,8.4064455,9
5258,5.6224656,4
5259,4.726687,8
5260,3.8621585,2
5261,6.4161897,4
5262,3.9627397,4
5263,4.484003,8
5264,5.0157895,1
5265,8.038076,9
5266,6.3313155,9
5267,2.6126761,3
5268,6.089415,14
5269,5.3527803,14
5270,3.9733064,8
5271,0.4702112,0
5272,0.4702112,0
5273,3.6955507,0
5274,4.1850915,7
5275,8.072241,9
5276,3.7252705,3
5277,2.5591013,8
5278,8.811555,5
5279,3.3506308,6
5280,7.9912276,14
5281,3.4703755,2
5282,9.2897625,7
5283,2.6318238,1
5284,2.3878357,0
5285,4.7309766,12
5286,5.82746,3
5287,5.685523,13
5288,5.6375103,4
5289,2.7242842,20
5290,8.491673,8
5291,2.3878357,1
5292,0.4702112,0
5293,0.8428969,0
5294,5.880262,2
5295,0.4702112,0
5296,1.1261456,0
5297,4.538215,0
5298,2.9004118,0
5299,4.293588,1
5300,5.9547048,5
5301,5.730244,0
5302,1.9775398,1
5303,3.172838,2
5304,0.43278533,6
5305,5.228053,4
5306,4.615071,5
5307,0.4702112,0
5308,2.158007,2
5309,6.7103386,3
5310,6.0243974,0
5311,4.4628344,4
5312,4.3825297,2
5313,8.352294,8
5314,2.3878357,3
5315,5.408102,6
5316,4.479033,0
5317,3.748064,8
5318,8.359864,11
5319,4.661187,0
5320,6.031855,3
5321,4.12236,2
5322,0.56399405,2
5323,3.803697,1
5324,3.8903058,4
5325,8.675763,8
5326,5.5501957,6
5327,5.3372426,5
5328,7.7481813,10
5329,2.3878357,2
5330,6.61986,6
5331,1.5854008,0
5332,3.8423853,4
5333,5.154959,9
5334,5.6895785,0
5335,4.9093647,1
5336,5.608667,1
5337,5.047033,2
5338,8.8722925,11
5339,5.6030965,15
5340,4.502644,0
5341,0.973535,0
5342,0.4702112,0
5343,1.1261456,0
5344,3.7307985,11
5345,2.3878357,0
5346,3.6042645,0
5347,6.019419,2
5348,5.0136437,5
5349,2.708304,3
5350,3.8892884,2
5351,7.0867524,8
5352,3.4096467,1
5353,3.2379844,8
5354,5.904834,6
5355,3.8005888,3
5356,7.5189023,15
5357,5.797423,7
5358,2.3878357,0
5359,3.7288325,4
5360,2.4253404,0
5361,3.673707,5
5362,9.146979,6
5363,5.613082,14
5364,5.320082,5
5365,2.3878357,1
5366,1.3885419,0
5367,0.4702112,0
5368,0.4702112,0
5369,1.1301512,0
5370,7.786451,9
5371,5.1296144,0
5372,4.7060924,3
5373,5.0157895,0
5374,5.6058364,6
5375,2.0163293,0
5376,4.9471545,6
5377,0.4702112,0
5378,3.3109765,2
5379,8.901715,13
5380,2.8979883,0
5381,4.7457433,10
5382,5.4822745,7
5383,2.3746617,3
5384,6.0162163,5
5385,5.0998282,15
5386,6.7638383,8
5387,8.225152,16
5388,2.5772717,9
5389,5.7141085,4
5390,1.2352407,0
5391,0.4702112,0
5392,4.786079,0
5393,7.3169303,8
5394,0.4702112,0
5395,3.803899,3
5396,6.4431834,4
5397,8.068986,11
5398,2.243291,7
5399,3.4890735,0
5400,0.4702112,0
5401,5.9188223,6
5402,0.4702112,0
5403,6.086928,1
5404,6.446656,10
5405,5.916528,10
5406,7.1810164,2
5407,6.6061277,4
5408,4.829876,6
5409,6.1146736,13
5410,3.8524501,2
5411,3.1693888,1
5412,0.4702112,0
5413,7.980162,9
5414,4.075968,5
5415,6.9850354,10
5416,5.7559958,2
5417,5.3002963,0
5418,0.4702112,0
5419,3.5208693,1
5420,0.7848078,0
5421,5.2216105,5
5422,4.323268,4
5423,5.4603186,1
5424,7.2130895,8
5425,9.083632,9
5426,4.9390883,8
5427,2.3878357,1
5428,3.7759097,3
5429,0.4702112,1
5430,4.094787,11
5431,6.172145,11
5432,6.2461944,1
5433,2.102067,3
5434,5.6652856,2
5435,7.1118035,10
5436,0.40893286,1
5437,4.5517225,0
5438,6.42623,5
5439,2.5050359,0
5440,2.0099068,2
5441,0.7848078,0
5442,5.2049685,1
5443,5.3680415,7
5444,2.9703572,8
5445,6.364593,9
5446,4.9834642,2
5447,4.421192,1
5448,4.049028,7
5449,5.12207,1
5450,2.3878357,4
5451,2.2703424,3
5452,4.085499,4
5453,6.887503,6
5454,6.6395297,2
5455,7.108789,10
5456,5.8876486,1
5457,4.937394,0
5458,4.79816,7
5459,2.8009267,3
5460,4.779259,8
5461,8.869191,10
5462,2.913361,0
5463,3.6025522,0
5464,2.3940623,2
5465,7.935234,10
5466,4.694149,5
5467,4.971678,10
5468,0.4702112,0
5469,5.830203,3
5470,3.9184651,0
5471,4.6918387,0
5472,7.9433327,6
5473,1.2436935,0
5474,5.8739614,8
5475,7.188106,10
5476,5.66062,6
5477,5.841869,5
5478,7.5244594,15
5479,0.4702112,0
5480,0.4702112,0
5481,4.5971036,5
5482,5.5149674,15
5483,7.4732285,5
5484,5.7484684,5
5485,6.6847363,8
5486,6.932254,11
5487,7.3136997,7
5488,5.0452952,5
5489,6.061376,1
5490,7.4394116,9
5491,5.6508484,11
5492,3.8262684,0
5493,3.4580889,0
5494,1.1236496,0
5495,1.5704701,0
5496,6.507011,4
5497,6.5891643,9
5498,3.0087821,4
5499,4.40517,1
5500,9.30857,9
5501,4.52921,4
5502,2.8917778,1
5503,3.6317475,4
5504,5.8981924,0
5505,3.2135365,1
5506,4.901518,3
5507,2.3878357,1
5508,3.2240405,6
5509,3.904857,0
5510,5.0940237,4
5511,4.520613,2
5512,6.7069454,8
5513,6.565367,6
5514,3.9217172,4
5515,3.2681239,2
5516,6.1075273,5
5517,7.467499,12
5518,4.5286617,9
5519,4.1559873,3
5520,5.1819806,7
5521,0.77286786,2
5522,5.2608933,9
5523,1.3738816,1
5524,4.72468,4
5525,0.4702112,0
5526,4.7779994,1
5527,3.7252257,7
5528,4.3399377,6
5529,6.7042327,1
5530,0.4702112,0
5531,8.41869,3
5532,0.4702112,0
5533,4.9310555,5
5534,0.4702112,0
5535,3.679016,7
5536,4.511025,6
5537,2.777983,0
5538,5.07278,9
5539,1.9822156,0
5540,8.012214,8
5541,4.9216604,13
5542,2.3878357,2
5543,4.2887354,10
5544,6.234226,8
5545,5.919685,6
5546,6.6918015,8
5547,0.4702112,1
5548,7.3811955,12
5549,5.783825,1
5550,7.6373224,9
5551,0.4702112,0
5552,7.987802,8
5553,1.793768,0
5554,3.2576222,1
5555,5.400312,6
5556,6.5304503,14
5557,0.4702112,0
5558,7.314494,10
5559,4.089236,6
5560,6.369914,8
5561,5.2091746,5
5562,4.539885,9
5563,1.1706091,1
5564,6.1100116,7
5565,3.177559,1
5566,5.0327287,1
5567,3.463821,3
5568,4.5710278,10
5569,4.442951,5
5570,1.8437537,0
5571,5.1288347,8
5572,5.5406666,4
5573,8.595519,11
5574,5.6316657,2
5575,0.4702112,0
5576,2.785495,0
5577,5.784953,9
5578,2.1048756,7
5579,6.3137603,2
5580,0.4702112,0
5581,8.883426,10
5582,5.281743,9
5583,1.0087638,0
5584,4.5355864,1
5585,3.5561364,2
5586,6.7010283,2
5587,0.4702112,0
5588,4.11884,1
5589,4.257839,8
5590,1.1047195,0
5591,1.9334947,1
5592,3.06191,7
5593,6.870546,3
5594,4.922241,4
5595,8.054823,11
5596,5.347082,6
5597,4.47309,3
5598,4.5534797,7
5599,2.3878357,2
5600,1.9186466,0
5601,4.496661,0
5602,1.9248184,0
5603,3.6604698,1
5604,4.021252,9
5605,5.057144,2
5606,8.298709,5
5607,3.8110452,0
5608,1.7559572,0
5609,1.6467144,0
5610,0.40893286,0
5611,2.7004194,0
5612,2.3878357,0
5613,6.256401,4
5614,5.040528,3
5615,0.77286786,0
5616,5.4575505,3
5617,3.5236814,0
5618,4.504989,3
5619,7.6859937,10
5620,6.694878,16
5621,7.373046,6
5622,8.063025,12
5623,4.1018195,1
5624,6.494757,1
5625,8.343926,11
5626,5.4815636,11
5627,5.2787104,6
5628,4.92824,4
5629,7.99858,10
5630,2.3878357,0
5631,2.8363552,0
5632,0.7848078,1
5633,3.8576467,7
5634,0.4702112,0
5635,7.146879,7
5636,5.17055,7
5637,6.113578,3
5638,0.9897021,0
5639,3.8051364,1
5640,7.752555,12
5641,8.273478,16
5642,3.9853272,2
5643,3.4488318,0
5644,7.652533,3
5645,4.5335603,8
5646,7.450958,14
5647,6.97758,0
5648,2.4253404,5
5649,4.7315097,1
5650,5.277512,1
5651,0.4702112,3
5652,1.9951574,8
5653,4.322061,8
5654,8.435239,10
5655,4.283879,6
5656,3.098028,1
5657,1.7622029,1
5658,1.7189345,4
5659,0.4702112,0
5660,0.40893286,1
5661,4.7132993,6
5662,2.841023,3
5663,5.4470963,5
5664,4.415846,5
5665,3.0921996,0
5666,5.118671,9
5667,5.0460625,2
5668,5.8404593,2
5669,9.346578,0
5670,5.139387,4
5671,6.834942,11
5672,4.0692534,4
5673,5.6944838,3
5674,1.9186466,0
5675,1.9489568,5
5676,8.936542,1
5677,0.4702112,0
5678,2.310464,0
5679,0.8643825,0
5680,6.0843425,1
5681,3.357732,4
5682,1.5715252,0
5683,5.7386155,3
5684,2.9451985,0
5685,6.785642,9
5686,8.304605,4
5687,5.3955073,3
5688,6.4722486,8
5689,3.728987,3
5690,3.9419973,3
5691,9.389744,13
5692,8.467032,9
5693,4.946293,4
5694,4.5697293,0
5695,7.716517,11
5696,6.543587,10
5697,6.414879,10
5698,3.5281825,4
5699,4.7939095,0
5700,5.926472,6
5701,1.8064388,1
5702,8.319953,8
5703,4.0105453,4
5704,2.9777153,3
5705,6.299208,6
5706,5.772966,3
5707,0.4702112,0
5708,8.523021,11
5709,7.09425,11
5710,4.501337,13
5711,5.1911893,1
5712,0.4702112,0
5713,4.7772813,6
5714,4.296627,2
5715,5.389075,5
5716,3.8226907,0
5717,7.7775784,6
5718,5.026547,0
5719,7.3374343,9
5720,7.51977,10
5721,3.2028375,3
5722,5.7059875,4
5723,0.4702112,0
5724,5.357941,8
5725,3.3554795,2
5726,2.0659513,1
5727,4.5745955,5
5728,7.292384,10
5729,6.769216,9
5730,3.1605573,4
5731,8.446047,15
5732,3.2126923,4
5733,0.4702112,0
5734,5.1459045,3
5735,4.227689,0
5736,5.923014,3
5737,4.641776,8
5738,4.5543237,2
5739,5.094395,6
5740,4.108868,2
5741,5.1912146,3
5742,7.92714,10
5743,4.0810547,7
5744,1.5196934,0
5745,4.4628572,2
5746,6.209206,3
5747,8.768104,8
5748,0.4702112,6
5749,2.283895,1
5750,7.238113,4
5751,2.7242842,0
5752,4.196094,6
5753,7.37888,10
5754,5.4489713,3
5755,2.7889163,2
5756,5.40364,6
5757,5.5863686,13
5758,6.289888,4
5759,5.665648,9
5760,4.379593,4
5761,9.38934,6
5762,5.8348308,8
5763,4.461969,0
5764,3.2701883,0
5765,2.9458253,0
5766,6.5326266,1
5767,4.462333,11
5768,4.3371587,0
5769,1.0391743,0
5770,8.318569,12
5771,6.271006,11
5772,2.7733214,2
5773,3.9119484,1
5774,7.0788474,4
5775,2.829578,0
5776,3.1998386,6
5777,7.6159635,10
5778,2.309574,5
5779,4.95786,4
5780,5.309377,1
5781,3.6631987,0
5782,4.489857,5
5783,2.2433734,14
5784,4.3957896,0
5785,0.4702112,0
5786,4.498115,6
5787,5.9926186,2
5788,4.9847913,0
5789,1.9479076,0
5790,0.4702112,0
5791,3.8492284,9
5792,4.9081507,5
5793,4.492845,3
5794,6.2914205,3
5795,5.364616,1
5796,5.6468153,3
5797,5.3421316,6
5798,0.4702112,0
5799,6.5928473,3
5800,1.369858,0
5801,5.765843,4
5802,4.9260798,7
5803,3.7553856,6
5804,3.7896569,8
5805,6.3332424,2
5806,5.74739,9
5807,6.3195186,3
5808,8.622323,13
5809,10.104026,9
5810,5.223271,7
5811,2.602399,1
5812,7.563763,8
5813,1.3147174,0
5814,6.073792,5
5815,1.3701338,0
5816,1.0280287,3
5817,3.77439,3
5818,0.8643825,0
5819,6.406779,5
5820,5.128182,14
5821,6.503693,12
5822,4.7371993,9
5823,4.716135,4
5824,4.9187255,1
5825,4.993271,8
5826,5.5495396,2
5827,0.4702112,2
5828,3.9593604,9
5829,2.3878357,1
5830,3.559976,0
5831,1.1972331,4
5832,5.8550067,0
5833,6.9337187,4
5834,2.3878357,2
5835,5.3525157,2
5836,1.1609749,1
5837,5.232477,9
5838,5.0966716,7
5839,3.5066118,3
5840,4.0562534,5
5841,1.1261456,0
5842,6.5748153,5
5843,4.803242,2
5844,7.4825215,12
5845,1.3159336,1
5846,4.3096247,5
5847,3.636211,1
5848,5.859775,0
5849,7.005629,12
5850,4.231872,8
5851,6.62235,8
5852,6.5286283,0
5853,1.0052289,1
5854,2.8050506,0
5855,4.2983685,2
5856,6.437443,8
5857,4.3980265,9
5858,3.797774,3
5859,6.538044,3
5860,7.544986,13
5861,6.605413,9
5862,1.0105389,0
5863,1.2159476,2
5864,3.8226051,0
5865,3.890929,1
5866,5.4344387,3
5867,5.40581,3
5868,3.568693,6
5869,5.905147,10
5870,6.640589,14
5871,7.176812,4
5872,5.39633,8
5873,3.913513,8
5874,8.622049,15
5875,2.9992354,4
5876,6.7516904,5
5877,4.2257085,0
5878,6.8601775,3
5879,7.478666,12
5880,4.146155,1
5881,3.7872775,0
5882,1.628193,1
5883,7.2840266,9
5884,3.2486043,2
5885,1.1261456,0
5886,4.4238753,1
5887,4.4761615,8
5888,1.2245541,0
5889,1.2245541,0
5890,5.961285,4
5891,5.579063,1
5892,1.7746574,1
5893,7.2517276,13
5894,4.757981,3
5895,2.8657248,8
5896,2.409889,0
5897,5.2536044,5
5898,3.0501938,5
5899,7.2171936,12
5900,6.407243,6
5901,2.5234506,2
5902,6.231584,6
5903,4.36033,3
5904,0.4702112,4
5905,8.116721,5
5906,0.4702112,0
5907,6.3361135,6
5908,2.3378315,2
5909,2.7921836,0
5910,5.184491,7
5911,0.4702112,0
5912,4.9206424,9
5913,5.8719983,9
5914,1.8490714,0
5915,3.576833,11
5916,4.694506,4
5917,4.483978,2
5918,1.0087638,0
5919,4.276327,4
5920,2.4762766,0
5921,7.2511287,2
5922,2.3878357,1
5923,2.3878357,6
5924,0.4702112,0
5925,7.024946,7
5926,6.799051,2
5927,0.9430285,0
5928,6.2796464,13
5929,3.5837576,4
5930,0.38214314,0
5931,5.4088545,9
5932,4.243243,5
5933,0.4702112,0
5934,0.4702112,2
5935,8.217778,8
5936,3.9305768,5
5937,7.3937383,9
5938,5.723226,7
5939,4.59931,5
5940,0.4702112,0
5941,7.1882634,13
5942,4.775749,9
5943,7.322638,7
5944,5.2453833,7
5945,5.521647,8
5946,4.2788167,3
5947,5.3957963,12
5948,8.373862,11
5949,5.1319,4
5950,5.6223636,5
5951,3.017848,1
5952,3.4836006,8
5953,3.0894222,4
5954,4.9639096,5
5955,4.991876,1
5956,8.742103,8
5957,4.164134,9
5958,4.439323,1
5959,5.1812196,3
5960,3.9072258,3
5961,4.8146334,1
5962,6.2734923,0
5963,2.8956406,4
5964,4.973642,3
5965,4.623734,4
5966,3.411278,10
5967,2.4253404,9
5968,6.841864,4
5969,8.07384,10
5970,6.24842,0
5971,3.6668904,1
5972,0.4702112,0
5973,3.5157797,3
5974,8.178592,12
5975,5.0178785,3
5976,8.300498,0
5977,2.3878357,1
5978,5.5674586,5
5979,6.885715,10
5980,6.1895475,10
5981,5.1784563,7
5982,2.3878357,0
5983,5.2434053,1
5984,5.113171,0
5985,7.4577737,4
5986,0.4936548,1
5987,5.5324845,10
5988,0.8643825,0
5989,3.8208916,6
5990,7.734201,8
5991,4.581833,6
5992,5.155121,6
5993,6.341388,7
5994,6.5291753,9
5995,0.4702112,6
5996,0.8428969,0
5997,6.9110985,5
5998,6.8355227,10
5999,3.5780299,9
6000,5.019002,3
6001,6.7852545,9
6002,5.483867,6
6003,7.6984735,2
6004,6.0533175,7
6005,3.487237,10
6006,6.0105577,12
6007,4.5512214,0
6008,6.4433846,16
6009,5.654956,11
6010,3.663397,2
6011,2.996704,0
6012,7.577714,8
6013,5.4989324,1
6014,4.848104,7
6015,4.3489976,0
6016,3.9061503,1
6017,1.1126854,0
6018,2.3878357,1
6019,7.977832,6
6020,6.4985547,8
6021,8.7155695,9
6022,3.8940856,1
6023,5.2319856,4
6024,5.0215673,3
6025,2.6084948,9
6026,3.7102182,4
6027,0.4702112,0
6028,2.4647698,0
6029,3.986166,4
6030,5.74917,10
6031,0.4702112,0
6032,6.398487,3
6033,8.473643,10
6034,1.8720084,12
6035,8.422262,15
6036,8.626672,4
6037,5.3297734,11
6038,4.518303,6
6039,5.696282,1
6040,4.7039294,9
6041,9.266787,12
6042,4.8696666,4
6043,4.8840446,4
6044,7.850928,9
6045,0.7067969,0
6046,8.735075,8
6047,3.2203922,0
6048,5.465388,3
6049,8.506626,8
6050,3.326224,1
6051,5.0115166,4
6052,1.2824669,1
6053,0.56399405,0
6054,5.523078,10
6055,5.783171,6
6056,1.3738816,0
6057,1.9332925,0
6058,4.9401712,3
6059,6.7866435,4
6060,7.46138,9
6061,5.633057,4
6062,6.4717536,2
6063,4.634192,1
6064,5.501443,2
6065,3.566276,3
6066,0.4702112,0
6067,5.756684,8
6068,0.4702112,0
6069,3.188975,0
6070,4.4555616,15
6071,2.8906524,1
6072,5.749916,4
6073,4.469212,7
6074,4.042498,5
6075,5.7731247,0
6076,6.4270844,2
6077,4.9300222,11
6078,6.011867,2
6079,5.751638,6
6080,4.7731185,0
6081,6.5070896,1
6082,5.5198913,0
6083,5.7838693,5
6084,1.1310775,1
6085,6.4899387,9
6086,4.055478,3
6087,1.494468,6
6088,0.4702112,0
6089,2.3878357,0
6090,5.020557,10
6091,8.140246,5
6092,1.2159476,0
6093,3.8659286,6
6094,2.905525,0
6095,6.474974,3
6096,5.6187034,10
6097,5.3086514,5
6098,2.020475,0
6099,5.562214,7
6100,7.669593,8
6101,6.4984984,5
6102,4.756897,3
6103,8.076677,8
6104,2.585093,2
6105,8.634902,9
6106,1.9332925,8
6107,2.3878357,0
6108,6.311591,5
6109,0.68831766,0
6110,4.7985196,5
6111,6.339726,15
6112,3.240149,2
6113,5.253317,9
6114,4.838136,3
6115,5.3527803,0
6116,6.1104455,10
6117,4.325573,5
6118,5.243349,8
6119,6.556399,3
6120,4.5316634,3
6121,7.0430813,7
6122,1.2805375,1
6123,3.0838346,0
6124,4.679453,0
6125,4.4235196,2
6126,2.9826975,3
6127,5.949717,12
6128,5.029204,3
6129,8.643208,8
6130,2.347823,0
6131,6.0937724,1
6132,0.4702112,0
6133,7.592316,14
6134,4.6465774,16
6135,2.6205118,5
6136,5.2222376,5
6137,4.8412967,2
6138,0.4702112,0
6139,6.2666135,8
6140,4.3427672,5
6141,4.1799803,0
6142,1.7622029,0
6143,6.3688483,7
6144,0.4702112,0
6145,5.4834075,2
6146,2.3878357,2
6147,7.9813695,12
6148,4.6353154,4
6149,7.627595,3
6150,3.0225072,0
6151,2.7948132,4
6152,4.6933637,4
6153,2.5462964,0
6154,4.019352,0
6155,2.9408088,1
6156,5.055775,10
6157,0.4702112,0
6158,1.3956591,2
6159,1.8954625,0
6160,6.961988,11
6161,4.5399113,7
6162,1.5543342,1
6163,7.080492,0
6164,0.8976546,0
6165,2.6901395,4
6166,0.4702112,0
6167,5.19421,4
6168,4.090311,3
6169,1.307627,0
6170,0.89299893,1
6171,4.123579,4
6172,7.416819,9
6173,5.292917,14
6174,7.804245,10
6175,4.9701314,4
6176,0.4702112,0
6177,4.823128,3
6178,4.5191717,3
6179,2.869418,1
6180,5.6221585,9
6181,3.5427897,0
6182,9.799218,10
6183,5.1331058,10
6184,0.89299893,0
6185,0.9430285,0
6186,0.4702112,0
6187,2.425402,0
6188,3.3916888,2
6189,6.646152,12
6190,3.9116447,0
6191,2.9010274,0
6192,4.622388,14
6193,4.563496,9
6194,0.4702112,0
6195,1.3353678,0
6196,8.106728,1
6197,8.285666,10
6198,5.4311953,5
6199,5.676582,3
6200,3.6497273,9
6201,5.2059064,7
6202,5.732863,5
6203,4.3608193,4
6204,3.6772017,0
6205,5.250418,11
6206,1.2005931,0
6207,0.4702112,1
6208,0.4702112,0
6209,6.0038934,9
6210,5.947645,7
6211,8.4024515,11
6212,1.1081226,0
6213,6.029243,4
6214,4.4082947,12
6215,5.1414447,15
6216,8.751277,3
6217,3.9893904,4
6218,4.998916,14
6219,0.8428969,0
6220,0.40893286,0
6221,8.905326,13
6222,4.8979096,17
6223,1.3222452,5
6224,4.108486,0
6225,4.260949,0
6226,8.039885,4
6227,2.6978698,0
6228,5.374652,7
6229,4.6771073,2
6230,0.7313798,0
6231,4.408704,11
6232,3.941929,1
6233,5.1529465,2
6234,0.4702112,0
6235,7.533525,8
6236,4.3054657,3
6237,4.534549,0
6238,5.6581964,5
6239,2.3878357,0
6240,8.291364,11
6241,5.784902,5
6242,6.5620704,9
6243,3.8394759,4
6244,4.7752004,15
6245,1.5175279,0
6246,3.872349,0
6247,7.3997746,4
6248,4.590624,13
6249,2.1447227,0
6250,2.2338006,4
6251,4.7046924,0
6252,4.77295,4
6253,7.8358555,11
6254,7.8182015,1
6255,4.0456214,0
6256,1.7231762,0
6257,5.9478846,6
6258,0.8428969,3
6259,5.0367293,2
6260,4.496661,2
6261,4.5072,8
6262,4.6217465,7
6263,6.6604543,1
6264,5.283194,0
6265,4.318806,7
6266,0.4702112,0
6267,0.4702112,2
6268,2.7546659,0
6269,4.4154487,2
6270,5.829242,5
6271,6.2215767,12
6272,0.4702112,1
6273,5.486216,13
6274,1.9186466,0
6275,2.3751967,5
6276,6.423985,11
6277,8.638288,3
6278,5.627269,11
6279,3.38537,10
6280,6.786078,7
6281,6.1288986,7
6282,7.2769904,14
6283,6.7094464,9
6284,4.472118,4
6285,7.951051,9
6286,6.67028,0
6287,4.308581,11
6288,3.589216,0
6289,5.158675,6
6290,5.698986,5
6291,5.891813,2
6292,0.4702112,0
6293,5.934939,9
6294,2.3878357,4
6295,5.116548,5
6296,8.957507,5
6297,2.231153,1
6298,3.153493,0
6299,0.9430285,0
6300,3.1520197,0
6301,1.1182278,0
6302,8.523021,8
6303,0.4702112,0
6304,4.9986663,1
6305,4.870349,2
6306,4.92236,6
6307,3.1976779,3
6308,0.4702112,0
6309,4.8847075,6
6310,2.3878357,0
6311,3.5691507,5
6312,4.053435,3
6313,4.719879,7
6314,1.1706091,0
6315,6.1737323,7
6316,9.165503,9
6317,5.8951526,3
6318,7.3031716,6
6319,5.892857,5
6320,0.4702112,0
6321,1.5984095,2
6322,4.7123823,4
6323,6.1263356,10
6324,7.8897915,8
6325,3.4747434,7
6326,0.4702112,0
6327,0.4702112,2
6328,0.7067969,1
6329,5.1630483,2
6330,2.7318113,1
6331,4.0327363,9
6332,5.9125543,5
6333,3.7083895,6
6334,2.7242842,0
6335,8.278803,11
6336,0.4702112,0
6337,6.5112524,4
6338,7.1836014,11
6339,8.960839,14
6340,1.8729371,1
6341,4.9367614,0
6342,7.044562,11
6343,4.1564493,0
6344,7.7298074,11
6345,5.639791,10
6346,5.6827674,14
6347,2.2638254,0
6348,6.9496026,7
6349,4.585634,4
6350,4.8550467,6
6351,7.753711,7
6352,5.959495,8
6353,2.3878357,1
6354,4.631177,2
6355,6.4702497,3
6356,7.591026,4
6357,8.719643,11
6358,3.6194847,5
6359,2.798937,0
6360,0.4702112,0
6361,4.5437055,2
6362,5.0514927,6
6363,6.5334525,1
6364,1.1706091,1
6365,5.401602,2
6366,4.8091626,1
6367,2.790385,6
6368,5.164082,9
6369,1.66068,2
6370,5.7615976,4
6371,3.1941245,5
6372,7.510917,3
6373,1.6954998,1
6374,3.5427897,0
6375,1.8050412,0
6376,4.4216027,5
6377,7.988792,4
6378,7.6406274,5
6379,2.0314302,0
6380,0.4702112,0
6381,7.041239,12
6382,7.1376815,3
6383,2.5617054,3
6384,2.606775,0
6385,5.993006,11
6386,5.8700843,3
6387,7.933771,10
6388,3.1012847,0
6389,4.607599,3
6390,8.202227,4
6391,0.4702112,0
6392,4.4225173,4
6393,3.8017967,4
6394,4.1841693,0
6395,4.9438972,2
6396,2.0160778,2
6397,8.828256,6
6398,4.878464,9
6399,1.4501187,0
6400,7.1111865,10
6401,5.0903788,5
6402,6.3466144,11
6403,0.4702112,0
6404,4.605574,5
6405,7.680111,7
6406,3.4707801,2
6407,4.494245,2
6408,3.6659453,4
6409,0.4702112,0
6410,2.2432914,1
6411,7.4426417,9
6412,4.096658,2
6413,4.3957896,9
6414,4.3196287,0
6415,5.5859466,3
6416,2.2151465,0
6417,6.86701,5
6418,7.539107,7
6419,2.6637893,2
6420,3.3892934,1
6421,0.8428969,0
6422,3.6553848,5
6423,7.1081905,1
6424,5.174049,4
6425,6.6781287,7
6426,2.2630546,2
6427,7.4577045,8
6428,5.215635,5
6429,8.320551,13
6430,6.484366,7
6431,5.0880857,7
6432,5.834538,0
6433,1.5196934,1
6434,1.6261061,0
6435,4.3638644,6
6436,5.68794,3
6437,2.3878357,1
6438,7.5646977,0
6439,2.275453,2
6440,3.043036,2
6441,3.231462,4
6442,5.0780396,8
6443,4.907224,5
6444,4.242908,13
6445,9.442491,14
6446,8.816697,11
6447,3.5482042,5
6448,8.502105,16
6449,1.2204701,0
6450,9.037654,9
6451,5.8840756,10
6452,4.583384,0
6453,6.528651,1
6454,5.3716593,5
6455,4.8808885,7
6456,4.8759484,7
6457,3.8013577,5
6458,0.4702112,0
6459,6.7028227,12
6460,3.1877172,0
6461,6.579755,4
6462,5.0725217,2
6463,6.900716,8
6464,7.594571,13
6465,6.511807,2
6466,5.4406896,5
6467,3.8912215,5
6468,2.3878357,2
6469,6.6438336,8
6470,7.3384256,15
6471,6.3970146,0
6472,6.7651005,1
6473,3.0301838,4
6474,6.050283,7
6475,7.836457,5
6476,4.596596,5
6477,4.0477934,11
6478,3.1965916,3
6479,3.4927773,15
6480,4.6181593,0
6481,5.7473536,8
6482,7.7592583,7
6483,3.1938574,0
6484,4.8486657,5
6485,6.0443463,4
6486,1.5196934,2
6487,2.3878357,3
6488,2.3878357,1
6489,7.1902494,4
6490,8.683692,4
6491,0.4702112,10
6492,4.4160037,5
6493,4.940266,8
6494,0.8643825,4
6495,5.2042084,8
6496,2.3878357,1
6497,3.031244,0
6498,4.3561416,3
6499,7.094297,5
6500,7.256568,8
6501,4.033031,2
6502,1.3464178,2
6503,4.0339885,5
6504,2.3878357,0
6505,5.8996806,4
6506,3.810078,4
6507,3.8449047,0
6508,8.167237,1
6509,8.471195,9
6510,2.959202,1
6511,2.9519904,0
6512,5.159489,4
6513,5.9817157,5
6514,4.378368,6
6515,5.552406,4
6516,1.0798908,0
6517,4.2098985,8
6518,3.9790065,2
6519,2.3524992,3
6520,3.332963,0
6521,9.0148115,5
6522,9.186851,19
6523,0.4702112,1
6524,4.5213103,3
6525,6.492087,5
6526,8.838296,9
6527,6.6725135,11
6528,2.3878357,0
6529,6.4998426,8
6530,3.5322506,4
6531,4.1141057,10
6532,4.6597676,3
6533,3.9073985,2
6534,6.0503635,4
6535,3.4952896,1
6536,6.0171313,13
6537,6.0509534,3
6538,3.0408862,5
6539,0.4702112,0
6540,0.4702112,0
6541,3.1478093,0
6542,6.0058455,2
6543,4.842509,4
6544,4.3139515,0
6545,5.351752,2
6546,5.283194,3
6547,3.7603798,5
6548,3.148373,0
6549,3.6424727,1
6550,7.468799,3
6551,5.817721,0
6552,5.8882995,5
6553,3.481395,0
6554,3.7607677,5
6555,0.4702112,0
6556,6.6882854,6
6557,4.5293307,6
6558,0.4702112,0
6559,4.1083584,12
6560,0.8643825,0
6561,4.2626157,2
6562,6.6424003,11
6563,8.78275,7
6564,7.061395,5
6565,3.6676042,1
6566,5.2694235,2
6567,2.0314302,4
6568,4.211216,4
6569,2.901407,0
6570,2.8931692,1
6571,8.339706,11
6572,5.604561,5
6573,6.410605,7
6574,5.861825,7
6575,9.226867,7
6576,1.677998,10
6577,8.859725,11
6578,9.478335,12
6579,1.8000485,2
6580,3.9700284,3
6581,6.31655,11
6582,7.239956,5
6583,6.894921,7
6584,0.4702112,0
6585,6.1632285,3
6586,5.7487884,4
6587,2.3878357,0
6588,4.206997,3
6589,5.2243114,5
6590,0.4702112,0
6591,1.3405288,4
6592,3.7034974,9
6593,2.0860138,5
6594,7.926266,12
6595,6.048109,10
6596,5.6838555,2
6597,5.098429,11
6598,6.2385745,13
6599,6.0746017,5
6600,0.4702112,0
6601,8.695352,11
6602,1.1236496,0
6603,10.661254,11
6604,3.6424727,9
6605,3.5062363,12
6606,5.3736744,13
6607,5.3260694,2
6608,9.837416,19
6609,4.996486,3
6610,4.043241,1
6611,4.925593,1
6612,3.437671,0
6613,0.4702112,0
6614,6.826317,5
6615,2.911173,0
6616,7.2458243,7
6617,7.0494742,2
6618,6.9779534,6
6619,5.858954,1
6620,2.194236,0
6621,7.6494493,6
6622,3.331321,6
6623,3.8296542,4
6624,7.3389306,5
6625,7.049194,9
6626,2.0314302,0
6627,6.091034,2
6628,4.387373,3
6629,3.727152,3
6630,1.2245541,2
6631,4.738701,2
6632,7.716935,9
6633,6.955667,0
6634,5.9825745,4
6635,4.8940883,3
6636,1.3222452,0
6637,0.4702112,0
6638,3.974816,1
6639,4.2500377,5
6640,3.3447669,4
6641,4.1095033,3
6642,7.148054,12
6643,4.8286653,3
6644,3.3981612,8
6645,6.376366,8
6646,0.68831766,5
6647,6.14679,7
6648,4.2584314,0
6649,2.4344022,1
6650,3.9353542,7
6651,1.8954625,0
6652,8.332669,11
6653,1.9186466,0
6654,4.0275025,8
6655,4.813069,8
6656,8.582471,13
6657,6.424654,6
6658,4.613595,1
6659,1.9371417,2
6660,3.7297013,6
6661,4.9135385,6
6662,0.4702112,0
6663,4.937135,3
6664,7.8662786,10
6665,6.2473702,6
6666,6.997412,6
6667,2.3878357,0
6668,3.0443363,0
6669,5.3791337,8
6670,4.327075,2
6671,4.9147115,6
6672,1.9008824,0
6673,7.3103223,11
6674,0.4702112,8
6675,8.676581,10
6676,5.721936,5
6677,3.0799482,8
6678,4.3503785,4
6679,6.126805,13
6680,5.1437936,7
6681,5.0399055,9
6682,6.1602554,2
6683,4.9277368,4
6684,1.5704701,0
6685,5.3385086,2
6686,5.8457413,7
6687,6.6442814,11
6688,5.6167746,1
6689,8.088835,8
6690,2.803583,4
6691,7.260748,9
6692,9.857333,12
6693,4.6123214,10
6694,6.0638223,8
6695,1.7739263,0
6696,7.35599,6
6697,3.9414814,4
6698,2.4348302,2
6699,9.552426,13
6700,4.119631,0
6701,4.5798926,18
6702,4.378327,2
6703,3.1025631,6
6704,2.3878357,0
6705,3.6169975,3
6706,4.7168536,6
6707,5.2051,10
6708,4.1014447,3
6709,8.109995,6
6710,4.735953,5
6711,3.8725002,0
6712,2.4695752,0
6713,3.6827588,6
6714,7.484509,13
6715,7.6513925,6
6716,3.368834,9
6717,6.357514,8
6718,2.5901234,0
6719,4.1947427,12
6720,4.182495,0
6721,4.0696206,6
6722,2.2971942,0
6723,5.9451566,6
6724,8.688054,10
6725,2.7026522,5
6726,4.4075046,2
6727,7.28557,7
6728,1.7372471,3
6729,2.8840382,9
6730,3.891156,3
6731,3.711924,4
6732,6.3517613,7
6733,4.482989,8
6734,4.1036057,7
6735,6.8402543,5
6736,8.167238,6
6737,7.7647586,7
6738,4.831384,3
6739,4.5845747,0
6740,4.659948,1
6741,5.248065,4
6742,6.413654,3
6743,0.8643825,0
6744,3.269698,1
6745,5.7561345,0
6746,6.2490373,6
6747,7.7702255,8
6748,6.813127,4
6749,4.9019537,9
6750,2.3701897,0
6751,4.8693805,7
6752,5.2191434,5
6753,8.154623,12
6754,3.776459,4
6755,0.7848078,1
6756,5.9478297,5
6757,2.3878357,0
6758,5.9692273,4
6759,3.7691612,2
6760,1.0105389,2
6761,6.8611317,12
6762,4.857882,0
6763,7.6167827,14
6764,7.324139,17
6765,0.37915015,0
6766,0.4702112,0
6767,4.2388253,5
6768,1.1261456,0
6769,7.825299,14
6770,4.1305447,9
6771,8.695714,6
6772,0.4702112,0
6773,0.4702112,0
6774,6.180692,4
6775,3.402482,2
6776,6.7616677,7
6777,6.886374,12
6778,7.1076894,5
6779,7.0096517,4
6780,6.184848,10
6781,5.481587,10
6782,6.3492274,3
6783,4.2958975,7
6784,5.1381164,3
6785,5.231361,1
6786,7.200869,8
6787,5.9163995,1
6788,7.6346297,2
6789,1.2163651,0
6790,1.0087638,2
6791,3.5564017,5
6792,4.1025443,8
6793,4.066883,4
6794,2.4253404,0
6795,7.3626595,13
6796,3.1003668,0
6797,1.6660385,6
6798,8.149622,5
6799,6.545734,18
6800,4.081349,10
6801,8.06335,10
6802,0.4702112,0
6803,6.182896,1
6804,4.5392947,0
6805,4.7900214,6
6806,0.4702112,0
6807,3.6852543,3
6808,2.3878357,0
6809,1.5704701,0
6810,2.3009198,2
6811,2.7051363,0
6812,5.464662,0
6813,3.111051,0
6814,2.8128116,2
6815,1.0150023,0
6816,6.764652,14
6817,7.452986,9
6818,4.588503,13
6819,2.890496,6
6820,4.506404,1
6821,1.6823711,1
6822,5.6098514,8
6823,5.9546385,6
6824,8.049782,1
6825,3.935108,0
6826,7.3432856,9
6827,6.3854117,6
6828,6.7401986,12
6829,2.7612975,3
6830,4.2714267,1
6831,3.6458416,5
6832,4.0074406,1
6833,7.0189047,2
6834,6.161562,18
6835,3.9604218,2
6836,4.465306,1
6837,7.565207,4
6838,3.3775856,4
6839,5.0956573,3
6840,0.4702112,0
6841,6.5582523,1
6842,7.9727483,8
6843,5.113815,4
6844,4.0330005,1
6845,2.4827697,0
6846,1.3405288,3
6847,3.3102977,2
6848,4.858422,5
6849,9.308304,8
6850,2.093977,0
6851,4.652688,9
6852,4.00351,10
6853,2.3878357,1
6854,6.533234,9
6855,1.846578,3
6856,5.8648453,8
6857,2.2691073,0
6858,3.5503035,6
6859,6.1429243,12
6860,3.7500556,1
6861,3.6742477,6
6862,5.4796147,8
6863,4.0567503,10
6864,4.0909195,8
6865,1.5171603,0
6866,1.1081226,0
6867,6.3551745,14
6868,0.4702112,0
6869,2.3878357,1
6870,7.8781886,13
6871,4.4567146,9
6872,5.5823884,4
6873,3.5625184,2
6874,7.9304643,14
6875,3.4301736,0
6876,1.3222452,0
6877,4.7115927,8
6878,5.694202,3
6879,4.32809,2
6880,3.4867864,11
6881,5.508484,8
6882,7.988052,6
6883,4.5392947,1
6884,4.884558,5
6885,2.3878357,4
6886,1.7746325,0
6887,5.7058077,0
6888,4.93029,3
6889,4.6215997,1
6890,6.9159417,10
6891,2.0613194,2
6892,3.7007854,6
6893,5.470071,7
6894,4.190869,1
6895,2.4332194,3
6896,5.4678445,5
6897,5.437217,8
6898,2.005899,0
6899,4.8229804,9
6900,2.6100252,14
6901,5.5893297,13
6902,1.6502167,0
6903,4.601251,2
6904,4.7779994,19
6905,4.7614107,5
6906,4.9105067,10
6907,4.994571,9
6908,0.4702112,0
6909,2.7823105,1
6910,4.313373,9
6911,2.6561773,3
6912,5.9270635,2
6913,3.6423638,4
6914,5.5554595,10
6915,4.6841097,8
6916,4.8035684,2
6917,5.395993,4
6918,4.2493343,2
6919,4.3399463,4
6920,2.577142,1
6921,0.8428969,0
6922,6.207563,2
6923,7.422189,6
6924,2.7624648,3
6925,4.439894,0
6926,4.4546747,2
6927,4.802068,5
6928,5.237803,3
6929,5.3007236,5
6930,8.48794,10
6931,6.1699967,2
6932,5.3010683,7
6933,6.206596,0
6934,3.665444,1
6935,4.671787,9
6936,2.773442,4
6937,4.893031,5
6938,2.3878357,1
6939,5.8809915,3
6940,5.410923,4
6941,2.5111763,1
6942,5.208162,0
6943,5.0162635,7
6944,5.6895785,3
6945,5.2713423,0
6946,4.139036,3
6947,5.475648,8
6948,4.99854,8
6949,1.4391191,0
6950,5.0671773,9
6951,4.8359513,2
6952,4.1478605,1
6953,6.790526,0
6954,5.5935063,3
6955,4.21167,2
6956,1.7141694,0
6957,4.4218082,1
6958,5.2303357,0
6959,5.902847,3
6960,3.1131556,2
6961,0.4702112,0
6962,6.1433005,12
6963,6.14924,6
6964,1.6743155,0
6965,5.425015,8
6966,6.685934,12
6967,3.3230877,1
6968,3.5309234,0
6969,4.4558196,3
6970,4.8071322,1
6971,0.4702112,0
6972,2.3878357,2
6973,3.8898613,1
6974,0.40893286,0
6975,3.0408862,2
6976,2.3450193,5
6977,7.7424636,10
6978,4.6118517,3
6979,5.8724995,2
6980,0.68831766,0
6981,3.6118457,2
6982,6.421702,4
6983,7.9280114,5
6984,5.8027463,1
6985,1.1301512,0
6986,7.2375855,10
6987,4.896359,2
6988,6.709307,1
6989,7.4555407,8
6990,6.324956,8
6991,4.1283617,3
6992,3.2538507,2
6993,3.6438932,7
6994,0.4702112,0
6995,6.1603518,1
6996,4.774973,3
6997,4.493994,3
6998,7.8012376,10
6999,0.4702112,1
7000,5.8796897,3
7001,5.6362367,4
7002,0.4702112,1
7003,1.8720084,0
7004,6.4618945,7
7005,3.3859584,1
7006,3.7307594,0
7007,1.3222452,2
7008,4.226827,4
7009,6.453346,1
7010,4.3957896,22
7011,7.1094794,7
7012,2.3878357,0
7013,4.2770457,3
7014,5.5826564,6
7015,0.4702112,0
7016,7.21197,5
7017,0.68831766,0
7018,6.957841,1
7019,2.7572813,1
7020,6.46219,9
7021,5.4615874,9
7022,7.261513,4
7023,7.3675346,10
7024,4.8100133,2
7025,3.5290926,3
7026,0.37915015,0
7027,7.337574,0
7028,0.7848078,0
7029,8.991177,3
7030,4.0758324,4
7031,0.91013217,5
7032,5.34413,5
7033,8.816093,8
7034,7.067908,4
7035,4.597103,4
7036,7.069859,14
7037,0.4702112,0
7038,6.2200513,0
7039,0.4702112,3
7040,3.9996414,1
7041,5.899479,3
7042,7.3946595,9
7043,3.2018816,3
7044,4.80275,1
7045,5.166781,15
7046,3.5772629,6
7047,4.1622086,2
7048,4.1471972,1
7049,4.9832234,1
7050,4.3879237,0
7051,7.1313186,10
7052,4.5956683,3
7053,5.057144,13
7054,4.492012,1
7055,4.2796345,8
7056,4.2252874,13
7057,5.7433476,2
7058,6.612887,4
7059,4.545648,5
7060,9.286859,0
7061,3.034143,0
7062,2.3878357,4
7063,3.3994746,10
7064,6.206737,3
7065,7.5512567,12
7066,6.057392,13
7067,4.9002113,7
7068,7.645587,5
7069,0.4702112,0
7070,4.5392947,1
7071,4.414661,1
7072,0.4702112,0
7073,1.9860526,0
7074,4.046825,11
7075,1.8511593,0
7076,7.371906,13
7077,0.4702112,0
7078,7.6219125,6
7079,1.1673152,0
7080,0.4702112,0
7081,0.4702112,0
7082,1.1047195,0
7083,2.3878357,0
7084,4.260949,0
7085,7.477878,8
7086,4.92972,1
7087,3.2086456,10
7088,7.580157,1
7089,3.9207156,0
7090,8.252667,6
7091,7.438623,8
7092,5.6249046,0
7093,4.961842,9
7094,5.831084,2
7095,7.368246,10
7096,5.9381423,10
7097,1.5500263,0
7098,5.067513,6
7099,1.1807846,4
7100,4.5845027,5
7101,7.7762628,7
7102,0.4702112,0
7103,1.4789655,4
7104,1.3222452,0
7105,8.473331,14
7106,1.1301512,0
7107,9.04885,10
7108,7.0271583,6
7109,2.3878357,0
7110,5.763568,10
7111,5.6387973,16
7112,7.70505,6
7113,4.230003,7
7114,1.7189345,1
7115,7.0393996,3
7116,3.3598697,3
7117,4.124332,0
7118,5.0826955,6
7119,8.395768,14
7120,2.0004094,8
7121,7.942244,8
7122,4.921367,6
7123,2.0314302,3
7124,5.976932,7
7125,6.9013667,11
7126,2.7447975,2
7127,4.7991977,4
7128,7.0058713,11
7129,6.2358556,8
7130,0.4702112,0
7131,4.9290633,0
7132,5.281108,2
7133,5.606932,2
7134,5.3746696,5
7135,4.1544356,9
7136,4.24934,0
7137,6.418931,9
7138,4.2163506,10
7139,5.421009,8
7140,7.5324025,10
7141,5.5751452,2
7142,5.6231503,11
7143,8.868692,7
7144,5.9126554,4
7145,3.5800383,0
7146,7.914064,20
7147,5.2615123,2
7148,2.3878357,0
7149,4.205336,3
7150,1.2352407,2
7151,3.7219937,7
7152,1.6928554,1
7153,6.515546,2
7154,4.5825925,5
7155,6.8701973,7
7156,9.005743,7
7157,3.767419,5
7158,6.160363,9
7159,3.5353081,5
7160,5.019734,1
7161,7.3151875,7
7162,2.3878357,0
7163,3.8063095,5
7164,5.7477336,5
7165,7.7550387,14
7166,4.699078,7
7167,1.5196934,7
7168,4.349443,3
7169,5.5107875,5
7170,2.5671847,0
7171,6.611354,4
7172,5.074207,4
7173,5.4703526,9
7174,5.0460305,3
7175,6.870078,6
7176,8.249106,4
7177,2.0069711,0
7178,0.4702112,0
7179,5.0611224,3
7180,4.6980443,2
7181,3.7442214,13
7182,2.912953,1
7183,5.9197783,0
7184,4.7266607,8
7185,3.566263,2
7186,0.4936548,0
7187,2.3615098,3
7188,8.231484,10
7189,4.073451,2
7190,3.768018,4
7191,8.039109,12
7192,0.4702112,1
7193,4.219453,5
7194,2.6963162,0
7195,1.5347363,0
7196,6.4880147,3
7197,4.8521085,11
7198,8.217368,14
7199,5.2245965,7
7200,6.9635816,14
7201,6.1028705,2
7202,2.9940493,3
7203,5.059359,6
7204,2.1600988,2
7205,1.2159476,0
7206,7.0446544,7
7207,9.4336195,11
7208,5.6214576,12
7209,3.1300557,2
7210,1.1081226,0
7211,5.6169095,3
7212,5.0382166,3
7213,5.473085,4
7214,4.3198676,2
7215,2.290633,0
7216,1.1972331,1
7217,1.8638506,0
7218,3.5635877,3
7219,2.9046004,0
7220,5.2771287,2
7221,5.729755,0
7222,5.1312866,9
7223,1.0052289,1
7224,1.1972331,0
7225,5.5539393,14
7226,0.4702112,0
7227,6.022574,12
7228,5.3392453,2
7229,2.2245603,3
7230,4.3566484,3
7231,1.0052289,0
7232,2.0173435,0
7233,5.7209697,9
7234,4.455077,1
7235,5.004999,6
7236,7.1457505,13
7237,1.2159476,0
7238,4.933042,1
7239,3.911729,8
7240,3.8587527,5
7241,2.4140642,2
7242,3.779425,7
7243,0.78055155,0
7244,4.4582944,3
7245,0.68831766,0
7246,7.649209,11
7247,5.48679,7
7248,4.6600795,3
7249,7.5646577,17
7250,5.689257,4
7251,2.0571587,1
7252,5.234114,15
7253,4.897025,6
7254,4.837738,5
7255,3.903106,11
7256,6.058029,2
7257,5.1462793,6
7258,6.743525,11
7259,0.8548078,4
7260,8.718473,3
7261,8.26252,12
7262,6.1954265,4
7263,7.5663114,10
7264,4.6241093,6
7265,4.4213443,7
7266,3.753518,6
7267,4.5639405,13
7268,1.8740318,2
7269,0.4702112,1
7270,0.4702112,0
7271,0.7848078,5
7272,5.7640696,2
7273,5.2434635,0
7274,5.769915,1
7275,7.347245,16
7276,4.4285026,2
7277,1.2805375,0
7278,4.840753,5
7279,3.1187646,3
7280,5.189982,6
7281,4.900019,1
7282,5.3966722,6
7283,5.826443,8
7284,4.256828,0
7285,4.577188,1
7286,0.4702112,0
7287,4.986324,7
7288,6.941234,2
7289,3.498124,3
7290,4.726974,4
7291,5.1833653,1
7292,2.5112941,5
7293,7.209921,12
7294,4.940925,2
7295,4.5182457,0
7296,5.571632,2
7297,6.287115,9
7298,6.33073,4
7299,4.3957896,9
7300,4.795103,3
7301,7.693115,4
7302,4.2563143,6
7303,0.4702112,0
7304,2.3878357,2
7305,3.6259515,7
7306,1.0662736,3
7307,2.3558218,2
7308,5.9253173,2
7309,2.5517883,12
7310,7.150144,0
7311,5.3343496,2
7312,4.191776,6
7313,1.3222452,2
7314,3.9481878,3
7315,6.4241567,10
7316,5.6903734,12
7317,6.8756957,6
7318,3.3522897,0
7319,3.9181857,6
7320,4.323614,3
7321,6.1058927,14
7322,4.837115,3
7323,0.7848078,0
7324,7.680743,0
7325,2.803583,0
7326,2.773442,6
7327,6.78311,2
7328,6.092773,13
7329,6.5803895,5
7330,2.3878357,0
7331,5.639149,2
7332,6.4246335,5
7333,1.9438775,2
7334,5.776238,9
7335,7.7310023,4
7336,5.677329,13
7337,5.746122,2
7338,6.0277386,6
7339,3.3325317,6
7340,3.151905,4
7341,4.6598454,5
7342,6.0824485,2
7343,7.116565,7
7344,3.8278272,2
7345,4.8945746,3
7346,6.118963,6
7347,2.6510851,2
7348,4.277143,5
7349,7.451823,4
7350,5.302481,5
7351,4.9118595,6
7352,6.4475684,7
7353,9.13654,9
7354,5.971419,3
7355,1.0720259,0
7356,0.4702112,0
7357,1.5196934,0
7358,4.4685035,5
7359,2.4852111,1
7360,4.302323,11
7361,4.5732274,6
7362,6.808921,6
7363,6.1528125,13
7364,5.815042,4
7365,4.5822525,5
7366,5.506051,7
7367,1.8557843,8
7368,2.0139709,2
7369,4.4656396,5
7370,4.6542535,1
7371,2.8888936,3
7372,6.313952,6
7373,7.3070817,13
7374,8.614482,7
7375,5.270074,1
7376,4.776693,2
7377,5.7321267,4
7378,3.8044398,1
7379,6.9708085,8
7380,3.917363,2
7381,2.3878357,1
7382,4.272056,3
7383,3.8256266,5
7384,5.5525603,0
7385,4.538675,3
7386,1.3099123,0
7387,4.0268984,2
7388,1.1236496,0
7389,3.8535922,3
7390,5.5231824,4
7391,0.4702112,0
7392,6.6411643,4
7393,0.4702112,0
7394,4.4417467,0
7395,0.4702112,1
7396,3.9941053,5
7397,3.2495792,9
7398,2.3878357,9
7399,5.822001,9
7400,0.4702112,0
7401,6.17901,15
7402,4.9180145,14
7403,4.099922,2
7404,6.596034,8
7405,6.6642194,5
7406,7.1685505,11
7407,6.0404344,6
7408,3.9789412,0
7409,0.4702112,0
7410,5.7309046,4
7411,2.2154434,7
7412,5.624024,9
7413,4.1613717,2
7414,5.3762946,6
7415,4.2777925,7
7416,6.4494333,8
7417,4.907047,1
7418,5.3609643,8
7419,5.8643885,4
7420,5.569484,2
7421,6.5097995,11
7422,2.0314302,0
7423,4.11217,10
7424,4.239205,2
7425,3.897516,6
7426,4.9763,2
7427,1.7746574,0
7428,4.1718583,5
7429,0.9561596,1
7430,1.1047195,2
7431,6.8016768,6
7432,4.2028847,9
7433,0.91027915,3
7434,3.066518,1
7435,3.3373787,4
7436,5.8956428,9
7437,6.7816625,10
7438,2.3878357,1
7439,4.646318,2
7440,3.4636834,4
7441,2.9980412,2
7442,4.0578623,6
7443,6.9723377,9
7444,1.0665604,3
7445,4.368237,0
7446,2.954113,0
7447,5.798197,9
7448,7.2063074,9
7449,0.4702112,0
7450,6.051994,3
7451,4.718206,1
7452,7.662363,9
7453,4.6060505,1
7454,4.916863,8
7455,8.744168,10
7456,3.5840728,2
7457,4.444996,5
7458,5.5788164,16
7459,0.4702112,0
7460,5.6389823,9
7461,8.311528,7
7462,8.265742,11
7463,4.754812,8
7464,3.1201742,6
7465,4.19054,5
7466,4.556887,3
7467,3.9803188,7
7468,2.3878357,4
7469,6.2685924,8
7470,4.5045986,0
7471,5.2165923,3
7472,3.812867,2
7473,2.3878357,2
7474,5.754476,0
7475,5.929824,7
7476,7.753486,12
7477,0.4702112,0
7478,7.9658394,11
7479,1.2360779,0
7480,4.4180074,2
7481,4.8710575,10
7482,4.248134,5
7483,4.1026893,3
7484,4.3452554,2
7485,3.7611978,3
7486,5.514667,16
7487,6.0464215,8
7488,8.00966,10
7489,5.53659,8
7490,4.3719745,9
7491,4.1927414,1
7492,2.8926723,2
7493,3.555234,10
7494,4.443829,1
7495,0.4702112,0
7496,5.4209037,2
7497,0.4702112,0
7498,4.6038046,3
7499,3.9117873,1
7500,2.3878357,0
7501,6.4097943,12
7502,2.0098763,0
7503,4.9622397,5
7504,8.256137,13
7505,2.6803296,2
7506,5.7826424,9
7507,6.3603415,4
7508,6.27597,13
7509,5.727311,0
7510,3.7232757,3
7511,2.924072,0
7512,4.207176,2
7513,5.2527313,4
7514,3.1830688,0
7515,0.4702112,0
7516,8.210771,14
7517,6.456693,8
7518,6.6173396,2
7519,4.301259,4
7520,4.8571167,12
7521,3.74506,4
7522,1.5927485,3
7523,7.905439,11
7524,6.9440384,13
7525,6.479011,6
7526,1.9223002,0
7527,6.9337125,5
7528,0.37915015,0
7529,4.921396,3
7530,3.904044,8
7531,1.9146662,23
7532,7.937244,11
7533,7.001695,14
7534,1.6491606,0
7535,7.212477,9
7536,4.303964,1
7537,0.4702112,0
7538,5.658898,4
7539,5.9782605,2
7540,8.362885,3
7541,5.5193524,0
7542,0.4702112,3
7543,1.684996,8
7544,4.982793,3
7545,4.6537333,3
7546,4.9216995,4
7547,3.7694051,0
7548,4.203236,4
7549,2.3878357,1
7550,4.01675,3
7551,2.126532,0
7552,2.1542656,0
7553,6.964314,9
7554,5.2581534,15
7555,5.8415256,3
7556,1.1706091,1
7557,4.4772677,0
7558,5.6576443,3
7559,4.6139865,0
7560,5.134766,0
7561,1.2245541,4
7562,9.889277,13
7563,7.9629126,11
7564,0.4702112,0
7565,5.4284844,2
7566,0.4702112,0
7567,1.7559572,0
7568,0.4702112,0
7569,7.180389,10
7570,5.614763,3
7571,2.0655715,2
7572,2.5479841,1
7573,4.568085,4
7574,4.5943303,5
7575,6.895525,1
7576,3.643598,4
7577,5.2124667,5
7578,2.231153,0
7579,8.503402,10
7580,6.4969306,3
7581,5.2147927,7
7582,5.054322,10
7583,5.056075,7
7584,2.0860138,1
7585,8.828418,13
7586,5.085901,3
7587,5.1196437,9
7588,2.597179,5
7589,3.0221775,2
7590,2.3878357,0
7591,4.512073,5
7592,4.750555,3
7593,1.9430507,8
7594,4.3255715,7
7595,4.386243,9
7596,6.591175,10
7597,5.114635,7
7598,4.593827,5
7599,4.8178134,9
7600,4.0719523,5
7601,3.6994338,1
7602,4.9729776,7
7603,5.1822667,10
7604,4.758518,6
7605,8.349141,12
7606,2.0919394,1
7607,4.402534,8
7608,6.6186643,4
7609,0.4702112,0
7610,5.0971255,3
7611,3.4367478,6
7612,0.4702112,0
7613,0.77286786,2
7614,3.0697377,7
7615,4.160639,8
7616,9.764323,11
7617,2.3878357,6
7618,1.4683331,0
7619,6.193673,7
7620,4.9871845,3
7621,6.5451674,0
7622,3.8321812,2
7623,7.0570116,3
7624,4.172931,6
7625,0.4702112,0
7626,2.020933,2
7627,6.933643,5
7628,10.565066,8
7629,4.5787854,5
7630,4.514839,9
7631,5.802003,0
7632,1.0425719,1
7633,6.1193404,2
7634,8.898334,6
7635,1.2159476,0
7636,0.4702112,0
7637,8.068176,0
7638,4.783282,13
7639,4.6049232,10
7640,0.7067969,1
7641,0.4702112,0
7642,7.1528435,8
7643,6.2449436,9
7644,3.573046,5
7645,6.0387664,13
7646,5.2846303,3
7647,0.4702112,0
7648,3.1290152,1
7649,0.973535,3
7650,0.4702112,0
7651,6.0373483,0
7652,6.5904894,0
7653,6.240415,6
7654,2.3878357,0
7655,7.8990335,12
7656,5.2794623,8
7657,7.449885,8
7658,8.902705,13
7659,5.320539,14
7660,4.4840465,1
7661,5.082811,5
7662,4.575044,1
7663,0.4702112,0
7664,1.2159476,1
7665,4.4230456,6
7666,4.7096586,3
7667,7.136973,3
7668,5.313784,0
7669,5.2068353,5
7670,6.6217833,10
7671,2.442635,5
7672,5.5095663,4
7673,2.0314302,2
7674,6.5147295,7
7675,9.230012,17
7676,7.4599423,16
7677,8.204065,13
7678,2.0163293,0
7679,6.054683,4
7680,4.412554,2
7681,3.1293666,5
7682,8.392478,0
7683,6.0409875,0
7684,3.4736967,0
7685,8.269471,12
7686,2.996906,5
7687,0.77286786,0
7688,4.8855863,5
7689,5.1394196,7
7690,6.5792055,2
7691,1.0779896,1
7692,9.327175,9
7693,4.210018,1
7694,6.319442,7
7695,9.860076,7
7696,4.523085,5
7697,3.1071582,3
7698,8.328299,6
7699,6.324164,10
7700,7.8154354,4
7701,3.5912838,4
7702,5.877461,7
7703,5.503943,4
7704,2.3878357,0
7705,5.27644,0
7706,2.1780925,0
7707,4.6143045,1
7708,7.4232655,2
7709,1.2699357,0
7710,9.003669,6
7711,3.9606478,2
7712,0.4702112,0
7713,6.222459,3
7714,4.4866242,7
7715,1.5196934,0
7716,7.6020894,5
7717,7.952663,8
7718,2.3878357,3
7719,6.4066935,10
7720,8.501573,15
7721,0.4936548,1
7722,8.599227,18
7723,2.4645483,4
7724,2.1357706,1
7725,0.4702112,2
7726,4.732437,0
7727,3.9597664,7
7728,4.620095,10
7729,4.787246,4
7730,4.6862984,6
7731,1.1673152,0
7732,6.8376274,13
7733,5.6583147,1
7734,6.6903443,6
7735,6.948113,14
7736,3.7412465,7
7737,3.890145,1
7738,7.651212,5
7739,9.688239,3
7740,0.77286786,4
7741,6.3455706,7
7742,4.596329,5
7743,6.407495,10
7744,4.4065785,0
7745,4.2497544,5
7746,7.0687013,7
7747,4.150952,0
7748,6.8733106,5
7749,6.6135073,5
7750,2.1214917,0
7751,3.8187673,5
7752,0.4702112,0
7753,6.956837,8
7754,7.7628026,16
7755,0.4702112,0
7756,6.000639,4
7757,6.2055593,6
7758,0.4702112,5
7759,2.5645568,1
7760,6.4812965,12
7761,5.2258162,13
7762,4.851299,13
7763,1.7746325,5
7764,5.5109367,8
7765,6.881187,3
7766,4.5388465,11
7767,3.32321,11
7768,3.9967175,3
7769,7.184076,5
7770,3.1271021,0
7771,6.4895334,12
7772,4.883927,9
7773,6.617688,15
7774,2.751883,0
7775,5.710092,1
7776,5.0357866,0
7777,1.7565242,2
7778,5.306775,6
7779,1.8954625,0
7780,3.9874332,9
7781,4.1261687,7
7782,6.018575,10
7783,3.5615017,3
7784,2.728722,0
7785,0.7848078,0
7786,6.103976,0
7787,2.3878357,9
7788,1.8602998,1
7789,7.563517,9
7790,3.7600458,2
7791,1.5272382,0
7792,5.596389,8
7793,4.2579327,2
7794,4.1717343,8
7795,2.0619802,5
7796,7.2708836,0
7797,5.268189,0
7798,2.3878357,0
7799,7.509908,10
7800,4.4156027,0
7801,2.523353,1
7802,4.9150357,6
7803,2.4658372,0
7804,6.870056,4
7805,6.1807413,2
7806,4.9048934,6
7807,0.77286786,0
7808,4.245815,6
7809,5.031702,1
7810,2.775714,4
7811,5.411154,8
7812,3.2162576,6
7813,1.1081226,5
7814,2.20251,3
7815,5.013288,7
7816,4.4457517,13
7817,5.886266,9
7818,7.9568467,14
7819,7.0568767,1
7820,4.8774695,2
7821,0.4702112,1
7822,2.3878357,4
7823,3.5445058,5
7824,8.045344,8
7825,0.4702112,0
7826,6.8321996,2
7827,4.017587,3
7828,7.0833125,7
7829,5.264103,8
7830,5.7606454,3
7831,3.834513,2
7832,3.8455024,9
7833,4.1087127,0
7834,5.7150493,2
7835,4.793441,3
7836,2.3878357,0
7837,4.3781,3
7838,5.16509,5
7839,0.4702112,0
7840,1.9512954,0
7841,5.521877,7
7842,6.573296,4
7843,3.0281017,1
7844,6.836358,9
7845,5.283194,5
7846,9.927542,14
7847,1.8982128,4
7848,7.7546744,7
7849,5.1217647,4
7850,3.726449,1
7851,4.9190392,4
7852,1.6939025,1
7853,4.517966,7
7854,4.7000995,7
7855,9.72704,7
7856,0.4702112,0
7857,0.4702112,0
7858,4.7876663,6
7859,1.1047195,0
7860,4.7000327,6
7861,1.046967,1
7862,5.319018,6
7863,3.559966,2
7864,6.3807654,6
7865,4.4154487,0
7866,3.4851155,1
7867,3.8114755,6
7868,6.559568,8
7869,8.101336,12
7870,2.7973053,2
7871,5.580359,16
7872,2.840388,8
7873,5.0999255,7
7874,4.2438655,1
7875,5.1647964,0
7876,8.534221,6
7877,4.3539586,2
7878,3.263837,0
7879,5.933,5
7880,6.5790634,5
7881,6.777286,2
7882,5.9153028,2
7883,3.864886,4
7884,6.272815,13
7885,3.3198032,0
7886,5.0533595,5
7887,4.6777053,4
7888,0.4702112,0
7889,1.7038454,1
7890,4.4407573,5
7891,5.7994547,2
7892,4.2007465,11
7893,4.2213707,16
7894,5.7852473,8
7895,3.827925,0
7896,4.786079,13
7897,3.587374,8
7898,8.885768,10
7899,4.6840577,5
7900,1.1980467,0
7901,3.1945236,0
7902,1.9332042,2
7903,4.2900014,5
7904,6.0117354,1
7905,6.2782836,6
7906,5.725147,2
7907,4.8256917,7
7908,7.5729003,13
7909,4.626443,2
7910,0.4702112,0
7911,4.5340066,3
7912,4.068667,5
7913,7.986387,11
7914,5.960976,6
7915,4.9929495,0
7916,2.422251,0
7917,6.013785,5
7918,5.7314553,10
7919,5.1985664,1
7920,4.886917,8
7921,1.2245541,0
7922,8.470589,8
7923,3.2891853,3
7924,6.011579,7
7925,5.2357035,6
7926,6.447477,2
7927,7.161359,6
7928,5.889498,7
7929,5.506535,16
7930,5.0752153,3
7931,4.035512,3
7932,2.9035957,0
7933,4.925593,10
7934,0.4702112,0
7935,3.4624445,0
7936,4.9105067,1
7937,4.508263,1
7938,1.0087638,1
7939,9.246155,10
7940,6.7744,9
7941,4.978356,7
7942,8.062061,11
7943,4.5509534,11
7944,7.730093,4
7945,6.214,6
7946,0.4702112,0
7947,2.7376425,6
7948,2.4253404,0
7949,7.8479595,3
7950,2.3878357,0
7951,0.4702112,0
7952,4.5570807,5
7953,1.2840351,0
7954,5.477139,5
7955,6.053756,4
7956,5.8646812,6
7957,4.191776,7
7958,1.9719836,0
7959,2.3878357,0
7960,2.7194567,0
7961,6.6736183,7
7962,3.7860568,2
7963,1.7188095,2
7964,6.0350704,10
7965,5.326923,6
7966,6.6902404,10
7967,6.8800864,16
7968,3.8150916,7
7969,4.854431,1
7970,6.4008007,10
7971,1.2245541,0
7972,5.512441,4
7973,2.8488002,2
7974,0.4702112,0
7975,4.361719,4
7976,3.2618022,1
7977,4.1122856,10
7978,4.955209,12
7979,5.3961434,6
7980,4.854301,5
7981,5.569574,2
7982,7.337574,0
7983,6.281215,3
7984,2.3878357,1
7985,3.9802947,15
7986,5.5970798,7
7987,7.535164,2
7988,0.4702112,0
7989,5.1572614,0
7990,6.7134705,1
7991,0.973535,0
7992,0.4702112,0
7993,2.3878357,5
7994,0.4702112,0
7995,6.4827027,4
7996,1.1301512,0
7997,6.588746,2
7998,2.4747984,12
7999,5.7131276,11
8000,5.0143657,1
8001,1.1896629,0
8002,4.790545,7
8003,3.7620971,10
8004,4.396201,5
8005,4.2831826,1
8006,0.4702112,1
8007,2.348584,0
8008,4.047359,8
8009,7.7162676,5
8010,6.233844,0
8011,4.792662,2
8012,8.443203,9
8013,8.975061,15
8014,2.905525,0
8015,4.6816907,9
8016,5.647688,9
8017,6.2996507,5
8018,1.2100004,0
8019,6.336513,7
8020,2.5537593,0
8021,4.3914843,3
8022,2.18466,4
8023,4.0830164,4
8024,1.0105389,0
8025,7.104071,6
8026,5.730794,3
8027,7.6159635,10
8028,8.590362,0
8029,3.586509,0
8030,2.4253404,0
8031,5.4660563,12
8032,2.3878357,0
8033,7.5559726,13
8034,6.3578315,4
8035,1.6491606,0
8036,6.5043426,3
8037,2.520354,8
8038,8.07635,4
8039,4.9827056,10
8040,3.111112,0
8041,3.5262144,6
8042,4.8750253,6
8043,5.4267435,6
8044,5.278628,7
8045,4.6308455,0
8046,0.68831766,0
8047,2.434237,0
8048,4.342077,10
8049,4.096048,4
8050,0.4702112,6
8051,6.3593545,11
8052,4.874596,0
8053,3.8869236,1
8054,3.5338798,9
8055,4.253993,5
8056,2.3878357,7
8057,3.7171736,3
8058,2.543702,0
8059,2.9556825,1
8060,3.4473834,0
8061,4.8478684,2
8062,4.288528,7
8063,0.4936548,0
8064,3.3359916,0
8065,3.1875098,6
8066,2.8562636,0
8067,6.080201,9
8068,0.4702112,0
8069,2.3878357,0
8070,3.563033,1
8071,5.854603,0
8072,5.5662155,5
8073,8.125207,12
8074,4.8055673,0
8075,4.283879,8
8076,3.863353,7
8077,4.6249623,3
8078,3.6721933,0
8079,2.391255,0
8080,4.8971133,9
8081,6.217367,8
8082,5.5378766,2
8083,5.456899,7
8084,2.7041566,6
8085,6.662148,10
8086,6.334622,3
8087,5.5377216,11
8088,4.7161384,5
8089,5.4432435,3
8090,0.4702112,0
8091,6.294667,7
8092,8.262726,4
8093,5.527018,1
8094,7.30965,2
8095,1.5196934,10
8096,6.8756957,0
8097,4.025206,1
8098,4.0180635,5
8099,1.1236496,1
8100,0.4702112,0
8101,3.7325115,4
8102,2.4128044,5
8103,4.8685956,4
8104,2.3878357,2
8105,0.4702112,0
8106,7.410394,12
8107,5.4984035,7
8108,6.120895,7
8109,6.2905455,8
8110,1.1756945,1
8111,7.9946284,9
8112,2.7242842,1
8113,5.6092315,5
8114,7.794038,4
8115,7.07422,6
8116,6.6209583,11
8117,6.62915,8
8118,4.2734666,2
8119,4.8493495,8
8120,5.3527803,2
8121,5.488756,10
8122,5.2128787,2
8123,5.514667,14
8124,6.946996,7
8125,4.351093,5
8126,5.3582463,13
8127,2.8778148,1
8128,4.931489,5
8129,4.7146153,3
8130,5.6895785,3
8131,4.7649364,7
8132,5.4304314,10
8133,4.800729,2
8134,5.518554,9
8135,3.8843114,1
8136,5.011143,4
8137,6.855615,4
8138,6.129953,4
8139,7.1124644,16
8140,5.684998,5
8141,4.8731184,2
8142,2.3878357,1
8143,5.6777406,8
8144,3.9982936,0
8145,1.5196934,7
8146,6.6453557,5
8147,6.052895,2
8148,4.7582393,2
8149,8.581826,11
8150,4.697595,5
8151,1.1047195,0
8152,7.9396696,3
8153,7.4247293,4
8154,6.581408,12
8155,8.788566,13
8156,2.3878357,2
8157,5.341271,3
8158,5.7660127,16
8159,1.4980891,0
8160,6.312303,4
8161,7.1566586,6
8162,5.7309556,9
8163,0.4702112,0
8164,0.4702112,0
8165,5.4552684,0
8166,2.3878357,2
8167,5.89568,6
8168,3.4611151,5
8169,4.5539393,3
8170,6.0370126,7
8171,8.473643,4
8172,0.4702112,0
8173,6.712171,6
8174,2.0768757,2
8175,4.9128423,3
8176,4.0661464,6
8177,2.6773658,7
8178,6.502869,1
8179,4.9412937,4
8180,6.685619,3
8181,4.5923777,4
8182,7.7208924,11
8183,3.7386048,3
8184,4.6680517,4
8185,4.5172725,0
8186,4.8022313,4
8187,2.9064968,3
8188,5.129076,4
8189,8.402379,10
8190,7.646613,21
8191,1.7941328,9
8192,7.3663726,12
8193,6.438621,4
8194,0.4702112,0
8195,2.3878357,1
8196,5.9638944,8
8197,8.95862,7
8198,5.1990247,3
8199,2.3878357,0
8200,4.103348,1
8201,3.587374,0
8202,4.658506,14
8203,5.376801,0
8204,4.5299654,8
8205,6.812137,7
8206,6.4143434,3
8207,0.68831766,0
8208,6.843638,4
8209,6.5542407,7
8210,7.5475206,12
8211,4.649929,3
8212,4.561642,4
8213,2.829578,18
8214,4.0519924,8
8215,7.6428795,4
8216,6.17637,7
8217,6.590717,1
8218,4.4662356,11
8219,5.50132,4
8220,2.919377,5
8221,6.0699267,8
8222,9.249305,10
8223,3.5766225,3
8224,2.934397,0
8225,2.2243774,2
8226,2.663781,4
8227,4.1076107,3
8228,5.5311384,2
8229,1.1047195,0
8230,4.904035,13
8231,2.3878357,1
8232,6.371191,12
8233,3.9946432,6
8234,3.9507792,7
8235,0.4702112,2
8236,4.0508513,6
8237,8.062559,7
8238,8.809501,14
8239,7.8316813,9
8240,6.1866727,13
8241,3.4279056,3
8242,7.668708,11
8243,6.825915,8
8244,3.8886764,4
8245,1.7842714,0
8246,0.4702112,0
8247,1.2352407,1
8248,3.6464264,5
8249,0.4702112,7
8250,5.917687,9
8251,0.4702112,0
8252,7.9996963,6
8253,5.1835237,2
8254,3.265753,3
8255,3.80273,7
8256,6.9915643,5
8257,9.028129,0
8258,4.9012475,3
8259,5.289863,11
8260,6.9886928,4
8261,5.2242055,5
8262,6.1844783,11
8263,4.78566,5
8264,6.5391536,3
8265,3.5522184,2
8266,0.7067969,0
8267,0.4702112,0
8268,4.7684216,4
8269,0.4702112,0
8270,5.701619,7
8271,7.110558,2
8272,6.591771,3
8273,3.117077,5
8274,8.350961,12
8275,6.2384844,12
8276,7.8282833,10
8277,5.6838555,4
8278,5.0777545,6
8279,4.8912225,4
8280,7.017031,5
8281,7.205609,12
8282,0.4936548,0
8283,3.1262577,4
8284,4.564302,3
8285,5.6589146,15
8286,6.3300686,9
8287,4.535135,2
8288,4.297589,1
8289,7.5277,6
8290,6.2338443,10
8291,3.2340844,0
8292,4.415778,5
8293,3.3569546,0
8294,1.3099123,0
8295,5.1543727,5
8296,0.4702112,0
8297,6.5903025,6
8298,2.3878357,1
8299,7.528799,8
8300,3.6734517,4
8301,7.187515,2
8302,4.1837463,7
8303,4.9477935,0
8304,6.1697683,5
8305,7.740706,8
8306,8.362584,11
8307,4.5422654,12
8308,3.2226274,0
8309,6.0681176,2
8310,5.779205,2
8311,8.318038,6
8312,2.3878357,0
8313,0.4702112,0
8314,4.227929,1
8315,7.8801546,4
8316,5.3765235,2
8317,6.948793,12
8318,2.7194567,0
8319,5.150645,2
8320,4.621127,11
8321,4.8763213,2
8322,4.458837,0
8323,5.738723,6
8324,4.7831025,0
8325,7.616845,8
8326,7.466038,10
8327,7.6827917,8
8328,8.341485,7
8329,0.4702112,0
8330,5.5303826,9
8331,0.8548078,0
8332,4.5049853,3
8333,5.536834,1
8334,7.0583687,12
8335,6.983686,1
8336,3.2761137,7
8337,2.3444033,1
8338,6.138644,17
8339,0.4702112,2
8340,1.1182278,0
8341,5.8641095,3
8342,2.4400744,2
8343,5.133047,10
8344,4.3637557,1
8345,6.754109,2
8346,6.067901,4
8347,5.3583274,2
8348,2.3878357,4
8349,2.3878357,0
8350,2.4762766,2
8351,4.536951,3
8352,5.291642,8
8353,4.695031,0
8354,2.0233772,8
8355,6.7224994,6
8356,7.693623,14
8357,5.880118,8
8358,5.4298935,2
8359,4.6065164,7
8360,3.6689827,4
8361,6.051622,9
8362,6.220196,6
8363,2.7918217,0
8364,7.7335873,0
8365,2.0421305,4
8366,6.522629,8
8367,6.7772174,1
8368,2.6779892,1
8369,5.3534575,1
8370,6.891065,11
8371,3.2146478,0
8372,2.425278,0
8373,3.9410257,5
8374,7.660749,10
8375,5.8503146,7
8376,0.4702112,0
8377,0.37915015,0
8378,4.1465273,5
8379,5.2742267,6
8380,7.88456,9
8381,4.794807,6
8382,1.2322186,2
8383,6.280367,5
8384,4.2366853,1
8385,4.196259,0
8386,4.950857,4
8387,3.8594716,1
8388,5.1542826,9
8389,6.653188,9
8390,6.307122,1
8391,0.4936548,0
8392,5.1651473,5
8393,4.393617,6
8394,4.889035,1
8395,7.073609,10
8396,7.061635,8
8397,4.045031,1
8398,1.8836232,0
8399,0.4702112,6
8400,5.150377,2
8401,4.2353654,5
8402,3.0454867,2
8403,6.0495443,8
8404,5.9642797,2
8405,0.4702112,0
8406,6.2544227,9
8407,4.8154535,3
8408,6.6395483,3
8409,1.1236496,0
8410,4.1187544,2
8411,5.652634,0
8412,3.7481406,5
8413,2.3878357,2
8414,7.046431,11
8415,7.309238,11
8416,4.346309,0
8417,0.4702112,0
8418,5.023722,4
8419,3.617414,10
8420,3.8816812,5
8421,3.6861475,1
8422,6.551021,3
8423,5.2131357,9
8424,0.38214314,3
8425,4.839045,1
8426,3.2802572,3
8427,6.2393565,3
8428,1.369858,2
8429,4.384265,0
8430,6.4141626,9
8431,8.682138,13
8432,3.191103,7
8433,0.4702112,0
8434,5.6937675,9
8435,0.4702112,0
8436,5.796717,11
8437,6.7899556,9
8438,0.4702112,0
8439,4.220126,2
8440,4.6798124,9
8441,2.3878357,2
8442,4.9161873,10
8443,0.7848078,0
8444,5.117659,6
8445,8.274386,12
8446,5.889149,19
8447,5.342738,2
8448,2.3878357,0
8449,7.2843246,1
8450,5.046519,2
8451,3.894747,10
8452,1.9274353,0
8453,4.281281,6
8454,5.615679,6
8455,2.3878357,0
8456,5.1256113,2
8457,1.2245541,0
8458,6.9884477,9
8459,2.8968508,0
8460,2.3878357,0
8461,2.4896593,3
8462,1.0052289,0
8463,3.0181534,0
8464,0.4702112,3
8465,5.2858567,1
8466,6.3456836,6
8467,3.9556863,11
8468,4.2816277,10
8469,2.9971418,4
8470,0.4702112,0
8471,7.124933,8
8472,1.5196934,0
8473,5.5823784,2
8474,5.2450876,3
8475,3.9417958,4
8476,5.869018,9
8477,1.1261456,0
8478,3.8202655,4
8479,8.0396385,2
8480,2.3878357,0
8481,2.674663,0
8482,6.6017957,15
8483,0.4702112,0
8484,4.623833,13
8485,6.479484,13
8486,0.68831766,3
8487,2.985566,0
8488,2.7576091,2
8489,6.1304927,4
8490,4.998831,7
8491,3.9212155,5
8492,2.7074854,12
8493,6.3557158,10
8494,2.3878357,3
8495,2.508188,0
8496,6.211663,4
8497,2.1114097,3
8498,2.915421,7
8499,4.4189267,6
8500,5.34472,6
8501,1.4531897,1
8502,6.6880574,9
8503,2.372281,0
8504,3.7695835,2
8505,7.5606165,13
8506,3.9419973,0
8507,4.401504,2
8508,2.978187,0
8509,2.2733324,7
8510,3.5675008,3
8511,6.3755474,1
8512,6.963441,9
8513,7.6290984,9
8514,7.918469,10
8515,3.8625274,1
8516,8.441682,8
8517,5.0607634,2
8518,7.5337095,9
8519,4.1859503,6
8520,5.965963,3
8521,5.9811053,11
8522,6.1930084,16
8523,7.198612,10
8524,5.1827855,3
8525,7.0573983,16
8526,7.8546124,1
8527,6.9397845,3
8528,4.9445796,5
8529,7.853775,14
8530,7.856217,8
8531,9.022252,0
8532,2.8338645,2
8533,5.7782865,3
8534,0.9286368,0
8535,3.5282266,3
8536,4.258742,4
8537,7.022036,12
8538,5.7241178,2
8539,3.1900287,3
8540,0.4702112,0
8541,3.5343482,13
8542,8.441176,9
8543,4.952753,8
8544,4.6486125,1
8545,5.194087,5
8546,2.373995,0
8547,4.3011875,2
8548,6.4766793,5
8549,0.4702112,0
8550,8.852975,13
8551,5.129208,8
8552,2.3878357,4
8553,3.8433762,6
8554,4.4834914,4
8555,8.702988,11
8556,5.214276,1
8557,5.640756,0
8558,0.4702112,3
8559,1.9533368,6
8560,5.787479,6
8561,0.4702112,0
8562,2.9463155,2
8563,2.3878357,0
8564,8.308925,13
8565,2.3878357,0
8566,2.5058792,2
8567,5.9311404,0
8568,4.9242153,1
8569,5.0886545,6
8570,1.1081226,0
8571,5.708208,3
8572,7.24468,3
8573,0.4702112,0
8574,8.522195,10
8575,5.3740773,1
8576,4.869119,7
8577,7.179426,9
8578,4.9420915,4
8579,6.5470247,12
8580,6.4132667,5
8581,5.4927397,1
8582,7.1465964,5
8583,4.002207,3
8584,5.657417,4
8585,5.563616,4
8586,8.641073,13
8587,4.5562234,10
8588,8.878867,11
8589,8.815668,10
8590,4.4427314,5
8591,5.68394,4
8592,3.504523,0
8593,3.9171562,0
8594,4.23576,14
8595,4.9996724,4
8596,5.9847593,10
8597,1.0052289,0
8598,0.4702112,0
8599,4.8762665,5
8600,5.2876773,1
8601,2.2338014,4
8602,6.0836406,0
8603,7.791927,12
8604,3.3632739,6
8605,2.7463489,0
8606,1.9957601,0
8607,4.9055796,6
8608,7.23681,13
8609,4.6493697,4
8610,6.972323,8
8611,5.5913815,6
8612,1.2245541,0
8613,4.180671,1
8614,4.3330135,3
8615,3.3497272,10
8616,6.261843,9
8617,6.064607,4
8618,1.7653167,0
8619,10.013246,7
8620,4.2584314,2
8621,7.0680246,16
8622,6.3201146,4
8623,4.7730813,1
8624,6.318348,1
8625,4.1657696,5
8626,3.0863166,7
8627,4.7129364,5
8628,1.6775359,8
8629,6.1618485,6
8630,7.786279,2
8631,0.4702112,0
8632,7.516139,12
8633,4.720656,10
8634,5.68474,6
8635,0.4702112,0
8636,7.073301,3
8637,4.81347,5
8638,3.8633225,15
8639,4.069206,0
8640,4.8690324,1
8641,1.1310775,1
8642,5.333962,3
8643,2.636256,2
8644,6.6518674,10
8645,3.7108643,4
8646,6.641068,10
8647,5.1602063,27
8648,3.484693,6
8649,6.9614034,12
8650,5.8027387,7
8651,4.5254283,0
8652,8.971729,11
8653,3.1543014,8
8654,2.3878357,2
8655,5.9511404,9
8656,3.959935,3
8657,5.8021274,6
8658,4.795103,0
8659,8.9797125,15
8660,7.9080634,5
8661,5.4691405,6
8662,3.2724395,5
8663,6.7206407,6
8664,4.8086915,10
8665,2.3878357,2
8666,6.5956917,7
8667,3.8465512,6
8668,7.0464277,0
8669,3.3517203,5
8670,8.046001,12
8671,4.3946943,1
8672,3.4545138,0
8673,6.983892,8
8674,2.3878357,0
8675,6.944997,1
8676,5.850327,1
8677,1.0102311,0
8678,6.5876594,12
8679,5.585123,2
8680,2.4604263,1
8681,3.1289523,5
8682,5.2719274,15
8683,6.4234066,16
8684,8.083979,14
8685,3.4245358,0
8686,5.1138783,13
8687,6.425051,0
8688,7.0371013,7
8689,4.3957896,0
8690,5.158651,1
8691,2.3878357,0
8692,0.4702112,0
8693,5.0719037,1
8694,7.33024,5
8695,3.2446141,1
8696,5.4156322,5
8697,4.01649,2
8698,1.3671542,0
8699,5.315469,11
8700,4.979508,4
8701,5.0775414,3
8702,3.983713,4
8703,8.642966,14
8704,6.5448685,13
8705,2.4253404,10
8706,4.195249,0
8707,3.2720044,3
8708,6.669447,17
8709,3.3726697,2
8710,6.1476903,6
8711,6.4805446,12
8712,6.2753024,2
8713,4.709574,10
8714,4.742305,13
8715,7.58948,12
8716,4.986125,10
8717,4.1749344,2
8718,5.769549,9
8719,2.5131934,0
8720,3.993192,6
8721,9.444979,9
8722,5.4822745,2
8723,4.5870533,3
8724,5.176151,5
8725,4.093243,5
8726,1.3740939,0
8727,6.5485253,5
8728,2.3878357,4
8729,7.4977393,13
8730,8.451135,3
8731,6.6740737,6
8732,8.680758,8
8733,7.661627,8
8734,6.2681556,8
8735,1.8837693,1
8736,1.4644715,2
8737,5.9419703,5
8738,4.9186416,4
8739,3.2945442,5
8740,0.4702112,0
8741,9.047509,14
8742,2.9122133,0
8743,7.632834,2
8744,5.661133,9
8745,1.3099123,0
8746,5.076058,4
8747,5.1812706,6
8748,2.3878357,0
8749,8.054944,12
8750,0.4702112,0
8751,4.999446,5
8752,0.8643825,5
8753,6.2433667,6
8754,0.4702112,0
8755,0.4702112,0
8756,5.326645,3
8757,3.99425,2
8758,2.3878357,2
8759,5.198261,7
8760,5.0548043,4
8761,3.4457943,0
8762,6.904572,4
8763,7.4037156,6
8764,6.543587,2
8765,2.05465,0
8766,6.1346116,0
8767,5.356649,9
8768,2.2189243,2
8769,2.3878357,3
8770,2.2608402,0
8771,5.2037997,1
8772,0.4702112,0
8773,1.1047195,0
8774,5.433193,4
8775,9.125557,10
8776,1.494468,0
8777,4.698439,3
8778,4.3713617,8
8779,6.879008,0
8780,4.59596,6
8781,3.2308712,1
8782,2.7588785,1
8783,2.8556988,0
8784,2.442068,0
8785,3.5948246,7
8786,4.8019443,0
8787,6.164186,12
8788,2.6365297,0
8789,4.8232,1
8790,6.864206,6
8791,6.3365173,10
8792,6.4308085,5
8793,0.4702112,0
8794,6.255365,1
8795,7.633719,11
8796,6.753294,7
8797,3.8247695,2
8798,3.5579023,3
8799,7.001935,7
8800,4.4902663,6
8801,5.23261,1
8802,2.3878357,5
8803,3.4736445,0
8804,4.596539,7
8805,5.2269244,3
8806,7.3800354,3
8807,6.2335095,0
8808,6.0707426,6
8809,6.0548615,4
8810,6.898164,12
8811,0.4702112,0
8812,5.4667854,8
8813,5.365069,11
8814,1.1047195,1
8815,3.5486095,1
8816,4.061328,0
8817,5.1196766,8
8818,2.0962493,0
8819,4.0005455,3
8820,2.4911857,0
8821,0.4702112,0
8822,5.0157895,0
8823,0.4702112,0
8824,5.3333335,7
8825,1.3727852,3
8826,0.4702112,0
8827,1.8773853,2
8828,1.4025369,2
8829,2.2524498,4
8830,2.3339822,2
8831,1.4909111,0
8832,7.6397223,12
8833,2.1617727,7
8834,6.2198977,9
8835,4.5392947,0
8836,0.4702112,0
8837,5.068044,2
8838,4.7684216,0
8839,4.0742364,3
8840,1.494468,0
8841,1.2805375,1
8842,5.8465223,5
8843,3.1721458,3
8844,7.3511143,14
8845,3.9010365,1
8846,0.4702112,0
8847,4.556172,4
8848,1.2159476,1
8849,0.4702112,0
8850,2.5652184,3
8851,9.508565,1
8852,4.061618,2
8853,6.1972885,5
8854,0.38214314,0
8855,3.5619168,7
8856,6.696094,10
8857,4.962894,7
8858,2.1297536,8
8859,7.6494493,3
8860,2.3878357,4
8861,10.377183,20
8862,5.571099,4
8863,3.3986225,2
8864,6.0745707,4
8865,4.008568,0
8866,3.8258948,4
8867,0.4702112,0
8868,5.456683,0
8869,2.3878357,0
8870,5.6587214,9
8871,0.4702112,0
8872,0.4702112,0
8873,4.1606145,3
8874,2.3878357,0
8875,7.210357,8
8876,8.023894,7
8877,1.2159476,0
8878,5.242789,4
8879,6.122352,8
8880,0.4702112,0
8881,2.7661874,1
8882,3.0597284,0
8883,8.206456,10
8884,2.9379385,2
8885,3.903509,7
8886,5.899815,5
8887,3.9783952,4
8888,8.519654,8
8889,5.017215,7
8890,0.4702112,0
8891,2.9517443,1
8892,4.9920835,2
8893,5.3055873,10
8894,0.4702112,0
8895,1.1750457,0
8896,5.899773,2
8897,5.489709,2
8898,6.7392306,3
8899,8.193327,10
8900,7.1987944,5
8901,3.8262684,5
8902,0.95517635,0
8903,3.7743862,0
8904,4.790443,9
8905,1.4854504,0
8906,8.561208,7
8907,4.1398315,5
8908,4.1030154,5
8909,2.552449,2
8910,1.5582991,0
8911,6.2328873,6
8912,6.8961644,9
8913,2.3878357,5
8914,10.420773,16
8915,0.4702112,0
8916,3.6422815,3
8917,5.5457845,11
8918,2.512581,0
8919,5.013281,3
8920,5.6200686,8
8921,7.3886533,9
8922,4.653548,7
8923,4.3957896,5
8924,4.5469017,4
8925,2.506318,1
8926,8.199021,11
8927,7.7230434,8
8928,7.3895726,7
8929,2.3878357,4
8930,7.5666313,9
8931,9.824774,11
8932,8.6769705,11
8933,5.3974376,11
8934,5.1785626,4
8935,5.508142,4
8936,3.263837,8
8937,4.1607394,3
8938,0.4936548,0
8939,0.8450169,1
8940,4.650318,1
8941,5.7671933,5
8942,5.0248218,8
8943,4.0675263,7
8944,3.0348418,2
8945,1.0052289,0
8946,5.319889,8
8947,4.322287,4
8948,5.947696,0
8949,6.2359757,3
8950,4.2932944,2
8951,5.818597,4
8952,1.5196934,0
8953,7.3511143,0
8954,3.7127945,0
8955,7.5822573,11
8956,7.8320856,3
8957,4.3296156,9
8958,4.350732,2
8959,7.6846085,11
8960,4.5968666,6
8961,5.718827,3
8962,0.4936548,0
8963,5.3416677,12
8964,6.9516344,8
8965,5.308396,8
8966,3.7821257,0
8967,1.3222452,0
8968,3.1952462,1
8969,5.7543497,4
8970,3.6531355,3
8971,7.028995,16
8972,3.9434521,2
8973,6.401244,1
8974,2.3878357,0
8975,4.5344634,1
8976,6.977326,11
8977,5.329939,2
8978,2.829578,0
8979,5.5275846,3
8980,4.0126877,0
8981,0.4702112,0
8982,8.325379,3
8983,3.0081706,12
8984,2.6478906,7
8985,4.654776,6
8986,8.474883,9
8987,5.11923,0
8988,8.896836,14
8989,2.542709,0
8990,2.8577204,0
8991,4.4969177,10
8992,1.9537274,3
8993,0.89299893,1
8994,5.82556,5
8995,3.4076962,1
8996,0.4702112,0
8997,5.398339,6
8998,6.0092783,2
8999,8.613864,8
9000,4.0172405,0
9001,2.3878357,0
9002,8.689111,2
9003,3.9818265,0
9004,5.7349067,8
9005,3.6885188,1
9006,4.4929147,8
9007,8.506906,12
9008,0.40893286,12
9009,7.421124,11
9010,8.484812,16
9011,4.5264,5
9012,2.9065914,0
9013,0.4702112,0
9014,4.60877,3
9015,4.5392947,8
9016,4.6586585,1
9017,4.6892085,6
9018,5.042957,3
9019,4.342568,5
9020,0.4702112,0
9021,0.4702112,0
9022,5.440447,2
9023,6.234564,4
9024,2.821827,1
9025,2.4910123,3
9026,5.015725,2
9027,4.247052,12
9028,2.3878357,2
9029,0.91907275,0
9030,6.2413583,8
9031,3.5119135,5
9032,8.491304,9
9033,1.1047195,0
9034,6.8500767,5
9035,1.1081226,0
9036,5.0136075,1
9037,5.236039,3
9038,3.3217187,2
9039,5.562667,0
9040,1.0635502,0
9041,6.329661,8
9042,3.2437763,1
9043,7.727809,8
9044,3.5312595,0
9045,5.4781737,1
9046,4.342468,3
9047,0.4702112,0
9048,5.692622,13
9049,5.089636,1
9050,4.338488,6
9051,3.7033947,10
9052,5.882629,3
9053,0.4702112,1
9054,5.4822745,0
9055,0.4702112,0
9056,5.8556595,3
9057,0.4702112,0
9058,2.7624881,8
9059,6.3271213,4
9060,7.924805,11
9061,6.7718368,8
9062,7.420617,6
9063,3.6471255,6
9064,5.0723977,0
9065,5.562006,14
9066,5.7413,2
9067,7.8603024,2
9068,3.5986016,5
9069,5.629131,9
9070,1.9136562,5
9071,4.943128,5
9072,2.6171653,0
9073,3.276858,6
9074,6.660627,6
9075,1.1236496,4
9076,1.1972331,0
9077,2.4750526,3
9078,7.2061133,7
9079,2.1799257,4
9080,8.393382,6
9081,4.4367414,7
9082,5.999983,8
9083,4.429607,2
9084,5.3840556,4
9085,3.337811,1
9086,0.9430285,1
9087,7.566317,7
9088,5.461036,2
9089,5.7336044,11
9090,4.483632,3
9091,7.945168,11
9092,4.897443,1
9093,3.819592,3
9094,5.5346203,2
9095,7.6901865,11
9096,5.78521,16
9097,3.8985183,2
9098,5.1692424,5
9099,7.8936915,3
9100,5.7606435,7
9101,4.7923994,2
9102,5.978308,6
9103,4.8416953,7
9104,4.9302692,8
9105,6.477955,1
9106,0.4702112,0
9107,6.4934115,0
9108,2.6495826,11
9109,2.7188146,0
9110,5.525538,0
9111,5.701963,10
9112,5.379847,15
9113,0.4702112,0
9114,3.4494052,3
9115,2.3878357,0
9116,0.4702112,0
9117,3.2739625,4
9118,7.5170684,12
9119,5.245561,5
9120,5.724605,1
9121,0.4936548,0
9122,7.719609,6
9123,0.37915015,1
9124,8.279723,7
9125,6.4728465,4
9126,3.7930832,4
9127,3.7672672,12
9128,4.072711,15
9129,2.7194567,11
9130,5.764688,8
9131,5.925719,3
9132,4.356718,6
9133,4.324121,0
9134,2.3878357,0
9135,2.6299717,0
9136,1.2805375,0
9137,7.244909,9
9138,1.1750457,1
9139,6.714159,11
9140,0.89299893,3
9141,6.011824,4
9142,4.7427526,4
9143,7.2939396,7
9144,5.299668,2
9145,7.577408,7
9146,4.638809,5
9147,5.5050426,3
9148,3.7602413,3
9149,6.114002,12
9150,0.9786884,2
9151,0.75367224,0
9152,5.162098,3
9153,3.8262684,9
9154,9.346759,13
9155,7.591533,6
9156,7.0388336,10
9157,2.2622538,9
9158,0.9430285,4
9159,2.3878357,2
9160,5.822264,11
9161,5.9418836,6
9162,4.4641085,8
9163,4.5307736,2
9164,2.3878357,0
9165,4.3666477,2
9166,1.8924131,0
9167,0.4702112,0
9168,0.4702112,0
9169,4.71081,7
9170,5.319178,5
9171,6.8140855,7
9172,6.4210043,8
9173,5.3000226,0
9174,5.750683,2
9175,2.3005862,0
9176,7.069961,10
9177,3.176073,2
9178,5.9717946,0
9179,3.33772,0
9180,0.4702112,0
9181,5.9848166,8
9182,2.3074825,1
9183,0.4702112,0
9184,2.2722683,0
9185,1.3603207,0
9186,6.5641384,8
9187,6.7988753,13
9188,4.7307615,3
9189,0.4702112,2
9190,2.3878357,7
9191,3.8023999,5
9192,7.160069,14
9193,1.0116237,3
9194,6.6763,0
9195,7.244807,5
9196,5.8617225,2
9197,1.7912668,0
9198,5.4869537,5
9199,5.4888754,5
9200,2.4229534,6
9201,3.6164033,0
9202,5.511809,2
9203,6.368013,6
9204,0.4702112,0
9205,5.8337483,1
9206,0.4702112,0
9207,4.9837546,10
9208,4.921954,1
9209,5.9097056,2
9210,0.4702112,2
9211,5.0403714,4
9212,7.277153,6
9213,5.7834854,3
9214,0.4702112,0
9215,3.6267407,2
9216,8.645978,15
9217,0.4702112,0
9218,6.010025,2
9219,2.3878357,3
9220,5.956328,8
9221,3.297988,4
9222,7.080874,10
9223,4.7551746,2
9224,1.1047195,3
9225,5.7179065,13
9226,6.849384,8
9227,8.704122,10
9228,4.1226735,0
9229,0.8643825,0
9230,1.1126854,0
9231,0.4702112,0
9232,2.3878357,0
9233,3.9581976,3
9234,6.026651,5
9235,4.174525,0
9236,4.3679147,1
9237,5.269551,10
9238,4.859058,2
9239,6.0931144,1
9240,4.234359,4
9241,4.384265,0
9242,4.282458,5
9243,3.101617,1
9244,3.048689,5
9245,6.4291744,5
9246,3.3262937,3
9247,4.486797,2
9248,6.7486825,9
9249,9.188495,10
9250,5.532371,0
9251,4.6044555,9
9252,2.5007246,2
9253,3.5427897,0
9254,9.320815,7
9255,7.6144195,11
9256,4.440351,10
9257,4.7263765,0
9258,5.6696324,8
9259,6.4862094,2
9260,3.1604474,8
9261,5.46359,4
9262,2.2648487,1
9263,4.658102,5
9264,6.904364,11
9265,7.2453427,9
9266,3.7914283,2
9267,7.6649704,15
9268,4.767073,8
9269,2.4253404,0
9270,3.1986678,2
9271,2.452876,3
9272,1.2198102,0
9273,1.479369,1
9274,6.207784,8
9275,4.6248946,3
9276,1.9665383,0
9277,7.624182,8
9278,2.7186909,0
9279,5.6452804,7
9280,4.542846,11
9281,5.89226,8
9282,7.815112,10
9283,3.1434948,1
9284,2.5096772,1
9285,4.9627323,3
9286,4.371794,2
9287,5.844113,10
9288,3.1274765,1
9289,3.8765032,0
9290,8.401973,12
9291,8.641873,11
9292,4.7791853,5
9293,2.8002522,3
9294,4.2052736,11
9295,0.4702112,0
9296,3.161403,2
9297,0.4702112,0
9298,1.6902424,0
9299,1.0052289,3
9300,5.172646,6
9301,5.984301,1
9302,2.3878357,2
9303,5.48149,7
9304,0.81690896,0
9305,7.092198,7
9306,7.3828096,10
9307,3.1227455,3
9308,2.3878357,3
9309,0.4702112,0
9310,5.0009127,8
9311,5.842116,3
9312,4.073494,8
9313,6.252601,8
9314,0.4702112,0
9315,5.794684,3
9316,5.452246,4
9317,7.0793095,12
9318,1.0052289,0
9319,6.6868796,6
9320,5.303044,1
9321,5.965329,8
9322,2.1241846,0
9323,2.8672893,1
9324,5.357893,8
9325,2.2014678,0
9326,2.3878357,0
9327,5.871553,4
9328,5.199179,3
9329,6.2376847,12
9330,3.7956464,5
9331,6.668554,3
9332,0.4702112,1
9333,4.5830693,7
9334,2.9841294,0
9335,3.6473105,0
9336,4.3743124,0
9337,5.630853,1
9338,4.1124845,3
9339,3.7701867,2
9340,3.0263422,0
9341,6.172652,6
9342,4.5605106,4
9343,6.6485724,3
9344,6.7025056,7
9345,2.897447,0
9346,1.3099123,1
9347,7.689979,10
9348,5.9249573,1
9349,2.3878357,0
9350,4.6264834,5
9351,5.8520265,8
9352,5.003155,6
9353,4.913529,2
9354,4.8356304,3
9355,0.4702112,0
9356,4.48477,5
9357,4.9557433,5
9358,4.356718,7
9359,1.2527431,5
9360,7.2137113,16
9361,2.3878357,1
9362,6.9928026,11
9363,7.244927,11
9364,7.028958,10
9365,3.4349713,1
9366,7.55202,10
9367,2.757351,0
9368,5.179025,3
9369,4.3104377,0
9370,0.40893286,1
9371,4.7907543,15
9372,5.7504935,6
9373,4.0839376,1
9374,0.8643825,0
9375,0.4702112,1
9376,2.8048937,6
9377,5.5846486,5
9378,6.2377152,8
9379,6.9302387,15
9380,0.9286368,0
9381,4.7331166,0
9382,5.7248178,2
9383,1.5704701,0
9384,0.4702112,0
9385,4.208142,1
9386,0.8428969,0
9387,2.3878357,0
9388,5.4767814,3
9389,2.2176874,2
9390,4.9236827,1
9391,5.382717,2
9392,3.711924,3
9393,7.144912,9
9394,4.5392947,0
9395,8.858811,9
9396,2.3878357,15
9397,7.2932687,12
9398,6.630698,5
9399,0.4702112,7
9400,8.570017,10
9401,4.796598,3
9402,5.9447207,2
9403,4.5417666,2
9404,5.2836394,3
9405,5.354571,4
9406,5.674198,4
9407,4.8451433,12
9408,5.051165,2
9409,5.178225,1
9410,6.464536,6
9411,4.524958,5
9412,1.6639254,1
9413,1.1301512,0
9414,8.196007,11
9415,4.570031,1
9416,3.325643,1
9417,3.0512881,0
9418,2.4245472,2
9419,5.8836393,3
9420,5.560993,2
9421,0.4702112,0
9422,6.524036,3
9423,4.852136,3
9424,5.9788404,6
9425,4.6436963,7
9426,1.2245541,0
9427,5.732365,3
9428,5.2144003,5
9429,3.5866532,8
9430,3.6771162,7
9431,6.2448506,6
9432,6.5431395,2
9433,5.937372,10
9434,3.8109133,0
9435,4.043021,0
9436,7.735635,10
9437,4.1279807,5
9438,6.632481,12
9439,0.4702112,0
9440,7.0095363,10
9441,1.8145691,0
9442,1.0087638,0
9443,5.2182918,5
9444,4.0365806,2
9445,5.49623,3
9446,2.8362367,1
9447,1.9439416,0
9448,8.3056,7
9449,6.4365454,3
9450,4.183714,7
9451,6.567776,2
9452,7.449072,4
9453,6.701179,8
9454,4.432902,1
9455,5.784846,3
9456,1.1236496,1
9457,7.701268,13
9458,8.325587,13
9459,4.341496,6
9460,3.1149063,0
9461,0.4702112,0
9462,0.77286786,1
9463,4.338183,2
9464,8.306157,16
9465,5.1881537,4
9466,0.4702112,0
9467,5.817291,0
9468,6.3092017,7
9469,5.7205853,3
9470,3.600331,0
9471,1.3099123,1
9472,2.6777458,8
9473,2.8926277,8
9474,6.499694,9
9475,0.9989663,3
9476,5.166763,12
9477,1.0087638,1
9478,6.463003,5
9479,6.6880717,8
9480,2.3878357,2
9481,5.7025223,2
9482,4.8506765,3
9483,3.952105,1
9484,0.4702112,0
9485,4.9694686,5
9486,5.694383,7
9487,7.388885,4
9488,0.4702112,1
9489,3.9687836,4
9490,6.885394,12
9491,6.670586,9
9492,2.7434366,8
9493,0.4702112,0
9494,9.130282,9
9495,1.5208265,0
9496,6.821239,6
9497,0.38214314,0
9498,4.3815246,8
9499,6.668329,12
9500,3.9222844,0
9501,7.7520843,13
9502,0.5009582,3
9503,4.6308455,6
9504,1.1047195,0
9505,3.9989643,2
9506,6.727592,8
9507,8.044773,10
9508,7.639305,12
9509,3.636721,7
9510,4.8890786,5
9511,3.6940825,0
9512,4.786497,1
9513,3.2716928,2
9514,2.5432346,4
9515,3.3065753,0
9516,4.722584,3
9517,5.263679,3
9518,6.277609,2
9519,4.2969794,0
9520,5.9097056,3
9521,0.80186254,1
9522,4.843003,2
9523,6.247575,11
9524,8.954696,13
9525,3.2637515,3
9526,5.3552237,4
9527,0.4702112,0
9528,0.4702112,0
9529,4.200933,0
9530,3.3439245,2
9531,4.246089,7
9532,4.885094,3
9533,6.1641927,9
9534,3.387344,0
9535,0.973535,1
9536,7.4875927,13
9537,3.4336078,3
9538,6.8346186,2
9539,6.1279864,2
9540,3.6655498,2
9541,5.8389397,1
9542,6.4910297,13
9543,2.2280648,4
9544,5.016851,4
9545,1.2245541,0
9546,4.5471883,7
9547,3.1478093,0
9548,0.37915015,0
9549,2.7075527,0
9550,6.185841,0
9551,5.1813087,8
9552,6.329876,6
9553,4.2185254,0
9554,5.0167794,6
9555,4.8174853,5
9556,5.138872,4
9557,6.3400464,2
9558,7.9843817,7
9559,3.1012847,3
9560,2.410134,0
9561,0.4702112,0
9562,0.4702112,0
9563,5.380832,11
9564,4.3275356,5
9565,4.704574,8
9566,0.4702112,1
9567,2.55607,0
9568,6.900716,11
9569,4.2793274,3
9570,6.896932,8
9571,0.4702112,0
9572,5.970654,1
9573,7.5030293,3
9574,3.5671265,4
9575,5.3422627,0
9576,5.547933,11
9577,5.742835,6
9578,3.615263,1
9579,0.4702112,0
9580,2.2372413,1
9581,6.689572,4
9582,7.1543694,11
9583,3.507558,4
9584,4.60392,3
9585,6.907696,11
9586,5.199307,4
9587,4.0723834,6
9588,7.1006384,10
9589,4.698659,3
9590,6.10634,4
9591,2.314322,0
9592,8.470697,14
9593,5.674251,6
9594,5.6895785,0
9595,3.7590513,3
9596,5.559361,1
9597,7.612431,11
9598,0.56399405,0
9599,7.6563435,10
9600,1.3222452,0
9601,2.3878357,2
9602,4.898298,2
9603,3.255624,0
9604,4.434351,0
9605,4.200659,4
9606,4.836803,3
9607,2.9054005,1
9608,1.1972331,0
9609,3.960692,0
9610,4.7321606,3
9611,3.0844142,5
9612,6.1196837,3
9613,0.4702112,3
9614,3.4935157,8
9615,7.5638194,11
9616,5.0968194,8
9617,3.5278032,2
9618,4.6630397,3
9619,1.0016567,0
9620,3.499488,9
9621,5.088352,1
9622,5.390354,6
9623,3.2414484,2
9624,5.162885,7
9625,2.3878357,2
9626,0.4936548,0
9627,6.1104064,0
9628,6.149518,0
9629,9.572055,10
9630,2.3878357,3
9631,4.4824624,3
9632,5.2873454,15
9633,2.5111763,1
9634,1.717205,2
9635,0.37915015,0
9636,8.471324,7
9637,0.4702112,0
9638,5.469757,3
9639,5.330384,6
9640,4.894805,5
9641,4.748588,7
9642,4.8173113,3
9643,6.3242936,11
9644,6.9805727,6
9645,5.215635,8
9646,4.795103,0
9647,5.811444,4
9648,3.0158732,1
9649,5.647257,12
9650,4.3957896,0
9651,4.856844,6
9652,1.9429299,4
9653,1.3620898,0
9654,5.382327,0
9655,3.8698142,7
9656,5.324673,3
9657,6.933458,11
9658,1.7746574,0
9659,2.0936232,0
9660,4.3629775,2
9661,4.3095737,0
9662,0.4702112,1
9663,4.1384244,6
9664,0.8643825,0
9665,5.2647243,7
9666,6.4164395,6
9667,4.354757,5
9668,4.952373,5
9669,1.7912668,0
9670,6.6466155,4
9671,5.452184,5
9672,7.4099336,12
9673,0.4702112,0
9674,4.3162804,6
9675,6.937859,5
9676,7.235739,6
9677,5.147473,9
9678,0.4702112,1
9679,0.4702112,0
9680,3.8335087,0
9681,4.296166,3
9682,3.8069167,6
9683,5.2068553,6
9684,5.66701,6
9685,6.994125,9
9686,3.9953578,9
9687,4.7445135,3
9688,3.838124,4
9689,5.867997,6
9690,0.4702112,1
9691,6.891337,5
9692,1.0016567,2
9693,5.031702,1
9694,5.1135335,9
9695,6.9077687,3
9696,7.1492033,8
9697,2.2176147,0
9698,5.5967956,13
9699,3.7467644,5
9700,5.938537,4
9701,5.58658,1
9702,2.494831,0
9703,6.498077,5
9704,7.776286,10
9705,1.2245541,0
9706,7.0848327,12
9707,4.1857843,2
9708,0.4702112,0
9709,3.7923577,3
9710,3.8819733,3
9711,0.4702112,0
9712,4.500467,6
9713,4.496287,10
9714,0.4702112,0
9715,3.125592,4
9716,6.091011,0
9717,2.3551664,0
9718,6.9930663,5
9719,3.6962156,1
9720,1.5704701,13
9721,3.955306,2
9722,5.11811,5
9723,5.1223855,9
9724,7.8152432,10
9725,0.4702112,0
9726,3.0790417,5
9727,6.4762673,5
9728,3.8821187,11
9729,8.225152,3
9730,0.7178781,1
9731,5.8505864,1
9732,2.5758204,0
9733,2.6870434,9
9734,1.8602998,3
9735,2.3878357,6
9736,7.285247,4
9737,4.124301,3
9738,4.6345234,0
9739,5.285951,13
9740,5.8595567,1
9741,2.8192794,3
9742,3.8931935,0
9743,5.540737,3
9744,7.2465835,11
9745,6.3942738,3
9746,5.835057,7
9747,7.741772,4
9748,8.015675,14
9749,8.312655,12
9750,1.4390439,2
9751,6.410667,6
9752,1.2245541,0
9753,4.194167,13
9754,6.0486455,8
9755,9.5755005,8
9756,6.716945,4
9757,5.9478936,7
9758,6.113789,5
9759,6.45362,0
9760,4.3242764,2
9761,4.5889378,3
9762,0.4702112,0
9763,6.406161,7
9764,4.345818,6
9765,0.4702112,0
9766,1.8859972,9
9767,4.899937,3
9768,3.7323883,4
9769,7.2497363,4
9770,0.4702112,0
9771,3.6416795,0
9772,5.7085595,4
9773,6.2709517,6
9774,7.492658,13
9775,3.1079254,9
9776,5.152808,4
9777,1.2005931,1
9778,6.837974,4
9779,0.4702112,0
9780,4.921954,0
9781,5.3946147,1
9782,5.6592956,2
9783,2.0069027,6
9784,4.23509,6
9785,6.530893,2
9786,3.5772645,4
9787,0.4702112,0
9788,5.181273,12
9789,6.917516,13
9790,1.876813,0
9791,5.445023,11
9792,3.1201046,7
9793,4.959723,4
9794,6.1772738,10
9795,3.8315136,4
9796,0.4702112,0
9797,5.498525,4
9798,0.4702112,0
9799,2.3878357,0
9800,4.0581827,2
9801,4.9478173,4
9802,5.235292,3
9803,4.573973,8
9804,5.328182,1
9805,2.3878357,4
9806,0.89299893,0
9807,7.6911387,15
9808,0.4702112,0
9809,2.6874485,4
9810,4.0178747,2
9811,5.2853665,6
9812,6.1602554,0
9813,4.801284,3
9814,2.3878357,0
9815,1.784727,1
9816,4.888866,3
9817,4.1455345,0
9818,4.6547823,0
9819,8.689641,7
9820,3.2887363,3
9821,4.949849,4
9822,2.2971942,0
9823,10.266795,12
9824,9.205444,8
9825,3.6445174,12
9826,6.5804086,14
9827,2.7070415,0
9828,3.5111272,2
9829,2.6762908,2
9830,4.9896035,2
9831,5.1614685,0
9832,7.3767853,15
9833,6.7069592,0
9834,4.4154487,1
9835,7.1368904,12
9836,6.4043446,7
9837,4.1430736,0
9838,0.4702112,0
9839,7.8519177,9
9840,0.4702112,0
9841,4.9565897,4
9842,6.869928,5
9843,5.725251,6
9844,8.821738,9
9845,3.935644,1
9846,7.594571,3
9847,5.625775,11
9848,5.08631,16
9849,5.925646,0
9850,5.494592,5
9851,2.7227614,5
9852,3.8952801,8
9853,7.8938284,0
9854,4.981581,10
9855,4.703525,4
9856,7.1035066,0
9857,4.98835,14
9858,7.0171237,9
9859,0.4702112,0
9860,0.4702112,0
9861,7.743653,14
9862,0.4702112,0
9863,9.646821,12
9864,4.3637977,14
9865,8.219607,4
9866,6.024491,6
9867,0.4702112,0
9868,7.952125,0
9869,5.0147796,9
9870,1.1301512,0
9871,5.8347173,9
9872,2.063716,6
9873,3.15027,0
9874,2.762356,0
9875,0.4702112,0
9876,5.1138873,1
9877,4.9444194,0
9878,0.77286786,0
9879,5.5661106,14
9880,7.3071413,4
9881,5.673228,3
9882,5.146375,1
9883,6.8366303,8
9884,6.1737094,5
9885,6.5336523,4
9886,4.0936823,4
9887,2.3878357,0
9888,6.1328893,8
9889,0.4702112,2
9890,0.6282514,0
9891,6.0586777,11
9892,2.5901277,2
9893,6.2957273,4
9894,2.3878357,4
9895,4.518413,2
9896,4.7811694,0
9897,5.061783,6
9898,6.6874037,5
9899,4.4883046,2
9900,6.5582523,2
9901,5.1168113,7
9902,7.328981,10
9903,6.360458,8
9904,1.20142,0
9905,9.284141,17
9906,6.0282555,11
9907,6.240339,0
9908,4.1387596,6
9909,5.704898,7
9910,0.4702112,0
9911,4.5672736,6
9912,3.5380669,3
9913,0.4702112,0
9914,3.8337977,0
9915,2.3878357,2
9916,7.659585,4
9917,3.107763,1
9918,4.58068,0
9919,4.703241,4
9920,5.260911,3
9921,8.15032,5
9922,7.0857453,6
9923,2.3878357,3
9924,5.687074,10
9925,4.4244266,2
9926,2.7946463,6
9927,0.7067969,1
9928,3.860067,0
9929,1.5246979,0
9930,5.150953,3
9931,0.68831766,0
9932,4.513542,0
9933,4.641801,2
9934,2.3959184,4
9935,4.7069974,6
9936,1.1236496,3
9937,4.206206,2
9938,4.4791865,6
9939,1.4423208,0
9940,5.387683,1
9941,2.9928875,0
9942,6.1159596,7
9943,0.4702112,0
9944,8.081206,3
9945,3.8774695,2
9946,7.5602384,14
9947,3.8400671,4
9948,5.6701326,7
9949,4.777661,0
9950,2.3032463,0
9951,3.0894222,9
9952,7.093809,4
9953,5.7392645,9
9954,7.588867,7
9955,0.4702112,1
9956,2.5551183,0
9957,0.4702112,0
9958,3.9004362,6
9959,7.301229,0
9960,1.3405288,0
9961,5.415903,10
9962,2.3824217,1
9963,6.413728,1
9964,6.577761,14
9965,6.605889,8
9966,7.2590656,6
9967,2.2235477,14
9968,4.2916565,4
9969,6.8707914,3
9970,5.470778,2
9971,7.1588073,3
9972,0.7848078,0
9973,7.949976,8
9974,3.6977556,15
9975,4.6056027,7
9976,1.230436,0
9977,1.1236496,0
9978,4.4025655,4
9979,3.9419973,13
9980,1.0280287,0
9981,9.525495,7
9982,6.2727323,7
9983,0.4702112,1
9984,5.8412647,6
9985,4.7365103,0
9986,4.338547,1
9987,2.9033248,4
9988,0.4702112,0
9989,4.8390408,7
9990,7.9959407,5
9991,7.221948,3
9992,3.808737,1
9993,5.542352,14
9994,6.6396794,2
9995,4.060073,6
9996,6.0516357,13
9997,5.2337737,4
9998,2.5990407,8
9999,3.0600379,1
10000,4.645228,2
