user_id,pair_rank_score,target
1,1.3295324,3.0
2,5.70674,10.0
3,6.328195,11.0
4,4.975829,1.0
5,6.0301876,3.0
6,0.46763664,0.0
7,6.8957005,6.0
8,0.46763664,4.0
9,5.751308,3.0
10,7.2555504,9.0
11,6.3615656,1.0
12,6.092349,13.0
13,5.358706,19.0
14,0.46763664,0.0
15,5.807091,9.0
16,5.540726,6.0
17,2.9096649,0.0
18,4.8581896,0.0
19,5.447238,10.0
20,7.0196743,4.0
21,4.160477,3.0
22,4.0577617,5.0
23,3.671211,1.0
24,4.742781,5.0
25,4.79428,1.0
26,1.8958436,0.0
27,5.313218,5.0
28,5.3548822,3.0
29,4.606459,1.0
30,2.2496417,1.0
31,0.46763664,0.0
32,4.540628,5.0
33,6.563772,2.0
34,3.4319794,3.0
35,5.037578,2.0
36,6.2373247,6.0
37,4.687759,15.0
38,3.8528912,1.0
39,0.46763664,0.0
40,7.1628485,1.0
41,0.46763664,0.0
42,5.405611,0.0
43,4.8206453,4.0
44,3.3692653,2.0
45,4.256815,6.0
46,6.9212503,12.0
47,0.87777287,0.0
48,5.829238,0.0
49,4.2248454,1.0
50,4.1159163,0.0
51,7.8231688,2.0
52,4.4335866,0.0
53,5.342023,11.0
54,4.0508475,5.0
55,2.2496417,0.0
56,3.1512582,1.0
57,2.1079469,0.0
58,6.3266907,3.0
59,4.8909054,7.0
60,3.5755641,0.0
61,4.507753,0.0
62,6.1848316,0.0
63,5.270346,1.0
64,5.1368794,3.0
65,4.108668,1.0
66,0.46763664,2.0
67,4.5620394,7.0
68,4.496607,2.0
69,0.46763664,0.0
70,3.9340575,2.0
71,5.57576,9.0
72,3.6793435,5.0
73,3.7640507,12.0
74,7.424077,5.0
75,5.5199223,6.0
76,1.3906783,0.0
77,4.0226636,2.0
78,4.687769,4.0
79,0.46763664,0.0
80,7.4019914,6.0
81,4.66697,3.0
82,0.46763664,0.0
83,3.3514185,6.0
84,1.3551564,0.0
85,4.0099077,0.0
86,7.3655267,11.0
87,6.474488,9.0
88,3.0563803,1.0
89,2.4810426,2.0
90,4.287892,8.0
91,7.786439,12.0
92,4.107865,2.0
93,5.2567525,5.0
94,4.3658957,9.0
95,4.5190945,0.0
96,4.7771244,5.0
97,5.3086247,0.0
98,5.826547,7.0
99,2.2496417,3.0
100,7.2977014,10.0
101,5.826371,5.0
102,4.0142684,5.0
103,7.8913956,11.0
104,4.2539406,3.0
105,3.5821388,4.0
106,6.8056526,3.0
107,4.1386404,12.0
108,0.46763664,0.0
109,7.6066422,10.0
110,4.4029512,0.0
111,5.4704156,5.0
112,0.46763664,0.0
113,5.7531743,4.0
114,5.2199078,5.0
115,6.263609,12.0
116,8.056087,12.0
117,5.2591496,11.0
118,2.962948,0.0
119,4.1889687,3.0
120,7.065924,4.0
121,5.582419,6.0
122,6.6384864,0.0
123,2.2496417,0.0
124,8.550204,7.0
125,6.4199514,6.0
126,0.46763664,1.0
127,5.2683163,1.0
128,4.4334984,10.0
129,6.897383,5.0
130,6.4593863,13.0
131,0.46763664,0.0
132,5.5800924,1.0
133,2.277966,0.0
134,1.1951668,1.0
135,4.3496304,3.0
136,0.46763664,0.0
137,3.1717043,1.0
138,6.3600683,0.0
139,7.466484,5.0
140,5.1287117,2.0
141,4.8072844,11.0
142,7.8462067,13.0
143,8.115922,14.0
144,0.87777287,6.0
145,8.166227,6.0
146,8.002189,9.0
147,5.915762,11.0
148,2.069871,4.0
149,5.494371,7.0
150,0.46763664,0.0
151,8.405359,13.0
152,5.1565757,9.0
153,5.280687,9.0
154,3.4849606,8.0
155,7.2862673,12.0
156,4.167856,1.0
157,4.2901073,0.0
158,7.926008,6.0
159,2.4676096,0.0
160,6.8843427,2.0
161,5.330352,7.0
162,1.6445395,0.0
163,0.46763664,0.0
164,5.3864613,2.0
165,3.993914,0.0
166,4.9838376,6.0
167,3.1122196,1.0
168,1.930436,2.0
169,3.7876475,0.0
170,7.831977,9.0
171,6.412705,7.0
172,5.198856,4.0
173,5.16567,1.0
174,4.9758787,2.0
175,5.9251933,7.0
176,7.750036,8.0
177,7.2222733,7.0
178,4.4972696,3.0
179,7.2958164,10.0
180,6.2161536,6.0
181,3.741494,0.0
182,3.3280716,3.0
183,2.1638546,5.0
184,2.2496417,1.0
185,0.46763664,0.0
186,0.46763664,5.0
187,5.668519,5.0
188,2.2496417,3.0
189,5.0487366,5.0
190,7.116407,10.0
191,7.80439,12.0
192,4.1464133,3.0
193,3.913666,8.0
194,5.926604,4.0
195,4.216015,0.0
196,4.964539,2.0
197,5.7740355,12.0
198,5.6115932,4.0
199,0.46763664,0.0
200,3.716933,1.0
201,2.2496417,0.0
202,3.4540226,1.0
203,0.86247283,0.0
204,4.801505,13.0
205,3.101537,0.0
206,1.6696981,1.0
207,3.6314166,3.0
208,5.439788,14.0
209,5.7059116,6.0
210,7.2423077,14.0
211,5.2332897,2.0
212,4.025476,0.0
213,1.4183758,0.0
214,5.561374,10.0
215,0.46763664,0.0
216,4.2850504,4.0
217,6.716751,10.0
218,3.473726,9.0
219,3.6015341,0.0
220,2.5266898,0.0
221,2.633995,2.0
222,2.2496417,2.0
223,7.369362,10.0
224,5.079626,4.0
225,5.5370984,8.0
226,4.1459694,6.0
227,3.2297647,0.0
228,7.3724537,8.0
229,3.817619,0.0
230,1.5732363,0.0
231,4.6910424,7.0
232,5.148642,7.0
233,0.87777287,0.0
234,4.829801,7.0
235,0.46763664,0.0
236,5.9135203,3.0
237,4.7442193,3.0
238,4.0466957,0.0
239,6.081747,7.0
240,4.165624,5.0
241,1.5631219,1.0
242,7.909132,10.0
243,6.160601,6.0
244,3.8225672,0.0
245,7.645153,2.0
246,7.607622,9.0
247,8.616961,10.0
248,4.062212,5.0
249,4.348038,2.0
250,4.1473656,0.0
251,3.947337,5.0
252,3.3012471,9.0
253,1.7317786,0.0
254,5.438645,5.0
255,5.957674,6.0
256,7.657844,7.0
257,5.702584,4.0
258,5.2258806,7.0
259,8.696713,10.0
260,3.7401216,8.0
261,5.990217,6.0
262,4.4805,6.0
263,1.7317786,1.0
264,5.5709643,0.0
265,7.412854,13.0
266,2.2496417,1.0
267,6.3079567,4.0
268,4.149733,5.0
269,2.3523707,0.0
270,4.927806,3.0
271,4.6132174,8.0
272,2.0629122,1.0
273,5.690311,4.0
274,5.014345,3.0
275,4.876931,13.0
276,4.983238,8.0
277,0.46763664,0.0
278,3.9335043,0.0
279,2.9306698,9.0
280,4.9832315,2.0
281,4.1468406,0.0
282,2.2496417,0.0
283,0.46763664,0.0
284,1.7984542,2.0
285,5.2064533,5.0
286,4.360646,7.0
287,0.46763664,0.0
288,5.3650312,4.0
289,4.8376007,5.0
290,4.2301817,3.0
291,4.827546,1.0
292,2.2496417,12.0
293,5.8679867,2.0
294,1.6157199,1.0
295,8.193678,4.0
296,5.49277,0.0
297,6.742447,4.0
298,4.3845477,8.0
299,4.5575767,7.0
300,0.46763664,0.0
301,4.4318852,4.0
302,7.1626573,13.0
303,7.339899,10.0
304,4.44339,6.0
305,1.3551564,0.0
306,2.8383877,4.0
307,1.4823911,0.0
308,8.273765,12.0
309,1.930436,0.0
310,2.2496417,0.0
311,0.46763664,3.0
312,7.4154205,7.0
313,2.8748398,2.0
314,4.536145,6.0
315,0.46763664,0.0
316,6.759494,2.0
317,3.785694,0.0
318,8.395389,6.0
319,0.46763664,0.0
320,4.1631837,2.0
321,6.088444,14.0
322,7.617388,12.0
323,3.5266025,4.0
324,5.908293,0.0
325,5.828356,9.0
326,2.5898113,0.0
327,2.2496417,0.0
328,2.493698,0.0
329,6.740324,8.0
330,8.52488,4.0
331,2.8978305,1.0
332,4.662681,8.0
333,8.447943,15.0
334,6.080762,4.0
335,5.0509467,9.0
336,2.297909,7.0
337,5.9576483,3.0
338,7.0543747,19.0
339,5.687517,5.0
340,6.166561,8.0
341,3.88528,5.0
342,2.8660395,0.0
343,6.22047,12.0
344,5.69207,11.0
345,3.005379,1.0
346,8.55249,12.0
347,4.5848346,8.0
348,4.1689463,16.0
349,6.1135473,6.0
350,4.440155,3.0
351,5.054173,7.0
352,4.886907,3.0
353,6.036883,3.0
354,4.177923,1.0
355,5.8521957,4.0
356,2.0847828,0.0
357,4.2101555,8.0
358,1.3906783,0.0
359,6.441632,5.0
360,5.6380954,3.0
361,4.03338,3.0
362,3.038177,1.0
363,4.001019,3.0
364,4.757545,6.0
365,3.127293,2.0
366,3.4967463,3.0
367,5.492359,6.0
368,1.3906783,0.0
369,5.7359133,9.0
370,7.4977846,3.0
371,4.3594236,0.0
372,3.7489893,2.0
373,4.142668,2.0
374,6.3623004,2.0
375,3.8007166,3.0
376,5.330578,1.0
377,4.1402636,0.0
378,5.188615,17.0
379,4.699913,12.0
380,0.46763664,0.0
381,4.6218953,6.0
382,0.46763664,12.0
383,4.8563395,11.0
384,4.7343173,4.0
385,0.46763664,0.0
386,4.6092,4.0
387,2.0629122,1.0
388,4.147809,3.0
389,7.8312635,11.0
390,5.450865,8.0
391,6.737689,9.0
392,3.8481162,0.0
393,0.46763664,0.0
394,4.708383,10.0
395,7.103685,11.0
396,2.9330096,0.0
397,4.563186,4.0
398,3.0845811,1.0
399,1.1033899,0.0
400,3.710231,9.0
401,2.3585465,4.0
402,2.9456205,0.0
403,2.2496417,0.0
404,4.9283853,3.0
405,8.061749,1.0
406,0.46763664,0.0
407,1.4199852,0.0
408,3.8662856,2.0
409,7.871684,7.0
410,3.1810758,3.0
411,6.3251987,4.0
412,1.5111715,2.0
413,5.438222,8.0
414,2.2496417,3.0
415,5.9411016,5.0
416,6.195556,15.0
417,2.8611934,0.0
418,1.1514974,0.0
419,4.2860775,1.0
420,2.5224955,0.0
421,7.029566,8.0
422,7.612287,18.0
423,4.243212,7.0
424,7.2514696,9.0
425,6.971315,16.0
426,6.7437468,12.0
427,2.2496417,1.0
428,2.2496417,1.0
429,0.46763664,1.0
430,3.2284553,5.0
431,4.028446,1.0
432,6.9139886,10.0
433,3.9355114,6.0
434,5.176116,4.0
435,4.062825,1.0
436,5.9220686,6.0
437,4.1673946,0.0
438,8.259903,5.0
439,3.089282,0.0
440,0.46763664,0.0
441,6.406663,8.0
442,4.528391,6.0
443,6.8047013,14.0
444,4.9159822,2.0
445,5.609674,10.0
446,1.4316002,0.0
447,5.0604606,6.0
448,3.919706,0.0
449,6.847027,11.0
450,6.2009025,5.0
451,5.717948,4.0
452,0.46763664,0.0
453,0.46763664,0.0
454,4.085621,0.0
455,4.1238756,8.0
456,5.6507983,3.0
457,4.533945,2.0
458,5.0537004,2.0
459,7.485423,2.0
460,4.082575,8.0
461,0.46763664,0.0
462,0.46763664,1.0
463,4.5363035,3.0
464,5.7965145,9.0
465,2.3782713,0.0
466,0.46763664,8.0
467,4.194126,8.0
468,2.2496417,0.0
469,0.46763664,5.0
470,0.46763664,1.0
471,1.4823911,1.0
472,5.547312,4.0
473,5.043019,1.0
474,5.728207,7.0
475,6.423891,2.0
476,6.5137744,10.0
477,3.0301106,0.0
478,5.462191,3.0
479,2.0676854,0.0
480,7.8823223,6.0
481,4.1832213,7.0
482,4.638655,7.0
483,6.4196653,9.0
484,6.6188674,0.0
485,5.174822,5.0
486,6.9275312,8.0
487,1.3346674,0.0
488,8.273765,12.0
489,6.073868,7.0
490,5.7669477,1.0
491,0.46763664,0.0
492,4.7083616,6.0
493,3.6620793,1.0
494,3.1302934,0.0
495,6.730784,10.0
496,4.2686014,8.0
497,5.3721447,1.0
498,3.4228542,3.0
499,0.4963569,0.0
500,4.737842,6.0
501,5.0737095,2.0
502,3.7279322,5.0
503,4.399408,6.0
504,4.20741,7.0
505,3.442512,0.0
506,3.8107812,1.0
507,0.46763664,0.0
508,4.4648986,2.0
509,7.3050556,9.0
510,7.087452,10.0
511,4.346494,4.0
512,2.2496417,11.0
513,2.2496417,1.0
514,5.1410007,14.0
515,5.5040035,4.0
516,6.4380703,6.0
517,3.720403,4.0
518,3.2462716,0.0
519,1.1951668,2.0
520,8.706454,10.0
521,3.938773,0.0
522,5.8970337,5.0
523,4.916296,10.0
524,3.8200843,4.0
525,5.1416864,3.0
526,5.5519567,6.0
527,4.4387302,5.0
528,6.012779,15.0
529,5.5115423,8.0
530,0.46763664,0.0
531,7.5742946,22.0
532,4.4714794,5.0
533,5.9242377,2.0
534,5.952498,1.0
535,0.46763664,2.0
536,0.46763664,0.0
537,7.0467196,8.0
538,1.4961382,0.0
539,3.523386,13.0
540,7.7627406,11.0
541,7.1773243,15.0
542,3.41322,7.0
543,7.32931,18.0
544,5.864658,5.0
545,3.7355747,4.0
546,5.048162,1.0
547,3.4181333,0.0
548,2.6006348,0.0
549,4.96943,3.0
550,4.4878917,4.0
551,0.46763664,0.0
552,5.1771684,0.0
553,4.3948107,0.0
554,5.068943,4.0
555,3.2140558,2.0
556,1.4199852,0.0
557,4.6135674,5.0
558,6.718123,11.0
559,5.796305,8.0
560,7.6751075,9.0
561,4.11605,3.0
562,5.490921,2.0
563,4.330484,6.0
564,6.00141,1.0
565,7.0543747,3.0
566,3.3272994,0.0
567,1.8517708,0.0
568,2.2496417,0.0
569,0.46763664,0.0
570,2.213217,0.0
571,1.4199852,0.0
572,6.3919263,10.0
573,4.2888227,4.0
574,4.7185144,11.0
575,4.549099,4.0
576,5.182523,8.0
577,4.0689516,0.0
578,5.6717997,8.0
579,5.080074,8.0
580,6.81238,10.0
581,5.639356,7.0
582,5.898376,2.0
583,4.971935,14.0
584,6.7491174,7.0
585,5.2761807,11.0
586,4.075468,4.0
587,3.8953507,6.0
588,5.3666267,4.0
589,6.786116,6.0
590,1.3295324,0.0
591,4.0604825,1.0
592,5.185239,0.0
593,0.46763664,0.0
594,4.6784325,6.0
595,5.9477034,9.0
596,6.8723335,11.0
597,5.840382,6.0
598,4.248795,11.0
599,4.614626,6.0
600,7.052004,11.0
601,6.766063,3.0
602,4.9983745,0.0
603,3.7607486,0.0
604,4.5080814,8.0
605,3.3201737,0.0
606,5.9859343,6.0
607,1.4069762,0.0
608,5.5370607,9.0
609,5.800618,4.0
610,4.496942,6.0
611,6.9202275,8.0
612,2.9874237,2.0
613,6.573554,9.0
614,6.1770372,6.0
615,6.100301,10.0
616,7.074869,8.0
617,5.1926384,6.0
618,4.170924,0.0
619,5.644107,5.0
620,6.4022655,15.0
621,2.9848125,0.0
622,3.58862,8.0
623,4.0841846,12.0
624,6.68799,17.0
625,0.46763664,0.0
626,3.4160774,0.0
627,5.263088,1.0
628,3.9579113,2.0
629,6.9509945,9.0
630,2.7548602,0.0
631,2.394047,1.0
632,5.5037823,2.0
633,2.9325476,0.0
634,6.0096254,0.0
635,6.3777337,0.0
636,2.394047,0.0
637,6.0451202,10.0
638,2.2496417,2.0
639,3.540661,3.0
640,3.982928,10.0
641,5.358635,7.0
642,5.3733206,5.0
643,5.251713,2.0
644,3.3012471,1.0
645,4.8719835,1.0
646,5.931299,1.0
647,5.584164,12.0
648,4.449721,6.0
649,5.150142,0.0
650,3.0142329,1.0
651,6.8232975,7.0
652,0.46763664,0.0
653,7.4024653,11.0
654,3.8966854,4.0
655,6.0708036,9.0
656,1.5762271,0.0
657,4.4324865,8.0
658,6.2823286,12.0
659,1.7353431,0.0
660,4.8886657,8.0
661,9.601677,13.0
662,0.46763664,2.0
663,6.271257,6.0
664,1.3355044,0.0
665,5.4091153,6.0
666,7.5411754,12.0
667,4.648592,2.0
668,5.745728,10.0
669,3.5891674,4.0
670,6.701678,7.0
671,0.46763664,1.0
672,3.7624452,10.0
673,5.4678044,7.0
674,4.949806,4.0
675,5.858192,4.0
676,4.4604197,3.0
677,3.0631204,6.0
678,0.46763664,0.0
679,3.8696792,1.0
680,6.510785,2.0
681,1.7317786,0.0
682,0.46763664,3.0
683,1.2917687,0.0
684,0.46763664,0.0
685,0.46763664,0.0
686,6.9957952,3.0
687,3.5152767,10.0
688,0.46763664,4.0
689,3.2584958,9.0
690,4.8094783,3.0
691,5.542069,13.0
692,2.6733534,0.0
693,4.539136,12.0
694,5.5007315,3.0
695,3.8730247,0.0
696,2.5269616,0.0
697,7.2060375,10.0
698,7.1942654,10.0
699,4.069841,3.0
700,3.4560392,2.0
701,7.0261455,14.0
702,6.5142426,8.0
703,5.0841694,4.0
704,1.3906783,0.0
705,4.341541,1.0
706,6.6244974,0.0
707,4.4984484,4.0
708,5.672092,12.0
709,6.648601,2.0
710,6.213645,11.0
711,5.119567,2.0
712,4.76707,5.0
713,0.46763664,5.0
714,4.7253304,12.0
715,5.018379,2.0
716,7.9447756,8.0
717,5.250256,5.0
718,4.0425954,5.0
719,5.6369,5.0
720,5.690011,2.0
721,6.9109073,11.0
722,0.46763664,0.0
723,0.46763664,0.0
724,4.02848,3.0
725,5.2860518,0.0
726,5.5675745,5.0
727,5.347119,6.0
728,0.86247283,0.0
729,4.583191,4.0
730,7.8884068,15.0
731,3.377578,0.0
732,6.222947,4.0
733,3.5891674,8.0
734,6.0219665,7.0
735,5.0058103,2.0
736,6.493102,6.0
737,4.148759,4.0
738,5.6129627,3.0
739,4.0975876,3.0
740,0.46763664,0.0
741,7.3679085,13.0
742,0.74694175,2.0
743,2.606696,0.0
744,0.46763664,0.0
745,4.82032,1.0
746,6.2201138,4.0
747,2.7887106,0.0
748,4.542813,4.0
749,4.4948893,1.0
750,3.830891,4.0
751,7.4151196,9.0
752,2.705028,3.0
753,4.977029,7.0
754,4.6832476,8.0
755,0.46763664,0.0
756,4.3714805,6.0
757,6.274307,12.0
758,5.4988503,9.0
759,4.5436788,14.0
760,5.660447,9.0
761,4.4934816,22.0
762,5.552941,0.0
763,4.3121357,3.0
764,4.42361,3.0
765,5.0828433,1.0
766,7.995569,3.0
767,3.8453372,7.0
768,2.2663224,1.0
769,3.3566997,15.0
770,4.665442,0.0
771,4.4957247,4.0
772,5.630321,5.0
773,6.6289105,13.0
774,5.547818,14.0
775,5.8233905,2.0
776,3.3702075,0.0
777,5.058048,5.0
778,2.2496417,1.0
779,5.2511396,8.0
780,3.7551634,4.0
781,5.788425,9.0
782,5.1790195,6.0
783,4.9328036,3.0
784,4.108128,5.0
785,4.084087,7.0
786,6.451535,6.0
787,4.254989,0.0
788,6.0296216,10.0
789,6.135203,5.0
790,1.4823911,0.0
791,3.5484467,0.0
792,7.2974014,11.0
793,2.9017959,0.0
794,0.46763664,0.0
795,5.650738,2.0
796,0.46763664,0.0
797,4.041988,7.0
798,5.9022193,9.0
799,2.8089201,6.0
800,4.4148765,1.0
801,3.2052774,1.0
802,7.401438,12.0
803,1.1417458,0.0
804,0.46763664,0.0
805,9.505517,6.0
806,5.560799,3.0
807,0.98045474,0.0
808,5.415143,11.0
809,4.2390275,7.0
810,6.9803925,6.0
811,4.3044987,2.0
812,7.334224,0.0
813,5.988966,9.0
814,0.46763664,0.0
815,4.8116684,14.0
816,8.019121,10.0
817,5.1647434,6.0
818,7.4966445,9.0
819,2.358434,1.0
820,5.21734,7.0
821,4.0662823,1.0
822,4.8927784,4.0
823,2.2496417,0.0
824,0.46763664,0.0
825,6.105741,9.0
826,6.2983522,4.0
827,4.242076,11.0
828,5.846309,0.0
829,4.6245046,4.0
830,1.4892881,0.0
831,4.93448,6.0
832,2.080336,0.0
833,5.619644,7.0
834,5.9595633,5.0
835,2.5192683,5.0
836,3.6584456,8.0
837,2.787949,0.0
838,3.229337,6.0
839,6.970959,11.0
840,3.0387108,1.0
841,2.408203,0.0
842,5.324855,7.0
843,7.2061553,0.0
844,4.39869,8.0
845,5.415058,4.0
846,5.5525274,0.0
847,6.0752335,4.0
848,4.887504,2.0
849,5.3867936,12.0
850,6.9194045,11.0
851,3.3528967,0.0
852,6.068217,11.0
853,9.22413,10.0
854,2.5276,0.0
855,2.2496417,0.0
856,4.164117,0.0
857,7.051396,14.0
858,6.753892,23.0
859,5.921884,7.0
860,7.9443693,11.0
861,5.3348646,5.0
862,5.37729,0.0
863,1.707098,0.0
864,6.262097,7.0
865,3.4555485,0.0
866,5.0484953,4.0
867,7.7649775,10.0
868,3.8701942,3.0
869,3.1391444,1.0
870,0.46763664,0.0
871,3.912001,4.0
872,6.183999,1.0
873,6.927317,10.0
874,5.6582837,8.0
875,2.7820637,0.0
876,5.400012,2.0
877,4.539136,3.0
878,6.727956,7.0
879,7.9359837,12.0
880,4.09768,6.0
881,6.6825943,3.0
882,3.973519,5.0
883,5.5538464,6.0
884,0.46763664,0.0
885,0.46763664,13.0
886,3.5549583,9.0
887,6.545271,13.0
888,2.7677362,4.0
889,2.478741,0.0
890,4.0138164,0.0
891,2.4610257,4.0
892,6.9286723,16.0
893,6.3668175,5.0
894,0.46763664,0.0
895,5.1073174,10.0
896,4.697237,0.0
897,5.397036,5.0
898,0.46763664,0.0
899,6.191178,10.0
900,7.2642,1.0
901,6.675779,13.0
902,2.2663224,0.0
903,5.1935115,0.0
904,6.4493237,3.0
905,5.8255806,4.0
906,5.0077457,4.0
907,4.4117103,7.0
908,3.0752323,0.0
909,2.27023,4.0
910,4.0538244,1.0
911,6.7022433,4.0
912,6.1296277,5.0
913,5.0984073,2.0
914,3.633394,4.0
915,3.5945768,3.0
916,3.2261171,9.0
917,4.477801,1.0
918,5.928711,5.0
919,7.0025835,9.0
920,5.1418695,4.0
921,5.017125,3.0
922,2.2496417,0.0
923,5.0278025,3.0
924,3.4380372,1.0
925,2.2496417,0.0
926,5.270211,1.0
927,7.6649885,10.0
928,6.8907986,5.0
929,5.936256,9.0
930,6.962753,0.0
931,4.606156,1.0
932,7.1302614,12.0
933,6.433008,6.0
934,3.7351377,1.0
935,1.6961591,3.0
936,3.7959855,0.0
937,4.02702,3.0
938,4.041374,8.0
939,4.666486,6.0
940,4.1109877,8.0
941,5.183779,3.0
942,5.0707626,9.0
943,5.2013702,1.0
944,0.46763664,0.0
945,5.205656,2.0
946,4.7025785,4.0
947,5.4919677,2.0
948,5.4630013,9.0
949,7.3223968,27.0
950,1.5976675,0.0
951,0.46763664,0.0
952,4.4068494,3.0
953,2.2663224,0.0
954,4.6204348,4.0
955,3.9164665,5.0
956,3.6890926,2.0
957,2.2496417,0.0
958,2.5780227,1.0
959,2.6816757,0.0
960,6.1715684,13.0
961,4.325115,3.0
962,6.2483025,4.0
963,4.4246273,1.0
964,2.9548461,0.0
965,4.2269835,1.0
966,3.145116,3.0
967,6.4581532,12.0
968,4.5604143,0.0
969,3.8258402,1.0
970,3.6508336,0.0
971,6.2382007,1.0
972,4.736077,4.0
973,3.7877934,4.0
974,1.1951668,2.0
975,5.4456964,9.0
976,6.2085586,9.0
977,2.2663224,0.0
978,4.6865363,0.0
979,5.1666837,5.0
980,1.4199852,0.0
981,6.768315,9.0
982,2.5897317,0.0
983,3.9340575,8.0
984,4.7274733,3.0
985,0.46763664,0.0
986,4.9525123,3.0
987,4.257369,0.0
988,6.367306,3.0
989,2.384303,2.0
990,4.2015595,0.0
991,7.2367597,10.0
992,4.907143,3.0
993,2.2496417,0.0
994,1.7323995,0.0
995,0.46763664,0.0
996,6.2993836,9.0
997,6.975819,10.0
998,5.6570063,11.0
999,6.3481517,7.0
1000,4.132935,1.0
1001,5.6518097,8.0
1002,5.8973584,8.0
1003,2.7931213,3.0
1004,6.517449,16.0
1005,2.2564838,4.0
1006,3.5743968,14.0
1007,7.726425,14.0
1008,0.46763664,0.0
1009,6.568051,16.0
1010,5.6878867,3.0
1011,4.0775027,0.0
1012,5.800127,1.0
1013,7.1084013,6.0
1014,0.46763664,0.0
1015,4.9643517,3.0
1016,7.320556,16.0
1017,6.484894,4.0
1018,2.2496417,0.0
1019,3.6542053,0.0
1020,6.121158,12.0
1021,3.6755931,0.0
1022,5.033694,6.0
1023,2.2617185,13.0
1024,5.4736395,6.0
1025,6.1379805,5.0
1026,3.092573,0.0
1027,1.3551564,2.0
1028,0.46763664,0.0
1029,5.4844675,5.0
1030,5.9242425,10.0
1031,4.7343907,3.0
1032,3.0301106,4.0
1033,4.3626895,3.0
1034,3.5243373,10.0
1035,8.595721,12.0
1036,5.4026237,8.0
1037,4.988208,9.0
1038,5.0535345,5.0
1039,0.46763664,0.0
1040,5.679823,8.0
1041,3.9301913,4.0
1042,3.846752,3.0
1043,4.8213606,1.0
1044,4.580593,1.0
1045,4.961645,1.0
1046,4.8652606,18.0
1047,2.0629122,2.0
1048,5.6489663,4.0
1049,6.8719487,10.0
1050,5.7523584,6.0
1051,1.1514974,0.0
1052,4.4690514,0.0
1053,3.6284134,5.0
1054,2.065942,0.0
1055,7.6652417,9.0
1056,2.6636553,0.0
1057,3.5054467,3.0
1058,1.6217458,0.0
1059,1.6760837,0.0
1060,4.8319435,11.0
1061,3.2404392,2.0
1062,1.7323995,0.0
1063,4.996047,7.0
1064,3.4811761,4.0
1065,4.000678,5.0
1066,4.8736057,4.0
1067,5.6625466,2.0
1068,7.7604694,10.0
1069,1.7323995,6.0
1070,2.5190547,0.0
1071,4.235526,4.0
1072,5.2548537,1.0
1073,1.4183758,1.0
1074,5.468804,5.0
1075,4.6943574,8.0
1076,2.9032898,2.0
1077,4.1597,2.0
1078,4.574323,3.0
1079,7.745698,9.0
1080,5.750781,3.0
1081,3.5019004,0.0
1082,3.8904035,1.0
1083,3.6062186,0.0
1084,5.1665425,0.0
1085,3.851516,9.0
1086,1.4183758,2.0
1087,2.2496417,2.0
1088,0.46763664,1.0
1089,4.1232886,7.0
1090,5.1521444,1.0
1091,5.7402215,2.0
1092,0.46763664,0.0
1093,5.634112,0.0
1094,4.77432,2.0
1095,6.465638,2.0
1096,1.3551564,0.0
1097,3.1333306,0.0
1098,5.8250484,9.0
1099,0.46763664,0.0
1100,6.843552,11.0
1101,4.7582164,4.0
1102,6.4821134,0.0
1103,0.46763664,4.0
1104,3.8807614,5.0
1105,5.4619603,6.0
1106,3.482695,2.0
1107,4.688277,1.0
1108,0.46763664,0.0
1109,6.7026906,11.0
1110,3.742645,13.0
1111,5.14719,6.0
1112,0.46763664,0.0
1113,4.3287454,0.0
1114,2.6054044,7.0
1115,2.6043882,8.0
1116,0.46763664,0.0
1117,6.803192,4.0
1118,2.3748686,0.0
1119,4.7086883,5.0
1120,3.3139188,0.0
1121,1.1951668,2.0
1122,5.956122,7.0
1123,8.648333,11.0
1124,6.0766764,6.0
1125,4.6745496,5.0
1126,3.955249,3.0
1127,5.158563,4.0
1128,6.201023,10.0
1129,4.7248487,0.0
1130,5.0173573,2.0
1131,5.458006,11.0
1132,6.235453,10.0
1133,3.7923539,3.0
1134,1.4199852,0.0
1135,5.793375,9.0
1136,5.030194,1.0
1137,2.8161228,0.0
1138,4.786646,2.0
1139,5.10324,8.0
1140,0.46763664,0.0
1141,4.457677,3.0
1142,1.7729758,0.0
1143,4.217655,8.0
1144,2.2063298,2.0
1145,4.8270955,3.0
1146,0.46763664,0.0
1147,4.298993,1.0
1148,5.7644677,8.0
1149,4.5668187,6.0
1150,7.4012685,0.0
1151,6.9736834,6.0
1152,0.46763664,0.0
1153,4.492428,6.0
1154,7.2251835,0.0
1155,5.6406646,8.0
1156,4.736319,1.0
1157,3.5905135,6.0
1158,7.138576,5.0
1159,6.131374,10.0
1160,6.110812,4.0
1161,4.2161245,8.0
1162,4.165092,1.0
1163,4.775055,8.0
1164,0.46763664,0.0
1165,7.672758,6.0
1166,6.829879,3.0
1167,3.4341123,0.0
1168,4.5673094,10.0
1169,3.4367247,0.0
1170,6.9248714,0.0
1171,4.308421,5.0
1172,4.5701017,2.0
1173,5.3321986,6.0
1174,3.9565275,3.0
1175,0.46763664,0.0
1176,3.5931208,0.0
1177,5.199648,4.0
1178,4.37329,12.0
1179,7.966799,7.0
1180,4.414428,0.0
1181,4.044104,0.0
1182,5.6289206,11.0
1183,2.3809483,1.0
1184,3.7434833,6.0
1185,4.702292,0.0
1186,4.0918903,1.0
1187,5.9544015,10.0
1188,4.4559617,3.0
1189,3.050279,6.0
1190,3.7016487,3.0
1191,6.836334,7.0
1192,4.86632,7.0
1193,2.1481178,0.0
1194,7.7265015,15.0
1195,6.3385215,5.0
1196,3.7336242,1.0
1197,5.6882114,8.0
1198,6.6317434,15.0
1199,2.2496417,0.0
1200,4.781774,12.0
1201,6.019267,5.0
1202,6.122839,14.0
1203,6.402898,1.0
1204,4.417831,7.0
1205,4.7884226,13.0
1206,4.5372343,8.0
1207,4.9931808,2.0
1208,4.5993166,0.0
1209,3.4613602,0.0
1210,6.1405125,7.0
1211,6.028185,9.0
1212,5.341277,7.0
1213,4.325457,5.0
1214,4.88173,8.0
1215,0.4963569,0.0
1216,5.9085293,5.0
1217,6.031172,15.0
1218,4.437911,3.0
1219,6.2353473,8.0
1220,4.3730965,6.0
1221,7.140347,11.0
1222,2.2496417,3.0
1223,8.002698,10.0
1224,7.324275,12.0
1225,4.7282686,4.0
1226,1.7231765,1.0
1227,5.2469997,0.0
1228,6.874588,9.0
1229,2.0142765,0.0
1230,5.113978,2.0
1231,6.096848,0.0
1232,4.2404017,0.0
1233,4.413348,3.0
1234,1.1951668,0.0
1235,6.4624166,12.0
1236,5.483861,2.0
1237,1.4892881,0.0
1238,5.480661,9.0
1239,4.4662156,8.0
1240,0.46763664,0.0
1241,2.7967875,2.0
1242,6.3380585,9.0
1243,6.5876713,4.0
1244,5.5621076,2.0
1245,5.249741,3.0
1246,7.086661,16.0
1247,7.3658905,11.0
1248,4.953158,3.0
1249,3.3675842,1.0
1250,2.2496417,0.0
1251,3.232501,7.0
1252,3.145156,1.0
1253,3.671942,0.0
1254,4.614843,4.0
1255,5.780933,3.0
1256,3.8701942,0.0
1257,7.7221975,9.0
1258,7.057906,6.0
1259,5.8129187,7.0
1260,4.689769,1.0
1261,6.2143087,3.0
1262,0.46763664,1.0
1263,7.5379415,13.0
1264,3.8610733,6.0
1265,3.9111145,2.0
1266,7.838502,9.0
1267,5.7606974,3.0
1268,2.2496417,7.0
1269,3.205891,0.0
1270,3.3952217,4.0
1271,5.1211934,1.0
1272,0.86247283,0.0
1273,1.9323121,1.0
1274,3.141789,1.0
1275,6.1716676,10.0
1276,4.936487,8.0
1277,2.553546,0.0
1278,4.9730806,7.0
1279,5.0867715,4.0
1280,5.482138,1.0
1281,3.978865,1.0
1282,5.7082567,5.0
1283,4.3638043,4.0
1284,2.2496417,1.0
1285,4.447699,8.0
1286,2.2496417,0.0
1287,1.2917687,0.0
1288,4.1737394,4.0
1289,3.3041947,0.0
1290,4.891873,3.0
1291,3.8408644,4.0
1292,4.0393763,3.0
1293,3.3012471,1.0
1294,4.8770976,5.0
1295,4.657403,3.0
1296,4.5823245,8.0
1297,3.4588563,2.0
1298,5.703183,4.0
1299,4.0264373,0.0
1300,2.2663224,0.0
1301,3.7820418,0.0
1302,5.1931505,8.0
1303,6.1868014,2.0
1304,0.46763664,0.0
1305,5.4694314,3.0
1306,0.46763664,0.0
1307,4.1185555,2.0
1308,5.427556,16.0
1309,4.470629,2.0
1310,4.236005,1.0
1311,7.133487,11.0
1312,0.46763664,0.0
1313,3.9392378,4.0
1314,3.499294,7.0
1315,7.330673,13.0
1316,7.1714315,7.0
1317,5.9269905,7.0
1318,4.307129,0.0
1319,8.03068,15.0
1320,5.7640452,3.0
1321,6.6353054,1.0
1322,2.354599,0.0
1323,3.643432,2.0
1324,4.915438,0.0
1325,5.294343,1.0
1326,5.6051254,7.0
1327,5.2693853,11.0
1328,7.3692107,9.0
1329,4.0037236,2.0
1330,7.3107586,11.0
1331,5.5398445,7.0
1332,5.771332,4.0
1333,0.46763664,0.0
1334,2.1708868,1.0
1335,5.865579,2.0
1336,5.3250055,8.0
1337,3.1286583,6.0
1338,5.449811,0.0
1339,6.6283803,2.0
1340,3.6986473,2.0
1341,4.4168615,0.0
1342,3.8730247,9.0
1343,5.369412,9.0
1344,2.2496417,2.0
1345,6.417628,4.0
1346,6.941926,4.0
1347,0.74694175,0.0
1348,3.3431556,7.0
1349,3.6530159,1.0
1350,1.4823911,2.0
1351,1.5762271,1.0
1352,5.732135,13.0
1353,6.52935,7.0
1354,5.888157,2.0
1355,7.2461686,8.0
1356,4.9730806,5.0
1357,7.345186,9.0
1358,2.277966,0.0
1359,4.358995,0.0
1360,4.569623,6.0
1361,6.352618,0.0
1362,6.4770336,6.0
1363,7.1039076,12.0
1364,4.6621842,1.0
1365,2.2496417,1.0
1366,7.6518917,13.0
1367,5.7763376,10.0
1368,4.987657,9.0
1369,3.2545075,0.0
1370,7.0600734,6.0
1371,5.907078,8.0
1372,6.1221647,6.0
1373,2.592495,0.0
1374,5.938386,5.0
1375,4.008943,5.0
1376,7.1725926,6.0
1377,7.0781155,13.0
1378,4.0099077,13.0
1379,5.2003636,9.0
1380,4.8837976,0.0
1381,4.1857657,0.0
1382,6.8840675,9.0
1383,3.7906582,1.0
1384,4.80951,9.0
1385,3.1489804,0.0
1386,7.36933,7.0
1387,2.632505,0.0
1388,5.5828323,2.0
1389,4.336459,1.0
1390,3.9558413,3.0
1391,3.4010994,7.0
1392,6.2799807,2.0
1393,3.2823288,1.0
1394,2.86275,1.0
1395,0.46763664,0.0
1396,3.9345744,1.0
1397,6.2612166,13.0
1398,6.64202,12.0
1399,1.3039705,0.0
1400,1.1417458,0.0
1401,1.5334038,0.0
1402,5.2347546,17.0
1403,6.4013405,0.0
1404,1.9529117,0.0
1405,5.5777187,7.0
1406,5.475573,8.0
1407,1.3039705,2.0
1408,4.6638317,6.0
1409,5.1858954,8.0
1410,0.46763664,0.0
1411,4.419616,0.0
1412,5.6435413,14.0
1413,2.76593,0.0
1414,5.122235,7.0
1415,4.120197,6.0
1416,4.465837,4.0
1417,2.2496417,3.0
1418,8.493594,15.0
1419,4.6653686,2.0
1420,4.0551376,5.0
1421,3.008862,1.0
1422,6.6960177,3.0
1423,4.0775027,0.0
1424,2.2496417,0.0
1425,6.1035886,10.0
1426,3.7012985,2.0
1427,6.786511,7.0
1428,4.2856927,6.0
1429,3.412837,3.0
1430,4.848259,3.0
1431,2.5296762,0.0
1432,4.526992,5.0
1433,5.558067,5.0
1434,4.682996,4.0
1435,0.46763664,0.0
1436,7.0323844,4.0
1437,3.7157915,8.0
1438,4.9848194,0.0
1439,4.484926,7.0
1440,5.0019646,3.0
1441,0.46763664,0.0
1442,0.46763664,0.0
1443,5.83794,15.0
1444,7.0879545,13.0
1445,4.2693872,5.0
1446,5.7229934,3.0
1447,4.0224123,0.0
1448,4.5958176,1.0
1449,1.3034636,2.0
1450,4.3854103,3.0
1451,7.6889424,14.0
1452,6.4338603,8.0
1453,5.7080526,5.0
1454,3.3786318,1.0
1455,5.5835724,1.0
1456,2.1638546,0.0
1457,3.9225829,0.0
1458,2.2496417,2.0
1459,3.6586597,1.0
1460,7.0521483,14.0
1461,5.621972,10.0
1462,3.9227374,2.0
1463,2.923467,2.0
1464,3.1086054,2.0
1465,6.469192,15.0
1466,0.46763664,10.0
1467,5.6046944,10.0
1468,3.9836824,0.0
1469,5.0169315,0.0
1470,5.965618,5.0
1471,6.7997828,7.0
1472,6.243958,10.0
1473,5.2279997,2.0
1474,1.1785402,0.0
1475,5.2349434,9.0
1476,4.7928514,4.0
1477,6.8349504,11.0
1478,5.285137,4.0
1479,4.1576176,2.0
1480,6.589532,0.0
1481,5.572827,5.0
1482,0.87777287,0.0
1483,0.46763664,0.0
1484,4.787955,3.0
1485,5.462191,11.0
1486,4.2794323,2.0
1487,4.1823044,0.0
1488,4.84821,5.0
1489,5.771639,4.0
1490,4.239913,4.0
1491,6.4012237,9.0
1492,5.910808,13.0
1493,7.4439044,9.0
1494,5.091383,4.0
1495,5.2028117,3.0
1496,4.735238,7.0
1497,6.8483706,13.0
1498,2.0418925,1.0
1499,3.4367247,8.0
1500,5.2199445,0.0
1501,4.150759,2.0
1502,0.46763664,0.0
1503,3.6128764,0.0
1504,0.46763664,0.0
1505,4.782915,3.0
1506,1.5732363,0.0
1507,5.163664,3.0
1508,4.6273274,8.0
1509,7.409782,7.0
1510,4.7648735,2.0
1511,3.4739997,3.0
1512,4.283909,3.0
1513,6.4125843,1.0
1514,7.589293,12.0
1515,5.473386,0.0
1516,7.510357,10.0
1517,3.9807847,13.0
1518,5.7552886,3.0
1519,4.982784,0.0
1520,3.9284027,0.0
1521,5.787327,9.0
1522,2.2496417,2.0
1523,6.683632,8.0
1524,5.640333,5.0
1525,7.8061543,11.0
1526,5.8598294,1.0
1527,5.1655493,3.0
1528,0.46763664,0.0
1529,5.433109,5.0
1530,5.633821,8.0
1531,5.5168533,9.0
1532,4.159117,5.0
1533,1.6445395,3.0
1534,4.8266883,5.0
1535,3.5801592,10.0
1536,4.44051,2.0
1537,5.3894615,3.0
1538,6.061448,4.0
1539,2.5190547,1.0
1540,3.9759738,1.0
1541,3.3642137,1.0
1542,4.0931864,0.0
1543,6.2907877,0.0
1544,5.1078653,9.0
1545,3.9759738,8.0
1546,2.2496417,1.0
1547,7.2260337,4.0
1548,3.7615151,1.0
1549,5.686123,1.0
1550,3.2369747,12.0
1551,5.9225225,9.0
1552,4.501863,2.0
1553,4.991061,3.0
1554,7.5321646,12.0
1555,6.4399986,13.0
1556,5.2597766,4.0
1557,4.6919975,0.0
1558,6.35805,9.0
1559,5.159481,3.0
1560,2.277966,2.0
1561,4.5953474,2.0
1562,0.98045474,0.0
1563,7.5795336,12.0
1564,2.601646,1.0
1565,3.3099697,0.0
1566,3.9134433,0.0
1567,0.46763664,0.0
1568,1.8473061,0.0
1569,4.8759756,11.0
1570,3.4392757,7.0
1571,7.558847,11.0
1572,2.3047545,3.0
1573,5.125135,7.0
1574,4.817073,5.0
1575,8.03257,8.0
1576,5.578441,5.0
1577,4.0751457,1.0
1578,1.6404005,0.0
1579,3.1350427,0.0
1580,5.9412127,4.0
1581,0.46763664,0.0
1582,2.2496417,0.0
1583,1.4823911,0.0
1584,5.6880903,5.0
1585,6.484623,14.0
1586,0.46763664,0.0
1587,6.995248,3.0
1588,1.3039705,0.0
1589,2.0517387,0.0
1590,2.2496417,0.0
1591,6.2538986,2.0
1592,5.9539094,0.0
1593,3.179087,6.0
1594,5.359552,1.0
1595,0.46763664,0.0
1596,5.7319517,14.0
1597,3.0414696,0.0
1598,4.4902315,6.0
1599,1.734835,0.0
1600,6.4616756,9.0
1601,6.2686753,2.0
1602,5.052788,6.0
1603,5.8307037,12.0
1604,2.2496417,0.0
1605,4.653611,3.0
1606,6.623056,5.0
1607,6.733879,5.0
1608,4.300543,5.0
1609,6.7330637,3.0
1610,4.259076,4.0
1611,6.602724,6.0
1612,3.609819,1.0
1613,5.7364407,7.0
1614,8.114664,1.0
1615,4.7078233,4.0
1616,6.2091565,4.0
1617,2.2496417,0.0
1618,4.793041,1.0
1619,7.034462,8.0
1620,3.9409177,5.0
1621,2.7076755,4.0
1622,4.4524007,3.0
1623,5.2457976,1.0
1624,3.038177,3.0
1625,3.5429041,4.0
1626,6.4208384,7.0
1627,4.048578,0.0
1628,4.571282,4.0
1629,5.378286,6.0
1630,4.104719,0.0
1631,6.249901,11.0
1632,6.1497746,0.0
1633,3.5212452,0.0
1634,6.2788897,8.0
1635,4.6933637,2.0
1636,5.0363193,7.0
1637,5.3953824,2.0
1638,4.5623617,6.0
1639,6.7220726,10.0
1640,4.366408,11.0
1641,2.2496417,3.0
1642,7.331042,5.0
1643,2.7991505,0.0
1644,3.7218688,0.0
1645,6.871033,12.0
1646,0.46763664,0.0
1647,6.469749,10.0
1648,7.0955257,13.0
1649,2.2663224,1.0
1650,2.8577855,3.0
1651,4.6735086,5.0
1652,0.46763664,0.0
1653,1.4183758,0.0
1654,3.8224719,1.0
1655,4.900933,4.0
1656,2.600705,2.0
1657,3.8550756,1.0
1658,0.46763664,0.0
1659,6.1835356,3.0
1660,3.626486,0.0
1661,4.2799683,6.0
1662,6.117729,2.0
1663,3.0322692,2.0
1664,7.558574,0.0
1665,4.5110807,5.0
1666,5.2122216,2.0
1667,7.642042,13.0
1668,2.0629122,0.0
1669,2.5194685,1.0
1670,6.3210897,11.0
1671,8.9889555,12.0
1672,3.0001428,3.0
1673,4.447806,6.0
1674,4.2301817,8.0
1675,5.1619153,7.0
1676,4.989056,3.0
1677,5.4411993,2.0
1678,7.960664,15.0
1679,5.039872,8.0
1680,7.5592184,5.0
1681,3.1180887,0.0
1682,7.5735044,11.0
1683,4.5154333,4.0
1684,0.46763664,0.0
1685,4.1955695,2.0
1686,4.2202363,4.0
1687,0.46763664,0.0
1688,0.46763664,0.0
1689,1.6586844,1.0
1690,3.4609196,3.0
1691,5.1746283,8.0
1692,4.330653,8.0
1693,5.0664577,6.0
1694,3.2016952,2.0
1695,4.1902285,7.0
1696,7.6475296,10.0
1697,7.5549855,11.0
1698,6.3056083,5.0
1699,7.97913,7.0
1700,7.16454,10.0
1701,4.826009,15.0
1702,5.805853,2.0
1703,0.46763664,1.0
1704,5.28656,9.0
1705,0.46763664,0.0
1706,0.46763664,0.0
1707,4.351716,2.0
1708,4.4814696,5.0
1709,5.7807,3.0
1710,7.679073,13.0
1711,4.213106,0.0
1712,5.667931,3.0
1713,5.5826135,9.0
1714,4.0808477,5.0
1715,2.2496417,0.0
1716,4.6843214,9.0
1717,6.300356,2.0
1718,4.910874,2.0
1719,3.1003964,11.0
1720,3.4499276,4.0
1721,1.3906783,0.0
1722,5.2784877,8.0
1723,3.8999598,2.0
1724,3.1661725,4.0
1725,2.373534,10.0
1726,6.7437468,11.0
1727,0.46763664,0.0
1728,0.46763664,0.0
1729,4.3594236,1.0
1730,3.753372,0.0
1731,7.3238974,0.0
1732,5.152373,6.0
1733,3.340856,1.0
1734,6.9224677,7.0
1735,0.46763664,0.0
1736,5.125947,7.0
1737,0.46763664,0.0
1738,1.7701999,2.0
1739,6.587017,2.0
1740,5.763606,8.0
1741,0.46763664,0.0
1742,0.86247283,0.0
1743,4.8495035,19.0
1744,5.520699,8.0
1745,5.5769653,3.0
1746,1.3039705,0.0
1747,5.703026,5.0
1748,4.042905,4.0
1749,4.6005425,5.0
1750,6.555905,9.0
1751,7.544505,11.0
1752,5.99361,6.0
1753,6.697592,13.0
1754,8.2738695,10.0
1755,2.3618562,0.0
1756,6.6092978,7.0
1757,4.516033,4.0
1758,3.5272965,7.0
1759,6.6356034,6.0
1760,0.46763664,0.0
1761,8.494773,9.0
1762,2.5955813,4.0
1763,4.618988,0.0
1764,5.385039,6.0
1765,5.2380443,4.0
1766,6.577873,7.0
1767,5.008197,5.0
1768,6.257306,8.0
1769,4.013135,0.0
1770,7.6626244,9.0
1771,7.803974,9.0
1772,2.6689427,7.0
1773,0.98045474,0.0
1774,4.725436,0.0
1775,5.058182,2.0
1776,0.46763664,0.0
1777,2.6466446,13.0
1778,4.8537607,0.0
1779,5.8516903,6.0
1780,4.808976,3.0
1781,5.1758494,9.0
1782,2.5862703,0.0
1783,5.8855996,17.0
1784,3.9507005,3.0
1785,4.3594236,12.0
1786,4.3854623,9.0
1787,7.4140205,7.0
1788,1.6586844,1.0
1789,4.5177083,5.0
1790,6.058206,6.0
1791,0.4963569,0.0
1792,4.5269876,0.0
1793,7.7960415,8.0
1794,7.24578,7.0
1795,6.1325226,9.0
1796,6.2244425,6.0
1797,5.500836,8.0
1798,4.2447143,2.0
1799,2.6533148,8.0
1800,5.820172,3.0
1801,4.7744493,5.0
1802,7.662842,8.0
1803,7.983013,9.0
1804,1.6024723,0.0
1805,4.6825895,2.0
1806,4.7695456,4.0
1807,2.2496417,2.0
1808,6.633387,3.0
1809,5.4408793,1.0
1810,5.1087623,0.0
1811,7.3440294,17.0
1812,5.8057175,9.0
1813,3.5731583,1.0
1814,8.883213,9.0
1815,0.46763664,0.0
1816,5.189395,7.0
1817,5.050331,6.0
1818,4.990573,4.0
1819,7.1165056,7.0
1820,0.895104,0.0
1821,5.3301783,7.0
1822,4.6101675,7.0
1823,2.314745,0.0
1824,4.686737,3.0
1825,6.599659,5.0
1826,2.4676096,0.0
1827,4.8556237,8.0
1828,6.476224,7.0
1829,1.5762271,0.0
1830,4.151687,8.0
1831,7.091676,0.0
1832,1.1951668,0.0
1833,3.7106755,0.0
1834,3.3729713,2.0
1835,4.463755,6.0
1836,2.2496417,0.0
1837,7.235308,11.0
1838,4.5720634,2.0
1839,4.7538323,11.0
1840,5.4334307,8.0
1841,6.8591204,9.0
1842,5.768358,9.0
1843,4.251975,2.0
1844,7.605453,9.0
1845,4.019117,4.0
1846,7.571058,3.0
1847,5.686032,7.0
1848,0.46763664,0.0
1849,0.46763664,1.0
1850,7.1054945,7.0
1851,3.740015,0.0
1852,6.5050874,5.0
1853,3.1931467,0.0
1854,5.534498,3.0
1855,5.340186,10.0
1856,0.46763664,0.0
1857,3.5994873,3.0
1858,0.46763664,0.0
1859,7.4969993,8.0
1860,5.8176208,13.0
1861,1.8408083,0.0
1862,5.897727,4.0
1863,3.9402344,1.0
1864,5.582989,2.0
1865,5.64152,12.0
1866,4.166661,2.0
1867,0.46763664,0.0
1868,5.126948,11.0
1869,6.024709,3.0
1870,4.3760366,1.0
1871,5.2003837,14.0
1872,3.5139089,4.0
1873,2.2496417,0.0
1874,3.997781,2.0
1875,4.2360535,1.0
1876,4.775501,3.0
1877,4.359549,6.0
1878,4.194082,11.0
1879,4.9446716,4.0
1880,4.6233406,3.0
1881,4.627032,4.0
1882,7.875987,10.0
1883,0.46763664,0.0
1884,5.498351,7.0
1885,4.5269876,10.0
1886,5.338886,7.0
1887,5.9173374,11.0
1888,3.4680545,2.0
1889,6.6095448,6.0
1890,3.710427,0.0
1891,0.46763664,0.0
1892,6.25564,6.0
1893,5.1197166,3.0
1894,3.4726875,0.0
1895,7.7281685,17.0
1896,6.405949,10.0
1897,6.8594937,8.0
1898,4.2110987,1.0
1899,6.056465,4.0
1900,6.758564,2.0
1901,4.4336543,4.0
1902,2.3035676,0.0
1903,7.4194837,10.0
1904,5.502946,0.0
1905,4.2080784,0.0
1906,3.9971297,0.0
1907,3.1161,1.0
1908,6.227653,14.0
1909,4.823627,6.0
1910,3.3715432,1.0
1911,5.7307496,8.0
1912,3.0795825,2.0
1913,4.849229,1.0
1914,4.6785016,2.0
1915,5.5548797,2.0
1916,5.5302997,3.0
1917,7.21787,1.0
1918,5.386637,2.0
1919,5.6050634,8.0
1920,6.8233075,8.0
1921,8.253238,12.0
1922,4.452501,2.0
1923,7.0134883,8.0
1924,4.6103487,1.0
1925,2.575735,0.0
1926,5.278757,9.0
1927,8.740192,12.0
1928,4.4598103,2.0
1929,6.1758537,0.0
1930,4.6204348,11.0
1931,5.070253,3.0
1932,4.110379,5.0
1933,3.2860105,4.0
1934,3.691484,0.0
1935,6.1584272,3.0
1936,5.4351935,8.0
1937,6.0496554,7.0
1938,5.462191,3.0
1939,4.2865524,3.0
1940,1.913067,5.0
1941,4.721551,4.0
1942,4.779066,6.0
1943,2.2663224,0.0
1944,2.2496417,3.0
1945,6.759566,5.0
1946,7.0584927,14.0
1947,5.745965,5.0
1948,3.154515,0.0
1949,5.513516,10.0
1950,1.3039705,2.0
1951,1.4892881,7.0
1952,4.8806763,0.0
1953,0.46763664,2.0
1954,4.3963175,8.0
1955,6.62999,7.0
1956,3.788574,8.0
1957,3.9412606,2.0
1958,3.3622344,2.0
1959,2.5952222,3.0
1960,4.780717,2.0
1961,6.536189,11.0
1962,7.037285,13.0
1963,7.0898466,4.0
1964,4.9500422,7.0
1965,5.8668284,0.0
1966,4.4398303,2.0
1967,1.395701,4.0
1968,5.0347056,2.0
1969,4.378948,0.0
1970,5.7436733,5.0
1971,5.2218704,7.0
1972,4.7945104,8.0
1973,3.9712913,1.0
1974,2.1982505,0.0
1975,4.1722875,8.0
1976,2.7480118,1.0
1977,7.0407224,5.0
1978,0.46763664,0.0
1979,7.9902735,8.0
1980,4.629115,7.0
1981,8.590344,10.0
1982,1.4892881,0.0
1983,6.1305,8.0
1984,6.0737834,7.0
1985,5.4300246,11.0
1986,7.764983,26.0
1987,6.231251,2.0
1988,2.2496417,2.0
1989,3.740701,2.0
1990,5.462191,3.0
1991,0.46763664,0.0
1992,3.4850209,3.0
1993,3.0861654,5.0
1994,0.46763664,1.0
1995,3.767557,5.0
1996,2.4147494,4.0
1997,0.46763664,0.0
1998,2.9931662,4.0
1999,2.7216642,0.0
2000,4.4847307,3.0
2001,6.3903494,3.0
2002,0.46763664,0.0
2003,5.263088,6.0
2004,0.46763664,0.0
2005,5.977038,20.0
2006,7.7755976,14.0
2007,4.2449,6.0
2008,5.153191,3.0
2009,3.470794,3.0
2010,6.4694753,7.0
2011,5.379651,11.0
2012,5.3875246,6.0
2013,0.46763664,0.0
2014,1.5111715,0.0
2015,3.3716362,1.0
2016,7.236972,5.0
2017,4.140048,7.0
2018,7.0985155,9.0
2019,4.0798807,3.0
2020,4.2850347,0.0
2021,1.1785402,3.0
2022,6.152873,5.0
2023,4.915746,2.0
2024,5.630113,0.0
2025,6.5853605,10.0
2026,5.5762935,11.0
2027,6.6528835,7.0
2028,4.765258,4.0
2029,3.958031,4.0
2030,4.111271,5.0
2031,5.348671,5.0
2032,0.46763664,0.0
2033,2.2496417,1.0
2034,3.3743117,4.0
2035,2.277966,0.0
2036,8.4667845,8.0
2037,3.9645607,7.0
2038,6.09237,1.0
2039,5.7305193,12.0
2040,0.46763664,1.0
2041,4.7706246,6.0
2042,2.2496417,0.0
2043,4.357996,1.0
2044,6.451516,9.0
2045,4.1827383,4.0
2046,4.621149,2.0
2047,0.46763664,0.0
2048,6.7545977,3.0
2049,4.520215,2.0
2050,7.5417767,10.0
2051,5.7026243,4.0
2052,2.154263,1.0
2053,3.6001577,1.0
2054,0.46763664,0.0
2055,4.7366767,6.0
2056,6.2315617,6.0
2057,5.003561,6.0
2058,4.89406,0.0
2059,4.0604825,2.0
2060,2.2496417,0.0
2061,2.61637,0.0
2062,5.2366457,4.0
2063,2.6733534,0.0
2064,6.741501,4.0
2065,3.004,3.0
2066,4.8317595,4.0
2067,3.5340827,4.0
2068,4.2060986,1.0
2069,3.772743,1.0
2070,7.536789,5.0
2071,5.2662745,6.0
2072,5.078451,5.0
2073,5.124036,10.0
2074,1.5762271,0.0
2075,6.4539566,3.0
2076,4.0709443,0.0
2077,6.774189,7.0
2078,4.8350277,0.0
2079,4.3622293,3.0
2080,6.522529,11.0
2081,5.338742,1.0
2082,6.3269763,5.0
2083,3.855685,5.0
2084,3.867503,4.0
2085,6.1834855,13.0
2086,3.3153105,2.0
2087,4.712185,8.0
2088,0.46763664,0.0
2089,6.2541633,5.0
2090,2.7710454,2.0
2091,5.666938,0.0
2092,4.605007,4.0
2093,7.4512653,11.0
2094,5.640383,3.0
2095,0.46763664,0.0
2096,6.8285036,1.0
2097,1.5732363,0.0
2098,6.2145877,11.0
2099,5.6218815,2.0
2100,3.7102168,8.0
2101,5.469182,3.0
2102,5.7839417,9.0
2103,6.883464,15.0
2104,1.129723,0.0
2105,4.8147054,3.0
2106,5.635687,3.0
2107,0.46763664,5.0
2108,8.046154,7.0
2109,1.1951668,0.0
2110,4.3432293,6.0
2111,5.738299,10.0
2112,6.109911,5.0
2113,4.791225,4.0
2114,4.094197,2.0
2115,5.6978335,3.0
2116,4.307129,0.0
2117,3.6613483,5.0
2118,4.0694838,3.0
2119,5.1199074,8.0
2120,1.6404005,1.0
2121,6.4866953,3.0
2122,4.307003,5.0
2123,0.46763664,0.0
2124,2.2663224,0.0
2125,1.3346674,0.0
2126,5.172351,9.0
2127,6.354538,3.0
2128,4.2096386,8.0
2129,6.316639,0.0
2130,6.2014685,6.0
2131,4.53512,13.0
2132,5.3137712,0.0
2133,6.0951843,7.0
2134,3.317468,4.0
2135,6.5099525,9.0
2136,5.4774675,8.0
2137,5.4562397,8.0
2138,4.666917,8.0
2139,2.239291,0.0
2140,5.586826,8.0
2141,7.8288355,10.0
2142,4.653021,5.0
2143,0.46763664,0.0
2144,7.770851,11.0
2145,0.46763664,0.0
2146,5.301437,11.0
2147,0.46763664,0.0
2148,4.982745,10.0
2149,1.3039705,4.0
2150,3.4367247,0.0
2151,2.2496417,1.0
2152,5.5235147,5.0
2153,6.5103955,6.0
2154,5.478689,1.0
2155,5.0562916,1.0
2156,4.4484353,5.0
2157,1.7700249,0.0
2158,1.7701999,0.0
2159,2.610286,5.0
2160,8.011947,11.0
2161,4.659143,6.0
2162,5.9248505,10.0
2163,4.116319,0.0
2164,3.0162225,3.0
2165,5.7625356,5.0
2166,6.618025,14.0
2167,6.1295996,12.0
2168,2.5682552,0.0
2169,2.3006196,0.0
2170,1.3039705,1.0
2171,5.4911203,5.0
2172,3.5549583,0.0
2173,4.696186,2.0
2174,2.4684622,2.0
2175,5.71443,15.0
2176,2.2496417,11.0
2177,3.576161,0.0
2178,4.8085885,0.0
2179,7.20778,11.0
2180,5.0314045,11.0
2181,5.6802506,9.0
2182,0.46763664,0.0
2183,6.2591147,11.0
2184,0.46763664,0.0
2185,3.820171,2.0
2186,5.5135326,3.0
2187,6.5136166,5.0
2188,5.3539276,10.0
2189,6.0541573,4.0
2190,1.4183758,0.0
2191,2.9685245,1.0
2192,5.837443,11.0
2193,3.896582,4.0
2194,3.7554781,3.0
2195,6.730273,9.0
2196,4.9552617,4.0
2197,6.44055,10.0
2198,3.3290088,3.0
2199,2.8927417,2.0
2200,6.9594426,4.0
2201,4.7265725,3.0
2202,0.46763664,0.0
2203,4.0628643,7.0
2204,0.46763664,0.0
2205,4.2165675,3.0
2206,2.9758196,0.0
2207,2.1638546,4.0
2208,3.0552037,0.0
2209,5.21626,8.0
2210,3.9382203,0.0
2211,0.46763664,1.0
2212,5.4307814,4.0
2213,1.7317786,1.0
2214,6.8458824,9.0
2215,4.3325114,5.0
2216,4.7201495,2.0
2217,6.447749,7.0
2218,5.5148077,12.0
2219,3.416464,7.0
2220,4.7719154,3.0
2221,5.395415,8.0
2222,7.3438926,2.0
2223,6.3012958,8.0
2224,4.5649314,3.0
2225,0.46763664,0.0
2226,2.674513,7.0
2227,5.8698335,4.0
2228,4.9885235,0.0
2229,3.457457,4.0
2230,2.2496417,5.0
2231,5.1682625,9.0
2232,2.2496417,19.0
2233,6.8799534,9.0
2234,3.6548934,6.0
2235,3.176016,2.0
2236,4.449491,11.0
2237,4.790823,8.0
2238,1.3824726,0.0
2239,0.46763664,0.0
2240,4.71042,4.0
2241,2.0732243,4.0
2242,5.1115894,7.0
2243,2.2496417,0.0
2244,3.5951276,4.0
2245,4.336105,3.0
2246,4.7647734,2.0
2247,1.5507486,0.0
2248,2.2496417,3.0
2249,6.4699883,10.0
2250,0.46763664,0.0
2251,3.930217,1.0
2252,2.3323073,11.0
2253,2.2496417,0.0
2254,5.074408,5.0
2255,5.8252025,9.0
2256,6.3570194,11.0
2257,4.6955967,4.0
2258,4.205818,4.0
2259,5.0474052,7.0
2260,0.46763664,0.0
2261,6.5968685,6.0
2262,4.806184,0.0
2263,4.6044416,3.0
2264,5.538935,7.0
2265,3.9938562,1.0
2266,3.7122958,5.0
2267,7.2130656,14.0
2268,3.3914816,7.0
2269,4.8450346,7.0
2270,6.053419,2.0
2271,3.642938,16.0
2272,5.563369,7.0
2273,4.1575603,10.0
2274,4.165926,5.0
2275,8.00418,15.0
2276,4.4258184,3.0
2277,2.7121658,0.0
2278,7.1302533,8.0
2279,2.2517118,0.0
2280,4.1823044,6.0
2281,3.9596546,5.0
2282,3.4748316,4.0
2283,4.515179,4.0
2284,7.091676,13.0
2285,5.7874823,7.0
2286,6.2603188,20.0
2287,7.977747,13.0
2288,5.4468102,2.0
2289,3.960293,3.0
2290,8.329203,10.0
2291,2.2496417,5.0
2292,0.86247283,2.0
2293,6.352618,5.0
2294,5.4476705,3.0
2295,0.46763664,0.0
2296,6.060775,6.0
2297,3.931513,2.0
2298,3.592893,4.0
2299,0.46763664,0.0
2300,4.7098417,4.0
2301,3.8939502,4.0
2302,3.0625994,3.0
2303,0.4963569,0.0
2304,0.46763664,0.0
2305,7.026681,9.0
2306,8.467178,8.0
2307,2.2496417,0.0
2308,6.9900513,1.0
2309,4.3760366,0.0
2310,5.1955156,1.0
2311,6.474247,0.0
2312,4.8989124,3.0
2313,4.8879185,6.0
2314,5.294343,14.0
2315,0.87777287,0.0
2316,6.4364643,5.0
2317,5.147704,0.0
2318,3.5585854,0.0
2319,2.701222,1.0
2320,5.1415186,0.0
2321,7.577004,12.0
2322,6.378147,5.0
2323,4.582754,1.0
2324,5.011118,7.0
2325,4.1645813,0.0
2326,6.5586677,4.0
2327,4.261864,22.0
2328,0.46763664,0.0
2329,6.527707,6.0
2330,6.0663066,5.0
2331,6.1129546,4.0
2332,9.435267,8.0
2333,2.2663224,1.0
2334,5.549583,2.0
2335,5.8921924,7.0
2336,1.6738042,6.0
2337,4.8820024,10.0
2338,4.6051474,7.0
2339,2.2496417,0.0
2340,5.0474796,3.0
2341,0.46763664,0.0
2342,6.2150745,9.0
2343,2.3035676,0.0
2344,3.9671824,0.0
2345,2.2340162,2.0
2346,1.1417458,1.0
2347,7.0310225,5.0
2348,6.3070474,1.0
2349,4.757594,6.0
2350,5.242281,1.0
2351,5.538461,6.0
2352,4.7138777,0.0
2353,4.887318,4.0
2354,3.781573,2.0
2355,7.0508223,8.0
2356,5.129532,9.0
2357,8.140741,12.0
2358,5.917581,6.0
2359,3.139075,11.0
2360,5.94566,4.0
2361,1.3906783,0.0
2362,5.6039886,10.0
2363,4.961412,2.0
2364,5.2428365,5.0
2365,5.4514627,2.0
2366,4.9884276,2.0
2367,6.8604474,8.0
2368,5.9024343,10.0
2369,5.724776,9.0
2370,5.462902,6.0
2371,2.2496417,0.0
2372,8.573629,12.0
2373,3.216327,1.0
2374,4.554684,8.0
2375,6.345421,4.0
2376,2.1813626,0.0
2377,2.2496417,0.0
2378,5.35981,7.0
2379,5.5118275,12.0
2380,7.8456383,9.0
2381,6.368714,7.0
2382,4.267404,1.0
2383,2.619831,0.0
2384,2.4105754,6.0
2385,1.7317786,1.0
2386,7.50975,3.0
2387,0.46763664,0.0
2388,8.149034,10.0
2389,3.9480898,14.0
2390,6.4507937,6.0
2391,0.46763664,0.0
2392,4.211814,2.0
2393,2.2496417,3.0
2394,7.1163487,12.0
2395,2.5406268,3.0
2396,8.4779215,13.0
2397,5.9846697,2.0
2398,6.944763,1.0
2399,5.148678,0.0
2400,3.3643749,1.0
2401,6.1646376,12.0
2402,3.9063046,3.0
2403,3.510868,3.0
2404,5.8080373,8.0
2405,6.0239415,7.0
2406,3.6470253,3.0
2407,2.4367688,0.0
2408,5.565587,3.0
2409,6.26737,7.0
2410,2.2496417,2.0
2411,4.1645813,0.0
2412,5.9883304,0.0
2413,5.4464054,0.0
2414,3.0301936,0.0
2415,6.4205656,3.0
2416,5.836141,9.0
2417,7.6314526,10.0
2418,0.46763664,0.0
2419,8.541608,13.0
2420,3.8942964,2.0
2421,5.8190336,1.0
2422,4.7706947,2.0
2423,0.46763664,0.0
2424,1.7317786,0.0
2425,4.539136,4.0
2426,3.8936183,7.0
2427,7.863571,4.0
2428,4.868171,5.0
2429,6.041404,4.0
2430,4.975927,2.0
2431,3.8423154,9.0
2432,3.8245904,4.0
2433,1.58001,0.0
2434,6.9538527,7.0
2435,3.2954066,2.0
2436,4.916967,2.0
2437,2.0629122,1.0
2438,3.6576736,4.0
2439,4.9771504,9.0
2440,6.578183,3.0
2441,5.7558804,1.0
2442,3.097013,0.0
2443,6.775197,8.0
2444,2.2496417,0.0
2445,5.6856422,4.0
2446,3.518128,0.0
2447,1.3906783,0.0
2448,3.4875674,8.0
2449,3.8154495,3.0
2450,0.46763664,0.0
2451,5.665549,2.0
2452,3.139075,0.0
2453,5.073912,5.0
2454,5.2356453,3.0
2455,6.109446,6.0
2456,6.6973133,7.0
2457,0.46763664,0.0
2458,0.46763664,0.0
2459,2.1091568,0.0
2460,4.88041,2.0
2461,3.3381627,0.0
2462,1.5732363,0.0
2463,7.54162,12.0
2464,4.462581,3.0
2465,3.2756197,0.0
2466,3.7586422,0.0
2467,7.818264,9.0
2468,5.19645,7.0
2469,4.779455,3.0
2470,5.431323,13.0
2471,3.005379,11.0
2472,3.1801913,3.0
2473,6.2038827,3.0
2474,0.86247283,2.0
2475,4.5833206,7.0
2476,6.2294693,12.0
2477,2.6733534,3.0
2478,4.3257904,5.0
2479,3.4666777,10.0
2480,4.697263,2.0
2481,6.2541986,3.0
2482,3.5648916,0.0
2483,0.46763664,0.0
2484,1.4199852,0.0
2485,0.86247283,0.0
2486,0.46763664,1.0
2487,4.2301817,0.0
2488,2.9292223,0.0
2489,3.351565,0.0
2490,4.7005863,1.0
2491,6.0519037,14.0
2492,5.5442934,4.0
2493,5.198572,7.0
2494,0.46763664,0.0
2495,6.0018287,14.0
2496,6.4302673,16.0
2497,5.033738,13.0
2498,2.6083367,0.0
2499,6.175486,5.0
2500,2.2496417,0.0
2501,4.6652727,1.0
2502,4.1695294,2.0
2503,7.0044456,11.0
2504,5.9392796,7.0
2505,4.8049955,4.0
2506,2.0629122,13.0
2507,5.8615246,9.0
2508,4.749838,1.0
2509,1.789224,0.0
2510,2.8797553,0.0
2511,0.46763664,3.0
2512,2.2496417,1.0
2513,2.1638546,0.0
2514,1.1951668,1.0
2515,0.46763664,0.0
2516,6.138284,2.0
2517,4.276652,4.0
2518,4.207286,1.0
2519,6.520584,3.0
2520,0.46763664,0.0
2521,5.076896,2.0
2522,5.829448,0.0
2523,7.230647,4.0
2524,5.935861,8.0
2525,0.46763664,0.0
2526,2.2496417,2.0
2527,5.1772404,7.0
2528,2.5375104,0.0
2529,4.321968,6.0
2530,5.0470285,4.0
2531,7.481558,7.0
2532,3.6823747,9.0
2533,6.5932555,10.0
2534,3.2608912,7.0
2535,5.2133245,4.0
2536,7.0924377,16.0
2537,3.685651,5.0
2538,1.6404005,0.0
2539,6.843265,8.0
2540,4.9400873,13.0
2541,7.9100103,5.0
2542,1.3039705,0.0
2543,1.7701999,0.0
2544,2.2496417,0.0
2545,2.8185115,0.0
2546,6.320532,6.0
2547,4.7866454,4.0
2548,6.041627,4.0
2549,6.423545,0.0
2550,4.5904603,2.0
2551,5.490762,13.0
2552,3.1773152,3.0
2553,2.1396358,0.0
2554,1.3551564,7.0
2555,0.46763664,0.0
2556,5.550562,9.0
2557,0.46763664,0.0
2558,4.119948,6.0
2559,1.6760837,0.0
2560,4.6428566,3.0
2561,4.8927145,4.0
2562,5.5355663,7.0
2563,5.5043817,4.0
2564,4.9905105,0.0
2565,3.7876475,1.0
2566,1.0182058,0.0
2567,2.6635883,1.0
2568,6.4200454,9.0
2569,6.206759,8.0
2570,4.9012957,1.0
2571,0.46763664,0.0
2572,5.1289806,10.0
2573,3.1043222,1.0
2574,5.197506,2.0
2575,1.1417458,0.0
2576,1.4803251,0.0
2577,4.7461877,2.0
2578,0.46763664,0.0
2579,0.46763664,0.0
2580,4.7381926,3.0
2581,6.3439393,12.0
2582,4.0811977,0.0
2583,4.7763224,3.0
2584,6.211978,1.0
2585,8.175387,10.0
2586,0.46763664,0.0
2587,7.4129357,10.0
2588,2.2496417,2.0
2589,5.018231,9.0
2590,4.927103,0.0
2591,4.014816,8.0
2592,7.2056684,8.0
2593,4.7005863,0.0
2594,3.5502527,7.0
2595,6.191224,8.0
2596,4.607778,2.0
2597,3.473726,9.0
2598,5.048935,6.0
2599,0.46763664,1.0
2600,3.6649382,3.0
2601,5.6219606,8.0
2602,3.8956492,11.0
2603,1.3906783,0.0
2604,2.4585211,0.0
2605,4.1450596,2.0
2606,7.6532097,12.0
2607,4.4206324,8.0
2608,4.513396,2.0
2609,3.5066078,2.0
2610,2.8353152,0.0
2611,6.2836275,6.0
2612,5.8004127,6.0
2613,3.603205,3.0
2614,7.184804,15.0
2615,5.1558146,3.0
2616,5.462191,2.0
2617,4.3917227,3.0
2618,8.356103,7.0
2619,4.500014,2.0
2620,5.6774755,0.0
2621,3.1129808,8.0
2622,6.4331036,3.0
2623,4.7079825,10.0
2624,3.521857,4.0
2625,2.2496417,1.0
2626,8.532459,0.0
2627,1.7317786,0.0
2628,0.46763664,4.0
2629,8.494406,10.0
2630,5.5011086,4.0
2631,4.9144263,5.0
2632,7.3338223,4.0
2633,2.841987,0.0
2634,8.575019,9.0
2635,2.2496417,0.0
2636,5.122938,3.0
2637,4.958272,3.0
2638,4.8762274,9.0
2639,5.10924,4.0
2640,5.056726,8.0
2641,5.176242,1.0
2642,4.120762,8.0
2643,6.5934467,9.0
2644,6.7288513,2.0
2645,5.8395314,3.0
2646,4.9291654,2.0
2647,4.12765,3.0
2648,4.410345,0.0
2649,6.506666,4.0
2650,4.595607,11.0
2651,6.2498894,0.0
2652,5.5374503,10.0
2653,5.089254,12.0
2654,4.243097,3.0
2655,5.3291416,8.0
2656,1.3346674,2.0
2657,6.8494697,11.0
2658,2.2496417,1.0
2659,2.4585211,1.0
2660,5.5428176,4.0
2661,3.4295144,0.0
2662,4.553865,15.0
2663,7.144496,12.0
2664,4.006967,6.0
2665,5.485212,4.0
2666,3.8823512,0.0
2667,8.282268,11.0
2668,6.3733726,12.0
2669,0.46763664,0.0
2670,3.80642,0.0
2671,5.3885174,3.0
2672,2.463625,3.0
2673,6.342961,11.0
2674,0.46763664,0.0
2675,1.3295324,0.0
2676,1.6961591,0.0
2677,5.253464,3.0
2678,3.7607486,0.0
2679,2.7680936,1.0
2680,4.547745,4.0
2681,4.436976,5.0
2682,4.614938,5.0
2683,6.389024,4.0
2684,4.09933,2.0
2685,5.2273784,5.0
2686,6.761755,6.0
2687,2.5562043,6.0
2688,7.284979,6.0
2689,5.4344826,5.0
2690,5.868001,5.0
2691,5.545381,5.0
2692,4.961796,3.0
2693,4.5724883,6.0
2694,4.586751,8.0
2695,4.68797,2.0
2696,6.693165,16.0
2697,6.763853,2.0
2698,2.2496417,0.0
2699,0.46763664,0.0
2700,6.492652,7.0
2701,5.9003987,2.0
2702,5.088131,1.0
2703,5.6945724,0.0
2704,4.72552,3.0
2705,6.611751,8.0
2706,0.46763664,1.0
2707,3.974305,6.0
2708,4.985203,3.0
2709,4.55247,2.0
2710,4.9843864,3.0
2711,5.974982,11.0
2712,6.5095778,7.0
2713,3.9824212,4.0
2714,4.962511,6.0
2715,4.045585,3.0
2716,3.387246,7.0
2717,4.291614,5.0
2718,4.5381107,1.0
2719,0.46763664,0.0
2720,5.198824,6.0
2721,6.2781477,14.0
2722,7.1710877,11.0
2723,6.795784,9.0
2724,6.434758,13.0
2725,4.347311,4.0
2726,6.922327,9.0
2727,0.895104,0.0
2728,3.197534,1.0
2729,7.1308494,0.0
2730,6.8601413,12.0
2731,7.984107,10.0
2732,8.405696,8.0
2733,3.807202,0.0
2734,7.6942863,11.0
2735,4.028335,8.0
2736,4.7899795,4.0
2737,4.990421,2.0
2738,4.5354605,5.0
2739,0.46763664,3.0
2740,0.86247283,0.0
2741,3.6881206,1.0
2742,4.3812795,6.0
2743,5.038682,5.0
2744,6.2068486,0.0
2745,4.1524706,5.0
2746,2.2370424,2.0
2747,3.8498828,0.0
2748,0.46763664,0.0
2749,4.8834305,3.0
2750,4.230263,0.0
2751,4.811157,5.0
2752,0.4963569,0.0
2753,1.1951668,0.0
2754,4.2279205,2.0
2755,5.796826,2.0
2756,5.462541,5.0
2757,5.9405613,16.0
2758,5.95998,11.0
2759,4.3823395,0.0
2760,5.314872,3.0
2761,6.8124413,14.0
2762,0.46763664,0.0
2763,5.0402794,6.0
2764,5.5289254,4.0
2765,5.9909735,4.0
2766,4.3111515,4.0
2767,6.8502893,5.0
2768,5.3830686,5.0
2769,4.24313,6.0
2770,4.8859544,4.0
2771,3.8788378,6.0
2772,3.6996372,2.0
2773,4.5269876,2.0
2774,6.436745,5.0
2775,6.1012497,9.0
2776,5.176654,4.0
2777,0.46763664,1.0
2778,5.5885706,9.0
2779,2.2496417,0.0
2780,7.7255106,10.0
2781,7.4947157,15.0
2782,4.3940563,3.0
2783,2.2496417,0.0
2784,6.707943,13.0
2785,5.711168,13.0
2786,3.7883418,4.0
2787,4.245909,1.0
2788,3.9910114,4.0
2789,3.7876475,1.0
2790,8.391443,14.0
2791,4.1260734,4.0
2792,4.541371,4.0
2793,2.2663224,2.0
2794,7.016246,4.0
2795,1.920113,3.0
2796,0.46763664,6.0
2797,2.536982,3.0
2798,6.4069386,4.0
2799,3.860851,0.0
2800,5.506319,13.0
2801,6.666999,4.0
2802,1.3034636,0.0
2803,5.2631874,0.0
2804,3.3846233,1.0
2805,4.911621,5.0
2806,5.762061,5.0
2807,3.9698737,1.0
2808,5.6598763,7.0
2809,4.4456115,0.0
2810,4.895377,11.0
2811,4.6663437,1.0
2812,2.5349717,0.0
2813,7.047963,8.0
2814,0.46763664,0.0
2815,6.620576,8.0
2816,5.681927,1.0
2817,0.46763664,0.0
2818,5.0262094,0.0
2819,3.9932077,10.0
2820,5.1788135,6.0
2821,5.847887,6.0
2822,6.6206365,2.0
2823,3.9857833,6.0
2824,6.3079567,5.0
2825,5.4296684,11.0
2826,6.421535,7.0
2827,4.85121,8.0
2828,5.5431814,8.0
2829,2.4480073,0.0
2830,5.419907,9.0
2831,4.9534163,8.0
2832,4.978833,5.0
2833,3.3107207,2.0
2834,7.9788694,19.0
2835,4.2752314,9.0
2836,4.733311,1.0
2837,2.7069104,1.0
2838,8.125364,15.0
2839,4.4067044,4.0
2840,4.19784,1.0
2841,3.5891674,0.0
2842,4.5742464,12.0
2843,6.045251,3.0
2844,4.706655,3.0
2845,7.23946,8.0
2846,0.46763664,0.0
2847,4.0747924,4.0
2848,3.0128982,0.0
2849,5.4517584,1.0
2850,6.189719,1.0
2851,7.014941,10.0
2852,0.46763664,0.0
2853,5.7309756,2.0
2854,6.192873,10.0
2855,7.8609085,10.0
2856,5.3021183,4.0
2857,1.6586844,0.0
2858,6.7205276,4.0
2859,7.8165646,7.0
2860,4.015685,0.0
2861,2.9982376,0.0
2862,0.46763664,0.0
2863,6.215078,5.0
2864,3.5154307,4.0
2865,5.2444897,6.0
2866,3.8643963,3.0
2867,5.9020123,2.0
2868,6.685763,5.0
2869,6.5901628,9.0
2870,0.46763664,0.0
2871,2.2566593,1.0
2872,4.752454,11.0
2873,3.1209817,0.0
2874,7.514388,7.0
2875,0.46763664,0.0
2876,6.493629,4.0
2877,4.9989357,3.0
2878,5.5962615,6.0
2879,2.2496417,0.0
2880,0.46763664,0.0
2881,5.1123805,3.0
2882,8.164203,19.0
2883,6.1687255,10.0
2884,4.5734334,2.0
2885,5.5918946,3.0
2886,5.167825,0.0
2887,2.2496417,0.0
2888,5.25746,4.0
2889,2.1638546,0.0
2890,1.9524904,0.0
2891,5.888685,11.0
2892,6.841406,12.0
2893,5.7687187,10.0
2894,5.053995,3.0
2895,6.3290987,1.0
2896,3.98822,3.0
2897,0.46763664,0.0
2898,4.312128,6.0
2899,5.329064,8.0
2900,4.8509965,10.0
2901,5.210459,0.0
2902,3.660403,4.0
2903,4.432373,7.0
2904,2.4353302,1.0
2905,1.6217458,0.0
2906,5.329285,12.0
2907,6.0451202,0.0
2908,6.2161045,12.0
2909,3.8420284,9.0
2910,5.1771045,6.0
2911,3.1046026,0.0
2912,4.8405256,0.0
2913,6.3623023,13.0
2914,3.5665429,1.0
2915,1.479329,0.0
2916,7.124815,9.0
2917,2.8843966,1.0
2918,4.3621626,12.0
2919,6.3967957,4.0
2920,4.6990976,2.0
2921,5.52209,3.0
2922,4.5658097,4.0
2923,0.46763664,3.0
2924,4.516652,13.0
2925,5.2930923,6.0
2926,5.0743785,7.0
2927,0.46763664,0.0
2928,6.646145,6.0
2929,2.3042815,0.0
2930,8.395191,7.0
2931,5.7057247,5.0
2932,5.3724847,18.0
2933,2.659904,1.0
2934,7.7283998,9.0
2935,4.617678,2.0
2936,0.46763664,0.0
2937,5.024328,0.0
2938,6.6834197,9.0
2939,6.823731,11.0
2940,5.896611,8.0
2941,3.1189044,0.0
2942,3.076485,8.0
2943,7.130828,6.0
2944,6.255863,10.0
2945,3.7397265,1.0
2946,2.277966,1.0
2947,2.277966,1.0
2948,6.8937607,10.0
2949,4.5860977,0.0
2950,2.2496417,5.0
2951,4.403663,1.0
2952,0.46763664,1.0
2953,3.4290125,0.0
2954,6.314965,10.0
2955,7.669382,8.0
2956,5.413682,2.0
2957,5.18255,4.0
2958,6.95988,12.0
2959,0.4963569,1.0
2960,5.8130164,5.0
2961,6.463791,6.0
2962,6.77048,13.0
2963,6.343977,8.0
2964,6.211445,12.0
2965,5.3252096,0.0
2966,5.5629034,7.0
2967,4.860796,0.0
2968,6.469876,12.0
2969,2.2496417,3.0
2970,0.46763664,0.0
2971,2.7236402,2.0
2972,4.066353,12.0
2973,4.08668,5.0
2974,4.9208355,4.0
2975,5.5555754,0.0
2976,6.3304777,3.0
2977,0.46763664,0.0
2978,3.8936932,9.0
2979,7.009991,9.0
2980,5.6390944,1.0
2981,4.3622065,9.0
2982,7.3621373,13.0
2983,0.46763664,0.0
2984,4.609142,6.0
2985,5.439838,4.0
2986,5.6714854,5.0
2987,0.46763664,2.0
2988,4.327576,3.0
2989,2.2496417,1.0
2990,4.3580265,2.0
2991,5.1520205,5.0
2992,5.0078006,0.0
2993,4.594325,5.0
2994,7.312725,13.0
2995,5.4540424,6.0
2996,4.827441,8.0
2997,7.6898704,12.0
2998,2.2496417,0.0
2999,5.520494,5.0
3000,5.348426,3.0
3001,4.083086,1.0
3002,5.208636,5.0
3003,5.754772,8.0
3004,2.2507718,0.0
3005,6.6571026,2.0
3006,5.8000965,3.0
3007,4.137794,2.0
3008,5.149165,15.0
3009,3.9169343,5.0
3010,4.5556536,3.0
3011,4.7000494,8.0
3012,5.541797,8.0
3013,0.46763664,0.0
3014,6.2973027,7.0
3015,5.624628,4.0
3016,2.9559076,2.0
3017,4.7005863,11.0
3018,0.46763664,0.0
3019,0.46763664,0.0
3020,4.7138777,10.0
3021,2.016971,0.0
3022,5.178396,0.0
3023,4.3233976,0.0
3024,0.46763664,0.0
3025,3.5735693,7.0
3026,5.541261,1.0
3027,3.4973428,0.0
3028,6.792542,12.0
3029,4.638748,5.0
3030,5.754542,9.0
3031,4.089286,0.0
3032,7.123602,11.0
3033,0.46763664,0.0
3034,3.5004923,12.0
3035,4.7239723,12.0
3036,3.6830144,0.0
3037,4.8432527,11.0
3038,2.1516516,1.0
3039,0.46763664,0.0
3040,5.3715525,3.0
3041,6.720707,4.0
3042,5.7031355,6.0
3043,3.8014724,2.0
3044,0.46763664,3.0
3045,5.7576795,9.0
3046,0.46763664,0.0
3047,6.256154,6.0
3048,5.8981547,5.0
3049,2.7250514,18.0
3050,2.2663224,0.0
3051,6.134558,8.0
3052,9.622403,15.0
3053,5.203925,4.0
3054,4.1187043,9.0
3055,5.9575677,3.0
3056,2.5181265,0.0
3057,3.903103,4.0
3058,3.4964616,6.0
3059,3.8548515,0.0
3060,5.905568,5.0
3061,4.9450364,0.0
3062,3.2261431,9.0
3063,5.038535,1.0
3064,9.573697,9.0
3065,6.822508,10.0
3066,6.3934565,12.0
3067,2.2496417,2.0
3068,2.8404748,4.0
3069,0.46763664,0.0
3070,4.6801944,0.0
3071,5.6130476,0.0
3072,6.2262506,5.0
3073,4.2736263,1.0
3074,4.1871347,0.0
3075,7.289415,8.0
3076,6.7525253,13.0
3077,5.6609306,6.0
3078,7.080191,5.0
3079,8.149524,9.0
3080,0.46763664,0.0
3081,2.5374682,8.0
3082,5.120369,9.0
3083,5.038814,4.0
3084,2.3573356,0.0
3085,4.5584807,1.0
3086,0.46763664,0.0
3087,4.334394,4.0
3088,5.0245075,4.0
3089,3.6133075,0.0
3090,5.432595,2.0
3091,1.9574264,0.0
3092,5.9917336,5.0
3093,4.5984926,0.0
3094,4.5800295,2.0
3095,8.022416,15.0
3096,3.611199,5.0
3097,4.621456,3.0
3098,0.46763664,0.0
3099,5.7574453,4.0
3100,5.4947586,1.0
3101,3.0325212,0.0
3102,3.636681,2.0
3103,4.5513506,3.0
3104,0.46763664,0.0
3105,2.7391865,0.0
3106,4.6385474,2.0
3107,6.3915286,6.0
3108,4.6296268,0.0
3109,2.2762513,1.0
3110,3.8161666,4.0
3111,4.5226707,2.0
3112,2.2566593,2.0
3113,2.6787236,0.0
3114,5.9374576,8.0
3115,0.46763664,0.0
3116,7.429253,5.0
3117,5.2307024,5.0
3118,7.325282,14.0
3119,5.2666655,11.0
3120,1.734835,0.0
3121,3.1027792,0.0
3122,4.361248,3.0
3123,6.054397,8.0
3124,5.110355,4.0
3125,7.1378937,2.0
3126,4.084999,0.0
3127,7.1149125,11.0
3128,2.3121078,0.0
3129,5.5911236,8.0
3130,3.227028,3.0
3131,5.0860043,4.0
3132,3.5807168,2.0
3133,4.5621223,8.0
3134,5.1742396,2.0
3135,4.8179603,0.0
3136,6.054728,3.0
3137,4.368262,2.0
3138,5.2469273,2.0
3139,4.9730806,0.0
3140,5.305211,3.0
3141,2.6116672,4.0
3142,3.7578638,0.0
3143,5.9412913,5.0
3144,6.414691,6.0
3145,1.7701999,0.0
3146,0.46763664,0.0
3147,8.829596,11.0
3148,1.3295324,0.0
3149,4.4473224,14.0
3150,6.2514434,10.0
3151,0.46763664,0.0
3152,6.247419,8.0
3153,3.2497869,5.0
3154,4.816492,0.0
3155,6.256588,11.0
3156,8.5258875,12.0
3157,4.7351,4.0
3158,5.0796614,2.0
3159,4.8249116,4.0
3160,0.46763664,0.0
3161,4.646518,3.0
3162,4.5349674,8.0
3163,3.7415922,0.0
3164,2.3006196,0.0
3165,2.2496417,0.0
3166,7.0660977,5.0
3167,4.786908,6.0
3168,6.563242,9.0
3169,4.587858,9.0
3170,4.830677,7.0
3171,4.069023,5.0
3172,4.474423,6.0
3173,6.7645354,7.0
3174,4.051815,3.0
3175,0.46763664,0.0
3176,3.1654992,0.0
3177,5.4157143,3.0
3178,4.6765285,1.0
3179,2.4535964,0.0
3180,5.6324196,0.0
3181,9.025065,17.0
3182,3.3673685,7.0
3183,5.7844687,6.0
3184,4.4609346,4.0
3185,6.7734084,6.0
3186,2.4421787,1.0
3187,2.2496417,0.0
3188,5.632383,11.0
3189,5.351871,1.0
3190,2.7445567,2.0
3191,7.156761,9.0
3192,6.2166414,2.0
3193,5.1452007,10.0
3194,4.168927,5.0
3195,7.4687243,8.0
3196,5.399815,1.0
3197,2.198277,0.0
3198,6.4197984,1.0
3199,4.312803,3.0
3200,3.953925,2.0
3201,7.767416,14.0
3202,0.46763664,0.0
3203,4.902903,7.0
3204,3.9705446,5.0
3205,5.915896,7.0
3206,5.7985487,11.0
3207,5.6885624,12.0
3208,3.9759738,10.0
3209,4.8102765,5.0
3210,4.0703344,9.0
3211,4.4753847,5.0
3212,3.843588,1.0
3213,6.1372113,4.0
3214,2.5260887,3.0
3215,4.4185205,4.0
3216,6.7635736,10.0
3217,4.9633994,8.0
3218,7.6076107,13.0
3219,5.0032086,2.0
3220,1.9232091,0.0
3221,4.3949337,7.0
3222,4.9609146,1.0
3223,0.46763664,0.0
3224,6.9329195,7.0
3225,6.416029,10.0
3226,2.803186,0.0
3227,5.041387,4.0
3228,0.46763664,0.0
3229,0.46763664,0.0
3230,6.778817,2.0
3231,4.833904,6.0
3232,7.179238,7.0
3233,5.254987,5.0
3234,2.6702588,0.0
3235,5.976819,8.0
3236,4.696413,1.0
3237,2.2252448,0.0
3238,5.0110197,2.0
3239,4.9258027,5.0
3240,1.3346674,0.0
3241,6.211884,9.0
3242,4.1354833,1.0
3243,3.3433576,0.0
3244,3.8701942,2.0
3245,0.46763664,0.0
3246,4.351328,6.0
3247,3.7533693,12.0
3248,3.0206,2.0
3249,5.452761,7.0
3250,5.8145947,6.0
3251,4.4726734,6.0
3252,0.74694175,0.0
3253,3.4923375,4.0
3254,1.3551564,0.0
3255,5.8370047,8.0
3256,6.1214275,3.0
3257,6.2630663,2.0
3258,2.7081115,0.0
3259,0.46763664,0.0
3260,6.026453,4.0
3261,3.791581,7.0
3262,0.46763664,0.0
3263,5.4378786,14.0
3264,4.159721,2.0
3265,6.5312896,7.0
3266,7.1539135,7.0
3267,4.591667,14.0
3268,4.188806,0.0
3269,2.2496417,2.0
3270,6.1032543,10.0
3271,7.130631,4.0
3272,0.46763664,0.0
3273,0.46763664,0.0
3274,2.2496417,0.0
3275,4.5222,4.0
3276,3.9340575,0.0
3277,4.980544,3.0
3278,4.245909,2.0
3279,1.9763986,0.0
3280,4.2004457,7.0
3281,5.3998027,7.0
3282,6.45046,3.0
3283,2.7847865,1.0
3284,3.5137079,3.0
3285,6.3972807,14.0
3286,6.6703615,12.0
3287,5.0079618,4.0
3288,5.063222,1.0
3289,2.2496417,2.0
3290,4.4812803,4.0
3291,2.2496417,0.0
3292,4.7909408,2.0
3293,4.5696344,6.0
3294,4.3455553,4.0
3295,0.46763664,0.0
3296,6.506397,5.0
3297,6.661695,8.0
3298,4.5983634,3.0
3299,2.6549873,1.0
3300,1.5732363,0.0
3301,4.793076,0.0
3302,7.3971243,7.0
3303,4.062745,1.0
3304,8.161899,10.0
3305,3.6824887,4.0
3306,3.735438,6.0
3307,4.866293,0.0
3308,3.2811713,1.0
3309,4.262011,2.0
3310,3.7582638,2.0
3311,1.2917687,0.0
3312,3.499787,3.0
3313,1.9831928,0.0
3314,0.46763664,2.0
3315,1.1785402,2.0
3316,5.323582,9.0
3317,2.7445567,0.0
3318,5.723011,11.0
3319,4.670298,0.0
3320,6.6503744,12.0
3321,2.6466446,0.0
3322,2.1638546,0.0
3323,4.8897543,4.0
3324,6.8658905,8.0
3325,1.9062349,0.0
3326,6.0838404,7.0
3327,4.1426992,8.0
3328,2.2496417,0.0
3329,1.1417458,0.0
3330,6.4043,6.0
3331,2.2496417,2.0
3332,3.4187844,0.0
3333,5.7731724,1.0
3334,4.294365,7.0
3335,4.270488,18.0
3336,4.0565267,1.0
3337,2.7391865,18.0
3338,4.6279454,3.0
3339,3.1351097,7.0
3340,4.8599424,2.0
3341,5.516516,0.0
3342,4.765282,7.0
3343,1.3295324,2.0
3344,7.669845,7.0
3345,6.7221103,1.0
3346,4.9487643,5.0
3347,4.723215,12.0
3348,7.2436166,15.0
3349,1.2917687,0.0
3350,6.6328955,7.0
3351,2.2496417,0.0
3352,7.361364,9.0
3353,7.81944,2.0
3354,5.2292757,5.0
3355,5.0477233,5.0
3356,4.4752703,4.0
3357,5.405068,5.0
3358,0.46763664,0.0
3359,4.3687496,5.0
3360,5.035556,7.0
3361,2.3035676,0.0
3362,6.780708,6.0
3363,5.137977,6.0
3364,4.562529,5.0
3365,3.5191534,3.0
3366,5.714212,10.0
3367,7.006254,0.0
3368,4.0099077,0.0
3369,4.7978992,0.0
3370,3.3139188,16.0
3371,0.46763664,10.0
3372,6.5506563,14.0
3373,5.532698,6.0
3374,2.5375104,0.0
3375,3.5441473,5.0
3376,3.878536,2.0
3377,4.73035,4.0
3378,2.425122,1.0
3379,5.3183017,3.0
3380,4.608074,11.0
3381,4.493945,5.0
3382,3.0929775,2.0
3383,6.315754,4.0
3384,7.4703608,8.0
3385,3.7728865,5.0
3386,3.4974592,0.0
3387,4.7148156,3.0
3388,5.8519535,3.0
3389,5.117364,3.0
3390,4.3322067,1.0
3391,2.4517047,0.0
3392,0.46763664,0.0
3393,3.4585564,6.0
3394,4.1326294,6.0
3395,5.276146,8.0
3396,4.91742,2.0
3397,2.5663614,0.0
3398,1.1951668,0.0
3399,4.8936467,12.0
3400,6.8850994,7.0
3401,5.647974,15.0
3402,4.2179894,3.0
3403,9.030269,12.0
3404,4.0243587,3.0
3405,4.094676,9.0
3406,6.575737,3.0
3407,6.600764,2.0
3408,5.367706,5.0
3409,2.966203,0.0
3410,2.5117323,0.0
3411,6.77048,10.0
3412,2.600705,0.0
3413,4.672853,4.0
3414,7.8675556,9.0
3415,4.0264363,7.0
3416,5.2160234,2.0
3417,4.6492004,11.0
3418,1.1659598,0.0
3419,7.989645,8.0
3420,2.6466446,7.0
3421,4.408558,4.0
3422,3.4346137,2.0
3423,4.8647804,2.0
3424,0.98045474,0.0
3425,2.7076755,3.0
3426,4.5219603,3.0
3427,2.2496417,0.0
3428,3.6267703,0.0
3429,3.6969962,2.0
3430,4.0966487,10.0
3431,4.7110653,8.0
3432,5.394445,10.0
3433,5.4718194,15.0
3434,4.8736405,7.0
3435,4.769373,7.0
3436,3.8268192,8.0
3437,7.032077,10.0
3438,6.238516,7.0
3439,5.767717,5.0
3440,3.79481,0.0
3441,5.2213116,6.0
3442,0.46763664,0.0
3443,5.800896,5.0
3444,5.256465,0.0
3445,1.1514974,0.0
3446,3.7814295,2.0
3447,5.377462,8.0
3448,0.46763664,0.0
3449,7.2810097,16.0
3450,5.2137575,7.0
3451,7.9489384,10.0
3452,4.6044517,5.0
3453,4.1361017,1.0
3454,6.096199,9.0
3455,0.46763664,0.0
3456,6.0116487,9.0
3457,5.142996,2.0
3458,7.711401,9.0
3459,3.7151952,11.0
3460,4.0895433,0.0
3461,6.110136,2.0
3462,2.4207387,2.0
3463,6.356279,11.0
3464,3.7198439,1.0
3465,7.729163,13.0
3466,7.1085453,5.0
3467,6.4641457,18.0
3468,4.4972878,7.0
3469,4.556099,2.0
3470,4.3943496,2.0
3471,4.489124,4.0
3472,3.7491548,5.0
3473,1.9746879,0.0
3474,7.7746,8.0
3475,2.439654,1.0
3476,0.46763664,1.0
3477,3.5294883,6.0
3478,2.8491573,2.0
3479,4.5983677,1.0
3480,6.614793,3.0
3481,5.3102026,4.0
3482,3.0793555,0.0
3483,3.4160378,9.0
3484,5.9158316,10.0
3485,4.482979,4.0
3486,6.878675,9.0
3487,2.2536077,2.0
3488,0.46763664,0.0
3489,7.6183043,9.0
3490,4.2763095,2.0
3491,5.7551847,1.0
3492,4.245909,12.0
3493,4.321211,9.0
3494,4.395236,1.0
3495,7.1666336,12.0
3496,4.954902,5.0
3497,3.3293571,6.0
3498,4.7978287,6.0
3499,2.277966,15.0
3500,5.13968,13.0
3501,4.6847024,1.0
3502,0.46763664,0.0
3503,0.46763664,0.0
3504,6.7553096,11.0
3505,5.8867025,3.0
3506,6.7399693,6.0
3507,4.869083,5.0
3508,3.9402344,8.0
3509,5.22222,14.0
3510,6.9633284,2.0
3511,6.913237,11.0
3512,3.080941,4.0
3513,8.530751,7.0
3514,4.7540855,3.0
3515,3.9399908,0.0
3516,5.1571245,3.0
3517,3.400931,0.0
3518,7.537163,9.0
3519,0.46763664,0.0
3520,5.462191,0.0
3521,5.9860573,9.0
3522,1.3039705,0.0
3523,5.7267914,10.0
3524,5.2347555,5.0
3525,5.2492847,8.0
3526,4.7526417,8.0
3527,7.3802533,4.0
3528,6.7788277,9.0
3529,3.9444797,9.0
3530,5.4921503,1.0
3531,4.957944,2.0
3532,2.0681415,1.0
3533,6.1654615,11.0
3534,2.2496417,7.0
3535,0.46763664,0.0
3536,0.46763664,0.0
3537,0.46763664,0.0
3538,4.4617167,6.0
3539,5.7317104,5.0
3540,0.46763664,0.0
3541,6.813302,16.0
3542,8.021497,1.0
3543,6.969137,11.0
3544,4.9236627,0.0
3545,5.552609,0.0
3546,0.87777287,0.0
3547,5.520187,3.0
3548,5.7762837,7.0
3549,5.4710503,3.0
3550,5.616866,5.0
3551,6.9215026,14.0
3552,5.6237736,18.0
3553,3.6811173,1.0
3554,4.315245,0.0
3555,4.2692714,0.0
3556,6.315731,2.0
3557,1.3295324,0.0
3558,7.6844625,11.0
3559,5.7813153,1.0
3560,0.46763664,0.0
3561,3.7744553,6.0
3562,1.3551564,3.0
3563,2.4903023,2.0
3564,1.9763986,1.0
3565,5.4188004,7.0
3566,4.0099077,1.0
3567,4.8740344,7.0
3568,5.3091288,16.0
3569,5.6235,2.0
3570,5.6520133,7.0
3571,5.672751,9.0
3572,4.6204348,2.0
3573,3.2848234,14.0
3574,6.0197773,15.0
3575,3.614252,4.0
3576,5.4672995,8.0
3577,5.6796274,6.0
3578,1.7308991,2.0
3579,4.425785,13.0
3580,5.2684646,3.0
3581,5.298765,6.0
3582,7.654748,14.0
3583,4.5999603,5.0
3584,3.1017647,0.0
3585,6.810315,12.0
3586,5.972698,10.0
3587,6.1912475,14.0
3588,5.0014954,4.0
3589,3.9202802,0.0
3590,3.0661187,1.0
3591,2.3023016,8.0
3592,5.675707,7.0
3593,5.0904217,6.0
3594,4.0489926,4.0
3595,7.326399,10.0
3596,7.908059,10.0
3597,5.078293,3.0
3598,5.3152494,8.0
3599,4.5007267,12.0
3600,0.46763664,0.0
3601,6.8839536,8.0
3602,4.5393934,10.0
3603,6.1885943,4.0
3604,1.6217458,0.0
3605,6.067154,7.0
3606,2.2496417,0.0
3607,1.9223117,0.0
3608,7.507357,10.0
3609,6.5851483,17.0
3610,4.603006,3.0
3611,7.978156,9.0
3612,6.548047,7.0
3613,8.13019,5.0
3614,6.8634477,6.0
3615,4.191985,1.0
3616,3.3674283,10.0
3617,5.1580405,4.0
3618,6.3898683,6.0
3619,7.9461136,17.0
3620,6.17841,9.0
3621,6.4875317,4.0
3622,0.4963569,1.0
3623,6.585125,10.0
3624,8.526707,16.0
3625,4.4893584,2.0
3626,4.842086,11.0
3627,5.1061673,10.0
3628,4.129327,0.0
3629,4.3727274,3.0
3630,6.440533,8.0
3631,1.930436,0.0
3632,3.3153105,0.0
3633,1.3295324,0.0
3634,2.5267878,0.0
3635,5.150022,1.0
3636,5.754472,13.0
3637,1.4823911,1.0
3638,7.885209,7.0
3639,3.2940333,4.0
3640,2.7250514,6.0
3641,0.46763664,1.0
3642,3.927376,2.0
3643,7.9874477,10.0
3644,1.930436,0.0
3645,5.7557755,2.0
3646,5.5697775,11.0
3647,0.46763664,0.0
3648,4.6179957,1.0
3649,5.2778754,0.0
3650,0.46763664,0.0
3651,4.9730806,1.0
3652,4.4775596,2.0
3653,3.4817493,2.0
3654,4.1889825,4.0
3655,5.142768,5.0
3656,7.057507,11.0
3657,4.826081,9.0
3658,1.2611631,0.0
3659,4.731862,11.0
3660,0.46763664,3.0
3661,5.1438375,6.0
3662,3.3425817,7.0
3663,5.8359632,6.0
3664,8.744738,8.0
3665,2.6108224,2.0
3666,5.2574644,1.0
3667,4.4015183,0.0
3668,4.915395,7.0
3669,3.5687213,4.0
3670,5.404483,1.0
3671,8.195849,12.0
3672,1.9954292,0.0
3673,5.0225315,0.0
3674,4.7308536,2.0
3675,2.102716,0.0
3676,7.2284408,9.0
3677,5.197654,4.0
3678,8.997312,11.0
3679,7.247486,4.0
3680,5.1570277,4.0
3681,6.859711,9.0
3682,4.3346114,0.0
3683,2.9996243,5.0
3684,8.552114,5.0
3685,0.46763664,0.0
3686,3.669522,6.0
3687,4.936403,4.0
3688,5.422281,2.0
3689,5.6308236,3.0
3690,3.9593117,1.0
3691,5.456298,11.0
3692,5.108154,8.0
3693,8.076586,12.0
3694,0.46763664,0.0
3695,5.834377,0.0
3696,4.8646317,8.0
3697,2.2496417,0.0
3698,3.2954066,0.0
3699,4.863699,17.0
3700,3.4095705,0.0
3701,6.623717,11.0
3702,5.864431,5.0
3703,4.1407895,2.0
3704,4.8635273,12.0
3705,2.146053,0.0
3706,4.7611127,4.0
3707,6.7979174,7.0
3708,1.7323995,0.0
3709,4.5873785,2.0
3710,3.698045,6.0
3711,6.3909564,6.0
3712,4.986196,5.0
3713,4.3841763,9.0
3714,4.832058,0.0
3715,2.8258934,8.0
3716,6.1961985,15.0
3717,0.46763664,2.0
3718,4.476415,4.0
3719,6.0929365,10.0
3720,2.5898113,1.0
3721,3.371192,3.0
3722,5.2633452,4.0
3723,3.9545352,4.0
3724,2.3035676,0.0
3725,5.512574,4.0
3726,3.901849,1.0
3727,3.9263537,2.0
3728,5.505196,1.0
3729,6.3603535,2.0
3730,2.2496417,1.0
3731,4.073683,0.0
3732,5.7854276,3.0
3733,0.46763664,0.0
3734,1.4183758,3.0
3735,3.8177779,0.0
3736,0.46763664,0.0
3737,5.9635406,7.0
3738,5.7582083,0.0
3739,5.414118,9.0
3740,7.46474,7.0
3741,3.2637494,6.0
3742,4.5335913,3.0
3743,3.8952997,2.0
3744,6.263589,8.0
3745,5.9016247,6.0
3746,5.8993,2.0
3747,5.401791,3.0
3748,5.44824,7.0
3749,4.255587,7.0
3750,5.4327984,3.0
3751,8.422907,7.0
3752,5.124674,5.0
3753,3.7413905,7.0
3754,6.477513,13.0
3755,3.8225672,1.0
3756,3.2848234,0.0
3757,6.610383,8.0
3758,4.401064,2.0
3759,2.9605706,0.0
3760,5.547435,2.0
3761,6.785071,2.0
3762,6.577276,14.0
3763,4.6575913,1.0
3764,5.743135,6.0
3765,6.2274303,9.0
3766,4.73102,3.0
3767,2.7805917,1.0
3768,6.478343,5.0
3769,1.3346674,0.0
3770,2.090258,0.0
3771,8.192586,13.0
3772,5.58611,0.0
3773,4.676515,0.0
3774,4.21434,0.0
3775,0.46763664,0.0
3776,0.98045474,0.0
3777,4.611851,6.0
3778,2.9741433,1.0
3779,2.277966,0.0
3780,6.6704054,5.0
3781,2.7391865,0.0
3782,1.5172967,1.0
3783,4.7452903,7.0
3784,3.6578448,1.0
3785,6.0384464,6.0
3786,1.8692437,0.0
3787,5.8183227,0.0
3788,1.1417458,0.0
3789,5.2428927,8.0
3790,4.8838634,7.0
3791,5.780834,6.0
3792,6.794923,1.0
3793,4.180127,11.0
3794,5.4445715,11.0
3795,4.2893715,4.0
3796,5.2492347,9.0
3797,2.7252023,2.0
3798,6.0227785,8.0
3799,5.5466175,11.0
3800,4.0649343,9.0
3801,2.852716,0.0
3802,5.2308006,4.0
3803,6.72206,8.0
3804,7.0099916,8.0
3805,3.735405,0.0
3806,4.659028,1.0
3807,0.46763664,0.0
3808,3.330765,2.0
3809,7.5849915,10.0
3810,5.0908227,0.0
3811,6.2146606,6.0
3812,4.3183975,4.0
3813,6.788722,11.0
3814,0.46763664,0.0
3815,4.915919,4.0
3816,5.64036,8.0
3817,0.46763664,0.0
3818,1.8891643,0.0
3819,3.3839319,1.0
3820,4.895997,10.0
3821,4.049395,4.0
3822,2.2124,0.0
3823,7.8854246,5.0
3824,7.1271157,8.0
3825,7.5871973,10.0
3826,6.08809,11.0
3827,4.5877647,4.0
3828,4.4492435,0.0
3829,1.6097459,0.0
3830,1.2152954,0.0
3831,2.4585211,4.0
3832,5.1775494,3.0
3833,6.2354217,10.0
3834,7.232548,14.0
3835,5.7184916,2.0
3836,4.2393484,5.0
3837,7.382093,10.0
3838,3.718505,9.0
3839,4.8666954,8.0
3840,5.002205,0.0
3841,4.520528,4.0
3842,4.9810276,6.0
3843,5.247608,8.0
3844,3.0178275,2.0
3845,3.4702315,13.0
3846,2.3782713,0.0
3847,1.3346674,0.0
3848,5.6213713,6.0
3849,2.2496417,0.0
3850,1.7701999,0.0
3851,5.2966037,8.0
3852,4.557996,2.0
3853,3.3229697,0.0
3854,5.638996,12.0
3855,4.060681,2.0
3856,6.3479075,10.0
3857,4.163554,3.0
3858,4.7626705,0.0
3859,6.108501,10.0
3860,6.7411,4.0
3861,3.561914,3.0
3862,4.5422487,0.0
3863,4.660977,5.0
3864,4.7950153,7.0
3865,2.2496417,0.0
3866,0.46763664,0.0
3867,4.691072,0.0
3868,5.2222157,5.0
3869,0.46763664,0.0
3870,5.5006747,6.0
3871,5.117676,4.0
3872,4.2262664,9.0
3873,2.2496417,3.0
3874,6.4789596,10.0
3875,5.560601,4.0
3876,4.9523025,7.0
3877,5.8811636,19.0
3878,2.8319902,0.0
3879,5.25331,2.0
3880,4.8713284,9.0
3881,6.187233,11.0
3882,7.35122,14.0
3883,3.8821957,5.0
3884,3.7695372,0.0
3885,1.3906783,0.0
3886,4.987277,7.0
3887,4.9808517,3.0
3888,3.1725466,5.0
3889,0.46763664,0.0
3890,3.2848234,0.0
3891,3.7594297,0.0
3892,4.8219666,5.0
3893,5.4011855,9.0
3894,3.5412507,2.0
3895,7.4753613,7.0
3896,0.46763664,0.0
3897,7.335029,13.0
3898,6.2107334,8.0
3899,4.9044337,2.0
3900,0.46763664,2.0
3901,3.7658908,1.0
3902,5.6561975,3.0
3903,7.0126133,13.0
3904,7.973645,4.0
3905,5.8875237,2.0
3906,0.46763664,0.0
3907,4.115548,1.0
3908,3.4265175,5.0
3909,3.0556479,0.0
3910,0.46763664,0.0
3911,4.300543,0.0
3912,2.2178893,0.0
3913,5.0507264,6.0
3914,4.812088,7.0
3915,7.800679,11.0
3916,6.03889,6.0
3917,4.0429564,2.0
3918,5.8895855,4.0
3919,4.9350195,8.0
3920,3.233001,2.0
3921,4.4420133,9.0
3922,0.46763664,1.0
3923,5.406562,5.0
3924,5.8926425,5.0
3925,0.98045474,2.0
3926,6.3916845,10.0
3927,5.2785335,9.0
3928,2.8553395,0.0
3929,4.987919,10.0
3930,3.0070617,5.0
3931,7.5302715,12.0
3932,3.378626,6.0
3933,0.46763664,0.0
3934,5.294343,12.0
3935,2.490377,0.0
3936,5.177492,4.0
3937,0.46763664,1.0
3938,7.2821293,0.0
3939,3.4159656,2.0
3940,6.9262934,11.0
3941,1.1785402,1.0
3942,2.1462665,3.0
3943,4.139317,4.0
3944,5.699171,0.0
3945,3.8815982,2.0
3946,3.4157314,0.0
3947,3.8900535,0.0
3948,0.46763664,0.0
3949,5.136425,0.0
3950,4.885941,9.0
3951,7.5082827,9.0
3952,5.7907863,3.0
3953,2.277966,1.0
3954,3.005379,0.0
3955,4.452909,3.0
3956,5.7445135,5.0
3957,3.6487567,2.0
3958,5.3392534,1.0
3959,6.7761693,14.0
3960,8.104395,8.0
3961,6.3144593,13.0
3962,7.6538515,9.0
3963,6.8262243,9.0
3964,0.46763664,0.0
3965,5.379617,0.0
3966,1.770779,0.0
3967,5.0750465,7.0
3968,8.361356,14.0
3969,7.0280437,13.0
3970,4.9149365,5.0
3971,4.9760337,11.0
3972,6.0771117,3.0
3973,5.5431433,7.0
3974,4.988595,0.0
3975,1.1951668,1.0
3976,5.552965,7.0
3977,1.3295324,0.0
3978,1.3039705,0.0
3979,6.772064,11.0
3980,6.9749,10.0
3981,4.0945215,1.0
3982,2.9574356,1.0
3983,1.4823911,0.0
3984,7.2084,7.0
3985,0.46763664,0.0
3986,5.1965504,2.0
3987,7.522091,5.0
3988,7.582332,9.0
3989,4.809934,1.0
3990,5.0880895,3.0
3991,3.8516924,1.0
3992,1.3743455,0.0
3993,4.6272607,7.0
3994,6.7763457,7.0
3995,2.378422,0.0
3996,2.7391865,0.0
3997,7.332244,1.0
3998,5.659515,10.0
3999,4.2291403,1.0
4000,7.560749,3.0
4001,6.372015,4.0
4002,6.937211,9.0
4003,6.4002237,11.0
4004,3.972461,4.0
4005,5.264259,5.0
4006,5.3686056,8.0
4007,4.420006,4.0
4008,5.263088,3.0
4009,8.243849,14.0
4010,1.7111372,0.0
4011,4.771945,0.0
4012,2.0629122,0.0
4013,2.7250514,1.0
4014,5.6692863,8.0
4015,0.46763664,0.0
4016,4.5447392,12.0
4017,5.307237,0.0
4018,5.505762,1.0
4019,7.7334824,10.0
4020,2.2496417,3.0
4021,2.4440725,1.0
4022,0.46763664,3.0
4023,7.654271,10.0
4024,0.46763664,0.0
4025,7.5643106,6.0
4026,5.721695,7.0
4027,6.487393,7.0
4028,5.8331027,7.0
4029,5.298868,9.0
4030,6.8940187,9.0
4031,4.0604825,0.0
4032,4.864857,8.0
4033,4.108402,1.0
4034,5.390812,11.0
4035,5.591562,8.0
4036,0.46763664,0.0
4037,4.726161,3.0
4038,6.797532,13.0
4039,6.228618,10.0
4040,2.9564793,0.0
4041,4.6378984,2.0
4042,6.9898243,7.0
4043,6.0216064,13.0
4044,4.9329314,11.0
4045,6.989456,7.0
4046,0.46763664,0.0
4047,1.3906783,1.0
4048,5.5421233,11.0
4049,3.7557843,0.0
4050,3.7094061,2.0
4051,8.875386,10.0
4052,1.1951668,4.0
4053,6.359117,6.0
4054,1.6445395,0.0
4055,4.345347,1.0
4056,3.9487464,4.0
4057,3.2622,8.0
4058,6.305457,4.0
4059,4.9015355,7.0
4060,2.454367,0.0
4061,2.7680936,12.0
4062,6.104868,12.0
4063,1.3906783,0.0
4064,4.632618,6.0
4065,4.987919,0.0
4066,5.2195745,4.0
4067,0.46763664,0.0
4068,6.9006395,2.0
4069,5.7714033,3.0
4070,7.283191,12.0
4071,3.4173331,0.0
4072,3.7112982,2.0
4073,4.892589,3.0
4074,3.2913022,0.0
4075,2.9887285,4.0
4076,4.150937,5.0
4077,3.8009393,2.0
4078,5.335992,5.0
4079,4.785549,10.0
4080,2.1638546,5.0
4081,5.0550776,4.0
4082,6.007285,13.0
4083,2.8064039,4.0
4084,6.9855027,11.0
4085,6.639135,6.0
4086,6.84551,10.0
4087,3.9556015,2.0
4088,6.805319,9.0
4089,0.46763664,0.0
4090,6.19119,3.0
4091,5.7111025,1.0
4092,2.8660395,0.0
4093,5.657259,4.0
4094,5.915231,16.0
4095,4.6435494,8.0
4096,3.5068836,1.0
4097,0.46763664,0.0
4098,5.279498,10.0
4099,6.299503,9.0
4100,5.629783,11.0
4101,1.5493895,0.0
4102,7.8541384,4.0
4103,5.259498,6.0
4104,4.4481344,13.0
4105,5.3359456,8.0
4106,4.0359154,3.0
4107,5.2335324,9.0
4108,5.009421,6.0
4109,4.4610977,1.0
4110,4.675488,0.0
4111,1.9204429,2.0
4112,4.0052185,19.0
4113,1.3346674,2.0
4114,4.707182,0.0
4115,5.916371,8.0
4116,4.6321898,2.0
4117,4.3924074,2.0
4118,3.7876475,15.0
4119,5.1983624,5.0
4120,4.2266507,0.0
4121,3.3007104,3.0
4122,5.3773546,0.0
4123,5.070576,9.0
4124,0.4963569,0.0
4125,5.234772,7.0
4126,3.024217,0.0
4127,3.8606603,1.0
4128,3.35483,2.0
4129,4.1175957,0.0
4130,3.8388135,2.0
4131,3.1842937,1.0
4132,4.0072227,0.0
4133,7.0277863,6.0
4134,5.8355494,5.0
4135,6.140024,11.0
4136,7.0543747,0.0
4137,6.3508925,10.0
4138,2.9525883,0.0
4139,4.5945425,8.0
4140,5.7512136,1.0
4141,4.8543787,0.0
4142,3.5761666,2.0
4143,5.3075895,6.0
4144,3.711696,10.0
4145,3.125357,0.0
4146,7.60925,0.0
4147,5.8823876,7.0
4148,2.5897317,12.0
4149,7.5639157,6.0
4150,4.8100696,3.0
4151,7.9901953,8.0
4152,1.4823911,0.0
4153,5.1550784,11.0
4154,3.8403394,2.0
4155,5.3969336,12.0
4156,3.3214035,4.0
4157,2.4818256,0.0
4158,3.9939926,2.0
4159,2.2496417,3.0
4160,4.4772606,6.0
4161,2.2496417,0.0
4162,4.063123,0.0
4163,1.8759559,1.0
4164,3.1527479,0.0
4165,5.7393084,3.0
4166,4.079034,5.0
4167,7.471586,11.0
4168,5.800866,7.0
4169,6.2361217,0.0
4170,5.1629214,5.0
4171,4.908031,7.0
4172,5.2348166,3.0
4173,5.517115,6.0
4174,0.46763664,9.0
4175,3.5089173,0.0
4176,4.1148467,2.0
4177,4.6225967,3.0
4178,7.9971676,11.0
4179,3.840182,5.0
4180,4.9836836,9.0
4181,3.8769305,3.0
4182,4.5269876,2.0
4183,6.404352,7.0
4184,2.2663224,1.0
4185,7.0012193,8.0
4186,4.521258,5.0
4187,7.7331815,6.0
4188,5.136572,8.0
4189,4.9548564,5.0
4190,4.213306,2.0
4191,5.631116,7.0
4192,6.8519344,5.0
4193,1.1951668,1.0
4194,5.818446,5.0
4195,3.5201688,2.0
4196,4.2546644,4.0
4197,5.3584867,3.0
4198,5.8911266,9.0
4199,7.1024885,11.0
4200,5.9211054,1.0
4201,5.69459,10.0
4202,4.180089,1.0
4203,2.1118774,11.0
4204,4.5630703,5.0
4205,3.5342543,6.0
4206,5.8531294,2.0
4207,2.6934714,6.0
4208,6.227438,5.0
4209,6.389025,6.0
4210,1.6746757,1.0
4211,6.888238,10.0
4212,4.0774546,14.0
4213,3.153549,0.0
4214,4.135278,4.0
4215,4.8559456,8.0
4216,6.208556,7.0
4217,0.86247283,0.0
4218,4.5411634,1.0
4219,5.500656,1.0
4220,4.3989964,3.0
4221,5.540518,2.0
4222,1.1417458,0.0
4223,8.088257,12.0
4224,4.2898235,6.0
4225,3.4027755,4.0
4226,4.545689,4.0
4227,4.567674,1.0
4228,4.805371,8.0
4229,6.8387465,9.0
4230,2.84397,2.0
4231,5.51437,0.0
4232,2.4518046,6.0
4233,5.549278,2.0
4234,4.477341,13.0
4235,4.738064,8.0
4236,4.889359,6.0
4237,4.984154,3.0
4238,4.842919,2.0
4239,4.8623443,6.0
4240,4.5324836,4.0
4241,2.7429068,11.0
4242,1.7729758,0.0
4243,7.911352,13.0
4244,3.4231112,4.0
4245,5.4402094,6.0
4246,0.46763664,0.0
4247,2.2496417,0.0
4248,4.8300095,4.0
4249,3.6549246,0.0
4250,3.679539,0.0
4251,1.4823911,0.0
4252,0.46763664,0.0
4253,2.2496417,0.0
4254,4.0604825,15.0
4255,5.1800933,6.0
4256,8.051988,11.0
4257,3.6869638,0.0
4258,0.46763664,0.0
4259,2.7828643,0.0
4260,4.309726,5.0
4261,5.044364,8.0
4262,5.3860145,3.0
4263,5.8984857,2.0
4264,6.2300773,0.0
4265,2.2496417,4.0
4266,1.3039705,0.0
4267,3.0280478,0.0
4268,2.439654,1.0
4269,3.0007565,0.0
4270,4.642382,2.0
4271,4.7824717,2.0
4272,4.527675,8.0
4273,8.095792,14.0
4274,6.2145944,7.0
4275,4.416651,5.0
4276,4.1021233,5.0
4277,5.1450744,2.0
4278,1.2917687,1.0
4279,2.2496417,0.0
4280,2.959249,1.0
4281,1.5762271,3.0
4282,2.7386713,0.0
4283,0.46763664,0.0
4284,4.206871,13.0
4285,7.3222356,14.0
4286,7.891856,10.0
4287,6.7941813,8.0
4288,3.9756014,0.0
4289,5.0678005,1.0
4290,6.00144,8.0
4291,5.535744,7.0
4292,3.914334,7.0
4293,5.347369,4.0
4294,5.804389,13.0
4295,4.709164,4.0
4296,6.531519,7.0
4297,1.5732363,1.0
4298,5.9687014,6.0
4299,5.460911,5.0
4300,1.7323995,0.0
4301,4.462383,4.0
4302,6.9597073,9.0
4303,5.455078,10.0
4304,2.295037,0.0
4305,5.3160625,0.0
4306,8.447251,10.0
4307,0.87777287,0.0
4308,5.336882,2.0
4309,4.6317987,9.0
4310,4.4871087,3.0
4311,3.5793176,1.0
4312,5.6471696,11.0
4313,6.7660065,10.0
4314,5.9122963,0.0
4315,4.006689,1.0
4316,3.6921725,7.0
4317,4.4028454,4.0
4318,5.562353,9.0
4319,4.575675,4.0
4320,6.6907997,17.0
4321,5.5550227,3.0
4322,5.6582837,9.0
4323,5.295516,5.0
4324,4.896179,4.0
4325,3.8850563,1.0
4326,6.960855,6.0
4327,4.6679335,9.0
4328,4.9450364,8.0
4329,3.966448,0.0
4330,6.870192,8.0
4331,6.0312896,0.0
4332,4.7399025,5.0
4333,8.754763,10.0
4334,5.7604094,1.0
4335,2.2496417,2.0
4336,1.930436,0.0
4337,4.282023,2.0
4338,3.9681137,1.0
4339,4.84399,7.0
4340,6.0937257,4.0
4341,4.978235,2.0
4342,2.555411,0.0
4343,5.2965765,10.0
4344,3.5524206,3.0
4345,6.1937404,6.0
4346,2.2496417,4.0
4347,3.6961825,12.0
4348,0.46763664,0.0
4349,5.2932677,0.0
4350,3.6849334,6.0
4351,0.46763664,0.0
4352,4.315256,8.0
4353,5.507588,9.0
4354,1.7231765,0.0
4355,5.416772,6.0
4356,0.46763664,0.0
4357,5.869947,4.0
4358,3.7285557,2.0
4359,5.722163,4.0
4360,3.3673978,2.0
4361,7.3470044,9.0
4362,2.2496417,1.0
4363,8.619806,12.0
4364,0.46763664,0.0
4365,2.2496417,3.0
4366,0.46763664,1.0
4367,4.52944,8.0
4368,0.46763664,0.0
4369,1.5762271,0.0
4370,6.6568327,8.0
4371,5.436463,9.0
4372,2.2359467,0.0
4373,4.550704,0.0
4374,6.152403,21.0
4375,6.6872454,2.0
4376,3.1350427,0.0
4377,6.735643,5.0
4378,4.787594,2.0
4379,4.5756435,0.0
4380,5.002695,2.0
4381,8.033815,11.0
4382,6.5739136,4.0
4383,5.797607,7.0
4384,4.5829325,2.0
4385,4.3374987,6.0
4386,5.9220862,9.0
4387,5.364884,10.0
4388,4.2928023,3.0
4389,5.895516,5.0
4390,3.310992,3.0
4391,4.9450364,2.0
4392,3.6838284,5.0
4393,5.811344,11.0
4394,4.413712,0.0
4395,4.9698377,0.0
4396,4.5212803,3.0
4397,5.8753557,5.0
4398,3.8565085,3.0
4399,6.287654,8.0
4400,0.46763664,0.0
4401,1.2917687,0.0
4402,5.9096203,10.0
4403,9.3266945,10.0
4404,3.2474477,1.0
4405,5.3746176,0.0
4406,6.9185815,5.0
4407,1.4183758,0.0
4408,3.9402344,6.0
4409,2.1605988,0.0
4410,2.2496417,3.0
4411,2.0370276,0.0
4412,2.5621543,0.0
4413,6.461985,6.0
4414,0.895104,0.0
4415,2.0629122,0.0
4416,2.3428397,0.0
4417,7.500268,11.0
4418,5.470757,8.0
4419,4.845687,0.0
4420,3.306315,1.0
4421,3.5597417,9.0
4422,4.0514355,4.0
4423,1.3346674,0.0
4424,7.905545,8.0
4425,3.8886163,2.0
4426,5.768099,9.0
4427,2.2496417,1.0
4428,6.760461,7.0
4429,2.7451766,1.0
4430,2.581738,0.0
4431,3.357986,2.0
4432,2.2496417,4.0
4433,3.0676196,5.0
4434,4.02144,3.0
4435,4.4508414,3.0
4436,5.456461,6.0
4437,2.9871542,0.0
4438,0.46763664,5.0
4439,4.5379553,2.0
4440,4.8050766,0.0
4441,4.5005074,3.0
4442,5.403244,12.0
4443,4.769507,14.0
4444,0.46763664,0.0
4445,5.303632,4.0
4446,2.0629122,2.0
4447,4.307129,0.0
4448,6.7503157,2.0
4449,4.152789,6.0
4450,6.832973,5.0
4451,4.3491764,1.0
4452,7.258012,12.0
4453,5.111868,2.0
4454,5.185122,3.0
4455,1.4183758,0.0
4456,5.658922,12.0
4457,6.386202,5.0
4458,5.43554,1.0
4459,2.1293328,0.0
4460,2.5374682,4.0
4461,3.6425188,4.0
4462,2.9529352,0.0
4463,1.3906783,2.0
4464,0.46763664,0.0
4465,4.9515114,6.0
4466,4.917224,5.0
4467,5.0196195,2.0
4468,4.424672,0.0
4469,1.9375302,0.0
4470,4.8625326,5.0
4471,5.0425715,4.0
4472,0.87777287,0.0
4473,3.346373,3.0
4474,4.6970644,9.0
4475,3.9532864,2.0
4476,4.1373773,0.0
4477,3.4510884,2.0
4478,7.8794365,10.0
4479,4.843136,11.0
4480,5.6113563,2.0
4481,5.2527046,4.0
4482,8.298625,18.0
4483,4.1860595,1.0
4484,2.0778415,0.0
4485,5.613612,7.0
4486,7.2694902,8.0
4487,6.780614,4.0
4488,0.46763664,2.0
4489,7.024555,2.0
4490,6.348542,15.0
4491,6.5357685,13.0
4492,2.59935,0.0
4493,4.8414164,6.0
4494,5.6714687,6.0
4495,5.256692,12.0
4496,6.378174,10.0
4497,6.0773377,13.0
4498,5.9304676,3.0
4499,0.46763664,0.0
4500,5.631479,6.0
4501,6.281591,1.0
4502,8.610416,12.0
4503,4.4254837,8.0
4504,7.5425105,4.0
4505,3.9101536,11.0
4506,2.857487,0.0
4507,7.7766027,12.0
4508,4.381367,6.0
4509,3.7598143,3.0
4510,5.225724,7.0
4511,5.96113,3.0
4512,8.346332,12.0
4513,3.3201716,0.0
4514,4.7179365,0.0
4515,5.425449,3.0
4516,2.2496417,4.0
4517,0.46763664,0.0
4518,2.4592512,1.0
4519,7.4710264,11.0
4520,4.451607,4.0
4521,4.8235526,2.0
4522,5.9895043,7.0
4523,2.7250514,0.0
4524,0.46763664,0.0
4525,6.677034,10.0
4526,3.4383297,0.0
4527,7.3973584,9.0
4528,6.787893,0.0
4529,2.2496417,0.0
4530,2.9018629,4.0
4531,6.582546,8.0
4532,3.7447572,0.0
4533,4.3503966,3.0
4534,6.002634,3.0
4535,4.865919,12.0
4536,0.46763664,1.0
4537,5.4597774,7.0
4538,6.3151064,13.0
4539,6.2996063,9.0
4540,2.2454412,12.0
4541,6.852277,0.0
4542,3.967213,5.0
4543,5.583384,6.0
4544,5.5857124,1.0
4545,5.1065707,13.0
4546,3.1319277,1.0
4547,8.106394,12.0
4548,7.0134673,4.0
4549,5.4441795,4.0
4550,3.6782184,6.0
4551,3.5001423,2.0
4552,2.8721406,0.0
4553,5.4080367,8.0
4554,4.7369285,3.0
4555,5.877485,5.0
4556,6.2327995,14.0
4557,6.906238,11.0
4558,4.9465666,5.0
4559,3.3916059,0.0
4560,8.234929,13.0
4561,3.3104591,3.0
4562,6.9360924,10.0
4563,2.2663224,0.0
4564,6.299739,17.0
4565,7.987665,7.0
4566,1.9056588,2.0
4567,4.137933,2.0
4568,5.873105,12.0
4569,1.9902371,3.0
4570,5.7037354,3.0
4571,0.46763664,2.0
4572,4.049799,0.0
4573,5.1544685,7.0
4574,5.2682247,1.0
4575,6.289345,11.0
4576,4.7893248,7.0
4577,4.8084126,4.0
4578,3.7724583,0.0
4579,3.9206169,2.0
4580,3.8777392,3.0
4581,4.17318,4.0
4582,5.287387,4.0
4583,0.46763664,0.0
4584,5.484145,8.0
4585,5.311215,1.0
4586,5.825756,7.0
4587,4.113541,3.0
4588,4.8247805,1.0
4589,5.552117,4.0
4590,2.2496417,2.0
4591,3.9730804,8.0
4592,4.4207473,4.0
4593,5.2120137,4.0
4594,0.46763664,0.0
4595,4.167205,2.0
4596,3.2854333,1.0
4597,3.7157915,1.0
4598,4.1795907,7.0
4599,4.9452877,1.0
4600,4.4161563,0.0
4601,3.744211,2.0
4602,4.245909,0.0
4603,5.7790794,5.0
4604,3.4739997,2.0
4605,5.2854395,4.0
4606,3.231032,0.0
4607,4.116815,5.0
4608,3.1654992,0.0
4609,4.836094,4.0
4610,2.8166535,3.0
4611,3.2769933,2.0
4612,6.939636,4.0
4613,3.4005225,1.0
4614,2.1638546,0.0
4615,0.46763664,0.0
4616,4.197742,0.0
4617,2.138503,0.0
4618,6.786587,3.0
4619,7.2872386,5.0
4620,6.0735154,2.0
4621,1.9831928,1.0
4622,7.1458597,8.0
4623,5.465301,3.0
4624,5.3517165,11.0
4625,7.339706,12.0
4626,4.2898884,8.0
4627,3.9789245,5.0
4628,4.9785995,6.0
4629,2.2496417,2.0
4630,0.46763664,0.0
4631,0.46763664,0.0
4632,5.6832585,10.0
4633,5.890848,7.0
4634,4.6204348,0.0
4635,3.220479,0.0
4636,2.7391865,3.0
4637,1.8093609,0.0
4638,7.0102377,6.0
4639,4.5169196,4.0
4640,3.711696,5.0
4641,0.46763664,0.0
4642,4.5084414,10.0
4643,3.549538,6.0
4644,5.6766376,3.0
4645,4.1608396,0.0
4646,0.46763664,0.0
4647,3.5434718,2.0
4648,1.930436,8.0
4649,6.1667366,9.0
4650,0.46763664,0.0
4651,1.2715272,0.0
4652,0.46763664,0.0
4653,3.040164,0.0
4654,4.870723,2.0
4655,6.3995643,9.0
4656,4.11306,0.0
4657,4.269568,4.0
4658,5.1540017,4.0
4659,6.411957,6.0
4660,5.293121,5.0
4661,4.253005,1.0
4662,4.5199947,6.0
4663,5.3464465,8.0
4664,6.719468,6.0
4665,4.175255,1.0
4666,4.251997,1.0
4667,1.8820802,1.0
4668,4.2292356,6.0
4669,4.5575223,12.0
4670,4.2092066,3.0
4671,1.4183758,0.0
4672,7.414551,13.0
4673,3.5106921,0.0
4674,0.46763664,0.0
4675,7.3374186,9.0
4676,4.43576,1.0
4677,3.3012471,5.0
4678,5.364269,7.0
4679,0.46763664,0.0
4680,5.2504263,6.0
4681,4.932723,9.0
4682,4.708505,0.0
4683,4.634763,3.0
4684,0.46763664,0.0
4685,4.3963375,4.0
4686,5.700513,7.0
4687,6.491164,10.0
4688,7.8575077,9.0
4689,5.5133276,17.0
4690,0.46763664,0.0
4691,3.5098987,6.0
4692,1.7729758,0.0
4693,0.46763664,11.0
4694,5.0292664,6.0
4695,7.903904,11.0
4696,2.5662563,4.0
4697,0.86247283,0.0
4698,4.2154646,8.0
4699,5.7446747,2.0
4700,3.5299141,0.0
4701,4.0709443,0.0
4702,5.841934,2.0
4703,0.46763664,0.0
4704,4.188859,2.0
4705,1.3295324,5.0
4706,5.54066,5.0
4707,0.46763664,0.0
4708,5.753495,0.0
4709,4.453958,0.0
4710,5.705612,6.0
4711,0.46763664,0.0
4712,6.9499264,2.0
4713,4.7128634,4.0
4714,8.781993,10.0
4715,7.426201,8.0
4716,2.0275,1.0
4717,4.3154287,11.0
4718,6.175945,13.0
4719,5.1892624,4.0
4720,5.5116086,0.0
4721,8.056068,9.0
4722,6.7731643,4.0
4723,4.4258704,2.0
4724,6.8097386,13.0
4725,2.9606273,0.0
4726,4.8548784,10.0
4727,2.9440322,4.0
4728,4.2584047,3.0
4729,1.4183758,0.0
4730,0.74694175,0.0
4731,4.5694838,4.0
4732,4.57244,4.0
4733,5.327719,11.0
4734,5.049808,0.0
4735,1.734835,1.0
4736,6.7801933,6.0
4737,4.3886957,1.0
4738,5.432274,7.0
4739,6.472098,9.0
4740,6.993639,12.0
4741,5.9069448,6.0
4742,8.295584,8.0
4743,4.3760366,8.0
4744,4.8038845,4.0
4745,3.612392,3.0
4746,4.211529,9.0
4747,6.235263,13.0
4748,3.4877934,5.0
4749,4.6692944,0.0
4750,6.001018,7.0
4751,1.1951668,0.0
4752,3.1132116,2.0
4753,6.492751,11.0
4754,4.1131496,2.0
4755,3.6160362,5.0
4756,5.5585136,8.0
4757,6.862814,9.0
4758,5.59743,3.0
4759,5.3418508,6.0
4760,2.0361533,0.0
4761,3.9608,1.0
4762,4.893236,11.0
4763,3.225693,0.0
4764,5.168832,4.0
4765,5.501457,3.0
4766,4.001141,0.0
4767,6.2010503,11.0
4768,3.6359754,3.0
4769,2.1559973,11.0
4770,5.203327,8.0
4771,6.461788,4.0
4772,3.2533405,0.0
4773,4.9653964,2.0
4774,6.5117908,6.0
4775,3.4129424,1.0
4776,0.46763664,0.0
4777,6.504356,11.0
4778,5.405395,4.0
4779,5.469408,6.0
4780,2.406199,13.0
4781,4.359559,3.0
4782,6.2721543,11.0
4783,5.22624,7.0
4784,4.7228684,3.0
4785,5.1895685,4.0
4786,5.349838,5.0
4787,6.0698996,4.0
4788,4.063299,6.0
4789,0.46763664,0.0
4790,3.7876475,2.0
4791,4.9338803,7.0
4792,4.8326726,6.0
4793,4.3974,2.0
4794,1.1514974,0.0
4795,3.8534286,2.0
4796,4.765445,2.0
4797,7.173802,17.0
4798,4.4317656,9.0
4799,4.58414,0.0
4800,0.46763664,0.0
4801,4.803558,0.0
4802,7.155798,8.0
4803,3.7135394,2.0
4804,7.290462,6.0
4805,8.610695,7.0
4806,2.7069447,0.0
4807,5.3631015,12.0
4808,4.471582,2.0
4809,6.431343,11.0
4810,2.93227,0.0
4811,5.845817,3.0
4812,3.3022926,6.0
4813,0.46763664,0.0
4814,6.2586074,10.0
4815,4.972228,7.0
4816,5.3065033,7.0
4817,3.566211,10.0
4818,0.46763664,0.0
4819,5.537436,2.0
4820,6.3328304,2.0
4821,4.0007463,3.0
4822,5.891314,2.0
4823,1.3346674,0.0
4824,2.4265904,0.0
4825,4.010775,0.0
4826,5.3865395,1.0
4827,1.6445395,0.0
4828,5.7806735,5.0
4829,4.152181,1.0
4830,0.46763664,1.0
4831,8.660102,5.0
4832,0.46763664,2.0
4833,3.58862,3.0
4834,4.6196833,5.0
4835,8.551717,13.0
4836,4.044422,6.0
4837,3.7696083,2.0
4838,4.0099077,3.0
4839,2.8185115,0.0
4840,3.9119747,0.0
4841,6.5224485,3.0
4842,3.0406485,1.0
4843,6.7523756,6.0
4844,0.46763664,0.0
4845,1.1417458,1.0
4846,4.7236314,3.0
4847,5.6335263,6.0
4848,5.331931,20.0
4849,6.599901,13.0
4850,1.8288728,0.0
4851,4.7492867,5.0
4852,2.921636,0.0
4853,4.0462275,0.0
4854,3.420551,4.0
4855,4.655637,3.0
4856,4.588482,2.0
4857,6.918841,10.0
4858,2.8657126,1.0
4859,4.826411,8.0
4860,4.7545037,5.0
4861,4.8830223,2.0
4862,3.5786908,4.0
4863,5.7239413,7.0
4864,5.3797,8.0
4865,1.7701999,0.0
4866,7.3690996,17.0
4867,5.090808,4.0
4868,7.434965,10.0
4869,4.267611,4.0
4870,2.600705,0.0
4871,2.2827704,0.0
4872,5.609152,8.0
4873,4.536422,5.0
4874,4.5837746,13.0
4875,6.796344,9.0
4876,4.4908586,7.0
4877,4.354473,9.0
4878,4.4934773,4.0
4879,4.342118,0.0
4880,3.600043,3.0
4881,5.701181,13.0
4882,4.9617586,4.0
4883,4.5297203,6.0
4884,6.0995693,0.0
4885,2.1716454,0.0
4886,7.9028664,4.0
4887,4.9817615,5.0
4888,3.3566997,0.0
4889,3.1087549,1.0
4890,8.725156,1.0
4891,5.6281238,0.0
4892,5.975421,13.0
4893,5.716925,4.0
4894,2.213189,0.0
4895,7.9377613,9.0
4896,6.8363795,12.0
4897,5.8269534,5.0
4898,7.656043,1.0
4899,4.0735383,6.0
4900,4.5314293,10.0
4901,3.756197,0.0
4902,4.4633446,14.0
4903,1.4183758,0.0
4904,3.9419463,1.0
4905,2.2496417,1.0
4906,3.1373408,0.0
4907,4.0714154,1.0
4908,5.7643948,6.0
4909,5.9320517,5.0
4910,1.2917687,0.0
4911,5.5002155,7.0
4912,7.4707212,7.0
4913,4.5742645,1.0
4914,2.2496417,0.0
4915,4.97963,5.0
4916,5.4073734,16.0
4917,7.0281024,11.0
4918,2.9456205,7.0
4919,5.6004047,3.0
4920,4.721854,3.0
4921,2.2496417,1.0
4922,0.46763664,0.0
4923,4.4336367,0.0
4924,4.7426863,4.0
4925,5.287841,3.0
4926,1.1417458,0.0
4927,7.484178,10.0
4928,4.2707033,1.0
4929,2.9044347,3.0
4930,4.1712556,11.0
4931,4.5325756,5.0
4932,5.764723,5.0
4933,5.2262487,3.0
4934,7.323382,6.0
4935,6.467001,11.0
4936,7.4246264,9.0
4937,4.229577,3.0
4938,6.880204,6.0
4939,0.46763664,2.0
4940,3.376195,3.0
4941,5.8294964,2.0
4942,2.2496417,1.0
4943,5.280525,5.0
4944,3.8365304,2.0
4945,4.6862564,3.0
4946,4.8799186,0.0
4947,5.5194325,4.0
4948,4.409962,7.0
4949,1.4054383,0.0
4950,7.444718,8.0
4951,4.0709443,1.0
4952,5.168256,1.0
4953,2.2496417,7.0
4954,5.5565248,5.0
4955,2.2496417,0.0
4956,4.8940744,1.0
4957,1.3039705,0.0
4958,3.585707,3.0
4959,8.044166,9.0
4960,7.3107586,11.0
4961,4.234611,2.0
4962,5.4999013,9.0
4963,4.178143,13.0
4964,5.2195086,0.0
4965,4.097877,7.0
4966,2.3206818,1.0
4967,4.1678424,5.0
4968,5.7695312,6.0
4969,4.207271,6.0
4970,5.6042466,5.0
4971,3.6393304,6.0
4972,5.3843064,2.0
4973,2.2579312,0.0
4974,5.057434,8.0
4975,3.2556891,0.0
4976,2.3035676,0.0
4977,4.741259,3.0
4978,3.0942142,0.0
4979,5.7999897,8.0
4980,0.46763664,0.0
4981,5.615376,1.0
4982,2.4923172,0.0
4983,6.506023,15.0
4984,2.893657,0.0
4985,5.487904,7.0
4986,5.5631285,2.0
4987,4.802536,7.0
4988,0.46763664,0.0
4989,6.3319917,9.0
4990,3.9376929,3.0
4991,8.17994,10.0
4992,3.4984903,13.0
4993,7.7560782,13.0
4994,2.9119446,9.0
4995,4.5108657,0.0
4996,6.5817184,5.0
4997,2.1208441,0.0
4998,5.3601613,5.0
4999,4.739036,3.0
5000,0.46763664,0.0
5001,2.3091733,0.0
5002,6.040163,13.0
5003,5.412696,6.0
5004,4.680414,0.0
5005,3.5471795,4.0
5006,7.910301,10.0
5007,4.7349353,5.0
5008,2.7744172,2.0
5009,0.46763664,0.0
5010,4.9492,6.0
5011,6.263769,2.0
5012,8.478821,9.0
5013,7.694208,1.0
5014,4.089605,0.0
5015,6.8759255,8.0
5016,2.3997374,9.0
5017,7.320033,8.0
5018,4.0508475,0.0
5019,2.9384363,1.0
5020,5.0127172,4.0
5021,2.8561711,0.0
5022,5.2700663,9.0
5023,5.508438,10.0
5024,3.9957974,0.0
5025,6.4613843,2.0
5026,2.4147494,6.0
5027,5.379701,3.0
5028,4.6302414,8.0
5029,4.1714697,6.0
5030,7.238018,10.0
5031,1.4199852,1.0
5032,0.46763664,0.0
5033,5.462191,0.0
5034,4.787051,5.0
5035,4.856089,10.0
5036,5.2008476,10.0
5037,4.4580307,7.0
5038,4.1636925,5.0
5039,4.40609,0.0
5040,7.5353165,10.0
5041,0.46763664,2.0
5042,0.46763664,7.0
5043,4.1224003,3.0
5044,2.0629122,0.0
5045,1.4183758,1.0
5046,5.5181055,2.0
5047,0.46763664,0.0
5048,3.7244308,8.0
5049,5.999131,6.0
5050,5.8539248,2.0
5051,6.1729174,1.0
5052,6.4733534,6.0
5053,4.975509,5.0
5054,1.3039705,2.0
5055,1.6586844,0.0
5056,0.46763664,0.0
5057,7.927639,10.0
5058,6.0559,10.0
5059,4.245638,0.0
5060,8.400931,2.0
5061,2.6112096,4.0
5062,4.9409375,0.0
5063,4.350868,10.0
5064,5.4324255,0.0
5065,4.3378015,8.0
5066,4.33467,3.0
5067,7.043165,1.0
5068,3.267416,0.0
5069,6.370039,7.0
5070,6.124735,6.0
5071,0.46763664,1.0
5072,4.737838,3.0
5073,5.045878,2.0
5074,5.9690313,10.0
5075,5.176362,2.0
5076,5.121598,3.0
5077,3.7069101,5.0
5078,7.5278683,16.0
5079,4.5728936,3.0
5080,2.497144,0.0
5081,4.7138777,0.0
5082,5.668654,4.0
5083,0.46763664,2.0
5084,2.2496417,0.0
5085,3.8154247,4.0
5086,1.7701999,0.0
5087,3.713919,0.0
5088,7.8227663,13.0
5089,3.4499884,8.0
5090,5.9221096,7.0
5091,4.9462185,1.0
5092,5.9562287,17.0
5093,7.750123,13.0
5094,5.2573767,0.0
5095,2.0629122,0.0
5096,0.46763664,0.0
5097,6.2292953,7.0
5098,3.778403,9.0
5099,3.4303782,2.0
5100,3.2274408,3.0
5101,3.9837625,4.0
5102,0.46763664,0.0
5103,5.296928,6.0
5104,4.0264363,2.0
5105,4.942605,3.0
5106,5.823166,8.0
5107,7.480018,11.0
5108,1.3864198,0.0
5109,4.0099077,10.0
5110,2.6602728,1.0
5111,4.964865,4.0
5112,7.5335665,11.0
5113,5.068947,0.0
5114,6.12833,0.0
5115,4.3558407,0.0
5116,7.367715,10.0
5117,7.638793,0.0
5118,2.2496417,0.0
5119,2.4818833,0.0
5120,5.4305763,9.0
5121,7.6071663,6.0
5122,6.9401608,15.0
5123,0.46763664,0.0
5124,2.657012,2.0
5125,6.878114,11.0
5126,5.0497994,4.0
5127,8.159175,9.0
5128,3.9073317,3.0
5129,0.46763664,1.0
5130,8.495833,10.0
5131,5.1917157,10.0
5132,5.7407475,1.0
5133,7.6168885,12.0
5134,5.6222386,9.0
5135,5.3920712,4.0
5136,5.213584,9.0
5137,1.7323995,7.0
5138,6.8154645,13.0
5139,8.494767,14.0
5140,3.3830497,9.0
5141,7.2392178,0.0
5142,5.4543533,3.0
5143,4.566708,6.0
5144,7.9097643,13.0
5145,0.46763664,0.0
5146,1.2917687,0.0
5147,4.026225,5.0
5148,5.1225877,3.0
5149,5.83551,3.0
5150,7.1493835,0.0
5151,1.6586844,0.0
5152,3.7876475,0.0
5153,6.2122645,5.0
5154,1.2917687,0.0
5155,5.4522977,13.0
5156,3.4844732,1.0
5157,3.9996893,8.0
5158,0.46763664,0.0
5159,4.257651,7.0
5160,2.2496417,0.0
5161,4.3184505,0.0
5162,6.243637,0.0
5163,1.7729758,0.0
5164,7.280498,6.0
5165,6.7550654,5.0
5166,5.8414483,11.0
5167,0.46763664,0.0
5168,0.46763664,0.0
5169,4.530608,4.0
5170,4.4448557,5.0
5171,4.7884984,3.0
5172,5.398748,3.0
5173,3.3069892,1.0
5174,4.9890966,14.0
5175,6.989593,6.0
5176,4.5723176,0.0
5177,5.941953,0.0
5178,2.2496417,5.0
5179,4.927049,5.0
5180,0.46763664,0.0
5181,5.5606546,3.0
5182,5.1157427,7.0
5183,3.755164,3.0
5184,1.3346674,1.0
5185,5.829834,6.0
5186,4.4584394,6.0
5187,6.6329556,1.0
5188,0.46763664,0.0
5189,5.1400976,8.0
5190,4.030662,5.0
5191,2.2496417,0.0
5192,0.895104,0.0
5193,4.814325,3.0
5194,5.1005783,9.0
5195,4.142134,2.0
5196,6.7137814,6.0
5197,4.037465,5.0
5198,1.5762271,0.0
5199,3.7461796,4.0
5200,6.971315,0.0
5201,4.238351,3.0
5202,2.2496417,7.0
5203,3.592374,5.0
5204,5.440905,7.0
5205,5.9948955,1.0
5206,6.526363,12.0
5207,6.4279723,4.0
5208,1.5715791,1.0
5209,2.0629122,0.0
5210,8.470882,11.0
5211,7.3705254,12.0
5212,6.937424,11.0
5213,6.9962354,11.0
5214,2.6454406,0.0
5215,8.74306,13.0
5216,4.5448604,4.0
5217,7.309119,16.0
5218,7.116432,3.0
5219,1.7323995,9.0
5220,4.945489,10.0
5221,5.365718,4.0
5222,6.0602403,12.0
5223,3.347034,2.0
5224,3.1654992,0.0
5225,5.152353,0.0
5226,5.648391,12.0
5227,6.6915765,10.0
5228,4.1277227,2.0
5229,3.5705736,1.0
5230,3.1979482,0.0
5231,6.5754046,13.0
5232,0.46763664,0.0
5233,2.04337,3.0
5234,2.4883318,1.0
5235,0.46763664,0.0
5236,6.3375745,2.0
5237,3.2924306,3.0
5238,4.3868446,10.0
5239,4.6007996,2.0
5240,4.1684136,2.0
5241,4.6094403,7.0
5242,5.8351974,6.0
5243,4.562527,4.0
5244,4.9864492,3.0
5245,5.135541,5.0
5246,5.898411,4.0
5247,4.808594,3.0
5248,4.2192197,1.0
5249,6.270722,4.0
5250,3.2784252,1.0
5251,4.038771,2.0
5252,6.4644346,5.0
5253,3.7742884,3.0
5254,5.1534147,0.0
5255,1.7317786,0.0
5256,4.732958,3.0
5257,7.477644,9.0
5258,4.300543,4.0
5259,3.7157915,8.0
5260,3.8619459,2.0
5261,5.620943,4.0
5262,2.9852765,4.0
5263,5.6007676,8.0
5264,4.085621,1.0
5265,7.6424932,9.0
5266,6.0120063,9.0
5267,3.4051926,3.0
5268,6.085236,14.0
5269,5.294343,14.0
5270,3.7623959,8.0
5271,0.46763664,0.0
5272,0.46763664,0.0
5273,3.9353073,0.0
5274,4.451026,7.0
5275,6.943308,9.0
5276,5.485193,3.0
5277,3.7975547,8.0
5278,6.521994,5.0
5279,4.0264363,6.0
5280,6.8613005,14.0
5281,2.142956,2.0
5282,6.6165524,7.0
5283,2.0511389,1.0
5284,2.2496417,0.0
5285,4.5823245,12.0
5286,6.5077095,3.0
5287,4.5308595,13.0
5288,6.4599824,4.0
5289,2.7250514,20.0
5290,6.7588234,8.0
5291,2.2496417,1.0
5292,0.46763664,0.0
5293,1.3346674,0.0
5294,5.01267,2.0
5295,0.46763664,0.0
5296,0.74694175,0.0
5297,5.734947,0.0
5298,3.7747233,0.0
5299,4.8810925,1.0
5300,5.575976,5.0
5301,5.439577,0.0
5302,2.2968037,1.0
5303,3.5855443,2.0
5304,2.346091,6.0
5305,4.080323,4.0
5306,5.498946,5.0
5307,0.46763664,0.0
5308,3.4205682,2.0
5309,5.1980624,3.0
5310,6.005542,0.0
5311,4.3053794,4.0
5312,3.7877696,2.0
5313,6.8561273,8.0
5314,2.2496417,3.0
5315,5.4270277,6.0
5316,3.799299,0.0
5317,4.0709143,8.0
5318,4.984093,11.0
5319,4.7726603,0.0
5320,5.9155793,3.0
5321,4.964464,2.0
5322,0.87777287,2.0
5323,4.4306226,1.0
5324,4.6219206,4.0
5325,5.5228415,8.0
5326,7.3002887,6.0
5327,4.1839027,5.0
5328,7.877756,10.0
5329,2.2496417,2.0
5330,6.2634974,6.0
5331,2.8637638,0.0
5332,4.014306,4.0
5333,6.53557,9.0
5334,4.5756435,0.0
5335,5.52548,1.0
5336,5.555283,1.0
5337,3.8123796,2.0
5338,9.146678,11.0
5339,6.663649,15.0
5340,4.21434,0.0
5341,0.86247283,0.0
5342,0.46763664,0.0
5343,0.74694175,0.0
5344,5.416728,11.0
5345,2.2496417,0.0
5346,5.1916766,0.0
5347,5.4787664,2.0
5348,5.8647985,5.0
5349,3.2672112,3.0
5350,3.910178,2.0
5351,6.5791216,8.0
5352,4.455357,1.0
5353,4.247668,8.0
5354,5.370209,6.0
5355,4.9388666,3.0
5356,7.567703,15.0
5357,5.424467,7.0
5358,2.2496417,0.0
5359,3.2610607,4.0
5360,2.7391865,0.0
5361,3.6738067,5.0
5362,8.010958,6.0
5363,4.8423014,14.0
5364,5.7006845,5.0
5365,2.2496417,1.0
5366,2.3174312,0.0
5367,0.46763664,0.0
5368,0.46763664,0.0
5369,1.1417458,0.0
5370,6.702818,9.0
5371,4.095793,0.0
5372,6.0494685,3.0
5373,4.085621,0.0
5374,3.4707878,6.0
5375,1.9842964,0.0
5376,3.7494802,6.0
5377,0.46763664,0.0
5378,4.2352586,2.0
5379,7.1046247,13.0
5380,3.871824,0.0
5381,3.9735825,10.0
5382,4.539136,7.0
5383,2.9453664,3.0
5384,4.984493,5.0
5385,5.44377,15.0
5386,4.9279566,8.0
5387,6.4128866,16.0
5388,3.8849566,9.0
5389,6.53504,4.0
5390,2.425122,0.0
5391,0.46763664,0.0
5392,4.397168,0.0
5393,7.0359507,8.0
5394,0.46763664,0.0
5395,4.2988954,3.0
5396,5.3447967,4.0
5397,7.3379836,11.0
5398,5.113814,7.0
5399,3.7543066,0.0
5400,0.46763664,0.0
5401,5.2613707,6.0
5402,0.46763664,0.0
5403,5.7307305,1.0
5404,6.9560566,10.0
5405,8.490134,10.0
5406,5.8907447,2.0
5407,8.285872,4.0
5408,5.754511,6.0
5409,5.188591,13.0
5410,6.26699,2.0
5411,3.3754113,1.0
5412,0.46763664,0.0
5413,7.0368724,9.0
5414,3.7023413,5.0
5415,7.300981,10.0
5416,5.0884132,2.0
5417,3.9973,0.0
5418,0.46763664,0.0
5419,3.1753895,1.0
5420,0.98045474,0.0
5421,5.322493,5.0
5422,5.0212626,4.0
5423,6.4212117,1.0
5424,6.317149,8.0
5425,7.4916744,9.0
5426,3.7649882,8.0
5427,2.2496417,1.0
5428,5.1014104,3.0
5429,0.46763664,1.0
5430,4.7064962,11.0
5431,5.2700486,11.0
5432,6.384246,1.0
5433,3.6051624,3.0
5434,5.6298094,2.0
5435,6.147355,10.0
5436,2.1638546,1.0
5437,4.7283573,0.0
5438,6.918421,5.0
5439,2.8246372,0.0
5440,4.5267925,2.0
5441,0.98045474,0.0
5442,5.8936944,1.0
5443,4.272331,7.0
5444,3.105754,8.0
5445,5.1686516,9.0
5446,3.815603,2.0
5447,5.5088606,1.0
5448,2.9767628,7.0
5449,3.3725593,1.0
5450,2.2496417,4.0
5451,3.9568088,3.0
5452,4.5384917,4.0
5453,4.312173,6.0
5454,5.7865453,2.0
5455,6.0098557,10.0
5456,5.687116,1.0
5457,5.5772605,0.0
5458,5.7083077,7.0
5459,3.9659946,3.0
5460,4.6423545,8.0
5461,7.532072,10.0
5462,3.7733371,0.0
5463,2.4178798,0.0
5464,4.497751,2.0
5465,7.090288,10.0
5466,5.3070846,5.0
5467,5.342157,10.0
5468,0.46763664,0.0
5469,6.244777,3.0
5470,3.645523,0.0
5471,4.4206934,0.0
5472,7.276395,6.0
5473,1.7838637,0.0
5474,6.394694,8.0
5475,7.657991,10.0
5476,5.430095,6.0
5477,3.5888548,5.0
5478,6.328012,15.0
5479,0.46763664,0.0
5480,0.46763664,0.0
5481,5.014989,5.0
5482,5.530923,15.0
5483,6.631015,5.0
5484,5.524398,5.0
5485,4.744201,8.0
5486,6.3178134,11.0
5487,7.046872,7.0
5488,4.1545553,5.0
5489,5.190709,1.0
5490,7.811923,9.0
5491,4.914172,11.0
5492,4.678888,0.0
5493,4.700013,0.0
5494,2.0629122,0.0
5495,2.2663224,0.0
5496,5.7529674,4.0
5497,5.9430995,9.0
5498,3.8099368,4.0
5499,4.4273934,1.0
5500,8.062473,9.0
5501,4.6860085,4.0
5502,3.470794,1.0
5503,3.4654171,4.0
5504,6.322097,0.0
5505,3.3592515,1.0
5506,3.539508,3.0
5507,2.2496417,1.0
5508,3.473427,6.0
5509,3.7089193,0.0
5510,5.3948174,4.0
5511,5.227321,2.0
5512,4.6039934,8.0
5513,5.5501957,6.0
5514,3.6947,4.0
5515,3.1422307,2.0
5516,4.5944037,5.0
5517,6.883443,12.0
5518,5.0882497,9.0
5519,4.8124,3.0
5520,5.4459867,7.0
5521,1.4183758,2.0
5522,5.3596077,9.0
5523,1.6961591,1.0
5524,6.451573,4.0
5525,0.46763664,0.0
5526,4.3594236,1.0
5527,3.8792102,7.0
5528,4.4991794,6.0
5529,7.1658397,1.0
5530,0.46763664,0.0
5531,5.224683,3.0
5532,0.46763664,0.0
5533,5.1284814,5.0
5534,0.46763664,0.0
5535,5.341877,7.0
5536,5.642304,6.0
5537,4.2724185,0.0
5538,6.4357758,9.0
5539,3.6997902,0.0
5540,5.409707,8.0
5541,5.03866,13.0
5542,2.2496417,2.0
5543,4.4011536,10.0
5544,5.951284,8.0
5545,6.1089444,6.0
5546,6.2449174,8.0
5547,0.46763664,1.0
5548,6.2262034,12.0
5549,3.903249,1.0
5550,6.380516,9.0
5551,0.46763664,0.0
5552,5.9071445,8.0
5553,2.5797207,0.0
5554,4.171147,1.0
5555,3.8747342,6.0
5556,6.5157375,14.0
5557,0.46763664,0.0
5558,7.2134385,10.0
5559,5.165786,6.0
5560,6.9596286,8.0
5561,5.2302637,5.0
5562,5.521873,9.0
5563,1.2917687,1.0
5564,4.8327913,7.0
5565,4.2976317,1.0
5566,5.7125416,1.0
5567,4.166381,3.0
5568,5.4145308,10.0
5569,5.143802,5.0
5570,1.9407123,0.0
5571,6.0167847,8.0
5572,5.167846,4.0
5573,7.535466,11.0
5574,4.8341455,2.0
5575,0.46763664,0.0
5576,3.3709648,0.0
5577,3.8593395,9.0
5578,2.9498732,7.0
5579,7.5427895,2.0
5580,0.46763664,0.0
5581,8.9101515,10.0
5582,5.203967,9.0
5583,0.4963569,0.0
5584,3.7182405,1.0
5585,4.0366693,2.0
5586,5.5818286,2.0
5587,0.46763664,0.0
5588,4.4757457,1.0
5589,4.8010645,8.0
5590,1.1514974,0.0
5591,1.6718124,1.0
5592,4.5370007,7.0
5593,6.4327106,3.0
5594,3.8307817,4.0
5595,6.6214643,11.0
5596,5.6366463,6.0
5597,4.5978894,3.0
5598,5.68279,7.0
5599,2.2496417,2.0
5600,2.6733534,0.0
5601,3.9340575,0.0
5602,3.215306,0.0
5603,4.073579,1.0
5604,4.493562,9.0
5605,4.6204348,2.0
5606,6.6733294,5.0
5607,2.736972,0.0
5608,2.2477608,0.0
5609,3.1191752,0.0
5610,2.1638546,0.0
5611,3.3685114,0.0
5612,2.2496417,0.0
5613,5.8417683,4.0
5614,4.442771,3.0
5615,1.4183758,0.0
5616,4.3576245,3.0
5617,3.1684108,0.0
5618,5.744733,3.0
5619,7.822953,10.0
5620,6.086612,16.0
5621,6.492487,6.0
5622,7.9611883,12.0
5623,4.0677977,1.0
5624,5.5874386,1.0
5625,7.684922,11.0
5626,6.500516,11.0
5627,4.0757813,6.0
5628,3.6752365,4.0
5629,5.021636,10.0
5630,2.2496417,0.0
5631,3.7589011,0.0
5632,0.98045474,1.0
5633,3.769509,7.0
5634,0.46763664,0.0
5635,5.902457,7.0
5636,5.1708527,7.0
5637,5.12594,3.0
5638,2.0778415,0.0
5639,3.792711,1.0
5640,6.6980867,12.0
5641,8.367557,16.0
5642,4.495268,2.0
5643,5.072474,0.0
5644,4.4622803,3.0
5645,5.3159037,8.0
5646,7.101757,14.0
5647,6.032127,0.0
5648,2.7391865,5.0
5649,6.288153,1.0
5650,5.0213,1.0
5651,0.46763664,3.0
5652,2.1993077,8.0
5653,6.358024,8.0
5654,6.544651,10.0
5655,4.536498,6.0
5656,3.6517467,1.0
5657,2.3019094,1.0
5658,1.734835,4.0
5659,0.46763664,0.0
5660,2.1638546,1.0
5661,3.8085253,6.0
5662,3.7023134,3.0
5663,3.971277,5.0
5664,4.0596056,5.0
5665,3.3764513,0.0
5666,3.0460975,9.0
5667,3.4116325,2.0
5668,4.28762,2.0
5669,6.0275254,0.0
5670,4.2568974,4.0
5671,5.6917267,11.0
5672,5.987665,4.0
5673,4.303664,3.0
5674,2.6733534,0.0
5675,3.2254467,5.0
5676,7.893408,1.0
5677,0.46763664,0.0
5678,3.230525,0.0
5679,1.4823911,0.0
5680,5.228261,1.0
5681,3.7586563,4.0
5682,2.7556443,0.0
5683,5.4539657,3.0
5684,2.5186322,0.0
5685,7.7745857,9.0
5686,8.086945,4.0
5687,4.979085,3.0
5688,5.41877,8.0
5689,4.897832,3.0
5690,2.9517355,3.0
5691,8.656146,13.0
5692,6.573235,9.0
5693,4.5783944,4.0
5694,5.2174473,0.0
5695,6.3733206,11.0
5696,6.3479075,10.0
5697,5.2625055,10.0
5698,4.2664742,4.0
5699,4.245909,0.0
5700,5.330803,6.0
5701,1.4929053,1.0
5702,7.265357,8.0
5703,3.357437,4.0
5704,4.188944,3.0
5705,4.190198,6.0
5706,6.057646,3.0
5707,0.46763664,0.0
5708,8.126109,11.0
5709,7.741902,11.0
5710,4.4085293,13.0
5711,4.692508,1.0
5712,0.46763664,0.0
5713,4.624163,6.0
5714,4.653945,2.0
5715,7.836644,5.0
5716,3.3522127,0.0
5717,6.4259663,6.0
5718,4.7585335,0.0
5719,5.0445156,9.0
5720,6.195777,10.0
5721,4.4133744,3.0
5722,5.879499,4.0
5723,0.46763664,0.0
5724,4.6052656,8.0
5725,4.995487,2.0
5726,3.383817,1.0
5727,5.546592,5.0
5728,7.115197,10.0
5729,7.1578546,9.0
5730,1.6861702,4.0
5731,7.477029,15.0
5732,4.299583,4.0
5733,0.46763664,0.0
5734,4.181436,3.0
5735,3.5502896,0.0
5736,4.9699607,3.0
5737,4.4505897,8.0
5738,5.6385245,2.0
5739,5.6394367,6.0
5740,4.158858,2.0
5741,5.330387,3.0
5742,6.6306415,10.0
5743,4.625769,7.0
5744,2.277966,0.0
5745,5.54757,2.0
5746,5.7249374,3.0
5747,9.056744,8.0
5748,0.46763664,6.0
5749,3.8130748,1.0
5750,7.380715,4.0
5751,2.7250514,0.0
5752,6.7204165,6.0
5753,6.8040667,10.0
5754,4.3757153,3.0
5755,4.5273147,2.0
5756,4.940635,6.0
5757,5.812367,13.0
5758,7.2589602,4.0
5759,5.410859,9.0
5760,5.4008055,4.0
5761,6.005664,6.0
5762,5.0081873,8.0
5763,4.04263,0.0
5764,3.608316,0.0
5765,3.6961558,0.0
5766,5.911844,1.0
5767,4.867432,11.0
5768,5.2286043,0.0
5769,2.3006196,0.0
5770,5.496776,12.0
5771,6.4455657,11.0
5772,3.5106704,2.0
5773,2.9138963,1.0
5774,8.080518,4.0
5775,4.0932183,0.0
5776,4.511578,6.0
5777,6.647448,10.0
5778,3.669821,5.0
5779,6.4366035,4.0
5780,4.2689934,1.0
5781,4.223124,0.0
5782,4.575817,5.0
5783,3.3997002,14.0
5784,3.3012471,0.0
5785,0.46763664,0.0
5786,4.4815073,6.0
5787,5.517031,2.0
5788,4.6205244,0.0
5789,2.6190336,0.0
5790,0.46763664,0.0
5791,4.692956,9.0
5792,5.7338495,5.0
5793,4.6862082,3.0
5794,6.3461986,3.0
5795,5.9557023,1.0
5796,6.6486096,3.0
5797,5.394879,6.0
5798,0.46763664,0.0
5799,5.780358,3.0
5800,1.6404005,0.0
5801,5.7797184,4.0
5802,4.667799,7.0
5803,4.70531,6.0
5804,4.6821413,8.0
5805,3.8053124,2.0
5806,5.3027964,9.0
5807,6.093429,3.0
5808,8.031762,13.0
5809,7.7684727,9.0
5810,5.521023,7.0
5811,4.1701655,1.0
5812,6.0742645,8.0
5813,1.7105227,0.0
5814,7.569137,5.0
5815,1.7729758,0.0
5816,1.4892881,3.0
5817,4.349624,3.0
5818,1.4823911,0.0
5819,6.921069,5.0
5820,5.642819,14.0
5821,4.441974,12.0
5822,5.1616907,9.0
5823,5.620672,4.0
5824,4.044976,1.0
5825,4.9142523,8.0
5826,5.081111,2.0
5827,0.46763664,2.0
5828,4.618523,9.0
5829,2.2496417,1.0
5830,4.248926,0.0
5831,1.7701999,4.0
5832,4.641912,0.0
5833,6.2953906,4.0
5834,2.2496417,2.0
5835,4.5418925,2.0
5836,3.134836,1.0
5837,6.2171645,9.0
5838,5.9952297,7.0
5839,4.1394672,3.0
5840,6.0410757,5.0
5841,0.74694175,0.0
5842,4.925996,5.0
5843,4.559112,2.0
5844,7.797908,12.0
5845,3.0249965,1.0
5846,4.289345,5.0
5847,4.5132627,1.0
5848,7.9474325,0.0
5849,7.7918005,12.0
5850,3.432781,8.0
5851,6.838898,8.0
5852,7.8631573,0.0
5853,1.3039705,1.0
5854,4.4497056,0.0
5855,3.5425203,2.0
5856,5.6999593,8.0
5857,4.5515428,9.0
5858,4.2936144,3.0
5859,4.9057612,3.0
5860,6.7643137,13.0
5861,6.3421297,9.0
5862,1.9746879,0.0
5863,1.3551564,2.0
5864,3.4181614,0.0
5865,3.3235857,1.0
5866,5.059681,3.0
5867,4.468576,3.0
5868,3.619304,6.0
5869,5.961222,10.0
5870,6.230644,14.0
5871,6.9047346,4.0
5872,6.501276,8.0
5873,4.4346356,8.0
5874,6.203466,15.0
5875,4.197054,4.0
5876,6.20963,5.0
5877,4.2550454,0.0
5878,6.797243,3.0
5879,6.142886,12.0
5880,4.607083,1.0
5881,3.1124537,0.0
5882,2.9411163,1.0
5883,7.755579,9.0
5884,3.2839105,2.0
5885,0.74694175,0.0
5886,4.643132,1.0
5887,3.7282221,8.0
5888,1.6445395,0.0
5889,1.6445395,0.0
5890,6.2768636,4.0
5891,4.83382,1.0
5892,2.4676096,1.0
5893,6.3033276,13.0
5894,5.1964965,3.0
5895,4.4177585,8.0
5896,2.1950483,0.0
5897,5.497243,5.0
5898,3.1648412,5.0
5899,7.3306813,12.0
5900,5.9048147,6.0
5901,3.8146446,2.0
5902,6.6922154,6.0
5903,5.264436,3.0
5904,0.46763664,4.0
5905,5.5463243,5.0
5906,0.46763664,0.0
5907,5.378169,6.0
5908,2.771458,2.0
5909,3.3603122,0.0
5910,4.6780396,7.0
5911,0.46763664,0.0
5912,5.1217957,9.0
5913,6.664057,9.0
5914,2.5287266,0.0
5915,3.5100603,11.0
5916,4.6815004,4.0
5917,3.5212407,2.0
5918,0.4963569,0.0
5919,3.9380314,4.0
5920,2.600705,0.0
5921,7.3913016,2.0
5922,2.2496417,1.0
5923,2.2496417,6.0
5924,0.46763664,0.0
5925,6.4399986,7.0
5926,6.906041,2.0
5927,1.3295324,0.0
5928,5.0199327,13.0
5929,2.4229012,4.0
5930,1.5762271,0.0
5931,5.0926123,9.0
5932,5.130448,5.0
5933,0.46763664,0.0
5934,0.46763664,2.0
5935,7.1780477,8.0
5936,4.9071217,5.0
5937,7.066062,9.0
5938,5.8018684,7.0
5939,3.4987118,5.0
5940,0.46763664,0.0
5941,7.415099,13.0
5942,6.301328,9.0
5943,7.5343375,7.0
5944,4.5380917,7.0
5945,6.8781776,8.0
5946,4.619243,3.0
5947,5.0904994,12.0
5948,6.569784,11.0
5949,4.5179744,4.0
5950,4.725361,5.0
5951,4.2494254,1.0
5952,4.661309,8.0
5953,2.9119446,4.0
5954,4.9402156,5.0
5955,3.5252488,1.0
5956,9.332736,8.0
5957,5.0535254,9.0
5958,4.241125,1.0
5959,4.7735014,3.0
5960,4.5548058,3.0
5961,4.149961,1.0
5962,5.315919,0.0
5963,5.0658073,4.0
5964,4.3347106,3.0
5965,4.3205633,4.0
5966,4.42575,10.0
5967,2.7391865,9.0
5968,3.813535,4.0
5969,7.580374,10.0
5970,4.475605,0.0
5971,4.40681,1.0
5972,0.46763664,0.0
5973,5.242585,3.0
5974,7.426925,12.0
5975,5.260198,3.0
5976,4.6501875,0.0
5977,2.2496417,1.0
5978,4.4679527,5.0
5979,7.402851,10.0
5980,5.473368,10.0
5981,5.0206494,7.0
5982,2.2496417,0.0
5983,3.9266522,1.0
5984,4.842079,0.0
5985,5.9697027,4.0
5986,1.1659598,1.0
5987,4.8625126,10.0
5988,1.4823911,0.0
5989,4.508577,6.0
5990,6.7534647,8.0
5991,4.341475,6.0
5992,5.3171234,6.0
5993,6.8605995,7.0
5994,5.6420336,9.0
5995,0.46763664,6.0
5996,1.3346674,0.0
5997,7.4139857,5.0
5998,6.787893,10.0
5999,3.6019342,9.0
6000,3.7618716,3.0
6001,6.6719627,9.0
6002,5.345299,6.0
6003,6.7556605,2.0
6004,6.4680986,7.0
6005,4.062758,10.0
6006,5.1027,12.0
6007,6.095023,0.0
6008,4.97852,16.0
6009,5.796417,11.0
6010,5.7896667,2.0
6011,3.358268,0.0
6012,7.3387265,8.0
6013,4.4807477,1.0
6014,5.76136,7.0
6015,5.387896,0.0
6016,4.4046073,1.0
6017,2.138503,0.0
6018,2.2496417,1.0
6019,7.338663,6.0
6020,5.9583855,8.0
6021,7.9457197,9.0
6022,4.5361195,1.0
6023,4.7461877,4.0
6024,6.147385,3.0
6025,3.5834224,9.0
6026,3.2898908,4.0
6027,0.46763664,0.0
6028,2.0134764,0.0
6029,4.887176,4.0
6030,4.7691836,10.0
6031,0.46763664,0.0
6032,6.042554,3.0
6033,7.1371217,10.0
6034,2.423443,12.0
6035,7.125312,15.0
6036,8.000544,4.0
6037,5.6389666,11.0
6038,6.1533546,6.0
6039,3.75763,1.0
6040,3.8325832,9.0
6041,9.066175,12.0
6042,4.436897,4.0
6043,4.9139295,4.0
6044,4.7815504,9.0
6045,1.3906783,0.0
6046,7.257386,8.0
6047,3.4967434,0.0
6048,3.757372,3.0
6049,9.204976,8.0
6050,3.3604448,1.0
6051,3.861201,4.0
6052,2.5630732,1.0
6053,0.87777287,0.0
6054,5.2866883,10.0
6055,6.141919,6.0
6056,1.6961591,0.0
6057,2.632505,0.0
6058,4.3116226,3.0
6059,5.5061026,4.0
6060,8.498162,9.0
6061,4.563291,4.0
6062,4.618908,2.0
6063,4.475737,1.0
6064,4.772749,2.0
6065,3.667389,3.0
6066,0.46763664,0.0
6067,6.091602,8.0
6068,0.46763664,0.0
6069,5.096056,0.0
6070,5.55503,15.0
6071,4.0638494,1.0
6072,5.6369348,4.0
6073,4.889629,7.0
6074,4.8744516,5.0
6075,5.033576,0.0
6076,5.056638,2.0
6077,3.935744,11.0
6078,4.0709443,2.0
6079,5.123701,6.0
6080,4.6861672,0.0
6081,6.889828,1.0
6082,5.8883057,0.0
6083,4.2281623,5.0
6084,2.2776248,1.0
6085,4.5256023,9.0
6086,5.016516,3.0
6087,1.5732363,6.0
6088,0.46763664,0.0
6089,2.2496417,0.0
6090,5.949939,10.0
6091,6.393538,5.0
6092,1.3551564,0.0
6093,4.268028,6.0
6094,3.0562298,0.0
6095,4.52758,3.0
6096,5.8527384,10.0
6097,4.0276475,5.0
6098,3.4957025,0.0
6099,5.029373,7.0
6100,6.4906044,8.0
6101,4.6783943,5.0
6102,5.507736,3.0
6103,7.05707,8.0
6104,2.6375606,2.0
6105,8.705494,9.0
6106,2.632505,8.0
6107,2.2496417,0.0
6108,6.096279,5.0
6109,0.895104,0.0
6110,5.4724374,5.0
6111,5.4428644,15.0
6112,4.490015,2.0
6113,5.4675264,9.0
6114,4.0022225,3.0
6115,5.294343,0.0
6116,6.4954247,10.0
6117,4.6836853,5.0
6118,4.5642614,8.0
6119,4.3799505,3.0
6120,5.114223,3.0
6121,7.2365575,7.0
6122,2.3035676,1.0
6123,2.9538245,0.0
6124,6.2678704,0.0
6125,4.332761,2.0
6126,3.8129418,3.0
6127,5.605322,12.0
6128,4.548816,3.0
6129,7.3381453,8.0
6130,2.8422713,0.0
6131,4.8179183,1.0
6132,0.46763664,0.0
6133,7.10634,14.0
6134,5.4334617,16.0
6135,3.5245104,5.0
6136,4.577843,5.0
6137,4.354225,2.0
6138,0.46763664,0.0
6139,6.739566,8.0
6140,4.626028,5.0
6141,4.2710156,0.0
6142,2.3019094,0.0
6143,5.73685,7.0
6144,0.46763664,0.0
6145,4.962919,2.0
6146,2.2496417,2.0
6147,7.3312607,12.0
6148,3.596892,4.0
6149,7.437512,3.0
6150,3.9743297,0.0
6151,3.099358,4.0
6152,4.074629,4.0
6153,2.0089352,0.0
6154,3.8067691,0.0
6155,2.7910554,1.0
6156,5.541011,10.0
6157,0.46763664,0.0
6158,2.5361676,2.0
6159,3.1654992,0.0
6160,6.327212,11.0
6161,5.333157,7.0
6162,2.3070393,1.0
6163,6.231821,0.0
6164,2.2427268,0.0
6165,2.9960551,4.0
6166,0.46763664,0.0
6167,3.4216084,4.0
6168,4.2373247,3.0
6169,1.8462132,0.0
6170,1.930436,1.0
6171,4.0333633,4.0
6172,7.850671,9.0
6173,5.9049726,14.0
6174,7.6984205,10.0
6175,5.7828636,4.0
6176,0.46763664,0.0
6177,6.2113743,3.0
6178,5.5504594,3.0
6179,3.5259335,1.0
6180,7.126543,9.0
6181,2.9456205,0.0
6182,8.734982,10.0
6183,4.497334,10.0
6184,1.930436,0.0
6185,1.3295324,0.0
6186,0.46763664,0.0
6187,2.9758196,0.0
6188,3.8459342,2.0
6189,7.160433,12.0
6190,3.781997,0.0
6191,3.1816664,0.0
6192,3.683292,14.0
6193,4.603821,9.0
6194,0.46763664,0.0
6195,2.1716454,0.0
6196,6.419523,1.0
6197,6.124037,10.0
6198,4.6750355,5.0
6199,5.6025953,3.0
6200,4.288271,9.0
6201,5.9075327,7.0
6202,5.4708366,5.0
6203,3.927717,4.0
6204,4.64524,0.0
6205,5.9381275,11.0
6206,2.5046213,0.0
6207,0.46763664,1.0
6208,0.46763664,0.0
6209,6.9895296,9.0
6210,6.7623386,7.0
6211,7.4664345,11.0
6212,1.7323995,0.0
6213,4.243717,4.0
6214,3.8753555,12.0
6215,6.599958,15.0
6216,7.487233,3.0
6217,3.669522,4.0
6218,4.6254606,14.0
6219,1.3346674,0.0
6220,2.1638546,0.0
6221,7.884306,13.0
6222,4.1533265,17.0
6223,1.4199852,5.0
6224,4.493453,0.0
6225,3.2954066,0.0
6226,5.9599414,4.0
6227,2.4620163,0.0
6228,5.662815,7.0
6229,3.9381273,2.0
6230,1.797834,0.0
6231,4.071697,11.0
6232,3.6793551,1.0
6233,4.214327,2.0
6234,0.46763664,0.0
6235,6.711194,8.0
6236,5.0064516,3.0
6237,3.6893728,0.0
6238,5.411373,5.0
6239,2.2496417,0.0
6240,7.7295656,11.0
6241,5.869451,5.0
6242,5.6300826,9.0
6243,3.676955,4.0
6244,5.3516808,15.0
6245,1.4789339,0.0
6246,2.801588,0.0
6247,5.444507,4.0
6248,6.6614556,13.0
6249,2.8284822,0.0
6250,2.784386,4.0
6251,3.6052034,0.0
6252,5.436282,4.0
6253,8.573552,11.0
6254,6.210219,1.0
6255,4.3195806,0.0
6256,2.3616369,0.0
6257,4.8844266,6.0
6258,1.3346674,3.0
6259,5.8548265,2.0
6260,3.9340575,2.0
6261,6.167616,8.0
6262,4.6957803,7.0
6263,5.532746,1.0
6264,3.8225672,0.0
6265,4.9822063,7.0
6266,0.46763664,0.0
6267,0.46763664,2.0
6268,3.9335725,0.0
6269,4.02848,2.0
6270,6.188026,5.0
6271,4.566951,12.0
6272,0.46763664,1.0
6273,4.531718,13.0
6274,2.6733534,0.0
6275,3.9679592,5.0
6276,6.4118834,11.0
6277,6.3954806,3.0
6278,5.6608152,11.0
6279,2.757445,10.0
6280,6.4276805,7.0
6281,4.4939394,7.0
6282,5.7269135,14.0
6283,5.98908,9.0
6284,3.9849408,4.0
6285,7.2312217,9.0
6286,5.4438586,0.0
6287,4.373635,11.0
6288,4.6694884,0.0
6289,3.9210374,6.0
6290,6.4903073,5.0
6291,5.4633746,2.0
6292,0.46763664,0.0
6293,5.007401,9.0
6294,2.2496417,4.0
6295,4.5746937,5.0
6296,7.178633,5.0
6297,2.9285662,1.0
6298,2.3492472,0.0
6299,1.3295324,0.0
6300,3.1432207,0.0
6301,1.2480718,0.0
6302,8.126109,8.0
6303,0.46763664,0.0
6304,4.007194,1.0
6305,4.280766,2.0
6306,4.9382315,6.0
6307,4.24133,3.0
6308,0.46763664,0.0
6309,5.055629,6.0
6310,2.2496417,0.0
6311,5.4728556,5.0
6312,5.0337033,3.0
6313,4.582218,7.0
6314,1.2917687,0.0
6315,7.6292276,7.0
6316,7.8399353,9.0
6317,4.666349,3.0
6318,6.736785,6.0
6319,6.7024565,5.0
6320,0.46763664,0.0
6321,2.3342676,2.0
6322,4.337743,4.0
6323,4.93491,10.0
6324,9.355627,8.0
6325,3.542062,7.0
6326,0.46763664,0.0
6327,0.46763664,2.0
6328,1.3906783,1.0
6329,4.900807,2.0
6330,3.824344,1.0
6331,5.1638155,9.0
6332,4.040091,5.0
6333,3.3873875,6.0
6334,2.7250514,0.0
6335,7.2583847,11.0
6336,0.46763664,0.0
6337,5.122616,4.0
6338,6.0711246,11.0
6339,8.016369,14.0
6340,2.8605075,1.0
6341,5.77782,0.0
6342,7.677425,11.0
6343,3.8920858,0.0
6344,6.689566,11.0
6345,5.855326,10.0
6346,5.1553082,14.0
6347,2.7886736,0.0
6348,6.101958,7.0
6349,3.4599245,4.0
6350,6.654608,6.0
6351,7.6203938,7.0
6352,5.355863,8.0
6353,2.2496417,1.0
6354,4.635663,2.0
6355,6.0040827,3.0
6356,7.028508,4.0
6357,6.760156,11.0
6358,4.1494174,5.0
6359,5.190301,0.0
6360,0.46763664,0.0
6361,5.5090117,2.0
6362,3.65471,6.0
6363,6.565459,1.0
6364,1.2917687,1.0
6365,5.909082,2.0
6366,6.1871395,1.0
6367,3.4075048,6.0
6368,5.2288322,9.0
6369,1.7296506,2.0
6370,6.9953356,4.0
6371,3.8348424,5.0
6372,6.3641224,3.0
6373,2.7095563,1.0
6374,2.9456205,0.0
6375,3.3737388,0.0
6376,5.5290384,5.0
6377,6.2539034,4.0
6378,5.4600716,5.0
6379,2.1982505,0.0
6380,0.46763664,0.0
6381,6.94795,12.0
6382,7.108429,3.0
6383,3.0233614,3.0
6384,2.4049227,0.0
6385,4.1975584,11.0
6386,5.457864,3.0
6387,6.8740253,10.0
6388,2.8748398,0.0
6389,3.6282146,3.0
6390,6.4619336,4.0
6391,0.46763664,0.0
6392,4.9322033,4.0
6393,4.3919168,4.0
6394,4.622465,0.0
6395,5.1259007,2.0
6396,2.4017146,2.0
6397,8.134971,6.0
6398,6.112879,9.0
6399,1.8419093,0.0
6400,7.073513,10.0
6401,4.2296658,5.0
6402,5.9390035,11.0
6403,0.46763664,0.0
6404,5.3890057,5.0
6405,7.1679,7.0
6406,4.7473755,2.0
6407,5.0304885,2.0
6408,4.372261,4.0
6409,0.46763664,0.0
6410,3.2037117,1.0
6411,6.8148518,9.0
6412,3.9714553,2.0
6413,3.3012471,9.0
6414,4.4817615,0.0
6415,4.23952,3.0
6416,2.4732695,0.0
6417,4.2795243,5.0
6418,7.1951504,7.0
6419,3.227218,2.0
6420,4.420596,1.0
6421,1.3346674,0.0
6422,5.3537045,5.0
6423,5.5413876,1.0
6424,5.557527,4.0
6425,2.7630208,7.0
6426,3.972461,2.0
6427,5.3562512,8.0
6428,5.1892624,5.0
6429,7.0395164,13.0
6430,4.254548,7.0
6431,6.0097604,7.0
6432,4.8305297,0.0
6433,2.277966,1.0
6434,3.1004133,0.0
6435,5.8228974,6.0
6436,6.290448,3.0
6437,2.2496417,1.0
6438,6.5561004,0.0
6439,2.5786223,2.0
6440,4.295556,2.0
6441,4.4596877,4.0
6442,5.250264,8.0
6443,3.7912123,5.0
6444,4.102745,13.0
6445,6.0875187,14.0
6446,7.6231084,11.0
6447,3.9188783,5.0
6448,8.54114,16.0
6449,2.4558756,0.0
6450,7.1295176,9.0
6451,5.3501854,10.0
6452,4.5957074,0.0
6453,7.2436686,1.0
6454,6.221651,5.0
6455,4.71822,7.0
6456,4.1676702,7.0
6457,3.4350681,5.0
6458,0.46763664,0.0
6459,5.7949505,12.0
6460,3.7847416,0.0
6461,6.041605,4.0
6462,6.0364823,2.0
6463,6.2557693,8.0
6464,6.5817184,13.0
6465,6.2729025,2.0
6466,4.704051,5.0
6467,1.9436959,5.0
6468,2.2496417,2.0
6469,7.002037,8.0
6470,6.064442,15.0
6471,5.0832343,0.0
6472,6.259615,1.0
6473,4.5597277,4.0
6474,5.765595,7.0
6475,7.5422063,5.0
6476,4.8411627,5.0
6477,3.1400673,11.0
6478,3.0278804,3.0
6479,3.9938853,15.0
6480,3.8794606,0.0
6481,4.9128656,8.0
6482,9.016104,7.0
6483,3.7489893,0.0
6484,5.891458,5.0
6485,6.33197,4.0
6486,2.277966,2.0
6487,2.2496417,3.0
6488,2.2496417,1.0
6489,5.4545536,4.0
6490,6.550883,4.0
6491,0.46763664,10.0
6492,5.1378107,5.0
6493,4.656141,8.0
6494,1.4823911,4.0
6495,6.223714,8.0
6496,2.2496417,1.0
6497,3.3968234,0.0
6498,4.317225,3.0
6499,5.296445,5.0
6500,7.4241986,8.0
6501,4.9463663,2.0
6502,1.8438033,2.0
6503,5.2798557,5.0
6504,2.2496417,0.0
6505,4.989679,4.0
6506,4.5980654,4.0
6507,4.4615054,0.0
6508,5.285253,1.0
6509,6.262072,9.0
6510,2.983945,1.0
6511,2.8749292,0.0
6512,5.253723,4.0
6513,5.6705737,5.0
6514,5.2503705,6.0
6515,3.881395,4.0
6516,1.9763986,0.0
6517,4.5106196,8.0
6518,4.1016064,2.0
6519,3.2949593,3.0
6520,4.0805473,0.0
6521,7.1027384,5.0
6522,8.62895,19.0
6523,0.46763664,1.0
6524,4.2787175,3.0
6525,5.8270793,5.0
6526,7.216033,9.0
6527,5.94154,11.0
6528,2.2496417,0.0
6529,6.0324855,8.0
6530,5.517966,4.0
6531,4.3780837,10.0
6532,4.593143,3.0
6533,2.6324275,2.0
6534,4.431761,4.0
6535,4.280547,1.0
6536,7.4911385,13.0
6537,5.2779675,3.0
6538,2.6065953,5.0
6539,0.46763664,0.0
6540,0.46763664,0.0
6541,3.2875621,0.0
6542,5.0916,2.0
6543,5.8912253,4.0
6544,3.5874064,0.0
6545,5.337755,2.0
6546,3.8225672,3.0
6547,4.6404867,5.0
6548,2.6697254,0.0
6549,4.044422,1.0
6550,5.959547,3.0
6551,5.5417066,0.0
6552,6.029581,5.0
6553,5.392395,0.0
6554,3.8516748,5.0
6555,0.46763664,0.0
6556,6.7119355,6.0
6557,5.4101806,6.0
6558,0.46763664,0.0
6559,4.6443973,12.0
6560,1.4823911,0.0
6561,5.421839,2.0
6562,6.544935,11.0
6563,8.647391,7.0
6564,5.541886,5.0
6565,3.3218918,1.0
6566,4.8131785,2.0
6567,2.1982505,4.0
6568,4.5902534,4.0
6569,2.6375601,0.0
6570,4.101472,1.0
6571,6.6761575,11.0
6572,5.576737,5.0
6573,6.255983,7.0
6574,4.521491,7.0
6575,7.627553,7.0
6576,2.936961,10.0
6577,7.2192125,11.0
6578,8.679104,12.0
6579,2.454502,2.0
6580,3.3270433,3.0
6581,5.3060427,11.0
6582,7.204204,5.0
6583,6.2458215,7.0
6584,0.46763664,0.0
6585,5.4846005,3.0
6586,4.995022,4.0
6587,2.2496417,0.0
6588,4.1358876,3.0
6589,4.6336236,5.0
6590,0.46763664,0.0
6591,1.7317786,4.0
6592,3.8538182,9.0
6593,2.7887106,5.0
6594,5.974568,12.0
6595,6.5467,10.0
6596,4.35867,2.0
6597,5.8101983,11.0
6598,6.723801,13.0
6599,5.6118603,5.0
6600,0.46763664,0.0
6601,7.032255,11.0
6602,2.0629122,0.0
6603,8.446446,11.0
6604,4.044422,9.0
6605,3.0309274,12.0
6606,3.3179247,13.0
6607,5.132343,2.0
6608,6.3992696,19.0
6609,4.2827063,3.0
6610,2.8874245,1.0
6611,4.0604825,1.0
6612,4.5846953,0.0
6613,0.46763664,0.0
6614,7.4176884,5.0
6615,2.7941225,0.0
6616,6.2583137,7.0
6617,5.464989,2.0
6618,6.8369274,6.0
6619,6.3025866,1.0
6620,2.7769196,0.0
6621,6.6390257,6.0
6622,4.3796234,6.0
6623,4.41418,4.0
6624,7.024555,5.0
6625,6.869329,9.0
6626,2.1982505,0.0
6627,5.289526,2.0
6628,4.34465,3.0
6629,4.2177052,3.0
6630,1.6445395,2.0
6631,4.621974,2.0
6632,6.911338,9.0
6633,6.1650915,0.0
6634,5.6769533,4.0
6635,5.4271536,3.0
6636,1.4199852,0.0
6637,0.46763664,0.0
6638,3.8660543,1.0
6639,5.0179768,5.0
6640,4.2816105,4.0
6641,3.4224117,3.0
6642,5.5908484,12.0
6643,4.9742904,3.0
6644,5.9621973,8.0
6645,5.313079,8.0
6646,0.895104,5.0
6647,4.7937317,7.0
6648,3.58862,0.0
6649,3.0763977,1.0
6650,3.5002882,7.0
6651,3.1654992,0.0
6652,6.435786,11.0
6653,2.6733534,0.0
6654,5.7550592,8.0
6655,5.563006,8.0
6656,6.9806495,13.0
6657,6.8268147,6.0
6658,4.793335,1.0
6659,3.082632,2.0
6660,6.017372,6.0
6661,4.994835,6.0
6662,0.46763664,0.0
6663,3.7334082,3.0
6664,6.344459,10.0
6665,5.1481915,6.0
6666,7.455386,6.0
6667,2.2496417,0.0
6668,2.9468272,0.0
6669,6.268822,8.0
6670,4.2301574,2.0
6671,5.113419,6.0
6672,2.2912633,0.0
6673,7.375085,11.0
6674,0.46763664,8.0
6675,6.8166194,10.0
6676,5.157791,5.0
6677,3.2388265,8.0
6678,5.1869993,4.0
6679,7.5525637,13.0
6680,5.816696,7.0
6681,5.26511,9.0
6682,5.6582837,2.0
6683,4.739072,4.0
6684,2.2663224,0.0
6685,5.084669,2.0
6686,5.7531295,7.0
6687,6.7346697,11.0
6688,3.1297457,1.0
6689,6.2559147,8.0
6690,2.8111842,4.0
6691,5.7104607,9.0
6692,8.743082,12.0
6693,5.4849925,10.0
6694,6.3312325,8.0
6695,2.0312874,0.0
6696,6.7506156,6.0
6697,5.2234373,4.0
6698,2.264567,2.0
6699,7.8610487,13.0
6700,4.0575,0.0
6701,7.442817,18.0
6702,3.121537,2.0
6703,2.6288354,6.0
6704,2.2496417,0.0
6705,3.9448965,3.0
6706,5.274162,6.0
6707,5.4478264,10.0
6708,5.1021724,3.0
6709,7.7403736,6.0
6710,4.2377343,5.0
6711,3.8832104,0.0
6712,3.3714085,0.0
6713,4.1662455,6.0
6714,7.0909724,13.0
6715,6.6781597,6.0
6716,3.4663768,9.0
6717,5.3954544,8.0
6718,2.6092896,0.0
6719,6.165909,12.0
6720,3.6853895,0.0
6721,4.4680343,6.0
6722,2.8509643,0.0
6723,4.7830405,6.0
6724,7.1832895,10.0
6725,3.959973,5.0
6726,4.8471737,2.0
6727,5.493992,7.0
6728,3.089256,3.0
6729,4.0677557,9.0
6730,4.670756,3.0
6731,4.166078,4.0
6732,4.8721333,7.0
6733,4.5833244,8.0
6734,5.3378963,7.0
6735,7.4611015,5.0
6736,6.2156906,6.0
6737,7.426706,7.0
6738,5.3046517,3.0
6739,3.56597,0.0
6740,5.465004,1.0
6741,6.480013,4.0
6742,5.627954,3.0
6743,1.4823911,0.0
6744,3.9367826,1.0
6745,5.0533338,0.0
6746,3.7904413,6.0
6747,5.871253,8.0
6748,4.2167735,4.0
6749,4.5764394,9.0
6750,4.0700912,0.0
6751,6.0817227,7.0
6752,6.1491084,5.0
6753,8.258872,12.0
6754,3.5465543,4.0
6755,0.98045474,1.0
6756,6.9660993,5.0
6757,2.2496417,0.0
6758,6.1883135,4.0
6759,3.9907057,2.0
6760,1.9746879,2.0
6761,6.806947,12.0
6762,3.2941658,0.0
6763,7.2598324,14.0
6764,8.74938,17.0
6765,1.1951668,0.0
6766,0.46763664,0.0
6767,5.167677,5.0
6768,0.74694175,0.0
6769,7.298798,14.0
6770,4.065297,9.0
6771,8.112875,6.0
6772,0.46763664,0.0
6773,0.46763664,0.0
6774,5.5911365,4.0
6775,3.4375699,2.0
6776,7.119094,7.0
6777,6.732294,12.0
6778,4.996017,5.0
6779,3.8276107,4.0
6780,5.5292606,10.0
6781,5.592281,10.0
6782,6.2726536,3.0
6783,5.1993127,7.0
6784,4.5748577,3.0
6785,4.983473,1.0
6786,7.2021303,8.0
6787,3.4666636,1.0
6788,5.9096203,2.0
6789,2.04618,0.0
6790,0.4963569,2.0
6791,4.0012593,5.0
6792,4.0574594,8.0
6793,5.7863474,4.0
6794,2.7391865,0.0
6795,8.445933,13.0
6796,4.36639,0.0
6797,2.980195,6.0
6798,7.262375,5.0
6799,4.8397136,18.0
6800,5.346221,10.0
6801,8.18444,10.0
6802,0.46763664,0.0
6803,7.006364,1.0
6804,4.9450364,0.0
6805,4.79003,6.0
6806,0.46763664,0.0
6807,5.3747168,3.0
6808,2.2496417,0.0
6809,2.2663224,0.0
6810,3.5878782,2.0
6811,3.142536,0.0
6812,6.0384183,0.0
6813,5.39924,0.0
6814,5.5840297,2.0
6815,2.8196907,0.0
6816,7.9501886,14.0
6817,5.2894,9.0
6818,5.032846,13.0
6819,3.8803065,6.0
6820,4.098542,1.0
6821,3.314341,1.0
6822,4.72645,8.0
6823,4.938159,6.0
6824,8.111868,1.0
6825,3.8766506,0.0
6826,5.9244432,9.0
6827,5.4145727,6.0
6828,6.496599,12.0
6829,2.4930756,3.0
6830,4.6956053,1.0
6831,2.8830411,5.0
6832,3.703235,1.0
6833,5.9218116,2.0
6834,5.129163,18.0
6835,4.764766,2.0
6836,5.143474,1.0
6837,7.4369655,4.0
6838,3.7882845,4.0
6839,7.115504,3.0
6840,0.46763664,0.0
6841,5.135321,1.0
6842,5.4279623,8.0
6843,4.5804024,4.0
6844,4.027836,1.0
6845,4.389008,0.0
6846,1.7317786,3.0
6847,3.7010167,2.0
6848,5.5374985,5.0
6849,7.590719,8.0
6850,3.2632601,0.0
6851,4.9815826,9.0
6852,4.5828443,10.0
6853,2.2496417,1.0
6854,6.1323724,9.0
6855,2.6934714,3.0
6856,4.2217026,8.0
6857,2.364836,0.0
6858,3.8047626,6.0
6859,7.3638663,12.0
6860,3.6659212,1.0
6861,3.7479122,6.0
6862,5.657646,8.0
6863,4.985966,10.0
6864,3.6892273,8.0
6865,2.0002306,0.0
6866,1.7323995,0.0
6867,7.2031436,14.0
6868,0.46763664,0.0
6869,2.2496417,1.0
6870,7.4212255,13.0
6871,5.593999,9.0
6872,4.5510383,4.0
6873,4.531656,2.0
6874,7.4580917,14.0
6875,2.6485817,0.0
6876,1.4199852,0.0
6877,4.828823,8.0
6878,4.545811,3.0
6879,4.000583,2.0
6880,2.9916413,11.0
6881,6.4097385,8.0
6882,5.5990868,6.0
6883,4.9450364,1.0
6884,4.968812,5.0
6885,2.2496417,4.0
6886,1.9909037,0.0
6887,4.1725693,0.0
6888,4.5026608,3.0
6889,4.245694,1.0
6890,7.44447,10.0
6891,2.2178893,2.0
6892,4.2994804,6.0
6893,4.785621,7.0
6894,3.832956,1.0
6895,3.6282337,3.0
6896,7.020668,5.0
6897,4.218746,8.0
6898,2.4572845,0.0
6899,6.3800635,9.0
6900,2.2786968,14.0
6901,5.5304403,13.0
6902,3.018729,0.0
6903,4.299043,2.0
6904,4.3594236,19.0
6905,5.296086,5.0
6906,4.617678,10.0
6907,5.0269713,9.0
6908,0.46763664,0.0
6909,2.9317062,1.0
6910,4.6597633,9.0
6911,4.564821,3.0
6912,6.395873,2.0
6913,5.360636,4.0
6914,4.556157,10.0
6915,4.7277694,8.0
6916,3.2590528,2.0
6917,5.50777,4.0
6918,3.8734672,2.0
6919,2.8154411,4.0
6920,2.8579552,1.0
6921,1.3346674,0.0
6922,6.3719378,2.0
6923,6.442578,6.0
6924,2.9025574,3.0
6925,4.372515,0.0
6926,5.649387,2.0
6927,3.9437292,5.0
6928,6.1854935,3.0
6929,6.9183383,5.0
6930,8.624157,10.0
6931,5.2910843,2.0
6932,6.5460587,7.0
6933,4.645475,0.0
6934,3.9162562,1.0
6935,5.0289783,9.0
6936,3.3201432,4.0
6937,3.739226,5.0
6938,2.2496417,1.0
6939,6.3640757,3.0
6940,5.702785,4.0
6941,2.575735,1.0
6942,3.7413359,0.0
6943,5.355727,7.0
6944,4.5756435,3.0
6945,5.0218725,0.0
6946,4.1220794,3.0
6947,5.8815866,8.0
6948,5.329853,8.0
6949,2.0242312,0.0
6950,4.6891203,9.0
6951,4.5673823,2.0
6952,4.5679374,1.0
6953,5.7913284,0.0
6954,6.3055673,3.0
6955,3.685651,2.0
6956,2.164899,0.0
6957,3.9748704,1.0
6958,4.247009,0.0
6959,4.9960675,3.0
6960,5.133778,2.0
6961,0.46763664,0.0
6962,6.6723404,12.0
6963,5.551958,6.0
6964,3.0621994,0.0
6965,5.1537056,8.0
6966,6.7461476,12.0
6967,3.6564045,1.0
6968,4.001463,0.0
6969,4.935,3.0
6970,4.393283,1.0
6971,0.46763664,0.0
6972,2.2496417,2.0
6973,4.5092187,1.0
6974,2.1638546,0.0
6975,2.6065953,2.0
6976,3.5202692,5.0
6977,6.7532434,10.0
6978,5.2333956,3.0
6979,4.2026954,2.0
6980,0.895104,0.0
6981,4.8367224,2.0
6982,8.001067,4.0
6983,5.0657535,5.0
6984,5.2442102,1.0
6985,1.1417458,0.0
6986,6.204894,10.0
6987,3.262518,2.0
6988,5.54115,1.0
6989,5.8392167,8.0
6990,5.7808304,8.0
6991,5.545509,3.0
6992,3.5100508,2.0
6993,4.943749,7.0
6994,0.46763664,0.0
6995,4.1756344,1.0
6996,4.583027,3.0
6997,5.316768,3.0
6998,6.63504,10.0
6999,0.46763664,1.0
7000,5.068048,3.0
7001,6.397251,4.0
7002,0.46763664,1.0
7003,2.423443,0.0
7004,6.2067294,7.0
7005,5.467178,1.0
7006,3.5088685,0.0
7007,1.4199852,2.0
7008,5.151251,4.0
7009,4.3854513,1.0
7010,3.3012471,22.0
7011,6.462468,7.0
7012,2.2496417,0.0
7013,4.812482,3.0
7014,3.0289128,6.0
7015,0.46763664,0.0
7016,5.841075,5.0
7017,0.895104,0.0
7018,6.06285,1.0
7019,3.266509,1.0
7020,4.708505,9.0
7021,6.538992,9.0
7022,5.508527,4.0
7023,8.005586,10.0
7024,4.9893785,2.0
7025,4.3975487,3.0
7026,1.1951668,0.0
7027,7.8833485,0.0
7028,0.98045474,0.0
7029,8.11579,3.0
7030,4.4982543,4.0
7031,1.4754049,5.0
7032,5.1075463,5.0
7033,7.309357,8.0
7034,7.4253726,4.0
7035,4.040847,4.0
7036,6.914714,14.0
7037,0.46763664,0.0
7038,4.374815,0.0
7039,0.46763664,3.0
7040,3.4450223,1.0
7041,3.7522514,3.0
7042,5.598435,9.0
7043,4.621502,3.0
7044,5.83915,1.0
7045,5.6591206,15.0
7046,5.34178,6.0
7047,4.05611,2.0
7048,4.821971,1.0
7049,4.531521,1.0
7050,3.499265,0.0
7051,7.022023,10.0
7052,5.252246,3.0
7053,4.6204348,13.0
7054,4.4629965,1.0
7055,3.1021695,8.0
7056,4.900107,13.0
7057,6.7866983,2.0
7058,3.780649,4.0
7059,3.919535,5.0
7060,6.5865,0.0
7061,2.9953272,0.0
7062,2.2496417,4.0
7063,4.12143,10.0
7064,4.5577917,3.0
7065,7.0885196,12.0
7066,7.8446207,13.0
7067,5.253269,7.0
7068,6.17533,5.0
7069,0.46763664,0.0
7070,4.9450364,1.0
7071,4.268368,1.0
7072,0.46763664,0.0
7073,3.679539,0.0
7074,4.6292696,11.0
7075,2.7445567,0.0
7076,5.387181,13.0
7077,0.46763664,0.0
7078,7.399855,6.0
7079,0.8339675,0.0
7080,0.46763664,0.0
7081,0.46763664,0.0
7082,1.1514974,0.0
7083,2.2496417,0.0
7084,3.2954066,0.0
7085,7.8949003,8.0
7086,3.6829627,1.0
7087,3.744701,10.0
7088,6.245867,1.0
7089,3.2459457,0.0
7090,7.5897865,6.0
7091,7.463627,8.0
7092,7.2927713,0.0
7093,5.3335795,9.0
7094,5.39633,2.0
7095,7.45347,10.0
7096,6.170497,10.0
7097,1.3034636,0.0
7098,4.442903,6.0
7099,1.3824726,4.0
7100,4.1259017,5.0
7101,6.747058,7.0
7102,0.46763664,0.0
7103,2.7409785,4.0
7104,1.4199852,0.0
7105,7.293981,14.0
7106,1.1417458,0.0
7107,7.9972057,10.0
7108,6.714815,6.0
7109,2.2496417,0.0
7110,6.387043,10.0
7111,8.232812,16.0
7112,7.4410195,6.0
7113,4.40054,7.0
7114,1.734835,1.0
7115,6.096715,3.0
7116,5.2775264,3.0
7117,4.5333443,0.0
7118,4.867251,6.0
7119,7.627583,14.0
7120,4.084163,8.0
7121,6.8187656,8.0
7122,5.0267477,6.0
7123,2.1982505,3.0
7124,5.292051,7.0
7125,7.657795,11.0
7126,3.6493075,2.0
7127,4.45756,4.0
7128,7.0880876,11.0
7129,5.0775666,8.0
7130,0.46763664,0.0
7131,4.159626,0.0
7132,4.901253,2.0
7133,3.7304327,2.0
7134,5.3248887,5.0
7135,4.0188665,9.0
7136,4.5662203,0.0
7137,7.007749,9.0
7138,5.0432196,10.0
7139,5.367951,8.0
7140,7.05413,10.0
7141,5.1579895,2.0
7142,7.503875,11.0
7143,7.1238875,7.0
7144,5.448244,4.0
7145,5.4456344,0.0
7146,7.5214987,20.0
7147,4.7117543,2.0
7148,2.2496417,0.0
7149,4.1395354,3.0
7150,2.425122,2.0
7151,4.230434,7.0
7152,2.4252148,1.0
7153,5.627314,2.0
7154,4.089274,5.0
7155,5.4514704,7.0
7156,7.1989803,7.0
7157,3.3559477,5.0
7158,4.945115,9.0
7159,4.52079,5.0
7160,4.1285,1.0
7161,5.903406,7.0
7162,2.2496417,0.0
7163,2.5586553,5.0
7164,4.3061047,5.0
7165,7.4327335,14.0
7166,4.722071,7.0
7167,2.277966,7.0
7168,5.105636,3.0
7169,3.4519398,5.0
7170,3.956169,0.0
7171,4.6845737,4.0
7172,4.726302,4.0
7173,5.8019447,9.0
7174,4.9597173,3.0
7175,6.7129292,6.0
7176,6.8727155,4.0
7177,2.4923172,0.0
7178,0.46763664,0.0
7179,4.5265107,3.0
7180,4.8244915,2.0
7181,4.627089,13.0
7182,3.034959,1.0
7183,4.775796,0.0
7184,5.526689,8.0
7185,3.82148,2.0
7186,1.1659598,0.0
7187,4.3228955,3.0
7188,8.221648,10.0
7189,5.793863,2.0
7190,3.3618412,4.0
7191,7.1500688,12.0
7192,0.46763664,1.0
7193,4.850008,5.0
7194,3.0793555,0.0
7195,2.819335,0.0
7196,3.991834,3.0
7197,5.019986,11.0
7198,7.3078175,14.0
7199,5.218109,7.0
7200,7.3342557,14.0
7201,4.405218,2.0
7202,4.106244,3.0
7203,4.799102,6.0
7204,3.8421881,2.0
7205,1.3551564,0.0
7206,6.9710546,7.0
7207,8.158742,11.0
7208,5.5693645,12.0
7209,4.762524,2.0
7210,1.7323995,0.0
7211,5.8969927,3.0
7212,4.8209443,3.0
7213,4.7864575,4.0
7214,4.626247,2.0
7215,3.9252126,0.0
7216,1.7701999,1.0
7217,2.6354578,0.0
7218,5.208499,3.0
7219,3.4961798,0.0
7220,5.36013,2.0
7221,6.511503,0.0
7222,5.050808,9.0
7223,1.3039705,1.0
7224,1.7701999,0.0
7225,5.7467985,14.0
7226,0.46763664,0.0
7227,6.4563503,12.0
7228,3.6294434,2.0
7229,2.9098167,3.0
7230,4.785572,3.0
7231,1.3039705,0.0
7232,4.1691823,0.0
7233,4.1919203,9.0
7234,2.4946783,1.0
7235,6.276572,6.0
7236,5.985105,13.0
7237,1.3551564,0.0
7238,4.090481,1.0
7239,5.289328,8.0
7240,4.817481,5.0
7241,3.1683028,2.0
7242,3.56137,7.0
7243,2.2827747,0.0
7244,3.6450784,3.0
7245,0.895104,0.0
7246,5.6533813,11.0
7247,5.7538133,7.0
7248,3.2141051,3.0
7249,6.4097667,17.0
7250,5.3376203,4.0
7251,2.488674,1.0
7252,4.823267,15.0
7253,5.2308054,6.0
7254,5.1582217,5.0
7255,5.081362,11.0
7256,5.712314,2.0
7257,5.1281238,6.0
7258,5.993266,11.0
7259,2.1192162,4.0
7260,7.0185504,3.0
7261,8.195121,12.0
7262,5.999768,4.0
7263,6.7405076,10.0
7264,4.2585044,6.0
7265,5.4937525,7.0
7266,3.9986026,6.0
7267,5.608721,13.0
7268,3.9405057,2.0
7269,0.46763664,1.0
7270,0.46763664,0.0
7271,0.98045474,5.0
7272,5.2783327,2.0
7273,4.285101,0.0
7274,4.7034597,1.0
7275,6.7722216,16.0
7276,3.7943122,2.0
7277,2.3035676,0.0
7278,4.7494683,5.0
7279,4.1158705,3.0
7280,4.6147685,6.0
7281,4.3745756,1.0
7282,5.633787,6.0
7283,4.9260173,8.0
7284,3.5784743,0.0
7285,4.873943,1.0
7286,0.46763664,0.0
7287,4.793413,7.0
7288,5.3264103,2.0
7289,3.131766,3.0
7290,4.0268073,4.0
7291,3.8860443,1.0
7292,3.5107622,5.0
7293,6.3681383,12.0
7294,5.7988734,2.0
7295,4.5590734,0.0
7296,5.033901,2.0
7297,4.5181875,9.0
7298,5.8852606,4.0
7299,3.3012471,9.0
7300,2.3782713,3.0
7301,7.9208794,4.0
7302,4.616663,6.0
7303,0.46763664,0.0
7304,2.2496417,2.0
7305,4.3084292,7.0
7306,3.1550434,3.0
7307,3.3139188,2.0
7308,4.1982155,2.0
7309,3.0676928,12.0
7310,6.192979,0.0
7311,6.1547723,2.0
7312,4.0775027,6.0
7313,1.4199852,2.0
7314,4.6145797,3.0
7315,4.8714232,10.0
7316,3.8378065,12.0
7317,5.148678,6.0
7318,3.3875928,0.0
7319,3.9336712,6.0
7320,4.460187,3.0
7321,4.92455,14.0
7322,5.412132,3.0
7323,0.98045474,0.0
7324,6.675753,0.0
7325,2.8111842,0.0
7326,3.3201432,6.0
7327,3.9863684,2.0
7328,5.423666,13.0
7329,6.2665677,5.0
7330,2.2496417,0.0
7331,4.3253593,2.0
7332,4.8843083,5.0
7333,3.1842997,2.0
7334,5.1005087,9.0
7335,7.236042,4.0
7336,5.295602,13.0
7337,3.6962826,2.0
7338,6.3193636,6.0
7339,3.3483431,6.0
7340,4.101512,4.0
7341,4.762464,5.0
7342,3.279135,2.0
7343,6.4873905,7.0
7344,4.1285944,2.0
7345,5.587377,3.0
7346,6.161184,6.0
7347,3.0932262,2.0
7348,3.8862207,5.0
7349,7.4022303,4.0
7350,5.8768954,5.0
7351,4.987934,6.0
7352,6.383633,7.0
7353,7.6031322,9.0
7354,5.8491607,3.0
7355,3.0274587,0.0
7356,0.46763664,0.0
7357,2.277966,0.0
7358,5.850358,5.0
7359,3.046629,1.0
7360,5.5016546,11.0
7361,4.9282155,6.0
7362,6.736795,6.0
7363,5.9751534,13.0
7364,5.6206403,4.0
7365,4.6141753,5.0
7366,4.732694,7.0
7367,1.9963151,8.0
7368,2.4732566,2.0
7369,4.6057696,5.0
7370,3.9025147,1.0
7371,4.6369495,3.0
7372,6.9792614,6.0
7373,8.212573,13.0
7374,8.01195,7.0
7375,3.9137232,1.0
7376,5.3081713,2.0
7377,5.920856,4.0
7378,3.329163,1.0
7379,7.800353,8.0
7380,3.6641307,2.0
7381,2.2496417,1.0
7382,3.5719104,3.0
7383,4.7185836,5.0
7384,5.490325,0.0
7385,5.320854,3.0
7386,1.6586844,0.0
7387,3.608739,2.0
7388,2.0629122,0.0
7389,4.5169134,3.0
7390,4.766456,4.0
7391,0.46763664,0.0
7392,6.7833896,4.0
7393,0.46763664,0.0
7394,3.3125727,0.0
7395,0.46763664,1.0
7396,5.932106,5.0
7397,3.233001,9.0
7398,2.2496417,9.0
7399,5.231252,9.0
7400,0.46763664,0.0
7401,6.209491,15.0
7402,5.4334617,14.0
7403,4.4529705,2.0
7404,6.0199804,8.0
7405,7.730976,5.0
7406,6.7659802,11.0
7407,5.553934,6.0
7408,4.7885704,0.0
7409,0.46763664,0.0
7410,4.351944,4.0
7411,3.4555485,7.0
7412,5.96984,9.0
7413,4.8725405,2.0
7414,5.3954377,6.0
7415,4.2470474,7.0
7416,4.836532,8.0
7417,5.5605965,1.0
7418,5.2086954,8.0
7419,5.906301,4.0
7420,5.0742784,2.0
7421,5.9711275,11.0
7422,2.1982505,0.0
7423,5.215959,10.0
7424,3.6553419,2.0
7425,4.7688265,6.0
7426,5.6618404,2.0
7427,2.4676096,0.0
7428,3.8288887,5.0
7429,2.929023,1.0
7430,1.1514974,2.0
7431,5.5448685,6.0
7432,3.9855669,9.0
7433,1.5111715,3.0
7434,2.8866827,1.0
7435,3.9149768,4.0
7436,5.5475388,9.0
7437,7.230567,10.0
7438,2.2496417,1.0
7439,4.70975,2.0
7440,3.588058,4.0
7441,4.910733,2.0
7442,4.588707,6.0
7443,5.5217237,9.0
7444,2.297909,3.0
7445,3.5982049,0.0
7446,3.5457444,0.0
7447,5.562118,9.0
7448,7.932271,9.0
7449,0.46763664,0.0
7450,5.9076176,3.0
7451,4.601544,1.0
7452,6.7537327,9.0
7453,3.8746536,1.0
7454,5.3251843,8.0
7455,6.0922556,10.0
7456,4.1623025,2.0
7457,4.492182,5.0
7458,3.570511,16.0
7459,0.46763664,0.0
7460,6.397153,9.0
7461,7.3653736,7.0
7462,7.704522,11.0
7463,5.6009483,8.0
7464,4.2758255,6.0
7465,3.4698496,5.0
7466,4.8456597,3.0
7467,3.2312775,7.0
7468,2.2496417,4.0
7469,7.133401,8.0
7470,4.1478996,0.0
7471,5.024098,3.0
7472,3.5355394,2.0
7473,2.2496417,2.0
7474,6.9300985,0.0
7475,6.286257,7.0
7476,6.83103,12.0
7477,0.46763664,0.0
7478,5.21924,11.0
7479,2.0608552,0.0
7480,3.5977168,2.0
7481,5.2651534,10.0
7482,5.782406,5.0
7483,4.7978663,3.0
7484,4.7153296,2.0
7485,6.6277537,3.0
7486,5.768844,16.0
7487,4.267646,8.0
7488,5.486338,10.0
7489,4.845949,8.0
7490,5.7229586,9.0
7491,4.063142,1.0
7492,5.7164903,2.0
7493,4.424795,10.0
7494,4.011063,1.0
7495,0.46763664,0.0
7496,4.844141,2.0
7497,0.46763664,0.0
7498,4.0816092,3.0
7499,4.0221114,1.0
7500,2.2496417,0.0
7501,5.2193804,12.0
7502,2.1187732,0.0
7503,5.012164,5.0
7504,6.8461637,13.0
7505,4.101051,2.0
7506,4.895681,9.0
7507,5.3069797,4.0
7508,5.0533495,13.0
7509,3.7561057,0.0
7510,5.006014,3.0
7511,3.3954911,0.0
7512,3.5344815,2.0
7513,5.3407393,4.0
7514,4.211751,0.0
7515,0.46763664,0.0
7516,6.683621,14.0
7517,6.7904224,8.0
7518,4.916569,2.0
7519,4.970417,4.0
7520,5.791774,12.0
7521,5.097781,4.0
7522,4.414415,3.0
7523,8.341267,11.0
7524,8.417165,13.0
7525,7.998149,6.0
7526,1.8093609,0.0
7527,5.5429144,5.0
7528,1.1951668,0.0
7529,4.3928413,3.0
7530,4.0719576,8.0
7531,2.7902272,23.0
7532,6.4459953,11.0
7533,6.982814,14.0
7534,2.5898113,0.0
7535,6.783261,9.0
7536,5.7889476,1.0
7537,0.46763664,0.0
7538,4.7449555,4.0
7539,6.5443087,2.0
7540,6.4585934,3.0
7541,5.5345883,0.0
7542,0.46763664,3.0
7543,2.4207387,8.0
7544,5.3788896,3.0
7545,5.6148458,3.0
7546,4.4096003,4.0
7547,4.3844533,0.0
7548,5.001204,4.0
7549,2.2496417,1.0
7550,3.7549484,3.0
7551,2.6139839,0.0
7552,3.5109022,0.0
7553,6.254112,9.0
7554,6.75522,15.0
7555,4.7182517,3.0
7556,1.2917687,1.0
7557,4.858205,0.0
7558,5.9114013,3.0
7559,4.954515,0.0
7560,4.175865,0.0
7561,1.6445395,4.0
7562,6.7851243,13.0
7563,7.009274,11.0
7564,0.46763664,0.0
7565,5.454028,2.0
7566,0.46763664,0.0
7567,2.2477608,0.0
7568,0.46763664,0.0
7569,6.0415816,10.0
7570,5.576893,3.0
7571,3.5395691,2.0
7572,2.8303468,1.0
7573,3.8864853,4.0
7574,6.5907307,5.0
7575,5.7324967,1.0
7576,5.331778,4.0
7577,5.1921067,5.0
7578,2.9285662,0.0
7579,7.745925,10.0
7580,6.172868,3.0
7581,4.526902,7.0
7582,5.2992682,10.0
7583,4.5906615,7.0
7584,2.7887106,1.0
7585,8.822818,13.0
7586,4.36669,3.0
7587,4.798174,9.0
7588,4.1632395,5.0
7589,2.3501372,2.0
7590,2.2496417,0.0
7591,3.135829,5.0
7592,4.5120363,3.0
7593,2.394047,8.0
7594,4.131425,7.0
7595,5.026876,9.0
7596,7.0648994,10.0
7597,5.333359,7.0
7598,5.28656,5.0
7599,4.5904074,9.0
7600,4.1977267,5.0
7601,4.274617,1.0
7602,4.169202,7.0
7603,3.9803388,10.0
7604,3.7670424,6.0
7605,5.8053446,12.0
7606,2.4996948,1.0
7607,4.7970576,8.0
7608,6.458015,4.0
7609,0.46763664,0.0
7610,3.9048364,3.0
7611,3.8701208,6.0
7612,0.46763664,0.0
7613,1.4183758,2.0
7614,4.0767283,7.0
7615,2.981343,8.0
7616,7.675662,11.0
7617,2.2496417,6.0
7618,1.6178726,0.0
7619,5.004809,7.0
7620,4.792854,3.0
7621,5.089308,0.0
7622,3.2306604,2.0
7623,6.2195086,3.0
7624,4.4805813,6.0
7625,0.46763664,0.0
7626,2.3107116,2.0
7627,7.2592945,5.0
7628,8.668812,8.0
7629,3.4921827,5.0
7630,4.8692613,9.0
7631,5.263088,0.0
7632,2.8264263,1.0
7633,7.2359505,2.0
7634,6.447863,6.0
7635,1.3551564,0.0
7636,0.46763664,0.0
7637,6.945097,0.0
7638,5.1040587,13.0
7639,4.1718187,10.0
7640,1.3906783,1.0
7641,0.46763664,0.0
7642,6.6281595,8.0
7643,4.84806,9.0
7644,4.1722636,5.0
7645,5.5606527,13.0
7646,5.1042137,3.0
7647,0.46763664,0.0
7648,4.480102,1.0
7649,0.86247283,3.0
7650,0.46763664,0.0
7651,5.609851,0.0
7652,6.41091,0.0
7653,5.485418,6.0
7654,2.2496417,0.0
7655,6.4938784,12.0
7656,4.300099,8.0
7657,6.4813495,8.0
7658,8.221699,13.0
7659,5.2284327,14.0
7660,4.5408087,1.0
7661,3.8829968,5.0
7662,3.5404952,1.0
7663,0.46763664,0.0
7664,1.3551564,1.0
7665,6.229885,6.0
7666,4.8362365,3.0
7667,6.1202707,3.0
7668,5.1239414,0.0
7669,5.0991483,5.0
7670,6.7063456,10.0
7671,2.9555185,5.0
7672,4.6474414,4.0
7673,2.1982505,2.0
7674,6.23264,7.0
7675,7.7614074,17.0
7676,5.267665,16.0
7677,6.5147247,13.0
7678,1.9842964,0.0
7679,4.5207596,4.0
7680,4.431355,2.0
7681,4.851636,5.0
7682,7.247323,0.0
7683,6.482297,0.0
7684,5.742454,0.0
7685,8.685844,12.0
7686,3.376557,5.0
7687,1.4183758,0.0
7688,5.0671773,5.0
7689,5.9157624,7.0
7690,6.413228,2.0
7691,1.5698087,1.0
7692,7.706868,9.0
7693,3.9458826,1.0
7694,5.5979676,7.0
7695,7.368107,7.0
7696,5.301263,5.0
7697,3.589273,3.0
7698,6.941969,6.0
7699,4.9507422,10.0
7700,5.343012,4.0
7701,4.922018,4.0
7702,4.4972754,7.0
7703,4.9328036,4.0
7704,2.2496417,0.0
7705,4.9150686,0.0
7706,1.5447628,0.0
7707,4.8354406,1.0
7708,5.7255626,2.0
7709,1.0924169,0.0
7710,7.058515,6.0
7711,4.3630733,2.0
7712,0.46763664,0.0
7713,5.0929413,3.0
7714,4.012097,7.0
7715,2.277966,0.0
7716,5.3206816,5.0
7717,6.0476794,8.0
7718,2.2496417,3.0
7719,5.2804923,10.0
7720,7.17961,15.0
7721,1.1659598,1.0
7722,6.9840016,18.0
7723,3.4279454,4.0
7724,2.4019282,1.0
7725,0.46763664,2.0
7726,3.028879,0.0
7727,4.881698,7.0
7728,5.2112584,10.0
7729,4.204221,4.0
7730,5.6442537,6.0
7731,0.8339675,0.0
7732,7.451643,13.0
7733,5.3349876,1.0
7734,5.941387,6.0
7735,5.492191,14.0
7736,4.0497384,7.0
7737,4.6628532,1.0
7738,7.6745152,5.0
7739,7.9628572,3.0
7740,1.4183758,4.0
7741,7.7466307,7.0
7742,4.1137123,5.0
7743,6.244858,10.0
7744,3.3963406,0.0
7745,4.731355,5.0
7746,5.051291,7.0
7747,4.1828275,0.0
7748,5.8583155,5.0
7749,6.1040015,5.0
7750,4.413635,0.0
7751,4.48631,5.0
7752,0.46763664,0.0
7753,5.5782256,8.0
7754,5.6733003,16.0
7755,0.46763664,0.0
7756,5.534044,4.0
7757,5.6094675,6.0
7758,0.46763664,5.0
7759,4.2965026,1.0
7760,6.765809,12.0
7761,5.158372,13.0
7762,6.8936315,13.0
7763,1.9909037,5.0
7764,7.317037,8.0
7765,4.9589324,3.0
7766,4.7955556,11.0
7767,5.1857767,11.0
7768,4.112358,3.0
7769,5.9888325,5.0
7770,4.5088224,0.0
7771,5.490445,12.0
7772,5.356263,9.0
7773,6.919408,15.0
7774,2.6724665,0.0
7775,6.2033587,1.0
7776,4.630878,0.0
7777,2.4200869,2.0
7778,4.583434,6.0
7779,3.1654992,0.0
7780,4.073545,9.0
7781,4.714166,7.0
7782,4.634794,10.0
7783,4.18503,3.0
7784,2.3587945,0.0
7785,0.98045474,0.0
7786,5.24688,0.0
7787,2.2496417,9.0
7788,2.8185115,1.0
7789,8.327144,9.0
7790,4.2262573,2.0
7791,1.9223117,0.0
7792,4.5242524,8.0
7793,6.2014794,2.0
7794,4.7570095,8.0
7795,2.6466446,5.0
7796,6.3317814,0.0
7797,6.5291944,0.0
7798,2.2496417,0.0
7799,6.424782,10.0
7800,3.954337,0.0
7801,2.756942,1.0
7802,4.143555,6.0
7803,2.6966667,0.0
7804,4.567585,4.0
7805,4.69579,2.0
7806,5.415216,6.0
7807,1.4183758,0.0
7808,2.9434123,6.0
7809,4.4948893,1.0
7810,3.3186262,4.0
7811,5.9097004,8.0
7812,3.3981316,6.0
7813,1.7323995,5.0
7814,0.8810981,3.0
7815,5.1401625,7.0
7816,5.5209527,13.0
7817,5.79134,9.0
7818,6.879831,14.0
7819,3.9465988,1.0
7820,4.3307056,2.0
7821,0.46763664,1.0
7822,2.2496417,4.0
7823,4.5881886,5.0
7824,7.9517727,8.0
7825,0.46763664,0.0
7826,5.722443,2.0
7827,4.099059,3.0
7828,5.053865,7.0
7829,5.45499,8.0
7830,5.4252124,3.0
7831,3.104299,2.0
7832,3.8201563,9.0
7833,4.9605393,0.0
7834,4.336482,2.0
7835,4.292612,3.0
7836,2.2496417,0.0
7837,3.6316707,3.0
7838,7.4201374,5.0
7839,0.46763664,0.0
7840,2.8081157,0.0
7841,4.283544,7.0
7842,6.7038894,4.0
7843,3.4433398,1.0
7844,5.912809,9.0
7845,3.8225672,5.0
7846,8.402199,14.0
7847,3.2489595,4.0
7848,7.6495647,7.0
7849,3.6454637,4.0
7850,2.8328683,1.0
7851,5.172291,4.0
7852,2.6793122,1.0
7853,6.1878233,7.0
7854,5.2909665,7.0
7855,8.727467,7.0
7856,0.46763664,0.0
7857,0.46763664,0.0
7858,4.7976456,6.0
7859,1.1514974,0.0
7860,4.750219,6.0
7861,2.9231222,1.0
7862,5.276204,6.0
7863,3.2329955,2.0
7864,4.4881177,6.0
7865,4.02848,0.0
7866,3.7917488,1.0
7867,5.046573,6.0
7868,6.974514,8.0
7869,8.276707,12.0
7870,2.813029,2.0
7871,6.193027,16.0
7872,3.9141228,8.0
7873,5.029473,7.0
7874,4.881203,1.0
7875,4.6481495,0.0
7876,8.320804,6.0
7877,4.7878194,2.0
7878,2.6000655,0.0
7879,6.112276,5.0
7880,6.23233,5.0
7881,6.270999,2.0
7882,6.066557,2.0
7883,4.8666306,4.0
7884,7.7083964,13.0
7885,3.6747894,0.0
7886,4.9040437,5.0
7887,4.6339464,4.0
7888,0.46763664,0.0
7889,3.134336,1.0
7890,4.2328873,5.0
7891,3.9475749,2.0
7892,4.9681115,11.0
7893,4.969343,16.0
7894,5.336406,8.0
7895,4.8861074,0.0
7896,4.397168,13.0
7897,3.1153545,8.0
7898,8.182628,10.0
7899,4.5608263,5.0
7900,2.4687426,0.0
7901,2.7429352,0.0
7902,2.2522826,2.0
7903,5.9685163,5.0
7904,6.8584623,1.0
7905,5.73163,6.0
7906,6.7534676,2.0
7907,4.163333,7.0
7908,6.7842903,13.0
7909,4.800155,2.0
7910,0.46763664,0.0
7911,4.2723875,3.0
7912,4.4017897,5.0
7913,7.5168753,11.0
7914,6.3156376,6.0
7915,3.88708,0.0
7916,2.507223,0.0
7917,5.344364,5.0
7918,6.1179533,10.0
7919,5.2329197,1.0
7920,5.22904,8.0
7921,1.6445395,0.0
7922,6.957712,8.0
7923,4.3110194,3.0
7924,6.505722,7.0
7925,5.4419026,6.0
7926,4.8319416,2.0
7927,6.410391,6.0
7928,4.946395,7.0
7929,6.229671,16.0
7930,5.1762323,3.0
7931,4.9992485,3.0
7932,3.2488835,0.0
7933,4.0604825,10.0
7934,0.46763664,0.0
7935,5.5179625,0.0
7936,4.617678,1.0
7937,4.4589453,1.0
7938,0.4963569,1.0
7939,7.909457,10.0
7940,6.464736,9.0
7941,5.401412,7.0
7942,6.169332,11.0
7943,4.7514453,11.0
7944,7.0170383,4.0
7945,5.22254,6.0
7946,0.46763664,0.0
7947,3.7298744,6.0
7948,2.7391865,0.0
7949,4.8306065,3.0
7950,2.2496417,0.0
7951,0.46763664,0.0
7952,4.865022,5.0
7953,2.4585211,0.0
7954,5.364596,5.0
7955,4.492336,4.0
7956,5.053298,6.0
7957,4.0775027,7.0
7958,2.1304574,0.0
7959,2.2496417,0.0
7960,2.463625,0.0
7961,6.021447,7.0
7962,3.4661114,2.0
7963,2.8008573,2.0
7964,5.433359,10.0
7965,5.365104,6.0
7966,6.5744696,10.0
7967,5.382822,16.0
7968,5.0003014,7.0
7969,4.7015815,1.0
7970,4.730453,10.0
7971,1.6445395,0.0
7972,5.462796,4.0
7973,4.36129,2.0
7974,0.46763664,0.0
7975,5.375208,4.0
7976,3.3373377,1.0
7977,3.7656596,10.0
7978,4.554755,12.0
7979,5.1896644,6.0
7980,5.269021,5.0
7981,4.3500667,2.0
7982,7.8833485,0.0
7983,3.3389306,3.0
7984,2.2496417,1.0
7985,4.7602844,15.0
7986,6.563172,7.0
7987,7.1313562,2.0
7988,0.46763664,0.0
7989,5.060156,0.0
7990,4.003681,1.0
7991,0.86247283,0.0
7992,0.46763664,0.0
7993,2.2496417,5.0
7994,0.46763664,0.0
7995,5.232763,4.0
7996,1.1417458,0.0
7997,3.870992,2.0
7998,3.3001823,12.0
7999,5.325168,11.0
8000,5.7292757,1.0
8001,2.0520985,0.0
8002,5.7443166,7.0
8003,5.428931,10.0
8004,3.9270847,5.0
8005,3.9549167,1.0
8006,0.46763664,1.0
8007,3.2867424,0.0
8008,4.1643744,8.0
8009,7.1472,5.0
8010,6.228248,0.0
8011,4.980768,2.0
8012,7.0638304,9.0
8013,7.854268,15.0
8014,3.0562298,0.0
8015,5.4924555,9.0
8016,5.084896,9.0
8017,6.051003,5.0
8018,0.9853727,0.0
8019,7.0390406,7.0
8020,2.744734,0.0
8021,4.5191827,3.0
8022,3.0762262,4.0
8023,4.1027784,4.0
8024,1.9746879,0.0
8025,5.8511524,6.0
8026,5.8593464,3.0
8027,6.647448,10.0
8028,6.572924,0.0
8029,3.2064621,0.0
8030,2.7391865,0.0
8031,5.9781427,12.0
8032,2.2496417,0.0
8033,4.7082057,13.0
8034,6.285371,4.0
8035,2.5898113,0.0
8036,5.9900455,3.0
8037,3.0001178,8.0
8038,6.4915376,4.0
8039,6.3205967,10.0
8040,3.701579,0.0
8041,4.081437,6.0
8042,4.9830317,6.0
8043,5.0987573,6.0
8044,4.937077,7.0
8045,3.5494225,0.0
8046,0.895104,0.0
8047,1.6768695,0.0
8048,4.0173125,10.0
8049,5.3438287,4.0
8050,0.46763664,6.0
8051,5.50444,11.0
8052,5.824006,0.0
8053,4.2700276,1.0
8054,3.5353665,9.0
8055,4.392504,5.0
8056,2.2496417,7.0
8057,3.8575032,3.0
8058,2.917798,0.0
8059,4.336459,1.0
8060,4.683621,0.0
8061,4.54439,2.0
8062,4.844374,7.0
8063,1.1659598,0.0
8064,3.6606333,0.0
8065,4.5353084,6.0
8066,4.253529,0.0
8067,6.4465923,9.0
8068,0.46763664,0.0
8069,2.2496417,0.0
8070,4.078338,1.0
8071,4.800111,0.0
8072,5.357167,5.0
8073,5.230539,12.0
8074,3.8464715,0.0
8075,4.536498,8.0
8076,4.430491,7.0
8077,4.6926584,3.0
8078,3.383437,0.0
8079,3.658498,0.0
8080,5.8057103,9.0
8081,5.030747,8.0
8082,4.1274996,2.0
8083,5.4809804,7.0
8084,3.731082,6.0
8085,5.388113,10.0
8086,7.31543,3.0
8087,7.232268,11.0
8088,4.5842204,5.0
8089,5.836971,3.0
8090,0.46763664,0.0
8091,6.336318,7.0
8092,7.1704626,4.0
8093,5.217369,1.0
8094,5.68804,2.0
8095,2.277966,10.0
8096,5.148678,0.0
8097,4.607559,1.0
8098,4.3904066,5.0
8099,2.0629122,1.0
8100,0.46763664,0.0
8101,4.022913,4.0
8102,5.0557528,5.0
8103,4.6018095,4.0
8104,2.2496417,2.0
8105,0.46763664,0.0
8106,6.5958195,12.0
8107,6.1954994,7.0
8108,6.533774,7.0
8109,6.7639947,8.0
8110,1.9831928,1.0
8111,6.8816266,9.0
8112,2.7250514,1.0
8113,7.409442,5.0
8114,6.8832173,4.0
8115,6.341102,6.0
8116,5.681103,11.0
8117,4.8984666,8.0
8118,4.203474,2.0
8119,5.7691436,8.0
8120,5.294343,2.0
8121,5.868229,10.0
8122,4.5381446,2.0
8123,5.768844,14.0
8124,5.446925,7.0
8125,4.070031,5.0
8126,5.042727,13.0
8127,3.2944725,1.0
8128,6.4973283,5.0
8129,4.7038445,3.0
8130,4.5756435,3.0
8131,4.3562403,7.0
8132,5.7230906,10.0
8133,5.387804,2.0
8134,6.5919876,9.0
8135,5.2170157,1.0
8136,5.2760515,4.0
8137,6.0774164,4.0
8138,4.490744,4.0
8139,6.8562326,16.0
8140,5.6069045,5.0
8141,4.4311843,2.0
8142,2.2496417,1.0
8143,6.5254674,8.0
8144,3.2166975,0.0
8145,2.277966,7.0
8146,6.8325186,5.0
8147,5.7895484,2.0
8148,4.2626047,2.0
8149,8.348996,11.0
8150,4.0734606,5.0
8151,1.1514974,0.0
8152,6.142829,3.0
8153,5.1053386,4.0
8154,4.609956,12.0
8155,6.541622,13.0
8156,2.2496417,2.0
8157,4.0153933,3.0
8158,6.3288364,16.0
8159,2.6795464,0.0
8160,6.059149,4.0
8161,6.642176,6.0
8162,5.3900623,9.0
8163,0.46763664,0.0
8164,0.46763664,0.0
8165,5.239329,0.0
8166,2.2496417,2.0
8167,4.7223153,6.0
8168,5.0286713,5.0
8169,4.5677853,3.0
8170,5.1118264,7.0
8171,7.1371217,4.0
8172,0.46763664,0.0
8173,7.355139,6.0
8174,3.255675,2.0
8175,5.087938,3.0
8176,2.9887564,6.0
8177,3.6142356,7.0
8178,6.7005496,1.0
8179,4.3648715,4.0
8180,7.262378,3.0
8181,4.6028166,4.0
8182,6.662887,11.0
8183,6.081134,3.0
8184,4.489978,4.0
8185,3.8296745,0.0
8186,5.352744,4.0
8187,5.114823,3.0
8188,4.843639,4.0
8189,5.971072,10.0
8190,5.789811,21.0
8191,1.9548095,9.0
8192,7.1789007,12.0
8193,4.701768,4.0
8194,0.46763664,0.0
8195,2.2496417,1.0
8196,6.253853,8.0
8197,7.938548,7.0
8198,4.6897545,3.0
8199,2.2496417,0.0
8200,5.0559254,1.0
8201,3.1153545,0.0
8202,3.1683187,14.0
8203,4.338121,0.0
8204,5.6607327,8.0
8205,5.2513304,7.0
8206,6.052707,3.0
8207,0.895104,0.0
8208,5.6853437,4.0
8209,5.8891735,7.0
8210,5.969121,12.0
8211,4.476153,3.0
8212,4.927423,4.0
8213,4.0932183,18.0
8214,4.6347303,8.0
8215,7.0905933,4.0
8216,6.8869085,7.0
8217,5.197072,1.0
8218,4.5103087,11.0
8219,3.8491404,4.0
8220,3.9781272,5.0
8221,6.7098794,8.0
8222,7.8246737,10.0
8223,5.1593094,3.0
8224,1.9220713,0.0
8225,3.310535,2.0
8226,2.1941454,4.0
8227,5.0961123,3.0
8228,4.5768,2.0
8229,1.1514974,0.0
8230,6.299169,13.0
8231,2.2496417,1.0
8232,6.368793,12.0
8233,5.101286,6.0
8234,3.5651214,7.0
8235,0.46763664,2.0
8236,3.603927,6.0
8237,8.239193,7.0
8238,7.7524066,14.0
8239,7.476969,9.0
8240,5.5796947,13.0
8241,4.3049426,3.0
8242,6.7004504,11.0
8243,5.2432785,8.0
8244,3.218411,4.0
8245,2.957515,0.0
8246,0.46763664,0.0
8247,2.425122,1.0
8248,3.3154402,5.0
8249,0.46763664,7.0
8250,6.3755255,9.0
8251,0.46763664,0.0
8252,5.7861257,6.0
8253,5.888212,2.0
8254,3.6021085,3.0
8255,4.631166,7.0
8256,6.760692,5.0
8257,6.9722595,0.0
8258,4.522885,3.0
8259,5.0540953,11.0
8260,6.2290273,4.0
8261,4.8119974,5.0
8262,6.5293403,11.0
8263,4.803303,5.0
8264,5.5825014,3.0
8265,3.4253216,2.0
8266,1.3906783,0.0
8267,0.46763664,0.0
8268,3.521641,4.0
8269,0.46763664,0.0
8270,4.37176,7.0
8271,7.7422757,2.0
8272,6.4561224,3.0
8273,4.6426015,5.0
8274,7.596225,12.0
8275,7.653819,12.0
8276,6.913971,10.0
8277,4.35867,4.0
8278,6.293303,6.0
8279,4.998549,4.0
8280,5.8438683,5.0
8281,5.999528,12.0
8282,1.1659598,0.0
8283,3.7427266,4.0
8284,5.3674116,3.0
8285,5.2029705,15.0
8286,5.377502,9.0
8287,4.394603,2.0
8288,4.9663444,1.0
8289,8.068725,6.0
8290,5.381065,10.0
8291,3.4615114,0.0
8292,5.088638,5.0
8293,2.482146,0.0
8294,1.6586844,0.0
8295,5.3766723,5.0
8296,0.46763664,0.0
8297,7.3364625,6.0
8298,2.2496417,1.0
8299,7.5085316,8.0
8300,2.8803585,4.0
8301,4.141653,2.0
8302,5.4999228,7.0
8303,4.044685,0.0
8304,6.057457,5.0
8305,8.175091,8.0
8306,8.0215845,11.0
8307,4.7200675,12.0
8308,3.4744635,0.0
8309,4.5730047,2.0
8310,3.5904467,2.0
8311,7.6947756,6.0
8312,2.2496417,0.0
8313,0.46763664,0.0
8314,4.735302,1.0
8315,7.9241314,4.0
8316,3.3372939,2.0
8317,7.416947,12.0
8318,2.463625,0.0
8319,4.6940393,2.0
8320,5.1637087,11.0
8321,5.163157,2.0
8322,3.8079498,0.0
8323,4.8114142,6.0
8324,4.2797623,0.0
8325,7.1057525,8.0
8326,5.9019175,10.0
8327,8.341507,8.0
8328,8.860362,7.0
8329,0.46763664,0.0
8330,5.447569,9.0
8331,2.1192162,0.0
8332,4.2292714,3.0
8333,4.6862435,1.0
8334,7.6485825,12.0
8335,7.0254064,1.0
8336,4.0034947,7.0
8337,2.6846204,1.0
8338,5.906488,17.0
8339,0.46763664,2.0
8340,1.2480718,0.0
8341,4.0475936,3.0
8342,3.6418805,2.0
8343,6.276813,10.0
8344,5.293679,1.0
8345,5.8173523,2.0
8346,5.7684927,4.0
8347,3.6487136,2.0
8348,2.2496417,4.0
8349,2.2496417,0.0
8350,2.600705,2.0
8351,4.3550715,3.0
8352,5.8768883,8.0
8353,3.3789299,0.0
8354,2.8577855,8.0
8355,6.1143746,6.0
8356,7.690934,14.0
8357,6.600093,8.0
8358,5.3805084,2.0
8359,4.0772877,7.0
8360,4.303294,4.0
8361,5.866251,9.0
8362,5.732865,6.0
8363,3.8023736,0.0
8364,5.1629786,0.0
8365,3.4367247,4.0
8366,4.882586,8.0
8367,5.097314,1.0
8368,2.9199731,1.0
8369,5.8064933,1.0
8370,7.637313,11.0
8371,3.5355632,0.0
8372,2.6293433,0.0
8373,5.7103043,5.0
8374,7.0723405,10.0
8375,5.9451485,7.0
8376,0.46763664,0.0
8377,1.1951668,0.0
8378,5.0350437,5.0
8379,5.5682034,6.0
8380,7.5740223,9.0
8381,5.390629,6.0
8382,2.2517118,2.0
8383,5.5107746,5.0
8384,5.0233397,1.0
8385,4.904735,0.0
8386,5.08384,4.0
8387,3.4720995,1.0
8388,5.035781,9.0
8389,5.3971972,9.0
8390,6.6255894,1.0
8391,1.1659598,0.0
8392,5.5200553,5.0
8393,5.7204843,6.0
8394,3.9765675,1.0
8395,5.679386,10.0
8396,7.1457243,8.0
8397,3.1437535,1.0
8398,3.019194,0.0
8399,0.46763664,6.0
8400,3.8906481,2.0
8401,4.264765,5.0
8402,4.174966,2.0
8403,6.0058136,8.0
8404,7.645886,2.0
8405,0.46763664,0.0
8406,5.664884,9.0
8407,5.1200423,3.0
8408,5.046791,3.0
8409,2.0629122,0.0
8410,3.5017579,2.0
8411,3.9293678,0.0
8412,3.6828132,5.0
8413,2.2496417,2.0
8414,6.7117634,11.0
8415,6.5094757,11.0
8416,5.651124,0.0
8417,0.46763664,0.0
8418,5.0148616,4.0
8419,5.205796,10.0
8420,4.3222456,5.0
8421,3.663366,1.0
8422,5.649821,3.0
8423,4.887279,9.0
8424,1.5762271,3.0
8425,4.3398767,1.0
8426,2.9598787,3.0
8427,5.266429,3.0
8428,1.6404005,2.0
8429,3.711696,0.0
8430,5.244213,9.0
8431,6.4452105,13.0
8432,3.1198907,7.0
8433,0.46763664,0.0
8434,4.9341416,9.0
8435,0.46763664,0.0
8436,5.2581935,11.0
8437,5.687203,9.0
8438,0.46763664,0.0
8439,3.1437564,2.0
8440,3.252931,9.0
8441,2.2496417,2.0
8442,5.4002185,10.0
8443,0.98045474,0.0
8444,5.900483,6.0
8445,7.4139423,12.0
8446,4.799969,19.0
8447,5.159095,2.0
8448,2.2496417,0.0
8449,4.96708,1.0
8450,5.280108,2.0
8451,5.424159,10.0
8452,2.5914602,0.0
8453,5.9388757,6.0
8454,6.3367443,6.0
8455,2.2496417,0.0
8456,5.6339774,2.0
8457,1.6445395,0.0
8458,5.21716,9.0
8459,3.81801,0.0
8460,2.2496417,0.0
8461,3.5089674,3.0
8462,1.3039705,0.0
8463,3.259356,0.0
8464,0.46763664,3.0
8465,4.87633,1.0
8466,5.096078,6.0
8467,3.8945272,11.0
8468,4.5422745,10.0
8469,4.312579,4.0
8470,0.46763664,0.0
8471,6.8077755,8.0
8472,2.277966,0.0
8473,5.0443845,2.0
8474,5.1868963,3.0
8475,5.00969,4.0
8476,6.451976,9.0
8477,0.74694175,0.0
8478,3.3057814,4.0
8479,7.091676,2.0
8480,2.2496417,0.0
8481,1.9082247,0.0
8482,5.7005816,15.0
8483,0.46763664,0.0
8484,5.6050577,13.0
8485,6.1430454,13.0
8486,0.895104,3.0
8487,4.5499315,0.0
8488,3.7641933,2.0
8489,5.2541127,4.0
8490,3.8153684,7.0
8491,4.1225915,5.0
8492,3.8445098,12.0
8493,6.322919,10.0
8494,2.2496417,3.0
8495,3.8701942,0.0
8496,5.905082,4.0
8497,2.952831,3.0
8498,3.38086,7.0
8499,4.5299215,6.0
8500,6.9133253,6.0
8501,2.4032748,1.0
8502,5.190091,9.0
8503,3.295866,0.0
8504,4.7137885,2.0
8505,7.793643,13.0
8506,2.9517355,0.0
8507,4.226192,2.0
8508,2.9984975,0.0
8509,1.9877228,7.0
8510,3.7489967,3.0
8511,5.96235,1.0
8512,7.1087,9.0
8513,6.0819483,9.0
8514,6.7842026,10.0
8515,4.6334662,1.0
8516,8.391742,8.0
8517,4.8611007,2.0
8518,7.2590675,9.0
8519,3.3395262,6.0
8520,6.4584646,3.0
8521,4.037393,11.0
8522,5.8085957,16.0
8523,6.4512386,10.0
8524,3.0803454,3.0
8525,5.666952,16.0
8526,5.625091,1.0
8527,5.5163937,3.0
8528,5.182199,5.0
8529,8.242586,14.0
8530,8.002165,8.0
8531,7.2419724,0.0
8532,2.717949,2.0
8533,5.9714155,3.0
8534,2.7480118,0.0
8535,2.3049924,3.0
8536,4.4627976,4.0
8537,5.173623,12.0
8538,5.6971374,2.0
8539,2.8720052,3.0
8540,0.46763664,0.0
8541,4.0118537,13.0
8542,7.2009068,9.0
8543,5.0199122,8.0
8544,6.2814436,1.0
8545,3.831292,5.0
8546,3.1932292,0.0
8547,4.374756,2.0
8548,5.6624217,5.0
8549,0.46763664,0.0
8550,7.2343645,13.0
8551,4.2620325,8.0
8552,2.2496417,4.0
8553,4.424019,6.0
8554,4.062976,4.0
8555,6.796786,11.0
8556,3.439108,1.0
8557,5.166572,0.0
8558,0.46763664,3.0
8559,3.318381,6.0
8560,4.920116,6.0
8561,0.46763664,0.0
8562,4.162794,2.0
8563,2.2496417,0.0
8564,7.2446113,13.0
8565,2.2496417,0.0
8566,3.3235853,2.0
8567,4.85462,0.0
8568,3.9432595,1.0
8569,5.217287,6.0
8570,1.7323995,0.0
8571,4.6500454,3.0
8572,4.913551,3.0
8573,0.46763664,0.0
8574,7.440852,10.0
8575,3.8005016,1.0
8576,4.648567,7.0
8577,8.405452,9.0
8578,5.1115828,4.0
8579,6.749868,12.0
8580,5.9911294,5.0
8581,4.3053713,1.0
8582,7.423629,5.0
8583,5.6459966,3.0
8584,4.2799926,4.0
8585,5.5412207,4.0
8586,6.5683055,13.0
8587,4.8854666,10.0
8588,8.264075,11.0
8589,6.9781175,10.0
8590,4.29812,5.0
8591,5.195974,4.0
8592,2.8675165,0.0
8593,3.5238123,0.0
8594,4.0538406,14.0
8595,6.134696,4.0
8596,5.04093,10.0
8597,1.3039705,0.0
8598,0.46763664,0.0
8599,5.5832415,5.0
8600,4.3725605,1.0
8601,3.1087315,4.0
8602,5.412696,0.0
8603,6.7678914,12.0
8604,4.698228,6.0
8605,3.3090632,0.0
8606,3.9438212,0.0
8607,3.7508876,6.0
8608,5.0765867,13.0
8609,5.179548,4.0
8610,5.222303,8.0
8611,5.6491475,6.0
8612,1.6445395,0.0
8613,5.3350897,1.0
8614,5.7220173,3.0
8615,2.8796046,10.0
8616,4.2352686,9.0
8617,6.6831393,4.0
8618,3.4710038,0.0
8619,8.399433,7.0
8620,3.58862,2.0
8621,6.7807474,16.0
8622,5.489458,4.0
8623,4.553874,1.0
8624,3.0306618,1.0
8625,4.3890114,5.0
8626,4.092158,7.0
8627,4.8395095,5.0
8628,3.1642318,8.0
8629,6.054296,6.0
8630,6.6662025,2.0
8631,0.46763664,0.0
8632,5.4598365,12.0
8633,4.4262395,10.0
8634,5.4233465,6.0
8635,0.46763664,0.0
8636,5.5994186,3.0
8637,6.495202,5.0
8638,4.6102576,15.0
8639,5.037811,0.0
8640,4.3760366,1.0
8641,2.2776248,1.0
8642,5.3539295,3.0
8643,3.7505858,2.0
8644,5.7260947,10.0
8645,2.7388597,4.0
8646,4.869161,10.0
8647,6.2077613,27.0
8648,4.839444,6.0
8649,8.354889,12.0
8650,6.0089607,7.0
8651,4.979986,0.0
8652,7.743019,11.0
8653,3.0371792,8.0
8654,2.2496417,2.0
8655,6.2215786,9.0
8656,5.060936,3.0
8657,6.477809,6.0
8658,2.3782713,0.0
8659,6.913189,15.0
8660,7.007626,5.0
8661,6.0170517,6.0
8662,3.1387355,5.0
8663,6.7096596,6.0
8664,4.307129,10.0
8665,2.2496417,2.0
8666,5.324517,7.0
8667,4.735397,6.0
8668,4.8916254,0.0
8669,3.931939,5.0
8670,7.5944467,12.0
8671,5.455,1.0
8672,3.9423916,0.0
8673,6.3666162,8.0
8674,2.2496417,0.0
8675,4.731544,1.0
8676,5.169582,1.0
8677,2.692322,0.0
8678,5.6962423,12.0
8679,6.237158,2.0
8680,3.2820182,1.0
8681,4.5082483,5.0
8682,5.1814775,15.0
8683,5.925777,16.0
8684,6.8810496,14.0
8685,3.9762928,0.0
8686,4.640626,13.0
8687,6.233605,0.0
8688,5.2519617,7.0
8689,3.3012471,0.0
8690,5.1606226,1.0
8691,2.2496417,0.0
8692,0.46763664,0.0
8693,3.8919456,1.0
8694,5.838913,5.0
8695,3.269336,1.0
8696,3.6540658,5.0
8697,4.8620596,2.0
8698,2.2323854,0.0
8699,5.700348,11.0
8700,5.584649,4.0
8701,6.1072655,3.0
8702,3.9140394,4.0
8703,5.901499,14.0
8704,5.034711,13.0
8705,2.7391865,10.0
8706,2.7789772,0.0
8707,2.1917422,3.0
8708,6.0267897,17.0
8709,5.3794875,2.0
8710,5.09947,6.0
8711,6.0711136,12.0
8712,4.6029615,2.0
8713,4.4503713,10.0
8714,4.3081713,13.0
8715,7.1374593,12.0
8716,5.8968444,10.0
8717,5.4012218,2.0
8718,7.2122493,9.0
8719,3.146148,0.0
8720,3.817633,6.0
8721,8.461717,9.0
8722,4.539136,2.0
8723,3.973077,3.0
8724,5.721591,5.0
8725,5.7015295,5.0
8726,2.2933028,0.0
8727,5.5096865,5.0
8728,2.2496417,4.0
8729,8.034039,13.0
8730,6.91049,3.0
8731,5.2910576,6.0
8732,7.4011793,8.0
8733,7.1876664,8.0
8734,6.3851485,8.0
8735,2.1447482,1.0
8736,2.4431865,2.0
8737,6.3401856,5.0
8738,3.824753,4.0
8739,4.670246,5.0
8740,0.46763664,0.0
8741,6.8509026,14.0
8742,3.1700535,0.0
8743,7.3510933,2.0
8744,5.358745,9.0
8745,1.6586844,0.0
8746,5.811825,4.0
8747,5.3640804,6.0
8748,2.2496417,0.0
8749,5.830703,12.0
8750,0.46763664,0.0
8751,4.5463386,5.0
8752,1.4823911,5.0
8753,6.210841,6.0
8754,0.46763664,0.0
8755,0.46763664,0.0
8756,4.7084956,3.0
8757,4.448629,2.0
8758,2.2496417,2.0
8759,4.856925,7.0
8760,5.850739,4.0
8761,4.6783504,0.0
8762,4.6523933,4.0
8763,6.9096255,6.0
8764,6.3479075,2.0
8765,3.2608109,0.0
8766,5.9550247,0.0
8767,5.7683945,9.0
8768,3.5086439,2.0
8769,2.2496417,3.0
8770,2.4265904,0.0
8771,4.4932227,1.0
8772,0.46763664,0.0
8773,1.1514974,0.0
8774,5.2003837,4.0
8775,7.914854,10.0
8776,1.5732363,0.0
8777,3.9783494,3.0
8778,4.189053,8.0
8779,4.1856146,0.0
8780,3.8657286,6.0
8781,3.6017134,1.0
8782,2.594752,1.0
8783,3.6516345,0.0
8784,2.738214,0.0
8785,5.3352985,7.0
8786,4.684444,0.0
8787,5.9817867,12.0
8788,2.6137357,0.0
8789,3.9544704,1.0
8790,7.179381,6.0
8791,5.925189,10.0
8792,4.790681,5.0
8793,0.46763664,0.0
8794,6.991128,1.0
8795,6.091371,11.0
8796,6.9300575,7.0
8797,3.346532,2.0
8798,3.6322758,3.0
8799,7.0305753,7.0
8800,4.236811,6.0
8801,6.0047755,1.0
8802,2.2496417,5.0
8803,3.5484467,0.0
8804,5.783159,7.0
8805,5.053062,3.0
8806,7.7194614,3.0
8807,4.142729,0.0
8808,6.8178773,6.0
8809,5.828011,4.0
8810,7.626935,12.0
8811,0.46763664,0.0
8812,5.0386534,8.0
8813,3.9740803,11.0
8814,1.1514974,1.0
8815,3.5824654,1.0
8816,5.6785254,0.0
8817,6.01265,8.0
8818,2.390939,0.0
8819,3.0599139,3.0
8820,3.5278294,0.0
8821,0.46763664,0.0
8822,4.085621,0.0
8823,0.46763664,0.0
8824,5.9860873,7.0
8825,2.0959518,3.0
8826,0.46763664,0.0
8827,3.2836077,2.0
8828,3.1295815,2.0
8829,3.893504,4.0
8830,3.677451,2.0
8831,2.1429205,0.0
8832,7.238813,12.0
8833,3.1550663,7.0
8834,6.4402704,9.0
8835,4.9450364,0.0
8836,0.46763664,0.0
8837,4.8974595,2.0
8838,3.521641,0.0
8839,4.798474,3.0
8840,1.5732363,0.0
8841,2.3035676,1.0
8842,6.2571626,5.0
8843,3.8291266,3.0
8844,6.772064,14.0
8845,5.2733545,1.0
8846,0.46763664,0.0
8847,4.4447765,4.0
8848,1.3551564,1.0
8849,0.46763664,0.0
8850,4.4425755,3.0
8851,7.9614563,1.0
8852,4.7431984,2.0
8853,4.962621,5.0
8854,1.5762271,0.0
8855,4.367114,7.0
8856,5.4862266,10.0
8857,5.2024765,7.0
8858,2.495949,8.0
8859,6.6390257,3.0
8860,2.2496417,4.0
8861,7.9537544,20.0
8862,6.145318,4.0
8863,3.2158086,2.0
8864,6.1852217,4.0
8865,4.4085217,0.0
8866,5.58213,4.0
8867,0.46763664,0.0
8868,5.8651085,0.0
8869,2.2496417,0.0
8870,4.70912,9.0
8871,0.46763664,0.0
8872,0.46763664,0.0
8873,6.3877287,3.0
8874,2.2496417,0.0
8875,6.9934273,8.0
8876,5.4310417,7.0
8877,1.3551564,0.0
8878,4.824038,4.0
8879,5.045685,8.0
8880,0.46763664,0.0
8881,3.0002162,1.0
8882,2.752499,0.0
8883,5.7388,10.0
8884,2.3440619,2.0
8885,5.6380944,7.0
8886,6.3990755,5.0
8887,4.970861,4.0
8888,8.34941,8.0
8889,5.220229,7.0
8890,0.46763664,0.0
8891,2.3585074,1.0
8892,7.842202,2.0
8893,4.985476,10.0
8894,0.46763664,0.0
8895,2.2564838,0.0
8896,4.5965576,2.0
8897,4.9177895,2.0
8898,6.070472,3.0
8899,5.8836565,10.0
8900,7.181648,5.0
8901,4.678888,5.0
8902,1.5915654,0.0
8903,4.0824423,0.0
8904,5.5605216,9.0
8905,2.4815576,0.0
8906,7.526244,7.0
8907,4.596205,5.0
8908,5.5183687,5.0
8909,3.5102546,2.0
8910,2.2566593,0.0
8911,4.160777,6.0
8912,6.862542,9.0
8913,2.2496417,5.0
8914,8.3132,16.0
8915,0.46763664,0.0
8916,4.33012,3.0
8917,5.7176943,11.0
8918,2.6704092,0.0
8919,4.6848564,3.0
8920,6.857732,8.0
8921,6.987316,9.0
8922,4.242206,7.0
8923,3.3012471,5.0
8924,4.9617596,4.0
8925,3.6774364,1.0
8926,9.124351,11.0
8927,7.1967974,8.0
8928,4.873798,7.0
8929,2.2496417,4.0
8930,7.9516125,9.0
8931,7.8687325,11.0
8932,8.940787,11.0
8933,7.5312667,11.0
8934,4.897502,4.0
8935,5.3186,4.0
8936,2.6000655,8.0
8937,5.2610645,3.0
8938,1.1659598,0.0
8939,2.0676854,1.0
8940,5.781964,1.0
8941,5.7809215,5.0
8942,5.4538884,8.0
8943,4.2041774,7.0
8944,2.384303,2.0
8945,1.3039705,0.0
8946,6.3177094,8.0
8947,6.3206153,4.0
8948,5.787327,0.0
8949,4.5389104,3.0
8950,4.2345266,2.0
8951,6.1477,4.0
8952,2.277966,0.0
8953,6.772064,0.0
8954,3.2755275,0.0
8955,7.9523134,11.0
8956,6.976669,3.0
8957,5.0890017,9.0
8958,2.999572,2.0
8959,7.676686,11.0
8960,5.823359,6.0
8961,6.392691,3.0
8962,1.1659598,0.0
8963,6.639231,12.0
8964,7.429682,8.0
8965,4.7925024,8.0
8966,5.4847064,0.0
8967,1.4199852,0.0
8968,3.772148,1.0
8969,4.651358,4.0
8970,4.288727,3.0
8971,5.3864393,16.0
8972,4.8293257,2.0
8973,5.177835,1.0
8974,2.2496417,0.0
8975,4.9723067,1.0
8976,7.8575726,11.0
8977,4.460017,2.0
8978,4.0932183,0.0
8979,4.5047035,3.0
8980,5.730839,0.0
8981,0.46763664,0.0
8982,4.9683514,3.0
8983,4.028408,12.0
8984,4.2192197,7.0
8985,4.931101,6.0
8986,6.6444225,9.0
8987,5.8913116,0.0
8988,6.5981293,14.0
8989,2.4203663,0.0
8990,5.090651,0.0
8991,4.2130623,10.0
8992,2.130923,3.0
8993,1.930436,1.0
8994,5.7990613,5.0
8995,4.5630083,1.0
8996,0.46763664,0.0
8997,5.8638024,6.0
8998,4.8190722,2.0
8999,6.9594345,8.0
9000,3.1426122,0.0
9001,2.2496417,0.0
9002,6.4282947,2.0
9003,4.4108787,0.0
9004,6.2740107,8.0
9005,4.3131137,1.0
9006,5.258795,8.0
9007,8.010241,12.0
9008,2.1638546,12.0
9009,7.6822567,11.0
9010,6.9421973,16.0
9011,3.7170115,5.0
9012,3.204755,0.0
9013,0.46763664,0.0
9014,5.0375714,3.0
9015,4.9450364,8.0
9016,4.909029,1.0
9017,4.9910884,6.0
9018,3.8240516,3.0
9019,5.389451,5.0
9020,0.46763664,0.0
9021,0.46763664,0.0
9022,4.591764,2.0
9023,4.6834555,4.0
9024,3.0605671,1.0
9025,3.5977054,3.0
9026,4.3209124,2.0
9027,4.9875574,12.0
9028,2.2496417,2.0
9029,2.6277387,0.0
9030,5.9628963,8.0
9031,5.0336385,5.0
9032,5.785812,9.0
9033,1.1514974,0.0
9034,5.616789,5.0
9035,1.7323995,0.0
9036,5.0134053,1.0
9037,6.689968,3.0
9038,5.430927,2.0
9039,4.59086,0.0
9040,1.2995352,0.0
9041,4.653023,8.0
9042,1.8070229,1.0
9043,8.396398,8.0
9044,4.1943603,0.0
9045,5.255134,1.0
9046,3.4470873,3.0
9047,0.46763664,0.0
9048,5.6164284,13.0
9049,4.282259,1.0
9050,3.3948445,6.0
9051,4.692846,10.0
9052,4.4962993,3.0
9053,0.46763664,1.0
9054,4.539136,0.0
9055,0.46763664,0.0
9056,4.937938,3.0
9057,0.46763664,0.0
9058,3.5088537,8.0
9059,5.207464,4.0
9060,7.546482,11.0
9061,5.801669,8.0
9062,8.395649,6.0
9063,3.4486494,6.0
9064,6.0492787,0.0
9065,4.212596,14.0
9066,5.766224,2.0
9067,6.560449,2.0
9068,3.7459161,5.0
9069,4.8350735,9.0
9070,3.0079584,5.0
9071,4.712395,5.0
9072,3.1373408,0.0
9073,3.0676453,6.0
9074,5.389436,6.0
9075,2.0629122,4.0
9076,1.7701999,0.0
9077,2.3050425,3.0
9078,5.9424505,7.0
9079,3.1896951,4.0
9080,6.095373,6.0
9081,4.114872,7.0
9082,6.4526033,8.0
9083,4.6414022,2.0
9084,6.57484,4.0
9085,3.9373047,1.0
9086,1.3295324,1.0
9087,5.8914924,7.0
9088,4.866325,2.0
9089,5.4029427,11.0
9090,5.1539087,3.0
9091,7.5877604,11.0
9092,4.3653135,1.0
9093,5.287372,3.0
9094,4.9736404,2.0
9095,6.6440024,11.0
9096,5.010577,16.0
9097,3.657042,2.0
9098,5.1979,5.0
9099,5.9908824,3.0
9100,5.3972936,7.0
9101,5.3475885,2.0
9102,4.6886683,6.0
9103,5.162008,7.0
9104,5.3633313,8.0
9105,5.2518573,1.0
9106,0.46763664,0.0
9107,3.6240616,0.0
9108,3.5891674,11.0
9109,2.9383888,0.0
9110,4.179767,0.0
9111,5.831109,10.0
9112,5.793604,15.0
9113,0.46763664,0.0
9114,3.4182441,3.0
9115,2.2496417,0.0
9116,0.46763664,0.0
9117,5.1264844,4.0
9118,8.142278,12.0
9119,5.205388,5.0
9120,3.6403909,1.0
9121,1.1659598,0.0
9122,5.796828,6.0
9123,1.1951668,1.0
9124,6.9496393,7.0
9125,5.3924656,4.0
9126,3.3443668,4.0
9127,3.6992805,12.0
9128,4.816518,15.0
9129,2.463625,11.0
9130,4.2936697,8.0
9131,4.4848833,3.0
9132,4.5860977,6.0
9133,3.8396661,0.0
9134,2.2496417,0.0
9135,4.4613123,0.0
9136,2.3035676,0.0
9137,4.5781026,9.0
9138,2.2564838,1.0
9139,6.309819,11.0
9140,1.930436,3.0
9141,5.478492,4.0
9142,3.7876475,4.0
9143,6.6750083,7.0
9144,4.6144795,2.0
9145,6.314391,7.0
9146,5.5462685,5.0
9147,4.518603,3.0
9148,4.136425,3.0
9149,5.7884383,12.0
9150,2.069871,2.0
9151,2.3862884,0.0
9152,3.9387863,3.0
9153,4.678888,9.0
9154,9.015519,13.0
9155,6.96516,6.0
9156,7.3847337,10.0
9157,3.2341864,9.0
9158,1.3295324,4.0
9159,2.2496417,2.0
9160,6.7419887,11.0
9161,5.277931,6.0
9162,5.9621396,8.0
9163,5.8688993,2.0
9164,2.2496417,0.0
9165,4.3342733,2.0
9166,3.456205,0.0
9167,0.46763664,0.0
9168,0.46763664,0.0
9169,5.9772277,7.0
9170,4.4975467,5.0
9171,6.2373013,7.0
9172,6.0267043,8.0
9173,4.44693,0.0
9174,5.994945,2.0
9175,2.5037992,0.0
9176,5.6526413,10.0
9177,4.048131,2.0
9178,5.883923,0.0
9179,4.3339834,0.0
9180,0.46763664,0.0
9181,6.3832283,8.0
9182,2.8664849,1.0
9183,0.46763664,0.0
9184,1.7308991,0.0
9185,1.7014127,0.0
9186,5.3853154,8.0
9187,5.1866713,13.0
9188,5.4395638,3.0
9189,0.46763664,2.0
9190,2.2496417,7.0
9191,5.0804906,5.0
9192,7.4908743,14.0
9193,3.3182998,3.0
9194,4.8690214,0.0
9195,6.2974625,5.0
9196,5.972964,2.0
9197,3.2848234,0.0
9198,4.9870615,5.0
9199,5.6483355,5.0
9200,4.0088396,6.0
9201,4.2920456,0.0
9202,3.7468421,2.0
9203,5.171415,6.0
9204,0.46763664,0.0
9205,6.3450813,1.0
9206,0.46763664,0.0
9207,5.4043665,10.0
9208,2.7076755,1.0
9209,4.9890966,2.0
9210,0.46763664,2.0
9211,3.5862892,4.0
9212,6.1462727,6.0
9213,5.1755576,3.0
9214,0.46763664,0.0
9215,3.848933,2.0
9216,8.61199,15.0
9217,0.46763664,0.0
9218,6.049994,2.0
9219,2.2496417,3.0
9220,5.449152,8.0
9221,4.5908337,4.0
9222,6.4963255,10.0
9223,3.6542828,2.0
9224,1.1514974,3.0
9225,4.500205,13.0
9226,5.9430194,8.0
9227,8.179361,10.0
9228,5.3661394,0.0
9229,1.4823911,0.0
9230,2.138503,0.0
9231,0.46763664,0.0
9232,2.2496417,0.0
9233,4.2411385,3.0
9234,5.0762715,5.0
9235,4.6390805,0.0
9236,4.2850204,1.0
9237,4.718871,10.0
9238,4.6062503,2.0
9239,3.9073317,1.0
9240,4.553242,4.0
9241,3.711696,0.0
9242,5.3524046,5.0
9243,2.82337,1.0
9244,3.497436,5.0
9245,6.04569,5.0
9246,3.6277492,3.0
9247,4.1695967,2.0
9248,6.137159,9.0
9249,7.277234,10.0
9250,4.5106354,0.0
9251,4.3799605,9.0
9252,3.3327413,2.0
9253,2.9456205,0.0
9254,7.462153,7.0
9255,7.889818,11.0
9256,4.896125,10.0
9257,3.1982422,0.0
9258,6.2589374,8.0
9259,4.7478113,2.0
9260,3.5771046,8.0
9261,5.704681,4.0
9262,3.005379,1.0
9263,5.452202,5.0
9264,4.4568214,11.0
9265,7.2764645,9.0
9266,4.6702795,2.0
9267,5.3514647,15.0
9268,4.542305,8.0
9269,2.7391865,0.0
9270,3.7039278,2.0
9271,2.7594545,3.0
9272,2.7196991,0.0
9273,1.7725562,1.0
9274,5.790946,8.0
9275,3.5461779,3.0
9276,2.9559076,0.0
9277,7.032233,8.0
9278,2.2902808,0.0
9279,5.381373,7.0
9280,4.7990847,11.0
9281,6.395232,8.0
9282,7.1033225,10.0
9283,3.0385654,1.0
9284,4.598313,1.0
9285,4.1242027,3.0
9286,2.7439175,2.0
9287,6.9497643,10.0
9288,4.4171915,1.0
9289,4.4012547,0.0
9290,8.2810545,12.0
9291,7.0813313,11.0
9292,4.4842486,5.0
9293,5.0252767,3.0
9294,4.2809167,11.0
9295,0.46763664,0.0
9296,3.273856,2.0
9297,0.46763664,0.0
9298,2.9242542,0.0
9299,1.3039705,3.0
9300,5.7143383,6.0
9301,4.085058,1.0
9302,2.2496417,2.0
9303,4.339399,7.0
9304,2.1208441,0.0
9305,6.702577,7.0
9306,6.120604,10.0
9307,4.090068,3.0
9308,2.2496417,3.0
9309,0.46763664,0.0
9310,4.883522,8.0
9311,6.3252954,3.0
9312,4.3202276,8.0
9313,6.916535,8.0
9314,0.46763664,0.0
9315,6.1447287,3.0
9316,4.4563694,4.0
9317,5.681769,12.0
9318,1.3039705,0.0
9319,7.028977,6.0
9320,4.6899514,1.0
9321,4.512041,8.0
9322,2.962948,0.0
9323,4.1587653,1.0
9324,3.7248912,8.0
9325,2.536982,0.0
9326,2.2496417,0.0
9327,5.310721,4.0
9328,5.512733,3.0
9329,6.7624826,12.0
9330,6.3397655,5.0
9331,3.7390845,3.0
9332,0.46763664,1.0
9333,4.7555895,7.0
9334,3.564552,0.0
9335,4.2312202,0.0
9336,4.4650993,0.0
9337,6.3967986,1.0
9338,4.119998,3.0
9339,4.477829,2.0
9340,2.1757166,0.0
9341,6.3713794,6.0
9342,3.4163568,4.0
9343,6.471027,3.0
9344,6.411744,7.0
9345,3.4080815,0.0
9346,1.6586844,1.0
9347,6.0420203,10.0
9348,3.7541645,1.0
9349,2.2496417,0.0
9350,3.917124,5.0
9351,5.435837,8.0
9352,3.9980147,6.0
9353,4.7984424,2.0
9354,5.625261,3.0
9355,0.46763664,0.0
9356,5.577596,5.0
9357,4.6375704,5.0
9358,4.5860977,7.0
9359,2.1292217,5.0
9360,6.17237,16.0
9361,2.2496417,1.0
9362,4.7331414,11.0
9363,7.758459,11.0
9364,5.3611383,10.0
9365,3.8466365,1.0
9366,5.876907,10.0
9367,3.7477005,0.0
9368,5.6017685,3.0
9369,3.0805914,0.0
9370,2.1638546,1.0
9371,4.666917,15.0
9372,4.137679,6.0
9373,4.49693,1.0
9374,1.4823911,0.0
9375,0.46763664,1.0
9376,3.4789362,6.0
9377,5.4443145,5.0
9378,6.726595,8.0
9379,5.8047395,15.0
9380,2.7480118,0.0
9381,3.328588,0.0
9382,5.2447314,2.0
9383,2.2663224,0.0
9384,0.46763664,0.0
9385,3.647391,1.0
9386,1.3346674,0.0
9387,2.2496417,0.0
9388,4.6232443,3.0
9389,2.3234367,2.0
9390,5.0215874,1.0
9391,3.6405945,2.0
9392,4.166078,3.0
9393,6.7186804,9.0
9394,4.9450364,0.0
9395,6.127571,9.0
9396,2.2496417,15.0
9397,7.6840262,12.0
9398,6.4280086,5.0
9399,0.46763664,7.0
9400,8.207286,10.0
9401,5.9106283,3.0
9402,6.29625,2.0
9403,4.86852,2.0
9404,4.7050004,3.0
9405,4.7005863,4.0
9406,4.969593,4.0
9407,4.1709986,12.0
9408,3.0185263,2.0
9409,4.244993,1.0
9410,6.8012667,6.0
9411,3.5549138,5.0
9412,2.090258,1.0
9413,1.1417458,0.0
9414,8.483146,11.0
9415,5.826858,1.0
9416,4.3704696,1.0
9417,3.2225056,0.0
9418,1.9801434,2.0
9419,4.857885,3.0
9420,4.43932,2.0
9421,0.46763664,0.0
9422,4.8257275,3.0
9423,4.9391603,3.0
9424,5.5721107,6.0
9425,6.841994,7.0
9426,1.6445395,0.0
9427,5.0914254,3.0
9428,4.8263397,5.0
9429,4.5173297,8.0
9430,4.520069,7.0
9431,5.115124,6.0
9432,5.3137712,2.0
9433,5.3325973,10.0
9434,3.513491,0.0
9435,4.141327,0.0
9436,6.9344864,10.0
9437,3.797551,5.0
9438,5.13526,12.0
9439,0.46763664,0.0
9440,6.6822042,10.0
9441,3.4967844,0.0
9442,0.4963569,0.0
9443,5.4193196,5.0
9444,5.7769604,2.0
9445,4.0578213,3.0
9446,2.5133636,1.0
9447,2.0777218,0.0
9448,7.1688757,7.0
9449,6.6234226,3.0
9450,4.0998445,7.0
9451,4.60745,2.0
9452,5.431786,4.0
9453,6.551189,8.0
9454,3.5800374,1.0
9455,5.710436,3.0
9456,2.0629122,1.0
9457,6.3608236,13.0
9458,7.096408,13.0
9459,3.1836092,6.0
9460,3.070452,0.0
9461,0.46763664,0.0
9462,1.4183758,1.0
9463,4.6088777,2.0
9464,7.495285,16.0
9465,5.0459538,4.0
9466,0.46763664,0.0
9467,5.5774946,0.0
9468,6.378227,7.0
9469,5.2017035,3.0
9470,3.379777,0.0
9471,1.6586844,1.0
9472,3.1063821,8.0
9473,4.331061,8.0
9474,7.397678,9.0
9475,3.4006782,3.0
9476,4.284922,12.0
9477,0.4963569,1.0
9478,4.70038,5.0
9479,7.4683437,8.0
9480,2.2496417,2.0
9481,6.5818105,2.0
9482,5.5924025,3.0
9483,4.741093,1.0
9484,0.46763664,0.0
9485,3.8691118,5.0
9486,6.9631963,7.0
9487,8.021199,4.0
9488,0.46763664,1.0
9489,4.6725926,4.0
9490,8.595346,12.0
9491,7.633195,9.0
9492,3.270133,8.0
9493,0.46763664,0.0
9494,6.960644,9.0
9495,2.606696,0.0
9496,6.6125345,6.0
9497,1.5762271,0.0
9498,5.1384797,8.0
9499,6.8564725,12.0
9500,4.774306,0.0
9501,7.7764425,13.0
9502,1.9286073,3.0
9503,3.5494225,6.0
9504,1.1514974,0.0
9505,4.75597,2.0
9506,7.294195,8.0
9507,6.180156,10.0
9508,6.712818,12.0
9509,4.1060305,7.0
9510,5.0612836,5.0
9511,4.1120453,0.0
9512,5.4338336,1.0
9513,4.321802,2.0
9514,3.0352314,4.0
9515,3.9497168,0.0
9516,5.970224,3.0
9517,4.9745216,3.0
9518,5.524329,2.0
9519,5.570292,0.0
9520,4.9890966,3.0
9521,2.4367688,1.0
9522,4.950284,2.0
9523,5.4973083,11.0
9524,7.868471,13.0
9525,4.188478,3.0
9526,4.657528,4.0
9527,0.46763664,0.0
9528,0.46763664,0.0
9529,3.5229328,0.0
9530,3.8661025,2.0
9531,4.816584,7.0
9532,3.8132741,3.0
9533,6.220001,9.0
9534,3.8108165,0.0
9535,0.86247283,1.0
9536,6.8322043,13.0
9537,4.1365886,3.0
9538,5.062317,2.0
9539,5.0063696,2.0
9540,4.718281,2.0
9541,4.6881824,1.0
9542,6.0516496,13.0
9543,4.514955,4.0
9544,4.586573,4.0
9545,1.6445395,0.0
9546,3.9020164,7.0
9547,3.2875621,0.0
9548,1.1951668,0.0
9549,3.649936,0.0
9550,4.669582,0.0
9551,6.2912717,8.0
9552,4.706034,6.0
9553,4.6980457,0.0
9554,4.8887076,6.0
9555,5.190165,5.0
9556,5.0954046,4.0
9557,5.7122293,2.0
9558,6.1447988,7.0
9559,2.8748398,3.0
9560,2.9969006,0.0
9561,0.46763664,0.0
9562,0.46763664,0.0
9563,6.1986794,11.0
9564,4.2211547,5.0
9565,4.4608564,8.0
9566,0.46763664,1.0
9567,3.1686528,0.0
9568,6.2557693,11.0
9569,4.311355,3.0
9570,5.3324203,8.0
9571,0.46763664,0.0
9572,5.5511312,1.0
9573,8.027662,3.0
9574,3.8553083,4.0
9575,6.8978066,0.0
9576,4.6560802,11.0
9577,4.7298636,6.0
9578,3.294239,1.0
9579,0.46763664,0.0
9580,3.4604986,1.0
9581,6.4422555,4.0
9582,6.5890193,11.0
9583,4.123099,4.0
9584,6.129161,3.0
9585,7.265961,11.0
9586,4.65167,4.0
9587,4.3372297,6.0
9588,7.454346,10.0
9589,5.0688243,3.0
9590,4.7329364,4.0
9591,3.108516,0.0
9592,7.3181953,14.0
9593,5.756035,6.0
9594,4.5756435,0.0
9595,4.4510307,3.0
9596,6.053652,1.0
9597,6.171303,11.0
9598,0.87777287,0.0
9599,6.719357,10.0
9600,1.4199852,0.0
9601,2.2496417,2.0
9602,3.8408887,2.0
9603,3.204314,0.0
9604,4.909648,0.0
9605,4.8258204,4.0
9606,4.54124,3.0
9607,3.15164,1.0
9608,1.7701999,0.0
9609,3.7278843,0.0
9610,4.134791,3.0
9611,2.4629035,5.0
9612,5.0434303,3.0
9613,0.46763664,3.0
9614,3.8725207,8.0
9615,8.10062,11.0
9616,4.878987,8.0
9617,3.7197418,2.0
9618,5.5318117,3.0
9619,1.3130238,0.0
9620,4.5723286,9.0
9621,4.7614403,1.0
9622,5.4172106,6.0
9623,3.6492007,2.0
9624,5.454676,7.0
9625,2.2496417,2.0
9626,1.1659598,0.0
9627,5.558494,0.0
9628,7.397798,0.0
9629,7.303344,10.0
9630,2.2496417,3.0
9631,4.0851507,3.0
9632,5.443219,15.0
9633,2.575735,1.0
9634,1.8692437,2.0
9635,1.1951668,0.0
9636,7.496898,7.0
9637,0.46763664,0.0
9638,4.2663274,3.0
9639,5.0778503,6.0
9640,5.0188456,5.0
9641,4.1015873,7.0
9642,4.787383,3.0
9643,4.1861672,11.0
9644,5.7550635,6.0
9645,5.1892624,8.0
9646,2.3782713,0.0
9647,5.324264,4.0
9648,1.918106,1.0
9649,6.182195,12.0
9650,3.3012471,0.0
9651,5.160531,6.0
9652,3.0133839,4.0
9653,2.3734446,0.0
9654,5.97104,0.0
9655,3.8831294,7.0
9656,7.031029,3.0
9657,7.001719,11.0
9658,2.4676096,0.0
9659,2.8536255,0.0
9660,4.050799,2.0
9661,4.7302966,0.0
9662,0.46763664,1.0
9663,4.301516,6.0
9664,1.4823911,0.0
9665,5.0145416,7.0
9666,4.1323857,6.0
9667,4.4906607,5.0
9668,5.4177284,5.0
9669,3.2848234,0.0
9670,6.27085,4.0
9671,5.395765,5.0
9672,7.6294885,12.0
9673,0.46763664,0.0
9674,4.465843,6.0
9675,3.729873,5.0
9676,6.556784,6.0
9677,6.0730777,9.0
9678,0.46763664,1.0
9679,0.46763664,0.0
9680,4.611553,0.0
9681,3.621957,3.0
9682,5.126841,6.0
9683,3.683935,6.0
9684,6.966229,6.0
9685,7.0275855,9.0
9686,4.3579154,9.0
9687,4.385634,3.0
9688,4.370039,4.0
9689,5.750061,6.0
9690,0.46763664,1.0
9691,4.759235,5.0
9692,1.3130238,2.0
9693,4.4948893,1.0
9694,4.4352937,9.0
9695,5.758051,3.0
9696,5.289921,8.0
9697,3.434433,0.0
9698,5.061011,13.0
9699,4.292086,5.0
9700,5.660137,4.0
9701,5.0850906,1.0
9702,3.5152767,0.0
9703,6.689987,5.0
9704,8.049531,10.0
9705,1.6445395,0.0
9706,7.455524,12.0
9707,5.6125064,2.0
9708,0.46763664,0.0
9709,5.7918143,3.0
9710,4.668147,3.0
9711,0.46763664,0.0
9712,5.4159007,6.0
9713,5.4472036,10.0
9714,0.46763664,0.0
9715,4.7430234,4.0
9716,6.069391,0.0
9717,2.2239811,0.0
9718,5.331782,5.0
9719,3.5064313,1.0
9720,2.2663224,13.0
9721,3.4486706,2.0
9722,4.4041333,5.0
9723,5.831267,9.0
9724,7.195784,10.0
9725,0.46763664,0.0
9726,3.4512348,5.0
9727,4.309721,5.0
9728,3.3377488,11.0
9729,6.4128866,3.0
9730,2.2099695,1.0
9731,4.7201905,1.0
9732,3.8462512,0.0
9733,3.1302586,9.0
9734,2.8185115,3.0
9735,2.2496417,6.0
9736,5.390878,4.0
9737,4.823266,3.0
9738,5.30837,0.0
9739,5.5110993,13.0
9740,4.7648735,1.0
9741,4.546414,3.0
9742,4.7104273,0.0
9743,5.924559,3.0
9744,4.882309,11.0
9745,5.7508535,3.0
9746,4.528826,7.0
9747,6.5276213,4.0
9748,6.549206,14.0
9749,7.406736,12.0
9750,2.6429625,2.0
9751,6.0018845,6.0
9752,1.6445395,0.0
9753,5.43599,13.0
9754,5.991082,8.0
9755,7.1475368,8.0
9756,4.3023834,4.0
9757,6.6440525,7.0
9758,5.6606255,5.0
9759,3.8566234,0.0
9760,4.721175,2.0
9761,6.824831,3.0
9762,0.46763664,0.0
9763,6.559051,7.0
9764,3.7617352,6.0
9765,0.46763664,0.0
9766,3.2061753,9.0
9767,5.221885,3.0
9768,3.9346626,4.0
9769,5.1737323,4.0
9770,0.46763664,0.0
9771,3.1145942,0.0
9772,5.7714257,4.0
9773,5.1156983,6.0
9774,7.415301,13.0
9775,3.2960067,9.0
9776,5.083727,4.0
9777,2.5046213,1.0
9778,5.7408786,4.0
9779,0.46763664,0.0
9780,2.7076755,0.0
9781,4.13946,1.0
9782,6.0657077,2.0
9783,3.2221684,6.0
9784,2.5679681,6.0
9785,4.64445,2.0
9786,3.6802483,4.0
9787,0.46763664,0.0
9788,4.4925237,12.0
9789,6.1981063,13.0
9790,2.5885105,0.0
9791,6.0372,11.0
9792,4.1436663,7.0
9793,3.9419243,4.0
9794,4.802975,10.0
9795,3.906955,4.0
9796,0.46763664,0.0
9797,5.9221573,4.0
9798,0.46763664,0.0
9799,2.2496417,0.0
9800,3.0187526,2.0
9801,4.072087,4.0
9802,4.9702854,3.0
9803,6.555817,8.0
9804,3.476456,1.0
9805,2.2496417,4.0
9806,1.930436,0.0
9807,7.6366096,15.0
9808,0.46763664,0.0
9809,2.0406837,4.0
9810,4.22226,2.0
9811,5.3331637,6.0
9812,5.6582837,0.0
9813,3.2683792,3.0
9814,2.2496417,0.0
9815,2.1972246,1.0
9816,3.8607576,3.0
9817,3.973077,0.0
9818,5.5861015,0.0
9819,8.218706,7.0
9820,3.8295238,3.0
9821,5.1961875,4.0
9822,2.8509643,0.0
9823,10.156136,12.0
9824,7.424083,8.0
9825,4.086778,12.0
9826,5.903189,14.0
9827,2.8118892,0.0
9828,4.087354,2.0
9829,2.6632435,2.0
9830,4.2689133,2.0
9831,4.7291965,0.0
9832,6.6449394,15.0
9833,5.1611056,0.0
9834,4.02848,1.0
9835,4.6137223,12.0
9836,5.359023,7.0
9837,3.1558244,0.0
9838,0.46763664,0.0
9839,7.7849073,9.0
9840,0.46763664,0.0
9841,5.374362,4.0
9842,6.795414,5.0
9843,4.553418,6.0
9844,6.8128653,9.0
9845,4.3284626,1.0
9846,6.5817184,3.0
9847,5.0401597,11.0
9848,4.8651657,16.0
9849,4.468235,0.0
9850,4.4859633,5.0
9851,4.691938,5.0
9852,4.609561,8.0
9853,4.5962467,0.0
9854,5.2926984,10.0
9855,3.7975323,4.0
9856,6.763732,0.0
9857,5.19117,14.0
9858,6.9532824,9.0
9859,0.46763664,0.0
9860,0.46763664,0.0
9861,4.224623,14.0
9862,0.46763664,0.0
9863,6.1267514,12.0
9864,6.002545,14.0
9865,6.8725767,4.0
9866,6.3119087,6.0
9867,0.46763664,0.0
9868,5.499673,0.0
9869,5.031653,9.0
9870,1.1417458,0.0
9871,6.5387945,9.0
9872,2.6952882,6.0
9873,4.104048,0.0
9874,3.8510644,0.0
9875,0.46763664,0.0
9876,4.121859,1.0
9877,4.6955795,0.0
9878,1.4183758,0.0
9879,5.7134657,14.0
9880,5.2494464,4.0
9881,5.8524094,3.0
9882,4.2184505,1.0
9883,5.369373,8.0
9884,5.042841,5.0
9885,4.8530226,4.0
9886,4.5236993,4.0
9887,2.2496417,0.0
9888,5.659748,8.0
9889,0.46763664,2.0
9890,1.1785402,0.0
9891,5.7920117,11.0
9892,3.2293446,2.0
9893,4.8407044,4.0
9894,2.2496417,4.0
9895,5.3874226,2.0
9896,3.7948754,0.0
9897,5.2499,6.0
9898,5.8818574,5.0
9899,4.648606,2.0
9900,5.135321,2.0
9901,6.488551,7.0
9902,7.2433753,10.0
9903,7.6628733,8.0
9904,2.6405594,0.0
9905,8.343991,17.0
9906,6.7790604,11.0
9907,6.183999,0.0
9908,4.6596704,6.0
9909,4.874291,7.0
9910,0.46763664,0.0
9911,4.9162846,6.0
9912,5.1865273,3.0
9913,0.46763664,0.0
9914,3.7130363,0.0
9915,2.2496417,2.0
9916,5.635938,4.0
9917,3.9913495,1.0
9918,4.693361,0.0
9919,4.7394075,4.0
9920,5.288317,3.0
9921,6.879135,5.0
9922,5.467388,6.0
9923,2.2496417,3.0
9924,6.607384,10.0
9925,5.4677987,2.0
9926,2.7035336,6.0
9927,1.3906783,1.0
9928,3.6716511,0.0
9929,2.709399,0.0
9930,4.508364,3.0
9931,0.895104,0.0
9932,5.178436,0.0
9933,4.5800524,2.0
9934,2.8137069,4.0
9935,3.9332416,6.0
9936,2.0629122,3.0
9937,4.179269,2.0
9938,4.771501,6.0
9939,1.4106988,0.0
9940,4.614643,1.0
9941,2.7466657,0.0
9942,5.925146,7.0
9943,0.46763664,0.0
9944,6.5850635,3.0
9945,4.861369,2.0
9946,7.0825377,14.0
9947,4.969876,4.0
9948,6.58684,7.0
9949,4.763788,0.0
9950,1.9691247,0.0
9951,2.9119446,9.0
9952,5.6708503,4.0
9953,3.8929107,9.0
9954,7.9824123,7.0
9955,0.46763664,1.0
9956,3.3323843,0.0
9957,0.46763664,0.0
9958,4.3831544,6.0
9959,8.225411,0.0
9960,1.7317786,0.0
9961,6.329086,10.0
9962,4.149541,1.0
9963,8.068063,1.0
9964,6.865461,14.0
9965,5.4647374,8.0
9966,8.294445,6.0
9967,2.9848125,14.0
9968,4.487678,4.0
9969,6.5335183,3.0
9970,5.900788,2.0
9971,5.696149,3.0
9972,0.98045474,0.0
9973,7.4980106,8.0
9974,4.0822964,15.0
9975,5.855566,7.0
9976,2.2967145,0.0
9977,2.0629122,0.0
9978,6.2516794,4.0
9979,2.9517355,13.0
9980,1.4892881,0.0
9981,8.487603,7.0
9982,4.7997837,7.0
9983,0.46763664,1.0
9984,5.1855125,6.0
9985,3.919923,0.0
9986,4.385009,1.0
9987,3.9691813,4.0
9988,0.46763664,0.0
9989,5.4522686,7.0
9990,6.4707255,5.0
9991,6.7623167,3.0
9992,4.3807025,1.0
9993,5.306609,14.0
9994,4.7955756,2.0
9995,5.106214,6.0
9996,4.4413714,13.0
9997,4.957384,4.0
9998,2.7551844,8.0
9999,4.915191,1.0
10000,4.940315,2.0
