fold,epoch,model_variant,pg_estimator,train_loss,train_policy_success_mean,train_mse_loss,train_fairness_penalty,train_mean_score,train_max_score,train_min_score,train_mean_expected_cost,train_total_predicted_cost,train_batch_budget,train_deterministic_cost,train_budget_fraction,train_pg_surrogate_loss,train_perturbed_objective_mean,train_perturbed_objective_std,train_base_objective_mean,train_avg_allocation_mean,train_avg_allocation_objective_mean,train_avg_allocation_cost,train_grad_score_norm,val_loss,val_policy_success_mean,val_mse_loss,val_fairness_penalty,val_mean_score,val_max_score,val_min_score,val_mean_expected_cost,val_total_predicted_cost,val_batch_budget,val_deterministic_cost,val_budget_fraction,val_pg_surrogate_loss,val_perturbed_objective_mean,val_perturbed_objective_std,val_base_objective_mean,val_avg_allocation_mean,val_avg_allocation_objective_mean,val_avg_allocation_cost,val_grad_score_norm
1,1,pg,central,0.023007783996449274,0.435089225796136,0.02651051685891368,0.000462108779588148,-0.00854602128013291,0.25063822824846616,-0.27998051995580847,0.25312263044444,64.21235240589489,2.8395921025763857,2.792255782268264,0.042405268918335716,-0.00350273300004615,0.004173874539529524,0.00042244079800597814,0.0069961869475347075,0.05154854927042669,0.004173874640070029,2.799566323445602,8.220643043518066,0.01793200025955836,0.6564606030782064,0.018484925230344135,0.001278759145255511,-0.007922050775960088,0.07514539361000061,-0.12007959683736165,0.41278717915217084,96.56105359395345,2.7593975265820823,2.642853319644928,0.027095017446059553,-0.0005529247064259835,0.00021659102518848763,0.0002009656212370222,0.0015966789893961202,0.030848524998873472,0.00021659103610242406,2.678452198704084,2.5698580543200173
1,2,pg,central,0.012100261339748447,0.7103465930982069,0.017703878312287005,0.0010553352929657028,-0.007470471673348749,0.2947220409458334,-0.3464634106917815,0.45424439148469403,115.58750013871627,6.334611843932759,6.261661329052665,0.05448249014734325,-0.005603616935497319,0.007970218440856446,0.0005267938071152788,0.011508546240458434,0.06743988538668914,0.007970218387940391,6.261424736543135,10.27573847770691,0.013848846157391867,0.7011016209920248,0.014614880395432314,0.0032415775737414756,0.008566295262426138,0.10858459770679474,-0.11281661689281464,0.46943553785483044,109.96930694580078,4.623451488713424,4.523396675785382,0.03857006105124991,-0.0007660342816961929,0.001040825142505734,0.00033284752619996044,0.0033944244739056253,0.049687501663963,0.0010408251619082876,4.5584591428438825,4.04518790046374
1,3,pg,central,0.009438896107233384,0.6887060945684259,0.014553445433689789,0.002365567298098044,0.013979409630833701,0.38049797307361255,-0.33557945693081076,0.4638060304251584,118.04239342429422,5.832385787909681,5.789834288033572,0.0491233810908081,-0.005114549298014026,0.010446523818907073,0.0005014400634205562,0.013743665344505147,0.07536652728661218,0.010446523850656707,5.779580369591713,10.188015005805276,0.008797647198662162,0.6835049390792847,0.013035917654633522,0.005486494415284445,0.024962065120538075,0.16118276615937552,-0.11288958787918091,0.47798902293046314,112.00445556640625,5.208179950714111,5.1515142520268755,0.04595845770046228,-0.004238270645146258,0.0034680568666468994,0.0003252682169356073,0.006799562620775153,0.07583550239602725,0.0034680568302671113,5.156909316778183,7.02761693795522
1,4,pg,central,0.007048520344224843,0.680708026344126,0.013410281897945837,0.003268271597335115,0.008411912596784532,0.3805100917816162,-0.3621817095713182,0.46187430213798175,117.58778069236062,6.191868681799281,6.1399232338775285,0.05279911437896401,-0.006361761569595811,0.012468262284528464,0.000504855763045436,0.01620076046409932,0.0943562298674475,0.012468262475026264,6.153149775483391,11.048636241392655,0.008539769022415081,0.6715464095274607,0.012562033409873644,0.0062260097862842185,-0.009873274092872938,0.14095771809418997,-0.18530823290348053,0.44895591338475543,105.2600866953532,5.390918572743733,5.33512806892395,0.05471266541109266,-0.004022264353504094,0.0013406802960768498,0.00046561034590316314,0.005647755383203427,0.08989583452542622,0.0013406803324566379,5.345706780751546,8.303442001342773
1,5,pg,central,0.008678914936767384,0.6842707612297751,0.013250407212498512,0.003833636915839055,-0.03190167180516503,0.4328309514305808,-0.47478608787059784,0.4405587315559387,112.1527609391646,4.337260713631457,4.306430419737643,0.03853705387883654,-0.0045714923140952705,0.009222673606762493,0.0005755532712844962,0.01245816169962795,0.0769987813281742,0.009222673786677082,4.30650081011382,9.983392151919277,0.007461779440442721,0.704471598068873,0.012514675812174877,0.004749925545183942,-0.05195715588827928,0.09668467938899994,-0.2735745708147685,0.4459511339664459,104.6154670715332,5.868439763784409,5.706516106923421,0.05273601123761073,-0.00505289644934237,-0.0011808937269961461,0.0005105691622399414,0.0026697102681888887,0.07079427037388086,-0.0011808937463986997,5.814864844083786,8.363748908042908
1,6,pg,central,0.008568351411006668,0.6906281438740817,0.0132116802375425,0.002727006037937165,-0.06785585934465582,0.35859965871680866,-0.5334076935594733,0.4178424152460965,106.34506815130061,4.393547323617068,4.3479635200717235,0.04081669040813024,-0.004643328720703721,0.006816174877299504,0.00059998781547289,0.010095538190481338,0.07303165652873841,0.006816174956673587,4.360154394399036,9.58886228908192,0.009110402936736742,0.684555451075236,0.012578429809461037,0.003958506703687211,-0.07540785148739815,0.08270025253295898,-0.3226470450560252,0.41205806533495587,96.72403462727864,5.410754203796387,5.267200032869975,0.05271178040493777,-0.003468026843620464,-0.00215014749361823,0.0006281377524525548,0.0020352352100114026,0.07009548818071683,-0.002150147551825891,5.347751925388972,7.920500874519348
1,7,pg,central,0.010116392746567726,0.6854811446233229,0.012952255974100395,0.0021739357438987513,-0.0697259313680909,0.3909414356405085,-0.5640441165729002,0.41207972304387525,104.89907663518733,5.365537289868701,5.322907537221909,0.05121646277673699,-0.002835863198428838,0.008634728921937163,0.0006136235381497747,0.012256850684273311,0.08999340515583754,0.008634728953686797,5.327027179978111,10.119828603484414,0.00949770181129376,0.681594987710317,0.012558203811446825,0.003211418142503438,-0.06842877219120662,0.09841066598892212,-0.3106519232193629,0.4151490281025569,97.42762056986491,4.281602958838145,4.148011803627014,0.0435203597817512,-0.0030605021165683866,-0.001626097597181797,0.0005107478549083074,0.0023148905020207167,0.06363064236938953,-0.0016260976747920115,4.229086736838023,7.648654858271281
1,8,pg,central,0.009474532594057646,0.691671612587842,0.012989423576403748,0.0018393636524261967,-0.07871824604543773,0.36087769947268744,-0.5810117843476209,0.4092983305454254,104.21175523237748,6.244903342290358,6.1897151520983735,0.05995977034160008,-0.003514891104053029,0.008206095851412763,0.000570579777889758,0.012224820024460892,0.09469992701302875,0.008206095766085624,6.203744981099259,10.066300240429966,0.011477711300055185,0.7018296321233114,0.012597674503922462,0.0032340683586274586,-0.08951544140775998,0.08002605040868123,-0.3582263191541036,0.41485270361105603,97.40813573201497,6.310517430305481,6.174623250961304,0.06613080241823567,-0.0011199632523736607,-0.002225943375378847,0.0007015923620201647,0.00216275971615687,0.07372178820272286,-0.002225943472391615,6.24355415503184,7.88588269551595
1,9,pg,central,0.005533896873451092,0.7130507637153972,0.01293478978120468,0.0027288907843864185,-0.08375703899020498,0.34383185614239087,-0.6008157648823478,0.4258956882086667,108.4348258972168,5.479158122431148,5.4171272841366855,0.0508408386547513,-0.007400892865420742,0.007749809851785275,0.0005910818740217524,0.011402497364377434,0.08001344363120469,0.007749809661287476,5.433649518273094,11.743499625812877,0.007099302175144355,0.705826203028361,0.012552174584319195,0.004300453346028614,-0.10668570299943288,0.08480727175871532,-0.407124862074852,0.40645041068394977,95.39215914408366,5.762869377930959,5.684360682964325,0.06268129167509794,-0.0054528723121620715,-0.0015795882694267978,0.0008110434234064693,0.0020897804837053022,0.06198784802109003,-0.001579588308231905,5.68851641813914,8.630640506744385
1,10,pg,central,0.008482252035967329,0.7209274308247999,0.013197299220006575,0.002712749660836587,-0.10972585664554076,0.37128220904957165,-0.6427710814909502,0.41444550454616547,105.46191649003462,4.442758627913215,4.385064940560948,0.04186337292498816,-0.00471504722637209,0.005569571216421371,0.0006287195534572344,0.008652441097762097,0.06635298376733606,0.005569571057673205,4.395644924857399,9.570297978141092,0.004939535710339745,0.7545128762722015,0.012642662040889263,0.0035494002028523632,-0.11546600858370464,0.07582242786884308,-0.43987055619557697,0.439240242044131,103.00855191548665,7.791065851847331,7.508600950241089,0.07650163050166724,-0.007703126272341858,-0.001567574159707874,0.0006601562830231463,0.0019075930079755683,0.06628038361668587,-0.0015675743052270263,7.6830925941467285,9.462053696314493
1,11,pg,central,0.007052192760800774,0.7345499071207914,0.013362385332584381,0.0027346880248263583,-0.13522745702754368,0.3410301547158848,-0.6742733120918274,0.4054946316914125,103.24993064186789,5.514340954748067,5.439396452497352,0.05306570271884021,-0.006310192592950029,0.005866196253919043,0.0005600342423845591,0.009075176489370113,0.07161500609733841,0.005866196252596142,5.456192895770073,9.471785892139781,0.010520281891028086,0.742561956246694,0.012896636966615915,0.0039161952251258,-0.15392289559046426,0.0662749210993449,-0.5114834109942118,0.39759495854377747,93.35056050618489,4.17316210269928,3.9750730395317078,0.04161789043771275,-0.0023763548694356964,-0.0013661349366884679,0.0005610247899312526,0.0007450833024146656,0.03635199787095189,-0.0013661349948961288,4.082962776223819,8.075956145922342
1,12,pg,central,0.007526361214166338,0.7286036881533536,0.013698958537795326,0.0028635761402917774,-0.17276250300082294,0.3158630539070476,-0.7297258946028623,0.3705715537071228,94.32007945667614,4.610608572309667,4.530956203287298,0.04842084842625171,-0.006172597291879356,0.003969031446269417,0.0005954296357231215,0.006888218128799715,0.060609020038761875,0.003969031379462897,4.542081865397367,10.218782728368586,0.010531955243398746,0.7335413793722788,0.013559003671010336,0.003507685255802547,-0.19502922395865122,0.04365307092666626,-0.5680645902951559,0.35670245190461475,83.82055282592773,2.1092686156431832,1.525505046049754,0.03177336861763239,-0.0030270485828320184,-0.0013735947431996465,0.0005762066430179402,0.00031294683382535976,0.024294705130159855,-0.001373594723797093,2.0017274816830954,6.993445475896199
1,13,pg,central,0.01061928160065277,0.7467422837560828,0.01391179080713879,0.0018303390119068683,-0.19574774327603253,0.29525809531862085,-0.7414475543932482,0.366414259780537,93.26010652021928,4.5831631411882965,4.440175788138401,0.04936653056961949,-0.00329250921706923,0.0028251583412797613,0.0005410987776651217,0.0054564452994699504,0.053062854927371846,0.002825158279103396,4.5128343948586425,8.662136316299438,0.01261879193286101,0.7573883831501007,0.013765358676513037,0.0019545807364617454,-0.2284883310397466,0.02007391055425008,-0.6082987189292908,0.35225115716457367,82.71960894266765,4.007161815961202,3.387159804503123,0.04775402718774511,-0.0011465668988724549,-0.0013328527080981682,0.0004142279746398951,0.00020540690456982702,0.027927518201371033,-0.0013328527663058292,3.861980140209198,6.070937633514404
1,14,pg,central,0.009929745013571599,0.7562008120796897,0.013984417585148052,0.0011591868427455086,-0.21408778699961575,0.3345486548813907,-0.7657829550179568,0.36330227011984045,92.46986146406694,4.285880847410723,4.158717766404152,0.04624017207551778,-0.004054672666825354,0.002735554329278371,0.0004831037976228717,0.005044598523950713,0.04569551566700367,0.002735554277023766,4.2038509805094115,8.040821205485951,0.009945832503338655,0.7726508180300394,0.013526678861429295,0.0020513827550985297,-0.21557853370904922,0.03091693917910258,-0.58745805422465,0.3739098012447357,87.69228045145671,3.9887927174568176,3.6741533676783242,0.04722363981099731,-0.003580846377493193,-0.0010657862197452535,0.0005038064021694785,0.0003877615963574499,0.028259549445162218,-0.0010657862294465303,3.840420146783193,5.876515785853068
1,15,pg,central,0.006788291121748361,0.7415859617970206,0.013732044534249739,0.0017435433140930586,-0.20299598981033673,0.35917828435247595,-0.7434707392345775,0.3598770634694533,91.67180252075195,4.068778344176033,3.9906532723795283,0.04417165360749632,-0.006943753523625095,0.0037888950305800377,0.00049918443123302,0.0060945923138536855,0.04575766068459912,0.00378889505174646,3.9954367686401713,8.957261941649698,0.005353810576101144,0.7045000592867533,0.014018185281505188,0.003145234984306929,-0.21832985679308572,0.044590642054875694,-0.5869757036368052,0.32028354704380035,75.24370702107747,4.09695287545522,4.040311177571614,0.05701878945405183,-0.008664374821819365,-0.0013491755137996126,0.00063612665690016,0.0005892456974834204,0.03311198204755783,-0.001349175494397059,3.9549498160680137,7.37786344687144
1,16,pg,central,0.008959144925359975,0.7083151638507843,0.014504266733472998,0.002095239783309146,-0.23096342249350113,0.3037117888981646,-0.7545712508938529,0.31389220058918,79.8467604897239,4.8090403039347045,4.712155669927597,0.060690573073341886,-0.005545121876903894,0.002988888141275807,0.0005823809002653103,0.005762564796234735,0.05630707245489413,0.0029888880989429626,4.723832949995995,9.124065832658248,0.009958211487780014,0.7828386525313059,0.013692205306142569,0.0022680579762284956,-0.24962559839089712,0.01654099424680074,-0.6136062741279602,0.3567446867624919,83.63685353597005,4.0156904856363935,3.438317596912384,0.047903143142037447,-0.003733994007537452,-0.001036413877348726,0.00040045670175459236,0.00012902874732390046,0.02589192862311999,-0.0010364138870500028,3.871278166770935,5.503431479136149
1,17,pg,central,0.009343333161351356,0.7550077357075431,0.014028435657647524,0.002126650996201947,-0.23216671361164612,0.3021514049985192,-0.7696829600767656,0.35124762762676587,89.46765240755948,4.672963088886305,4.541403539817441,0.05197185080677167,-0.004685102353422818,0.002486244836208326,0.0005221615984654901,0.004838140694615008,0.04638925558802756,0.0024862449129366064,4.571804956279018,8.491550012068315,0.013619271417458853,0.7362859845161438,0.013569354079663754,0.0036817276559304446,-0.23159138361612955,0.023441900809605915,-0.5957469542821249,0.33815085391203564,79.35519536336263,5.037832458813985,4.69444998105367,0.06636639945333316,4.991741540531317e-05,-0.0013678873462292056,0.000532919577381108,0.0002951557592799266,0.035598959463338055,-0.00136788742383942,4.87370224793752,7.074613889058431
1,18,pg,central,0.010628132636404851,0.748225683515722,0.014010436451909218,0.001730010308992033,-0.22579767148603092,0.30497797714038327,-0.7484954053705389,0.3473987741903825,88.41095213456587,5.035354663025249,4.909348585388877,0.05708917431431723,-0.003382303868420422,0.0032476920168846846,0.0004929100356424566,0.005830668632618405,0.0520799521102824,0.0032476921333000064,4.947634691541845,7.931981195103038,0.008691739834224185,0.7677791814009348,0.013690402576078972,0.0015326936547050234,-0.2437598059574763,0.021736929814020794,-0.6018229424953461,0.3495251735051473,82.09461530049641,3.156820515791575,2.593547761440277,0.042695154026581396,-0.004998662703049679,-0.0009192724343544493,0.00033658633280235034,0.00021622012718580663,0.023381076908359926,-0.0009192724634582797,3.010607063770294,4.543774803479512
1,19,pg,central,0.007807491389526563,0.7571446624669161,0.01378003376620737,0.0007024381238639163,-0.22573310475457797,0.30936758897521277,-0.7570641447197307,0.3538277758793397,90.05404767123136,4.641714058139107,4.4648327231407166,0.050985750589193364,-0.005972542419013652,0.0029015688977034933,0.0004886249622689899,0.005312707195778124,0.048292918003756895,0.002901568921515718,4.5557767586274585,8.667792060158469,0.017428437247872353,0.7634690701961517,0.013625775619099537,0.0010189577036120074,-0.2419770061969757,0.02749289075533549,-0.6081251700719198,0.3503867983818054,82.30223973592122,3.1416904081900916,2.756157318751017,0.04331188779984168,0.003802661628772815,-0.0009291882670368068,0.0003273956269064608,0.00025510765650930506,0.023849827300485533,-0.0009291883446470214,2.9702939357957803,4.463794191678365
1,20,pg,central,0.012384920762005177,0.745370396158912,0.013685979245399887,0.0007419618207003189,-0.22205158593979749,0.3325092521580783,-0.7528583705425262,0.35194112902337854,89.5988155711781,3.9311286095868456,3.8327749843963166,0.04327582232007585,-0.0013010583378755573,0.0028560600965812973,0.0005202533595200458,0.005020885802382095,0.0422065239823,0.0028560600939354945,3.8465823497284544,8.250544493848627,0.012125119877358278,0.7212486962477366,0.013494736049324274,0.0014004176489568938,-0.209372748931249,0.06030104557673136,-0.562360535065333,0.34431759516398114,80.97163581848145,4.703321993350983,4.493302643299103,0.05624540239635764,-0.0013696159391353528,-0.0009825959762868781,0.0005104394173637653,0.0008098773735885819,0.03329644212499261,-0.000982595985988155,4.5731051961580915,6.290296634038289
1,21,pg,central,0.008612016766247425,0.7044577083804391,0.013554534832523628,0.0007666573839370275,-0.1944782015952197,0.3164532875472849,-0.7041496309367093,0.34087302738969977,86.75633205067028,3.883996706794609,3.8029833825474437,0.04486544011523633,-0.004942518008068542,0.003665305274559862,0.0005878511080730029,0.006244555628985505,0.04802151111123914,0.003665305218998004,3.809902938929471,9.07711987061934,0.007588880447049935,0.7409388025601705,0.013190891283253828,0.002029266230238136,-0.20487823088963827,0.048588027556737266,-0.5428984661897024,0.36034884055455524,84.66870498657227,5.432844191789627,5.108775869011879,0.06346369781800942,-0.005602010913814108,-0.000981837511062622,0.0004916636923250431,0.0007710873032920063,0.03753472274790207,-0.0009818375304651756,5.296811282634735,6.807552655537923
1,22,pg,central,0.0119692680679939,0.7536048943346197,0.013402264353565195,0.0011025688181729846,-0.2012022225694223,0.3062404827638106,-0.7021505290811713,0.3720741420984268,94.66939509998669,4.77872757749124,4.6432449682192365,0.050463740524260677,-0.0014329962749880824,0.0031388061106554233,0.0005499018761011856,0.0057137515607543965,0.0479187805374915,0.0031388060729527338,4.6982612040909855,9.171362107450312,0.009233468677848577,0.7731647988160452,0.013007517283161482,0.001672097312242234,-0.18124326318502426,0.07544931769371033,-0.5347519318262736,0.40283864736557007,94.52586619059245,5.63104173541069,5.517673492431641,0.05479681474601627,-0.0037740487847865247,-0.0003510832151126427,0.0004155168207944371,0.001355822178690384,0.03578125157703956,-0.0003510832260265791,5.496006965637207,4.506242990493774
1,23,pg,central,0.004295484607361935,0.7494260939684781,0.013284355782988396,0.001136285829798825,-0.16334510323676196,0.3895018832250075,-0.6703893054615367,0.3958838107911023,100.79495343295011,4.698149242184379,4.581223076040095,0.04698973809026064,-0.00898887116504325,0.005075983226891945,0.000576504479712722,0.007520656948062507,0.04872285934503783,0.005075983274516396,4.625591318715703,9.80105937610973,0.012298135552555323,0.7318081756432852,0.013107133097946644,0.0022540377863909575,-0.18691899875799814,0.08871163924535115,-0.5466539164384207,0.36742272476355237,86.32669067382812,4.071842789649963,3.909241000811259,0.05083900781128905,-0.0008089973125606775,-0.0002698767148103798,0.0004792333832786729,0.0015995011781342328,0.03328125054637591,-0.0002698767572534659,3.945589065551758,6.413615465164185
1,24,pg,central,0.008872058687054298,0.7213193801316348,0.013756657484918833,0.000992636482092993,-0.19807853278788654,0.37223154035481537,-0.699674828486009,0.34730690582232043,88.42936359752308,3.845320362936367,3.7505721883340315,0.04331987037490652,-0.004884598845488985,0.005039896292146295,0.0005923830520425162,0.0072711422319777985,0.044429788873954254,0.005039896281563084,3.7769949490373786,8.787328308278864,0.011632924045746526,0.7277632554372152,0.01382099169616898,0.001220291169374832,-0.22401707619428635,0.07988803585370381,-0.5878334641456604,0.333886981010437,78.54910024007161,3.930195470650991,3.6708286801973977,0.050666968062351846,-0.0021880676795262843,-0.000330639745091806,0.0003727660805452615,0.0012592956773005426,0.029055990278720856,-0.00033063975520993455,3.8025843302408853,4.582368810971578
1,25,pg,central,0.010170580734583464,0.7621534954417836,0.013860561207614162,0.0006011189035565291,-0.20519826764410193,0.4230902763930234,-0.7292221865870736,0.3727649016813798,94.86541227860884,5.035357529466802,4.95346031405709,0.05337416763350622,-0.0036899804677390916,0.005754668016875671,0.000508481981920671,0.008052715089764784,0.04925679745660587,0.00575466800629246,4.954902594739741,8.605058756741611,0.0077859162508199615,0.7602223555246989,0.01320605461175243,0.0010493495586464026,-0.19835765908161798,0.09769295652707417,-0.5891794462998708,0.38191888729731244,89.65325164794922,3.472566102941831,3.3097210178772607,0.03621931600719703,-0.005420138399737577,-0.00011940691668617849,0.00040796678270756576,0.0013210351947539796,0.023821615769217413,-0.00011940693123809372,3.349520971377691,4.915859738985698
1,26,pg,central,0.008385505357926542,0.7342361157590692,0.013410172001882032,0.000985312529254853,-0.17382322590459476,0.43272908302870666,-0.7163753644986586,0.3832969530062242,97.53322531960227,4.71862478080121,4.66087647121061,0.04858117899834018,-0.005024666638663885,0.0062441538724339225,0.0005477100309111516,0.008549050242767076,0.04821174960075454,0.006244153937917541,4.653793516484174,8.83728638562289,0.008975134541591009,0.7085714538892111,0.01320234298085173,0.0016336890912498347,-0.16739202787478766,0.1410355120897293,-0.555703192949295,0.36805479725201923,86.55063883463542,5.237771878639857,5.074397325515747,0.05525422557186436,-0.004227208672091365,0.0005623966862913221,0.0004607008061915015,0.0028196191415190697,0.0388433156379809,0.000562396708119195,5.116084014376004,5.960792462031047
1,27,pg,central,0.009917182255197655,0.7238010655749928,0.013269463088363409,0.0008743374107676904,-0.160017192363739,0.49877922101454303,-0.7027562043883584,0.3826745233752511,97.37141349098899,5.283527106046677,5.211640954017639,0.05365649148372321,-0.0033522808014161205,0.008588805871444161,0.000583586607138965,0.01111387354533442,0.054310826754028145,0.008588806011671708,5.220250579443845,9.74189771305431,0.011036929829667011,0.7360587616761526,0.013162328240772089,0.0010252992265413023,-0.1575536901752154,0.1489540934562683,-0.5545268654823303,0.39738795161247253,93.40944290161133,5.708092858393987,5.552769293387731,0.05692816392985122,-0.002125398382001246,0.0011567442561499774,0.0005406696436693892,0.003551418388572832,0.040948351534704365,0.0011567442367474239,5.595012590289116,7.505407532056172
1,28,pg,central,0.006318923657421361,0.7323915253986012,0.013553187166425314,0.0008270118747268705,-0.17199566079811615,0.46196828240698035,-0.706755364483053,0.37779991599646484,96.20937208695845,5.672929383137009,5.606683878736063,0.05909434644989095,-0.0072342634799001234,0.009578582616417076,0.0005895130717280236,0.011899696763562546,0.05713017416101965,0.00957858278310265,5.6012856980616395,9.221640023318203,0.012321844619388381,0.7238527834415436,0.013799658666054407,0.0008442845276780039,-0.2032567635178566,0.1292120416959127,-0.5995585521062216,0.3519818236430486,82.90255864461263,6.131673018137614,5.9942357540130615,0.07335589425415358,-0.0014778138526404898,0.0013513842519993584,0.0004813710111193359,0.003792597407785555,0.04418619970480601,0.0013513842034929742,6.014402190844218,7.627827564875285
1,29,pg,central,0.009096658365292982,0.7000256912274794,0.01387181103398854,0.0005026647799736979,-0.19392383301799948,0.5152720998633992,-0.7232219007882205,0.3413437577811154,86.89045784690164,3.7948221510106865,3.7165167440067637,0.04381579690949181,-0.004775152636945925,0.007415546448266303,0.000551054934145544,0.009388732808557424,0.04355976104059003,0.007415546480015936,3.7326440052552656,9.150235652923584,0.015684305224567652,0.6742374996344248,0.014246875109771887,0.0009101374231856122,-0.18290576338768005,0.1668690343697866,-0.5815512537956238,0.3336816181739171,78.66879653930664,3.0913031796614328,2.953140219052633,0.036469201136198136,0.0014374303088213007,0.001164707075683206,0.0005406935379141942,0.002997836117477467,0.025909288475910824,0.0011647070374844286,3.006860628724098,6.901426394780477
1,30,pg,central,0.0075248814272609625,0.7180532515048981,0.01378570357337594,0.0002726997952890997,-0.19893904639915985,0.5217949748039246,-0.7361345291137695,0.3527853394096548,89.85138771750711,4.617275534705683,4.539825625040314,0.05175397092535378,-0.006260822050866078,0.008177587780334183,0.0005303815427892418,0.010167608392128552,0.04925172450020909,0.008177587475405413,4.5528657327998765,9.119808327067982,0.00854788813740015,0.7411150733629862,0.01401076139882207,0.0006073306188909555,-0.22902469833691916,0.13569314777851105,-0.6538062890370687,0.34922000765800476,82.15762138366699,4.113329251607259,3.995588223139445,0.04779686048173603,-0.005462873145006597,0.000996922188278404,0.0004210041370242834,0.002636581911550214,0.028229166753590107,0.0009969221816087763,3.975211282571157,6.195342501004537
2,1,pg,central,0.02294228645041585,0.47373806685209274,0.02482245752418583,0.0008525136282018634,-0.01736784785647284,0.248232133009217,-0.2865802449258891,0.27182748913764954,68.97097050059925,2.928857373920354,2.895731655034152,0.04415650501348118,-0.001880171040035996,0.003897867541209879,0.00042239218005720017,0.0067675200142813,0.05184151791036129,0.003897867591480132,2.8747830269011585,7.385931058363481,0.017534073442220688,0.6977215607961019,0.018558227457106113,0.0015397970419144258,-0.02729933864126603,0.060618072748184204,-0.10689319670200348,0.42853763699531555,100.16027959187825,4.321089088916779,4.195757687091827,0.04143500980745505,-0.0010241539324245725,-0.00030665107199941605,0.0002562776595974962,0.0016721741412766278,0.046321614645421505,-0.0003066510715446687,4.229593435923259,3.974500358104706
2,2,pg,central,0.013608216964216395,0.7487965686754747,0.017545414368876,0.0010981218076102034,-0.03800722160799937,0.24317562038248236,-0.32337497445670044,0.45967351442033594,117.00204329057173,6.066799917004325,5.9777915477752686,0.05205902566382115,-0.003937197327931327,0.0052977948216721416,0.00044945057545026594,0.008533661348999223,0.06155641313472932,0.005297794795214114,5.981202894991094,9.470190329985185,0.014221688887725273,0.7391539414723715,0.015292834024876356,0.0019700626192692048,-0.047426787515481315,0.05998640259106954,-0.15184642374515533,0.45314325392246246,105.88842964172363,3.292691727479299,3.108972171942393,0.031587951278264505,-0.0010711451395764016,-0.0007555608365995189,0.00023547589565472057,0.0010454146734749277,0.04054253672560056,-0.0007555608608527109,3.212945361932119,3.5321545600891113
2,3,pg,central,0.009480759924785658,0.7241225486451929,0.014852492858401754,0.0018077152113123288,-0.05297873304648833,0.25132365795699035,-0.3653413680466739,0.4360443218187852,111.0332357233221,5.399613150141456,5.335889193144712,0.04844161223198449,-0.0053717329706573355,0.004709368481681767,0.00047599585245321083,0.00791157777844505,0.06616527955471115,0.004709368550472639,5.336023046211763,9.517957600680264,0.013175905837366978,0.6986421147982279,0.013594286826749643,0.002570049541342693,-0.06408713385462761,0.0475584144393603,-0.1949024349451065,0.4159688701232274,97.19205665588379,2.816872477531433,1.712406853834788,0.03522847459836607,-0.00041838083901287365,-0.0015492024685954675,0.00034970508568221703,0.0007063712206824372,0.05196831778933605,-0.0015492026019880238,2.7608176668485007,3.4220439990361533
2,4,pg,central,0.008864870824089105,0.7063625698739832,0.013847337908704172,0.0021443320982308996,-0.06442747942425987,0.2837319048968228,-0.4165292897007682,0.41857093979011883,106.56578757546164,6.884920618750832,6.808545210144737,0.06465478434746827,-0.004982467119010504,0.005807170824317092,0.0005402152799599042,0.010173046855594624,0.09820287065072493,0.005807170887816359,6.834138187495145,10.020911108363759,0.009003950360541543,0.7007641494274139,0.012904233299195766,0.0026524347049416974,-0.07548289249340694,0.041971241434415184,-0.2331820378700892,0.41596777737140656,97.15610376993816,5.3252701958020525,1.4884420931339264,0.054370772104205954,-0.0039002828707452863,-0.003133714140858501,0.0005650662545425197,0.000613517472326445,0.07661675413449605,-0.003133714034144456,5.265837510426839,7.583216945330302
2,5,pg,central,0.008456093491986394,0.7180001193826849,0.013362204910001972,0.00232089136464579,-0.0693396150388501,0.2860189120877873,-0.46323398703878577,0.43052355538715015,109.57397495616566,4.815264840017665,4.763988069512627,0.04395602121329844,-0.004906111402140761,0.005048432228663428,0.000525879792720926,0.008294879818673839,0.07379768695682287,0.0050484322339550336,4.768938936970451,8.243012601679022,0.00695362058468163,0.7166054248809814,0.012666097221275171,0.002859149690872679,-0.08152011161049207,0.045854225754737854,-0.27095376948515576,0.4290012866258621,100.15103658040364,4.383111948768298,1.317482516169548,0.04098425430061676,-0.005712476743307586,-0.002533780294470489,0.0003594423881925953,0.000511275187212353,0.0612651938572526,-0.0025337803623794266,4.329361076156299,7.901973287264506
2,6,pg,central,0.009958334775133566,0.7194320559501648,0.013247340070930395,0.0027162160294499863,-0.06809638339010152,0.3228045498782938,-0.5011049956083298,0.43448239158500324,110.59150557084517,6.354714008894834,6.307307617230848,0.05753925666251633,-0.0032890053540044887,0.007091089966706932,0.0006534072970018976,0.011080171447247267,0.09269607287238944,0.007091090040789409,6.3101848201318225,10.770514965057373,0.009239993911857406,0.6896252036094666,0.012404786267628273,0.003725392462608094,-0.05691233525673548,0.0919788380463918,-0.24321323136488596,0.4247441540161769,99.14736302693684,5.848376780748367,5.4107674062252045,0.05489487052474629,-0.0031647922854366093,-0.0015010853433826317,0.00041927798398925614,0.0021683895029127598,0.08411024262507756,-0.001501085391889016,5.8029172122478485,7.375326315561931
2,7,pg,central,0.004939382789995183,0.6896906088698994,0.012916411357847128,0.0032122327908258408,-0.04520554087040099,0.37341526828028937,-0.46334984356706793,0.4277917444705963,108.91987852616744,5.825749689882452,5.7869930294427006,0.05333868580948602,-0.007977028594309972,0.01075099158862775,0.0006065998498921875,0.014474341910417106,0.0986087154597044,0.010750991810875183,5.788074065338481,10.081767363981767,0.009249641637628278,0.6799496014912924,0.01224353335176905,0.0047112980294817435,-0.03751734457910061,0.14154363175233206,-0.24207826455434164,0.43326209485530853,101.11932118733723,5.576126043995221,5.524976223707199,0.051437020506410636,-0.0029938915201152363,0.0008569344924277781,0.0003866980308278774,0.004697294090874493,0.08981119779249032,0.0008569344754505437,5.536383817593257,6.887031992276509
2,8,pg,central,0.008363185916095972,0.728744387626648,0.012932012280957266,0.002720653731141841,-0.03235336680981246,0.41520462930202484,-0.5169689926234159,0.4739853658459403,120.64503964510831,4.611332381313497,4.5786842703819275,0.03823437646235011,-0.0045688263886735185,0.011083387632176957,0.0005370598697812635,0.0138665413568643,0.07869318169964985,0.011083387849132785,4.572410981763493,9.265327952124856,0.0078909940396746,0.6968994836012522,0.01215398358181119,0.004542492456190909,-0.020954161261518795,0.18224508812030157,-0.23662069439888,0.46371938784917194,108.21630223592122,3.4025069500009217,3.347929691274961,0.03614222981547211,-0.004262989503331482,0.0017506691965536447,0.00041963407420553267,0.004797644505742937,0.06987847131676972,0.0017506691680561441,3.36027484635512,6.638588388760884
2,9,pg,central,0.0070146881890567865,0.684273056008599,0.012692787388170307,0.003892168378859589,-0.029960375702516598,0.4785849167542024,-0.5401287498799238,0.43949316848408093,111.89778692072088,4.635941972109404,4.610244547101584,0.041128937283884774,-0.00567809923615476,0.014072492243774997,0.0005848040706372227,0.017048862450544468,0.08976511767303402,0.014072492053277198,4.6058590371500365,9.242083365266973,0.0075171693072964745,0.6859992345174154,0.0120098691744109,0.0035414315352682024,-0.04668885966142019,0.1518122379978498,-0.2815328786770503,0.4316310038169225,100.68839263916016,5.934373219807942,5.847805778185527,0.05880728420214293,-0.004492699905919532,6.012984764917443e-05,0.0005393614701461047,0.004348290618509054,0.09373046706120174,6.0129842798536025e-05,5.884401957194011,8.686683813730875
2,10,pg,central,0.0057089072017168455,0.7151585140011527,0.012938057241792028,0.0022785169087662575,-0.05389813570813699,0.47349694913083856,-0.5774356059052728,0.43900295143777673,111.79475125399503,6.086188774217259,6.050688320940191,0.05425400832717903,-0.007229150034783577,0.013107308535836637,0.0006453481513414193,0.016533965329554947,0.09616096529432318,0.013107308588752692,6.047926453026858,10.21269318190488,0.009024231694638729,0.6917482515176138,0.012156407193591198,0.0029195085662649944,-0.07091748714447021,0.12917516380548477,-0.3195408284664154,0.4157250225543976,96.9748961130778,5.426244020462036,5.294250746568044,0.054787505481307265,-0.0031321753679852313,-0.0012885128938554165,0.0005718040968834733,0.0031757085040832558,0.07983289907375972,-0.0012885129447871198,5.368592739105225,8.493387262026468
2,11,pg,central,0.005199333314191212,0.6791658916256644,0.01306045101955533,0.0034089824131859296,-0.07168064842169936,0.42789027230306104,-0.5795801728963852,0.3979163562709635,101.31952736594461,5.65622784874656,5.610101008957082,0.05530277658799341,-0.007861117689489302,0.013439699764024805,0.0006130178305532106,0.017014968081970106,0.10086622292345221,0.01343969992277297,5.619407922029495,10.202483263882725,0.009731009447326263,0.6801482737064362,0.012327407952398062,0.003983214846812189,-0.10193679854273796,0.11648982514937718,-0.39354370534420013,0.38495145241419476,89.80426406860352,5.567298809687297,5.269700407981873,0.06416085589976472,-0.0025963984080590308,-0.0023100036293423423,0.0005769800142540286,0.002287987406210353,0.08111545443534851,-0.002310003755458941,5.498711148897807,10.004398345947266
2,12,pg,central,0.009507410947910765,0.7362984364682977,0.013094182761216705,0.003664999283500947,-0.10348307781598785,0.4234140068292618,-0.6567739844322205,0.42338634485548193,107.72008063576438,5.226108619435267,5.171930256892335,0.04802617257820348,-0.003586771638682959,0.009842215885741594,0.0005913823743784716,0.012958093215605582,0.08037489843131466,0.009842215673415922,5.1774286753074685,8.940801620483398,0.007477536952743928,0.737564335266749,0.012389864306896925,0.00381246469138811,-0.11550555254022281,0.10558011879523595,-0.43710997700691223,0.42207003633181256,98.51118596394856,4.375203917423884,3.454768478870392,0.04672983656469212,-0.004912327295945336,-0.0015975230101806421,0.0007462137339947125,0.0014939408186667909,0.054288193583488464,-0.0015975229519729812,4.292224635680516,6.8920066356658936
2,13,pg,central,0.005837019808082418,0.7066096663475037,0.013322446325963194,0.004451860979315825,-0.12110207195986401,0.47989408536390826,-0.7038620547814802,0.3886435749855908,98.91092751242898,4.671906514601274,4.623477604917505,0.04700917524719443,-0.007485426475547932,0.009853128613692454,0.0005865245369601656,0.012819833212151107,0.08166852500289679,0.009853128740690987,4.629677724431861,10.426058985970236,0.004161439447974165,0.7004607518513998,0.012319137807935476,0.003564333873024831,-0.1370619684457779,0.09432826936244965,-0.4695569674173991,0.37780341506004333,88.10255559285481,5.5875381628672285,3.539870500564575,0.06537466182994738,-0.008157698340558758,-0.00267833653682222,0.0006334593587477381,0.001156923370823885,0.06704644113779068,-0.00267833653682222,5.489683588345845,9.510850111643473
2,14,pg,central,0.008087111509997736,0.719097608869726,0.013427807568487797,0.0022533940674417286,-0.13957052677869797,0.42689707333391363,-0.7038639106533744,0.3843094476244666,97.83290516246448,4.243189351125197,4.184031109918248,0.04351060723612053,-0.005340696050221926,0.007823567858643153,0.0005833286215254867,0.010749440174549818,0.07622006797993724,0.007823567890392786,4.195770127529448,9.83063064921986,0.004909276030957699,0.6983900864919027,0.012446943515290817,0.002619470961993405,-0.15643802533547083,0.09114150702953339,-0.505634273091952,0.364025076230367,84.89110120137532,5.906894405682881,2.1952096621195474,0.06991013718968421,-0.007537667561943333,-0.0030025546438992023,0.0007610420774047574,0.0007578028695813069,0.06475694539646308,-0.003002554605094095,5.795926570892334,10.02478806177775
2,15,pg,central,0.006684703371402892,0.7322650389237837,0.01382349952208725,0.0027694325062012385,-0.14752782068469308,0.4286946505308151,-0.7264695573936809,0.38721462000500073,98.54983555186878,5.385588112202558,5.315324111418291,0.054407243616387185,-0.007138796203600412,0.009307806295427408,0.0006322880958164619,0.012547270289029588,0.08447772840207274,0.009307806358926675,5.333220698616722,10.365489786321467,0.00930581622136136,0.7672582368055979,0.012624727562069893,0.0018511700473027304,-0.1494197795788447,0.12490950524806976,-0.5196209202210108,0.4175655096769333,97.4556032816569,4.057744999726613,3.268951565027237,0.04029046120985187,-0.0033189113989161947,-0.001145850634202361,0.0004378344553212325,0.0013093979990420241,0.040121528009573616,-0.0011458506875593837,3.961728552977244,6.132426977157593
2,16,pg,central,0.010057751512662931,0.7494454438036139,0.01385978829454292,0.0016798387335835616,-0.13265168700705876,0.4888880496675318,-0.7158649455417286,0.4120129509405656,104.89417128129439,5.311347981745547,5.271762980656191,0.05041472454316347,-0.0038020368295044386,0.010406222713010555,0.0005704888647993688,0.013257137044671585,0.07750228225168856,0.010406222855883905,5.261266992850737,9.212686040184714,0.008522349099318186,0.725483238697052,0.012356664519757032,0.002325170856541566,-0.1315340685347716,0.1810805102189382,-0.4802415470282237,0.39740824699401855,92.70764350891113,6.053572125732899,5.855027727782726,0.06595388819109592,-0.0038343155562567213,-0.0006374772916994212,0.0006556253380646618,0.0026371125713922083,0.0651171871771415,-0.0006374773329298478,5.960494307180245,7.596173286437988
2,17,pg,central,0.009907275205478072,0.7470297515392303,0.013571630570698868,0.002884262035856657,-0.12827017226002432,0.4840463630177758,-0.7339884286577051,0.41197688606652344,104.85497838800603,5.499548771164634,5.456596287814054,0.052581960760260844,-0.0036643553916788237,0.011007631430402398,0.0005823232535145838,0.014022525421089747,0.08051440830935132,0.011007631123489276,5.4495684992183335,9.467378735542297,0.009115330564479033,0.7503538628419241,0.01237318447480599,0.002258097316371277,-0.13441561659177145,0.16054911663134894,-0.491513267159462,0.4178125311930974,97.5141003926595,5.658848841985066,5.289546092351277,0.05823856499196132,-0.0032578537551065287,-0.0007243172227996789,0.0007045953437530746,0.002338829372699062,0.05743055666486422,-0.000724317244021222,5.570885578791301,9.881256182988485
2,18,pg,central,0.009994497162882577,0.7308275537057356,0.013444389385933226,0.004625375659667374,-0.12885752489620989,0.51456373388117,-0.7511799796061083,0.40164435451680963,102.28086020729758,4.681674005633051,4.618443684821779,0.04584164784238584,-0.003449892318299548,0.010896616662979464,0.0005882121450585229,0.013614325191486965,0.07824548549780791,0.010896616710603914,4.634785392067649,9.561033335599033,0.002176734541232387,0.7216935455799103,0.012302627166112265,0.0034842993093964956,-0.12783104926347733,0.1935387303431829,-0.4942965755860011,0.3983575850725174,92.95418548583984,4.701647559801738,4.600635449091594,0.05100983764723343,-0.010125892624879876,0.00015377338058897294,0.000700197066180408,0.003316411942554017,0.058211805298924446,0.0001537733175306736,4.630592445532481,8.830536842346191
2,19,pg,central,0.008948806503956968,0.7247284325686368,0.013414938680150292,0.0032743411561982198,-0.09997923807664351,0.4870485162193125,-0.691261044957421,0.41355720297856763,105.24900783192028,4.999204314567826,4.946917235851288,0.04793194824580877,-0.004466132244984196,0.012527650052850897,0.0005886485186320814,0.015244971452788874,0.0785650868730789,0.012527650232765485,4.952250494198366,9.847179846330123,0.0050683643979330855,0.7258901397387186,0.01249033740411202,0.003357797822294136,-0.11671938995520274,0.2153585801521937,-0.4825132836898168,0.4064714163541794,94.76951281229655,4.2414347132047014,4.180000240604083,0.04809173590728948,-0.007421973006178935,0.0008634916885057464,0.00059830529789906,0.003839429118670523,0.054429253563284874,0.000863491683655108,4.176944861809413,7.487748026847839
2,20,pg,central,0.005984551527283408,0.7202381572940133,0.013666531621393833,0.004504949399481781,-0.1294854964044961,0.48841423202644696,-0.7247943173755299,0.3823378357020291,97.31729715520686,5.713066149841655,5.6527709419077095,0.05916834318655916,-0.007681980048470326,0.013428424844856967,0.0005785799796947024,0.01638244769789956,0.08902698831463401,0.01342842488718981,5.663646204905077,9.686516566710038,0.015150105580687523,0.7371347745259603,0.012886341040333113,0.0036852373159490526,-0.15386286874612173,0.16722369442383447,-0.5266489634911219,0.38660932580629986,90.1084493001302,4.184194107850392,3.425148844718933,0.0483504336219986,0.0022637644627441964,-0.0004282554400560912,0.00048797507770359516,0.002240819934134682,0.04685329917507867,-0.0004282554946257733,4.092608756075303,9.056201020876566
2,21,pg,central,0.009024155897681008,0.7305308092724193,0.013639868872070854,0.003473650891630148,-0.13631593571467834,0.5034227818250656,-0.7283742156895724,0.3925433538176797,99.89309657703747,5.367024903947657,5.303900737654079,0.05380286998186346,-0.004615713098742576,0.011505281087011099,0.0006257782224565744,0.014407441506839612,0.08026709610765631,0.011505280970595777,5.316152236678383,9.866935296492143,0.007735631273438533,0.7360676030317942,0.012573842580119768,0.003232563535372416,-0.1459324856599172,0.1792453775803248,-0.537058080236117,0.39955852429072064,93.06595611572266,2.406479607025782,2.309032460053762,0.02691499521333579,-0.00483821114175953,0.00010190305086628844,0.000514190435448351,0.0021452595246955752,0.03489149330804745,0.00010190301206118117,2.3332445975393057,6.656598846117656
2,22,pg,central,0.001637910831380974,0.7071466066620566,0.013623670378530567,0.0028466763720974664,-0.148687195032835,0.4794922118837183,-0.7484129911119287,0.3708373403007334,94.42520314996892,4.514936382120306,4.466313211077994,0.04856664773755769,-0.011985759589482437,0.010145439750472591,0.0006016560682010921,0.013057126282629642,0.07745408901775425,0.010145439565266397,4.468643559650942,9.923756404356523,0.00934108680424591,0.7076101899147034,0.013423349242657423,0.0030841042074219636,-0.1959327608346939,0.15626761317253113,-0.6264154613018036,0.3398316701253255,79.12607256571452,4.126945873101552,3.8540626168251038,0.05416231907457045,-0.004082262457814068,-0.0008085540733494175,0.0005527349373248095,0.002061642939224839,0.05029947962611914,-0.0008085541194304824,4.033208131790161,9.006872018178305
2,23,pg,central,0.01502373738383705,0.7497353445399891,0.014318458481945774,0.0029040248449415562,-0.1839497075839476,0.4585402689196847,-0.8042685524983839,0.3774336129426956,96.02055532282048,4.362709869037975,4.292675896124407,0.04628823931380169,0.0007052788383920084,0.008174712462774054,0.0005313020056663928,0.010716702894900332,0.06587357861413197,0.008174712335775521,4.298439204692841,8.916474103927612,0.011763469859336814,0.7722621957461039,0.013166344414154688,0.002459479840278315,-0.18226709961891174,0.15848276019096375,-0.6206432978312174,0.40175453821818036,93.56003189086914,4.833992083867391,4.59772069255511,0.04953430342568746,-0.0014028746324280898,-0.0002587868536162811,0.0006355783552862704,0.002148977636049191,0.04198567724476258,-0.0002587869045479844,4.722245872020721,7.2893368403116865
2,24,pg,central,0.007717712549492717,0.755965761163018,0.013972318096255714,0.0022441945237171076,-0.17074034159833734,0.43785742873495276,-0.7943511578169736,0.39264853298664093,99.94951698996805,5.0810507637533275,5.009984046898105,0.050767317275184576,-0.006254605665824122,0.00855895413868976,0.0005628235343134623,0.011248741944489831,0.06985846153375777,0.008558954112231731,5.0213313671675595,8.885970559987156,0.0019333661378671725,0.7547117869059244,0.01289417129009962,0.002646382248106723,-0.1780389721194903,0.1757034957408905,-0.6151946981747946,0.39138196408748627,91.07422765096028,4.7536607682704926,4.586127996444702,0.054545424467444155,-0.010960805152232448,-0.00014206078534092134,0.0005181892241428917,0.002457529364619404,0.0465299484009544,-0.00014206084597390145,4.632737070322037,7.398149728775024
2,25,pg,central,0.0022705986630171537,0.7325963269580494,0.01385022382336584,0.0031780256143644115,-0.17179525914517316,0.4947325980121439,-0.7802490131421522,0.375795532356609,95.7041743885387,4.6358934126117015,4.559956439516761,0.048039016100176885,-0.01157962510743263,0.009059608966874128,0.0006526324048701844,0.01170805885075507,0.06685141169212082,0.009059608980103141,4.583922466093844,9.714188088070262,0.0008971845575918754,0.6871094902356466,0.01371934978912274,0.0027302989110467024,-0.20984517534573874,0.13920838137467703,-0.6414379179477692,0.31590335071086884,73.4190788269043,2.8882793386777244,2.6469447314739227,0.03967959557889062,-0.01282216515392065,-0.0011342895353057731,0.0005892841024130272,0.0013658339351726074,0.03796006925404072,-0.0011342895159032196,2.787965496381124,9.381073713302612
2,26,pg,central,0.007800533944232898,0.7247504646127875,0.01474011139097539,0.00256346773882528,-0.22031580521301788,0.4321129254319451,-0.8081841577183116,0.3329091722315008,84.69414936412464,3.8936656151305544,3.7955613935535606,0.046370512287949354,-0.006939577454679899,0.006636183789603158,0.000535985695685006,0.00904216055377302,0.06063184802505103,0.006636183798863468,3.827989861369133,8.28963950547305,0.010657751311858496,0.7924970090389252,0.013830818391094605,0.00218567568299477,-0.2515280495087306,0.06842729449272156,-0.6672959526379904,0.36127456029256183,84.04170481363933,3.849344184001287,2.3042700588703156,0.0480670978278944,-0.0031730671568463245,-0.0010745435089726623,0.0003890850639436394,0.0004288825681821133,0.030154080751041572,-0.0010745435671803232,3.710529883702596,6.528094967206319
2,27,pg,central,0.011223374061625113,0.7655220844528892,0.014871403278613632,0.002632181826894256,-0.2363098128275438,0.3976042744788257,-0.8222370499914343,0.3481006527488882,88.65602181174539,4.4392250369895585,4.3381400162523445,0.049961846563717445,-0.003648029185238887,0.00640705284472047,0.0005502775311470032,0.00869982622415674,0.056729404382746325,0.006407052765346386,4.367523805661635,8.606663248755716,0.013330461146930853,0.7005907495816549,0.013822306102762619,0.003139826174750245,-0.23459560920794806,0.1064989020427068,-0.6421409050623575,0.30557967225710553,70.98303349812825,3.8911450505256653,3.568166355292002,0.05656814041188476,-0.0004918450528445343,-0.0010885428346227854,0.0005350480544924116,0.0010995451108707737,0.039372830341259636,-0.001088542887979808,3.758607506752014,6.62179168065389
2,28,pg,central,0.009168351344256238,0.7317928319627588,0.014153374486010183,0.0023768110762189694,-0.21062747660008344,0.40153704990040173,-0.7945024181496013,0.3433396179567684,87.41895640980114,5.081607547673312,4.9956304688345305,0.05777114864725863,-0.004985023152337156,0.006684199705804614,0.0005460703852639364,0.009475684640082445,0.06645317502658475,0.006684199589389292,5.007460389624942,9.994953177191995,0.008374222243825594,0.734556237856547,0.012972956212858358,0.002181063839885885,-0.21943612645069757,0.1234802504380544,-0.6300967633724213,0.3437269975741704,79.90293439229329,4.040538787841797,3.692801130314668,0.05158212992926938,-0.004598733775007228,-0.0009099060407606885,0.0005743067401150862,0.00121362831365938,0.0394010414990286,-0.0009099060892670726,3.927667041619619,6.41333254178365
2,29,pg,central,0.008675675140693784,0.7258279648694125,0.014125229367478327,0.00299012892898273,-0.2101588635282083,0.45390025594017724,-0.7772959037260576,0.3386384885419499,86.13644964044744,4.268063340674747,4.179014348170974,0.04974785264524919,-0.005449554157993672,0.0063748147830748085,0.0006024717824237251,0.00883756519231776,0.06151582829823548,0.00637481479365802,4.20764325152744,8.689593683589589,0.014105479698628187,0.7861231366793314,0.013030456379055977,0.0020509825723517374,-0.23340203613042831,0.06778230269749959,-0.6562764843304952,0.3736367921034495,86.91546440124512,3.592464109261831,2.7827864388624826,0.040648847497268596,0.0010750229509236913,-0.000959277832104514,0.0004498417110880837,0.0005034814287985986,0.028081598070760567,-0.000959277832104514,3.4574927488962808,6.001685221989949
2,30,pg,central,0.009702672462233088,0.7670427560806274,0.013806606134907766,0.0020297210357966833,-0.21596183356913654,0.3745404454794797,-0.7766969691623341,0.36921200969002466,94.01538744839755,5.4852603836493055,5.37525687976317,0.057728068355288216,-0.004103933709715916,0.0062561422607607465,0.0005933817460159348,0.00887319686907259,0.06163377534936775,0.006256142091429369,5.402116721326655,9.3216562054374,0.0031522204323361316,0.7132271627585093,0.012992120503137508,0.004131414539491137,-0.21734711527824402,0.08315548797448476,-0.6326458156108856,0.3301527152458827,76.78968302408855,5.170091013113658,4.2120513916015625,0.06376856949822053,-0.00983990003199627,-0.001694392451706032,0.0005762301540623108,0.0008503017015755177,0.04595920257270336,-0.0016943925293162465,5.042525470256805,8.078749259312948
2,31,pg,central,0.012441686904904518,0.7219173826954581,0.013748953796245834,0.004011285745284774,-0.2049182023514401,0.4408103552731601,-0.7653042078018188,0.3393216295675798,86.35585230047053,4.285493534396995,4.19326863674955,0.049745870286424305,-0.0013072669654237952,0.006895198719576001,0.0005829463969513944,0.00934382753489031,0.06010044780983166,0.00689519875661724,4.221223336729136,9.452333038503474,0.011293257120996714,0.7514391839504242,0.01255833093697826,0.003354968309092025,-0.19637919714053473,0.08337759971618652,-0.5936231017112732,0.37216146290302277,86.59446907043457,5.348939855893453,4.798383156458537,0.06055590609246126,-0.001265073932396869,-0.0011901263205800205,0.0005744446340637902,0.0011717432644218206,0.04582465440034866,-0.0011901263302812974,5.23906930287679,7.1329178015391035
2,32,pg,central,0.0072843807918781586,0.7759408544410359,0.013598019214855,0.0027064473622224546,-0.18884713405912573,0.4244540130550211,-0.7397576705975966,0.3939397673715245,100.24717192216353,5.661813183264299,5.543764222751964,0.05635812286382371,-0.0063136384335600515,0.006810030434280634,0.0005399913636872291,0.009430537317794833,0.06214108131825924,0.006810030582445589,5.584707753224806,9.993413578380238,0.01004721907277902,0.7958121597766876,0.012954542723794779,0.002219977274459476,-0.20878909528255463,0.06294011076291402,-0.6044116218884786,0.397170086701711,92.45792007446289,6.170015255610148,3.9685973525047302,0.06699621587042298,-0.0029073233793800077,-0.001318498015583221,0.0005447824660222977,0.0006578851995679239,0.04478081688284874,-0.001318498070759233,6.021755278110504,5.8643390734990435
2,33,pg,central,0.00777576927264983,0.7649618685245514,0.013934132897041061,0.002514873506945812,-0.20464560050855984,0.40878574550151825,-0.7646553353829817,0.37066519395871594,94.37693231756037,5.784420761195096,5.6605663462118665,0.060597854080280136,-0.006158363576766781,0.006980169871398671,0.0005811168785757301,0.009727901525118134,0.06557300144975836,0.00698016967031766,5.704829308119687,9.127385117790915,0.0034568634194632373,0.7347476085027059,0.012918627510468165,0.0029677636145303645,-0.21591640760501227,0.08327314257621765,-0.6100454131762186,0.3450946162144343,80.17098681131999,3.9629845917224884,3.069817374149958,0.048949475215213804,-0.009461763935784498,-0.0010814552297233604,0.0005234070122241974,0.0009060103717880944,0.036970486864447594,-0.0010814552709537868,3.857219705979029,6.669209639231364
2,34,pg,central,0.007676204793493856,0.7351786385882985,0.01386714404956861,0.003022327025643211,-0.21960885484110226,0.4214135733517734,-0.7774672264402563,0.3388579325242476,86.21795307506214,4.265529017556798,4.1933501904661,0.04928684906402601,-0.006190939123784615,0.006240209109488536,0.0005435565240490673,0.00856767501682043,0.056416142816570675,0.006240209225903858,4.198830203576521,9.048727924173528,0.008669343156119188,0.7607681453227997,0.013124077270428339,0.0028525985156496367,-0.23268984258174896,0.06433581312497456,-0.6332669158776602,0.35246602694193524,81.83170064290364,4.999352236588796,3.100023925304413,0.057860716420187204,-0.0044547343665423495,-0.0013291948125697672,0.0005132897155514607,0.00046873638590720174,0.03691406392802795,-0.0013291949483876426,4.844880282878876,6.979037682215373
2,35,pg,central,0.005653818307275122,0.7395698455247012,0.014164437031881376,0.0029714298791738906,-0.22424979372458023,0.4305056401274421,-0.7897936810146678,0.3413843946023421,86.96265896883878,4.842926778576591,4.7540778111327775,0.05522440333145477,-0.008510618714023043,0.006142937260764566,0.0005796102195745334,0.008706437550823797,0.060776430520821705,0.006142937218431722,4.769500922073018,9.382221048528498,0.00828603538684547,0.7317358354727427,0.013416747096925974,0.003939291937664772,-0.23909485588471094,0.07789931197961171,-0.6357967654863993,0.32594089210033417,75.68917783101399,4.016572132706642,2.797070324420929,0.04918231153322413,-0.005130711593665183,-0.0011648810274588566,0.0004944794297140712,0.0006009727173174421,0.0322526052283744,-0.0011648810177575797,3.8798592078189054,7.144508481025696
2,36,pg,central,0.009914555967870083,0.7453458146615461,0.013922237960452383,0.0031305791007153775,-0.22350033982233566,0.44730420681563293,-0.7997789464213632,0.34464662047949707,87.6676209189675,4.458179099993273,4.314083559946581,0.05102696496189275,-0.004007682013748722,0.00612627427009019,0.0005462309954137626,0.008485694288868795,0.0558365463194522,0.006126274423546751,4.3848924961957065,8.912689815868031,0.01470830679560701,0.7589595119158427,0.012983823660761118,0.0027717808213007324,-0.22426838676134744,0.08811767896016438,-0.6234558324019114,0.35866210361321765,83.3281307220459,4.907778223355611,4.556508143742879,0.06206991510061646,0.0017244830184305708,-0.0012335089171150078,0.0005281653963417435,0.0008703672016660372,0.040425347785154976,-0.0012335089850239456,4.770502686500549,7.465788960456848
2,37,pg,central,0.009279509794644335,0.7624987255443226,0.013885235540907492,0.0025519238351162958,-0.2055070481517098,0.436815698038448,-0.7866793572902679,0.3687823441895572,93.84421851418234,4.753205811435526,4.615684460509907,0.050249070841324815,-0.004605725740971552,0.00704015867615288,0.0005894180014200339,0.009449072542007674,0.05698812896893783,0.007040158750235357,4.679333410479805,8.75234387137673,0.005771443558235963,0.7823871374130249,0.013005512611319622,0.002000765574242299,-0.2144073893626531,0.09884332617123921,-0.6275448699792227,0.3828260550896327,88.9257418314616,6.003577351570129,5.806150118509929,0.067430616752553,-0.007234069053083658,-0.001117141587504496,0.0005507549115767082,0.0011143084072197478,0.04456814316411813,-0.0011171416263096035,5.872163573900859,8.107515017191568
2,38,pg,central,0.007943514099513943,0.7470817024057562,0.013931140853938732,0.002974932642246131,-0.19322154400023547,0.45163834365931427,-0.761541179635308,0.3683677004142241,93.80276732011275,5.115520786155354,5.030178546905518,0.05440291605006613,-0.0059876266221346505,0.008260630502429029,0.0005585000855551863,0.010835929816080765,0.06194957307624546,0.008260630587094718,5.043804911388592,9.485724254087968,0.009284970117732882,0.7415485183397929,0.012564626056700945,0.0028769066460275403,-0.19224709272384644,0.14421839018662772,-0.6015262007713318,0.3722454657157262,86.40207354227702,2.767419715722402,2.5396142502625785,0.031819990073396275,-0.0032796559777731695,-0.00014757133491608934,0.0004527775405828531,0.0014339830377139151,0.026829428039491177,-0.00014757135068066418,2.6486698190371194,6.3907316128412885
2,39,pg,central,0.0072824076368388805,0.7537849816409025,0.01344340696761554,0.0022477226716132877,-0.2007709341970357,0.4791699688542973,-0.7754894224080172,0.37678939375010406,95.91110714999112,5.033343949101188,4.905574782328173,0.0525151679121387,-0.0061609992831522095,0.007460671053691344,0.0005790822469862178,0.009917654816738584,0.05684481544250792,0.007460671074857766,4.949853441931984,9.856574795462869,0.007753799669444561,0.7676088213920593,0.012677394319325686,0.0025191010790877044,-0.20851661016543707,0.12948090334733328,-0.6375989119211832,0.3811222364505132,88.50822321573894,3.9247997403144836,3.734812984863917,0.0452800596118842,-0.0049235946498811245,-0.00021120093879289925,0.0004878008524732043,0.0015839961512635152,0.033170572792490326,-0.00021120093879289925,3.768997391064962,6.039558331171672
2,40,pg,central,0.008807999251241034,0.7527530220421877,0.013470531229607084,0.0032216386078454725,-0.1785824800079519,0.48586680536920374,-0.7458340146324851,0.38326295939358795,97.56486580588601,5.054068809205836,4.968478811058131,0.051256084126566376,-0.004662531872533939,0.008560786949766969,0.000559362613289109,0.011075986443426122,0.0577795243060047,0.008560786873038689,4.989377699115059,10.539015488191085,0.010602094776307544,0.7239792346954346,0.012491545329491297,0.0037265169473054507,-0.17215075343847275,0.21230152249336243,-0.601091464360555,0.3720939854780833,86.44801266988118,4.956307590007782,4.7719788153966265,0.06096024677247433,-0.0018894504367684324,0.0016306588076986372,0.0004832096310565248,0.004322305573926617,0.05001085111871362,0.0016306588659062982,4.859650333722432,6.121867378552754
2,41,pg,central,0.012643634214658628,0.7343830086968162,0.013244810683483427,0.0033154762350022793,-0.13516986200755293,0.5516061593185771,-0.7074993225661191,0.4038343781774694,102.72631939974698,6.199757684360851,6.127304922450673,0.060363473715942396,-0.0006011765505139589,0.013901544078676538,0.0006216433949620379,0.016612700546499003,0.07317623902450908,0.013901544438505714,6.143484137275002,9.030680526386607,0.001430867938324809,0.7237303853034973,0.012275441394497951,0.0045699901529587805,-0.10667667786280315,0.3252902328968048,-0.5387645661830902,0.4196803718805313,97.5737959543864,5.019494275252025,4.936740040779114,0.05078346010516532,-0.010844573456173142,0.005383715460387369,0.0006049735190269226,0.008524188461403051,0.05446831447382768,0.0053837155768026905,4.943099578221639,9.849973837534586
2,42,pg,central,0.00964354454878379,0.7109868282621558,0.013115065383978865,0.0049186378389342944,-0.09390098957175558,0.6406594677404924,-0.6699359687891874,0.41594030504876917,105.80688337846236,5.0385348200798035,4.996527982029048,0.04793439268988539,-0.003471520851069892,0.015404261362908239,0.0005684214748643254,0.017630685946311463,0.06679053354839032,0.01540426097132943,4.995509762655605,9.07720836726102,0.003590859705582261,0.7028400103251139,0.01203336256245772,0.0050863297656178474,-0.0712701678276062,0.40085606276988983,-0.5114972094694773,0.43442824979623157,100.99036153157552,4.7556478182474775,4.682481686274211,0.048596191699739416,-0.008442502856875459,0.007666310916344325,0.0005994083282227317,0.010592151821280519,0.05771484412252903,0.007666310761123896,4.696788589159648,11.430915594100952
2,43,pg,central,0.00960262149403041,0.6893899657509543,0.012669668744572184,0.005076011330608956,-0.0536048071120273,0.6250543228604577,-0.6457321345806122,0.42906669730489905,109.19563466852361,6.134447158737616,6.090231121941046,0.05654183604177956,-0.003067047258479182,0.018641844010827215,0.0005816002865851095,0.02156049529598518,0.08200715211304752,0.01864184405316006,6.095646627924659,9.176791808821939,0.008153429720550776,0.6655686398347219,0.011867829443265995,0.006010175061722596,-0.03804568604876598,0.4532950669527054,-0.47781912485758465,0.4324903388818105,100.50044441223145,4.036394079526265,3.969276120265325,0.03836894248487036,-0.0037143994898845754,0.007692522864090279,0.0006052725948393345,0.010347272492557144,0.05097222235053778,0.007692522728272404,3.9941850304603577,9.97745966911316
2,44,pg,central,0.008822604738683864,0.7183301096612756,0.012976020151241259,0.005607546762224625,-0.06902444493872198,0.6297808601097628,-0.650940862568942,0.44493965940041974,113.24038592251864,5.405580683188005,5.368393765254454,0.04761965359024695,-0.004153415507806296,0.015566423059102486,0.0005498572758039121,0.018044173188338227,0.06798396792940119,0.015566423059102486,5.361337959766388,9.067292256788773,0.007303172644848625,0.7378362516562144,0.012068369425833225,0.004664299388726552,-0.09889680271347363,0.3405672510464986,-0.5465409060319265,0.4405103474855423,102.42338562011719,6.375479539235433,6.312767108281453,0.06312992065933083,-0.004765196703374386,0.007371733741213878,0.0006038489858231818,0.010906786735480031,0.0665581605086724,0.00737173343077302,6.3016990423202515,9.395325183868408
2,45,pg,central,0.004993829622187398,0.715200500054793,0.012975563845512543,0.004881914832036604,-0.10690214281732385,0.6251487935131247,-0.7039554498412393,0.4100759733806957,104.40209579467773,5.5052477568387985,5.443040977824818,0.05281865535531203,-0.007981734244491567,0.015275193119040605,0.0005394330887198025,0.017820251629349183,0.0723353791558607,0.015275193288371984,5.4592459757219665,9.630994363264604,0.010761830024421215,0.692902684211731,0.012398714665323496,0.006428401451557875,-0.12427600721518199,0.3238334407409032,-0.5689032773176829,0.38325684269269306,89.00035222371419,4.622450073560079,4.539550572633743,0.05029122004398722,-0.0016368846991099417,0.005486145712590466,0.000640042926534079,0.008260803840433558,0.054110243606070675,0.0054861460424338775,4.558159450689952,7.252681732177734
3,1,pg,central,0.02106816783039407,0.47911402176726947,0.025100553577596493,0.0007627982060450284,-0.016475760155696084,0.2600886124101552,-0.29750135066834366,0.27768062867901544,70.41451194069602,3.6814534992656927,3.6362045468254522,0.05568396319404729,-0.0040323858633696955,0.00525476820026101,0.00044565041951665825,0.008725652450018308,0.06804865076926282,0.005254768232010643,3.6392652810635893,8.29840504581278,0.01609583416332801,0.7386740148067474,0.017737929709255695,0.000878346766209385,-0.04493101748327414,0.03421218196551005,-0.15532665948073068,0.4523861010869344,105.64070002237956,5.077024708191554,3.521451493104299,0.0450454992690128,-0.0016420954683174689,-0.0016732925384227808,0.00023180668358691037,0.00042302178917452693,0.04894314364840587,-0.001673292611182357,4.992408682902654,3.864364286263784
3,2,pg,central,0.012124544348229061,0.7573192282156511,0.017069721763784237,0.0012544180438205578,-0.05002842047675089,0.29167811437086627,-0.3625845882025632,0.4626758775927804,117.79396091807972,5.996560698205775,5.897294450889934,0.051036657099111114,-0.004945177463179623,0.005448503827210516,0.0005337390572425317,0.008769839959727093,0.06231102914634076,0.005448503837793727,5.92037573185834,10.311773668635976,0.011995179733882347,0.7178109486897787,0.014213978933791319,0.0017520744828895356,-0.041635848581790924,0.04563933114210764,-0.1573424090941747,0.44824429353078205,104.9254379272461,5.210670838753383,4.586480716864268,0.0466653628554555,-0.0022187992775191865,-0.0019056991247149806,0.0003683645190903917,0.0007066464750096202,0.05918619905908903,-0.001905699153818811,5.143659045298894,5.271152416865031
3,3,pg,central,0.010290265929969874,0.6952364498918707,0.014764905272221024,0.0031600842596410735,-0.0482380949807438,0.30715674432841217,-0.3946241492574865,0.4211605326695876,107.2510493885387,5.977928746830333,5.914198786020279,0.055602720980832215,-0.004474639321084727,0.006701142929325049,0.0005772389466239309,0.010543018230237067,0.08109907543456013,0.006701142950491471,5.9301094737919895,10.7410119230097,0.010784332097197572,0.6852546234925588,0.012661934985468784,0.002726580472274994,-0.05877335680027803,0.027295251687367756,-0.18837342659632364,0.418167511622111,98.00464248657227,4.095325231552124,2.0614715417226157,0.04205921954398436,-0.0018776027087975915,-0.002721853544547533,0.0004565406610102703,0.00022317520051728934,0.05760199762880802,-0.0027218537288717926,4.046397517124812,6.427495400110881
3,4,pg,central,0.009731328728693452,0.6955242807214911,0.014062350150197744,0.003129304597512766,-0.0574309133331884,0.2798016924749721,-0.41182582486759534,0.42261255058375274,107.52970296686345,6.05925607139414,6.003914957696741,0.05614580118419303,-0.004331021503524177,0.0055425551783462815,0.0005633936803364618,0.009724532571536574,0.08448153480210087,0.005542555188929493,6.014349953694777,10.993122599341653,0.01000756638435026,0.699814240137736,0.012189507794876894,0.002710262038211416,-0.04888846228520075,0.0477290948232015,-0.18510801096757254,0.4417288253704707,103.50258445739746,5.104247917731603,4.539962353805701,0.04599917191891394,-0.0021819413280657804,-0.0026200377421143153,0.0004429962136782706,0.0005566152807053489,0.06321180767069261,-0.0026200379652436823,5.052808980147044,6.069400131702423
3,5,pg,central,0.008187882898544723,0.6986802626739849,0.013697672381319782,0.0032384590812171155,-0.05767486058175564,0.30664036761630664,-0.46447028490630066,0.4277398626912724,108.91557866876775,6.0094872604716905,5.955280875617808,0.05455161448411738,-0.005509789488066665,0.006491038409876637,0.0005342726124746895,0.010271359653085132,0.08461977414448153,0.006491038360929286,5.967166272754019,10.602227622812444,0.007478564123933514,0.6841181615988413,0.01176007262741526,0.0033580227051667557,-0.06813472261031468,0.03638365864753723,-0.23935681333144507,0.41680410504341125,97.69962946573894,4.724954689542453,3.318165103594462,0.04560476604798669,-0.004281508561689407,-0.002912978370053073,0.00045359087259081815,0.00028498391232763726,0.058858509796361126,-0.0029129784185594567,4.672570270796617,6.839296221733093
3,6,pg,central,0.005950543246316639,0.7003018720583483,0.013659891884096644,0.003028930653851024,-0.06418777663599361,0.34568970040841535,-0.4737787991762161,0.42629505558447406,108.5580607327548,6.080326316031543,6.022005176002329,0.05613564292139544,-0.0077093485795723445,0.007089531488335607,0.0006352045575939966,0.011210475614379075,0.08803266964175484,0.00708953147246079,6.034930592233485,11.705896659330888,0.00545209498765568,0.6801657577355703,0.011600004509091377,0.0027755116962187762,-0.07325983668367068,0.03300879895687103,-0.26086560140053433,0.41027048230171204,96.19621404012044,6.787779132525126,4.143147587776184,0.07165957354484928,-0.006147909560240805,-0.004372212182109554,0.0006910718269258117,0.00027458226698702976,0.08279296631614368,-0.004372212337329984,6.727229356765747,8.765415589014689
3,7,pg,central,0.007131589047441428,0.702084565704519,0.0133265939287164,0.0020542944215032385,-0.08753475919365883,0.31979363750327716,-0.5462842380458658,0.40827374295754865,103.92641518332742,5.065311360088262,5.02016574957154,0.04914583039891223,-0.006195004968586462,0.005718101472170515,0.0006047166872039353,0.009338865173049271,0.07724102180112492,0.005718101599169048,5.021889167753133,11.087508288296787,0.006012207129970193,0.7008407314618429,0.011578969502200684,0.0014784074264753144,-0.09784268215298653,0.02845737834771474,-0.323716476559639,0.4081989626089732,95.72517395019531,5.26911707719167,3.550800363222758,0.057079844606805284,-0.005566762275217722,-0.0035545881061504283,0.0007204419234767556,0.00020073542054888094,0.057562934855620064,-0.003554588144955536,5.178382555643718,7.841929912567139
3,8,pg,central,0.0049269151958552275,0.7036112980409102,0.013578076084906405,0.0015437131209265235,-0.1293046074834737,0.3105679303407669,-0.6150274195454337,0.37872064249082044,96.4015322598544,4.45911440524188,4.388351006941362,0.04583116151708924,-0.008651160994883288,0.004234053665475751,0.0006156572939785706,0.007500726062889126,0.06484374971213666,0.004234053567581048,4.40817776593295,10.751157132062046,-0.001548783698429664,0.7468308806419373,0.012132736233373484,0.0008595632722669203,-0.18275326242049536,-0.0010676781336466472,-0.46230580906073254,0.3771855930487315,88.45678583780925,7.325026869773865,0.0,0.08135064835976864,-0.013681519931803146,-0.0030229765300949416,0.0007667227182537317,0.0,0.0501519109432896,-0.0030229766853153706,7.15473210811615,9.52600900332133
3,9,pg,central,0.011316032741557468,0.7698486989194696,0.01447230488569899,0.001382191211916315,-0.18962295759807934,0.23743590170686896,-0.6817245591770519,0.38642759079282935,98.37067933516069,4.20802129669623,4.079335375265642,0.042994882330948114,-0.0031562721282667057,0.0015831268971272618,0.0005221215224909512,0.0040125126728195355,0.0467177363620563,0.0015831268807563572,4.124751922759143,8.604816837744279,0.009468239344035586,0.7523886859416962,0.012233886091659466,0.0015116981230676174,-0.19023802876472473,-0.0008616546789805094,-0.468467836578687,0.3778350402911504,88.59544626871745,4.939458812276523,0.0,0.050339414706893015,-0.0027656467088187733,-0.0017346805689157918,0.0005349390169916054,0.0,0.03082899368988971,-0.0017346806077208992,4.775825972513606,7.160090724627177
3,10,pg,central,0.007276563185521148,0.7269020676612854,0.014255543070083315,0.0017195317749693377,-0.19681407714431937,0.27866476706483145,-0.7102410278537057,0.34506358070807025,87.83000009710139,3.7001175609501926,3.610158994793892,0.04179676267347335,-0.006978979752272029,0.0018494431331584399,0.000570063909187659,0.004381077454044399,0.04767654188485308,0.0018494432178241286,3.63101145083254,8.533807169307362,0.012749082253624996,0.748638391494751,0.012745751067996025,0.001384398094766463,-0.2266096149881681,-0.0016660094261169434,-0.5114495704571406,0.34420789778232574,80.77627054850261,5.187159101168315,0.0,0.06570336873468202,3.3311468238631883e-06,-0.0019676026228504875,0.0005730957297297815,0.0,0.034246962827940784,-0.0019676025840453804,4.999361634254456,5.767317533493042
3,11,pg,central,0.008986356837505644,0.7752738865939054,0.014857894275337458,0.0008510883789654144,-0.242176740006967,0.22993266108361157,-0.7586111616004597,0.34916672110557556,88.91849621859464,4.512854679064318,4.219042157584971,0.05054915422260333,-0.005871537458998236,0.0008049598107556284,0.0005204288979505443,0.0031512124167585916,0.04528459927744486,0.0008049597993456039,4.408824703910134,8.080999255180359,0.010400585907821855,0.7929729620615641,0.013324862190832695,0.0003777227961355341,-0.27202532192071277,-0.0015027523040771484,-0.5899126331011454,0.34635088344415027,81.3019307454427,4.784044106801351,0.0,0.05936843787927961,-0.002924276147192965,-0.0013681288692168891,0.00041241783765144646,0.0,0.028101130078236263,-0.0013681289080219965,4.555548429489136,5.3374054829279585
3,12,pg,central,0.009874337225813757,0.7642671899362043,0.015083250124007463,0.0006977462688698598,-0.27233935486186633,0.1943916075608947,-0.7712362218986858,0.3234549259597605,82.33237977461381,3.9312931678511878,3.4947184277698398,0.04785523493251517,-0.005208912847923453,0.00012907686488522978,0.00047018193965248594,0.0020649681735614486,0.03803393934768709,0.0001290768506640399,3.811643668196418,7.522158806974238,0.00821375691642364,0.7958159148693085,0.01324250471467773,0.0003073082819658642,-0.2875877966483434,-0.001376122236251831,-0.6070133845011393,0.3389690617720286,79.58130645751953,5.4249794483184814,0.0,0.06531159762268858,-0.005028747536319618,-0.001393179865165924,0.0004033204580385548,0.0,0.030907118692994118,-0.0013931798700165625,5.251055479049683,5.275800148646037
3,13,pg,central,0.008967127883806825,0.762705537405881,0.015279673124578867,0.0003100425837746198,-0.28133147819475696,0.15923018753528595,-0.779498281803998,0.3158363984389739,80.42078226262873,3.659964041953737,3.206244905563918,0.0450878342921558,-0.006312545298979702,-0.00016630626264073229,0.00043820459210440856,0.001722600062335418,0.03560014263811437,-0.0001663063058830713,3.543337258425626,7.09043585170399,0.009643718600273132,0.7797307670116425,0.0132279465906322,0.0004221447015879676,-0.29646891355514526,-0.0013468464215596516,-0.6199552118778229,0.3208112468322118,75.3853079477946,4.484758774439494,0.0,0.05961530260055689,-0.0035842280679692826,-0.0012619821839810659,0.00043003571045119315,0.0,0.025881077473362286,-0.0012619821936823428,4.239468236764272,4.6767274141311646
3,14,pg,central,0.012187026673927903,0.7904081534255635,0.01479577332396399,0.0004825089716963372,-0.2684602574868636,0.17153982885859229,-0.7644241370938041,0.34781057184392755,88.55209628018466,5.22180053320798,4.785692946477369,0.058518892481617076,-0.002608746612994847,-3.1062755459226373e-05,0.0004876307238274339,0.0020434549167641144,0.04260602771219882,-3.1062782496023416e-05,5.094341456890106,7.459492217410695,0.0062059685587882996,0.7679262657960256,0.012881620010981957,0.00044115107690837857,-0.2689969638983409,-0.0013024310270945232,-0.5884353617827097,0.33003852764765423,77.52415339152019,4.205117742220561,0.0,0.054282598871799786,-0.006675651830543454,-0.0012469826615415514,0.00046804025866246474,0.0,0.02476562528560559,-0.0012469827003466587,3.9754331906636557,5.560547947883606
3,15,pg,central,0.013506521089849148,0.7407607950947501,0.014377359639514576,0.0009267420516562455,-0.25750812820412894,0.19677794386040082,-0.7258857082236897,0.31692404774102295,80.64308964122425,4.535256743431091,4.086485288359902,0.055588072695237134,-0.0008708387613296509,-0.00010465663465517785,0.0004800579679960554,0.002061865390384231,0.042800071501088416,-0.00010465663945069537,4.423751504583792,7.455871148542925,0.005108765636881192,0.7817383706569672,0.012708202470093966,0.0005526366688476022,-0.23950914790232977,-0.0009320378303527832,-0.5513027211030325,0.3621215671300888,84.93350537618001,3.481470068295797,0.0,0.039672764665646565,-0.007599436697394897,-0.0010934514042067651,0.00042697433673311025,0.0,0.020017362122113507,-0.001093451423609319,3.2813868621985116,6.584320763746898
3,16,pg,central,0.009301565037193623,0.7523469979112799,0.013875075277279724,0.0007160640819124224,-0.23559710789810528,0.20334790376099673,-0.7023797766728834,0.3406805558638139,86.75345230102539,4.443555295467377,4.11144175583666,0.05165111130678978,-0.004573510044296695,0.0004534081976585598,0.0005122964595846662,0.002717379644640129,0.04366756357591261,0.00045340818310664457,4.34996535019441,8.113153284246271,0.012372454007466635,0.7111217975616455,0.012771744125833115,0.0011619088296962825,-0.2518448556462924,-0.0014281968275705974,-0.5590516030788422,0.3012701819340388,70.73276583353679,2.878433028856913,0.0,0.0407271541969877,-0.000399290273586909,-0.001274785715698575,0.0005580719637994965,0.0,0.018229167132327955,-0.0012747857351011287,2.6611023445924125,6.335524717966716
3,17,pg,central,0.014310728335245089,0.7244503064589067,0.013992741619321432,0.0014342562803490596,-0.23536374216729944,0.15629849515177988,-0.7051973315802488,0.3222397823225368,81.99644227461381,4.585722660476511,4.326961143450304,0.05616161939306208,0.00031798665242438966,-0.0005773123309402515,0.0005686551171079786,0.0020432146054438567,0.0448242192664607,-0.0005773123636820608,4.478618795221502,9.505896676670421,0.004584838791439931,0.7654532690842947,0.012060985279579958,0.0011104681190469516,-0.22790458798408508,-0.0005105932553609213,-0.5409173965454102,0.365872065226237,85.89189020792644,4.388552029927571,0.0,0.05161772763726771,-0.007476146682165563,-0.0013919054569366078,0.000485259525400276,0.0,0.026549479613701504,-0.0013919055054429919,4.221976081530253,5.890957196553548
3,18,pg,central,0.007890960265120322,0.7752339433539998,0.013680555984716524,0.0006018495750326606,-0.22788837416605515,0.1804258024150675,-0.6991280100562356,0.3685811893506484,93.83844375610352,5.552364938638427,5.219436333938078,0.05878473129500122,-0.005789595658742738,-0.00023147727618131532,0.0005388583786870269,0.002115531009621918,0.04563590759326788,-0.00023147728709525174,5.43591942299496,7.921456943858754,0.00896681131174167,0.7859518726666769,0.012456603969136873,0.000825014259286642,-0.25050587952136993,-0.0007778207461039225,-0.5738345682621002,0.36085409422715503,84.66939290364583,6.0398135582606,0.0,0.06659221122074079,-0.0034897925603824356,-0.0014268741603397455,0.000415385441253117,0.0,0.03328993062799176,-0.0014268742428005983,5.859901358683904,5.645449737707774
3,19,pg,central,0.013018661877140403,0.7623278146440332,0.01340450630099936,0.0009917772335551365,-0.2323770380832932,0.15079984204335647,-0.6846458451314406,0.35435965386303986,90.21179962158203,4.38864943114194,3.828216388821602,0.048533301326106365,-0.00038584453498267317,-0.0003831524846976787,0.0005231729645112699,0.0016782652502032843,0.038564074064858934,-0.0003831524809356779,4.276629989797419,8.218862739476291,0.00944460773219665,0.748007337252299,0.012221713860829672,0.0012741985847242177,-0.2232218235731125,-0.0009302894274393717,-0.516147568821907,0.3493259201447169,81.97111129760742,3.5468178962667785,0.0,0.04120185276495924,-0.0027771062256457904,-0.0012412008169728022,0.00041423304840767133,0.0,0.020627170781760167,-0.0012412009042842935,3.3626818666234612,6.385777751604716
3,20,pg,central,0.010790257714688778,0.7397783127698031,0.013570712582970207,0.001084465922097231,-0.22190744903954593,0.1802519763057882,-0.6526620956984434,0.3432976833798669,87.38840068470348,5.374356244436719,4.876496516845443,0.061937519758677236,-0.002780455032321201,-0.0001533976331054212,0.0005228626892362213,0.0022458957497623155,0.047046217009086504,-0.00015339764451544562,5.252996999601072,8.010226238857616,0.007305501028895378,0.7420750558376312,0.01216711119438211,0.001027973702851644,-0.23309876521428427,-0.0009487768014272054,-0.5280026346445084,0.33832870920499164,79.45265070597331,2.036602665980657,0.0,0.02428080318297346,-0.00486161020429184,-0.0009997902670875192,0.0004303303867345676,0.0,0.012812500664343437,-0.0009997902379836887,1.9096152385075886,4.634703358014424
3,21,pg,central,0.011749981775541197,0.7478256144306876,0.013660155998712236,0.00106867862500208,-0.23499142717231403,0.1643806533379988,-0.6741251945495605,0.33813114870678296,86.02603773637252,5.281465194442055,4.686064013025978,0.06159446368806225,-0.0019101742734412917,-0.00042586391629645897,0.0005217346472570418,0.0019103366251907903,0.045515422116626396,-0.000425863959786842,5.158483025702563,7.648195385932922,0.010593375035872063,0.7833450734615326,0.012386487486461798,0.0005757141731616381,-0.2389297609527906,-0.0008206665515899658,-0.548815131187439,0.3652558773756027,85.68177096048991,3.8905700941880546,0.0,0.04458037953636745,-0.0017931124584720237,-0.001195563609750631,0.00038185111528340104,0.0,0.02400824809834982,-0.0011955636534063767,3.738542824983597,3.6867586374282837
3,22,pg,central,0.009458971463821152,0.7577035968953912,0.01375305521386591,0.0008537606326616366,-0.23672886125066064,0.14961868389086289,-0.6788732788779519,0.34638282521204516,88.16768993030895,3.5357307994907554,3.241229395974766,0.04047657714560628,-0.004294083697128703,-0.0002038939278877065,0.000425233817209532,0.0016493284651501613,0.031789012189785186,-0.00020389394723513925,3.423955303024162,7.839089426127347,0.010693587828427553,0.7607210874557495,0.012286960147321224,0.0010416439617983997,-0.23525034139553705,-0.0008585949738820394,-0.517638643582662,0.35003503163655597,82.16460037231445,3.66394035021464,0.0,0.04212498502570372,-0.0015933721248681347,-0.0011017085635103285,0.0003680283504460628,0.0,0.021356337626154225,-0.0011017086314192663,3.5143008331457772,4.963342388470967
3,23,pg,central,0.012982092924754728,0.7340507859533484,0.013140515254979784,0.0013717641735307882,-0.21521686491641132,0.13629249144684186,-0.6445304643024098,0.3483300127766349,88.64236103404652,3.732403657653115,3.5668048696084456,0.04200881732740444,-0.00015842234609987247,-0.0004759757565890058,0.000507161324177022,0.0016071848671841012,0.03553546114232053,-0.00047597580950506114,3.6297253715721043,7.814191601493142,0.008355409683038792,0.7192116479078928,0.011677292796472708,0.002594404882984236,-0.20185952881971994,-0.0004437665144602458,-0.4737432698408763,0.3488134543100993,81.90756797790527,2.120280163983504,0.0,0.029074494909477003,-0.0033218831716415784,-0.0011264806817052886,0.0005653055365352581,0.0,0.01606770868723591,-0.0011264807399129495,1.9463928770273924,5.388687173525493
3,24,pg,central,0.00894136739556085,0.721881010315635,0.013019234577024525,0.0025241061971014874,-0.20388656583699313,0.16174103184179825,-0.6372939483685927,0.3473367677493529,88.40426115556197,4.174387641928413,3.9496559771624478,0.04697650050866213,-0.0040778671814636755,-0.0004920676914149557,0.0005491657515945421,0.0019590742303989828,0.04153434555469589,-0.0004920677522684193,4.081789658828215,9.025007551366633,0.00855994876474142,0.7500623861948649,0.011943878916402658,0.0032419245302056274,-0.22463174164295197,-0.00057259202003479,-0.49763018389542896,0.3529013693332672,82.84796714782715,5.120220383008321,0.0,0.05988244453046406,-0.0033839300740510225,-0.0014610442352325965,0.00047956650087144226,0.0,0.03014322944606344,-0.0014610442449338734,4.955046733220418,5.708069562911987
3,25,pg,central,0.00782168887301602,0.7634982656348835,0.013106659308753231,0.0027747543340824036,-0.22666998478499326,0.15353623574430292,-0.6789238534190438,0.3591774918816306,91.45380505648527,4.784932117570531,4.360897226767107,0.05223646445872632,-0.005284970467486842,-0.00042488690405662055,0.0005038207349240441,0.0017543016954071143,0.038447393527762455,-0.00042488692071690986,4.671071085062894,8.075931278142063,0.008325512520968914,0.7680638333161672,0.012385210487991571,0.003112251424075415,-0.25092940280834836,-0.0007922649383544922,-0.5370232959588369,0.34552644193172455,81.08689816792806,2.1064495146274567,0.0,0.02451578692072973,-0.004059697831204782,-0.0006826121946990801,0.00038135464274091646,0.0,0.011267360678175464,-0.0006826122044003569,1.8976074683208328,5.213322122891744
3,26,pg,central,0.010015538999472152,0.7563946788961237,0.013802916658195582,0.0032923460186628454,-0.25503596460277383,0.1500341228463433,-0.6966362297534943,0.3334897458553314,84.90259378606623,4.434196524999359,3.942187416282567,0.05228751097064219,-0.0037873775211416864,-0.00043257376191005193,0.0005010053864680231,0.001566746097523719,0.03560267922214486,-0.00043257380788087505,4.306701196865602,7.407164920460094,0.013351139146834612,0.7623534699281057,0.012433720907817284,0.003292730359438186,-0.2706834375858307,-0.0008704463640848795,-0.5616879463195801,0.3294066588083903,77.35936164855957,4.067043741544087,0.0,0.05233957743952775,0.0009174181226020058,-0.001025080040562898,0.00040620276316379506,0.0,0.02323567805190881,-0.0010250800502641748,3.8358012239138284,4.839986244837443
3,27,pg,central,0.00970844907516783,0.742589454759251,0.0140108246864243,0.0029493584231452337,-0.2698377736590125,0.11939752508293498,-0.6941791718656366,0.3109204118902033,79.11942464655095,3.9394943443211643,3.3501408235593275,0.049921741297645844,-0.004302375648297708,-0.0008193170512888835,0.00047139310812450606,0.0009627924089066007,0.03185242592272433,-0.000819317037398419,3.813555815003135,7.649191748012196,0.007066595833748579,0.7737394173940023,0.012819509487599134,0.0025635485556752733,-0.2923982838789622,-0.0012585123380025227,-0.583251545826594,0.3193747599919637,74.9896977742513,2.5469720512628555,0.0,0.03648002988733942,-0.005752913809070985,-0.0007480934909835923,0.00033765989064704627,0.0,0.01571180643562305,-0.0007480934618797619,2.3845838984222305,3.7666646440823874
3,28,pg,central,0.012693177231333473,0.781658104874871,0.014067046386613087,0.002303270026877933,-0.28833079067143524,0.14662175422365015,-0.702336311340332,0.32938182895833795,83.84256536310369,3.361332507296042,2.9217995696447114,0.039763912969716035,-0.0013738693404858086,-0.00036488781816759996,0.00035331412668297577,0.0009951923381198537,0.024892197985371404,-0.0003648878208134027,3.224258957261389,5.870185180143877,0.007928058505058289,0.7908221781253815,0.012747144481788078,0.002444618362157295,-0.2818835029999415,-0.0009208420912424723,-0.5771561563014984,0.34097452461719513,80.0215212504069,3.4618417620658875,0.0,0.047688310505693554,-0.00481908619015788,-0.0008688860446757948,0.00044750154969127226,0.0,0.02084852467911939,-0.0008688860640783483,3.236520787080129,4.511792023976644
4,1,pg,central,0.023766267113387585,0.4843019070950421,0.027816249142316254,0.0005121327915689603,-0.0278839295391332,0.27326659655029123,-0.3078299964016134,0.2739754654467106,69.4940899068659,3.252869897268035,3.2015483460643073,0.04800057085289282,-0.0040499819998248395,0.005417429164729335,0.0004567280901193788,0.008511430986056273,0.05941178086637096,0.005417429466350851,3.2053693397478624,8.71610426902771,0.020180212644239266,0.7152355710665385,0.02176353552689155,0.00020273409245419316,-0.031660319305956364,0.08498524129390717,-0.1335001935561498,0.4391226718823115,102.32658195495605,3.1220643122990928,2.9939113656679788,0.0363025044629375,-0.0015833227371331304,-0.0001911119713137547,0.00033474132942501456,0.0018392560305073857,0.039049480420847736,-0.0001911119652504567,3.0350648959477744,3.5491225719451904
4,2,pg,central,0.011585548520088196,0.7134754413908179,0.01866565196012909,0.00021548489741686115,-0.02145285104316744,0.36395408484068786,-0.36442394148219714,0.4420476880940524,112.52841290560636,5.981231830336831,5.890044672922655,0.05350205924505047,-0.007080103344791992,0.010654297906016423,0.000522534033569338,0.013599613951307467,0.06729276562956246,0.010654297667894174,5.904780994762074,9.222869504581798,0.014678540329138437,0.6815666655699412,0.015844326000660658,0.0008147907913856519,-0.019064321803549927,0.15238981197277704,-0.13643370072046915,0.4257547010978063,98.86962509155273,2.953257828950882,2.927493025859197,0.029613002081490907,-0.0011657857248792425,0.002480446894575531,0.0003102515584032517,0.004516040411544964,0.047717015258967876,0.0024804469236793616,2.8923395226399102,5.2774838010470075
4,3,pg,central,0.009851475013419986,0.6870003234256398,0.014826647894964977,0.0014203108728142151,-0.019117214801636608,0.4219228354367343,-0.41235184940424835,0.42678993804888293,108.62554584849964,6.01659034057097,5.978481433608315,0.05523903013747619,-0.004975172828628935,0.015290181300687518,0.0005984451616479254,0.018543545484796843,0.09211267124522816,0.015290181522934952,5.972168725999919,9.56438188119368,0.01076224516145885,0.7085521717866262,0.013647460689147314,0.002362834343027013,-0.02637735040237506,0.15466053038835526,-0.1658253868420919,0.45080016553401947,104.5111796061198,6.814357101917267,6.744463841120402,0.06316564292538383,-0.0028852156683569774,0.004011572668484102,0.000504263555437016,0.008309822995215654,0.1118576390047868,0.004011572629678994,6.768506666024526,8.215564568837484
4,4,pg,central,0.00925437898629091,0.71321040391922,0.013782769483937458,0.0019952212484316656,-0.03579788155515085,0.42233544994484296,-0.4694175666028803,0.44607519697059284,113.61232098666105,5.511717790907079,5.478114531798796,0.04866070574536932,-0.004528390513521365,0.014363072463311255,0.0005519391988028391,0.017378259074493228,0.09439807973632758,0.014363072426270017,5.474673579362306,8.796296607364308,0.010308449699853858,0.6885840197404226,0.012899013080944618,0.0037624886414657035,-0.04133341337243716,0.13184095919132233,-0.20737206935882568,0.4313257833321889,99.88247680664062,6.29395854473114,5.9723860422770185,0.0649109234492637,-0.0025905632452728846,0.0023983565818828842,0.0005140684806974605,0.006618696032091975,0.12557291239500046,0.0023983565624803305,6.246414105097453,7.797585725784302
4,5,pg,central,0.007756604432043704,0.7179724899205294,0.0133723242377693,0.0016704773958984085,-0.04073698734017936,0.4448267478834499,-0.4793103283101862,0.4470095241611654,113.74958558516069,6.159874292937192,6.128291317007759,0.0541902923773254,-0.005615719792496582,0.015679403906688094,0.0005785532967737792,0.019137324130331927,0.10924309915439649,0.015679403695023873,6.119696692986921,10.797768679532139,0.009698109235614538,0.7296761473019918,0.013060265220701694,0.0029504747120275474,-0.04008270179231962,0.15360579391320547,-0.2248165855805079,0.4679756661256154,108.47268168131511,2.9726388355096183,2.9523279468218484,0.026805195666701972,-0.00336215606512269,0.0021229149812522032,0.00034161535343931365,0.004368527637173732,0.06380642391741276,0.002122915058862418,2.9307024280230203,5.672115008036296
4,6,pg,central,0.008726237130097368,0.7103049971840598,0.013269108847122301,0.0016051282297981312,-0.012187011846849187,0.4631524912335656,-0.4734776020050049,0.45971768552606757,117.06887227838689,6.623410774902864,6.5888218419118365,0.05619134590808383,-0.004542871715702032,0.02024225596423176,0.0005355670966144481,0.023533239304511386,0.11370738688856363,0.020242256112396717,6.585371509194374,9.57700782472437,0.009332367995133003,0.6775668362776438,0.01253814265752832,0.0021730232789802053,0.011599294608458877,0.23602467278639475,-0.1542593389749527,0.457444687684377,106.15066464742024,6.833788176377614,6.81764288743337,0.060699345284997895,-0.0032057744198633977,0.012201296087975303,0.0005545853806931215,0.016356743251283962,0.13379340122143427,0.012201295777534446,6.79960834980011,8.185018420219421
4,7,pg,central,0.00784853303974325,0.6904174848036333,0.013037195217541674,0.0016215006379215165,0.01211511834778569,0.5323225666176189,-0.48013376512310724,0.4640671421181072,118.09843826293945,5.9750008095394485,5.9456586187536065,0.050766956578435156,-0.005188662156632001,0.02387722573158416,0.0005583600008817898,0.02700845706699924,0.11418805830180645,0.023877225816249847,5.940592695366252,9.353097547184337,0.007585178206985195,0.7213323911031088,0.012750371980170408,0.00251193616228799,0.005696677369996905,0.2521001100540161,-0.1680502543846766,0.48810867965221405,113.29823430379231,6.808883428573608,6.765289147694905,0.06152653327504004,-0.005165193734380106,0.0121496367889146,0.0006843514808376009,0.016433201109369595,0.12376302232344945,0.012149636633694172,6.769187291463216,9.853853384653727
4,8,pg,central,0.009814855960113082,0.7245628833770752,0.013245142996311188,0.0020474485231302838,-0.0008840682672929357,0.5235864425247366,-0.4965830079533837,0.4791091707619754,121.94956866177645,5.396830206567591,5.358525230125948,0.044503989782081456,-0.003430286983282051,0.0205637457230213,0.0005017459215278822,0.023006309670480816,0.09289392219348387,0.020563745701854878,5.358866860920733,7.868250380862843,0.008723021019250154,0.7147280077139536,0.01256567845121026,0.0031272491808825484,-0.012105486743773023,0.2230458458264669,-0.19100266695022583,0.46923190852006275,108.78862635294597,6.624676167964935,6.592816948890686,0.06140985822117396,-0.003842657431960106,0.00792364861505727,0.0005659675904704878,0.012435161042958498,0.11382378513614337,0.0079236487702777,6.580700596173604,9.13368566830953
4,9,pg,central,0.008845498933541503,0.6888404461470518,0.012984225907447662,0.002872359461021419,-0.0021435353502800517,0.5315617268735712,-0.4782841476527127,0.4514808329668912,114.92592100663619,5.5697777525267815,5.532717009836977,0.04829114778965717,-0.004138726973906159,0.020966317843307148,0.0005466511429403909,0.02376877595353025,0.10041979530995543,0.020966317843307148,5.535023035312241,9.91334681077437,0.010239420536284646,0.686099241177241,0.012466118826220432,0.0036195764550939202,0.017985065778096516,0.27254846195379895,-0.15114506582419077,0.47026991347471875,109.06531778971355,4.257526993751526,4.240813771883647,0.03729841027053981,-0.0022266982414294034,0.009630722381795445,0.00036127574033647153,0.012416168969745437,0.08278863069911797,0.009630723080287376,4.220549424489339,7.174318393071492
4,10,pg,central,0.005345725052228028,0.7096129574558951,0.012961763761598955,0.0026436428066848416,0.010802429437303957,0.5877808887850154,-0.46869555657560175,0.4716546752236106,120.06194132024592,7.085656203329563,7.039794186976823,0.05905753550415243,-0.007616038682912899,0.027633648344569585,0.00058241838732184,0.03055095132863657,0.1146738003431396,0.027633647931824355,7.045809922570532,10.236283389004795,0.00984051451086998,0.7060080866018931,0.012496836793919405,0.005151952519857635,-0.011307693629836043,0.2386521597703298,-0.2050199160973231,0.4672545741001765,108.3393046061198,3.7021762331326804,3.667107860247294,0.0333623042063383,-0.0026563222345430404,0.006597427457260589,0.0003823771500416721,0.009334061450014511,0.07716362923383713,0.0065974274184554815,3.6676937143007913,6.83001446723938
4,11,pg,central,0.007367123638025739,0.7012248445640911,0.01325906410982663,0.0031916222379880887,-0.016003010762770744,0.5363751731135629,-0.5357936160130934,0.44979449293830176,114.5400837984952,5.354977923360738,5.319374385205182,0.047663121898450275,-0.005891940477092497,0.02192581940272992,0.000543208764363292,0.024564146783880213,0.1028028606352481,0.021925819381563502,5.322008057074114,9.157747442072088,0.009643630124628544,0.6595505972703298,0.012275229363391796,0.004543115307266514,-0.010824991079668203,0.24450463553269705,-0.21970030665397644,0.42959973712762195,99.50175857543945,3.509626492857933,3.4977545316020646,0.03570498606243188,-0.0026315990447377167,0.007617524917198655,0.0004753746446416092,0.01058767862074698,0.08951822854578495,0.007617524844439079,3.477848822871844,7.823881983757019
4,12,pg,central,0.006121890153735876,0.6898646219210192,0.013035012536089529,0.002342280272965912,-0.004730618484741585,0.6123530715703964,-0.562953920526938,0.44788851656697015,113.9779482754794,5.563072138211944,5.540725223042748,0.048409988790276734,-0.006913122366478836,0.02438398631585931,0.0005403720570029691,0.02693315917118029,0.10507178365845572,0.0243839861147783,5.530175470493057,8.836778792467983,0.0044657590333372355,0.698486735423406,0.01237462880089879,0.004012078531862547,0.006931198159387956,0.29498333235581714,-0.22596784929434457,0.4673197865486145,108.27585474650066,7.852529048919678,7.801685929298401,0.07032054436539131,-0.007908869806366662,0.017069920276602108,0.0006627995511128878,0.02155299639950196,0.13946397105852762,0.017069920897483826,7.810768882433574,11.277607123057047
4,13,pg,central,0.007976209744811058,0.7003956599669023,0.013148889114910906,0.00345754167425515,0.0054874000382948325,0.6299073912880637,-0.5641712749546225,0.4603597575967962,117.1739994395863,6.4209086082198406,6.390839219093323,0.05498532494533048,-0.005172679364808242,0.030732855370098896,0.0005785339056852866,0.03348733891140331,0.12035942653363402,0.03073285532776605,6.385921857573769,8.725992452014577,0.008920429041609168,0.6957432230313619,0.012381306073317925,0.00482108702029412,0.011527878426325818,0.3231659084558487,-0.2451716959476471,0.47272955874602,109.46853065490723,5.959734678268433,5.939225157101949,0.05300706102017569,-0.003460877303344508,0.015394090674817562,0.0004186828203576927,0.01883781406407555,0.11480034639437993,0.01539409083003799,5.918283462524414,8.867781281471252
4,14,pg,central,0.01045532850548625,0.7228551805019379,0.01333560019900853,0.0030157422975621143,0.0050442569058346135,0.647291053425182,-0.5724115940657529,0.4845264039256356,123.35126460682262,6.796444153243845,6.770375135270032,0.055302963136116316,-0.002880271725271913,0.03096574661321938,0.000504455329395238,0.03359703440219164,0.11392806309529326,0.030965746761384336,6.761678010225296,8.13874853741039,0.008747493149712682,0.6874051292737325,0.012272395504017672,0.003932671000560124,0.004597363430851449,0.3055644432703654,-0.26487510402997333,0.4638601889212926,107.32625579833984,5.180049578348796,5.12737621863683,0.050644311874352886,-0.0035249023154998818,0.013055974520587673,0.0005682727132807486,0.016258846114700038,0.10766926625122626,0.013055974384769797,5.140779793262482,7.351998329162598
4,15,pg,central,0.009384009923616593,0.6844055625525388,0.01298606823283163,0.0029315966460682252,0.016724446153437548,0.6404848207126964,-0.54931094836105,0.4619015103036707,117.5304253318093,6.369493684985421,6.336651040749117,0.05391131081650739,-0.0036020583197982473,0.03175327427346598,0.0005471408671424301,0.03451260331679474,0.11865107664330439,0.031753274612128735,6.3400377766652545,9.859467939897018,0.008095159195363522,0.6869787375132242,0.012284187444796165,0.004305013474853088,0.015113808292274674,0.3306095649798711,-0.25194427867730457,0.47243962188561756,109.32137235005696,5.607414722442627,5.5877552429835005,0.048838346990144256,-0.0041890282882377505,0.014293390326201916,0.0005572517159938192,0.017548862534264725,0.10871744900941849,0.014293390481422344,5.577333112557729,8.196495016415914
4,16,pg,central,0.011830534193326126,0.7063893296501853,0.012920960064300081,0.003120771841250561,0.0010171523688107052,0.6360480202869936,-0.593598948283629,0.46932130645621906,119.4934362931685,5.373672934418375,5.340376809916713,0.044896911395504675,-0.0010904259238900108,0.02649855526926165,0.0005170304006738165,0.028851490637118168,0.09782873356545513,0.026498554824766787,5.3404640988870105,8.108210856264288,0.006525587756186724,0.6922062635421753,0.012249166301141182,0.0037106262267722436,0.009123763700093454,0.3016054183244705,-0.24620918929576874,0.46884047985076904,108.49173736572266,6.423464457194011,6.404444416364034,0.05756015552044393,-0.005723578457642968,0.01437714439816773,0.0006508893226661409,0.018240612621108692,0.11809678748250008,0.0143771442429473,6.380802353223165,8.934486905733744
4,17,pg,central,0.008805053710768168,0.6958836994387887,0.013065672267905691,0.0027953069577713245,0.0295768766134808,0.6671120212836699,-0.5622368454933167,0.4814866456118497,122.56451485373758,4.782743260264397,4.750088699839332,0.03921595979470982,-0.0042606185412627055,0.026724898150529374,0.00049334239090306,0.028815475969829342,0.09204672429371964,0.026724898489192128,4.749927604740316,8.477127118544145,0.0077886929114659624,0.6648211777210236,0.012084863148629665,0.003706730858539231,0.038532452968259655,0.34187304973602295,-0.2012625833352407,0.47400349875291187,109.75791486104329,3.863808862864971,3.8276928837100663,0.03817893757979634,-0.004296170227462426,0.012886164719626928,0.0005555264251597691,0.015694628789788112,0.08921874811251958,0.012886164554705223,3.8266473362843194,7.329141577084859
4,18,pg,central,0.008548236049881036,0.6845681396397677,0.012950451790609142,0.002412892434697576,0.03606970887631178,0.7044614716009661,-0.5263918042182922,0.4738273607058959,120.63529725508256,6.613831772045656,6.589741684496403,0.05451438669512842,-0.004402215746019713,0.036114398898048836,0.0005569009557472203,0.038729550655592575,0.11952617578208447,0.036114398961548104,6.578945425423709,9.102460817857223,0.00717852427624166,0.6580424805482229,0.011981780485560497,0.0024681222154564844,0.03535347245633602,0.33218805491924286,-0.20789299408594766,0.4574173092842102,105.81792704264323,7.249413013458252,7.209643205006917,0.06953092294374033,-0.0048032561705137295,0.02168281531582276,0.0006070500724793723,0.026170810063680012,0.15046874806284904,0.02168281531582276,7.215983788172404,10.25589394569397
4,19,pg,central,0.008862912210381844,0.6538691629062999,0.012871769510886887,0.0018819532263298104,0.0475368781269274,0.6757655279202894,-0.5168642835183577,0.45517783002419904,115.83923235806552,5.971009827472947,5.9481748288328,0.051710109258261895,-0.004008857361358506,0.035375386021438644,0.0005227414248193699,0.037940582133490934,0.12010957910255952,0.03537538609552113,5.941387931731614,8.714840618046848,0.011513353092595935,0.6392647922039032,0.012142529555906853,0.002436024682083371,0.061082773531476654,0.38370123008886975,-0.1725242187579473,0.4659815529982249,107.90939521789551,3.9643996755282083,3.953260282675425,0.03653924085264893,-0.000629176473012194,0.014571520034223795,0.00039953311594824,0.017384633732338745,0.08623263860742252,0.01457152011183401,3.9328490694363913,6.797601183255513
4,20,pg,central,0.009510659803213044,0.6870235313068737,0.013003229883245447,0.0019665430614126803,0.04480049196122722,0.6905406225811351,-0.5429165295579217,0.47863086651672015,121.8475296714089,6.470265719023618,6.425211012363434,0.05328125635353476,-0.0034925702070309358,0.036691889971156015,0.0005754709537458522,0.039079934654926714,0.11976841447705572,0.03669189026748592,6.431989615613764,8.605668132955378,0.010419364087283611,0.6622782945632935,0.012057280478378138,0.0029192832230743684,0.029249004398783047,0.34569646418094635,-0.21370639403661093,0.4684721976518631,108.49314244588216,2.2094404300053916,2.1854796037077904,0.02324077056180591,-0.001637916429899633,0.008204905199818313,0.00038282347668427974,0.010141015858001387,0.063721789047122,0.008204905277428528,2.182817615568638,5.211132963498433
4,21,pg,central,0.008165970846841281,0.7107033973390405,0.013183762869712982,0.0020279840207460998,0.03031155750663443,0.6544619121334769,-0.5790420404889367,0.488837947899645,124.43026074496183,6.413186028599739,6.390730375593359,0.051114668285966225,-0.005017791948789222,0.033329196464778346,0.0005258171176220375,0.035517034332521936,0.10896027816290205,0.033329196655276144,6.377961615269834,8.028623060746627,0.0074095890546838445,0.7080993354320526,0.012339137184123198,0.0038823160575702786,0.016581032890826464,0.3332732419172923,-0.23902282615502676,0.48380089302857715,112.09243774414062,8.162315209706625,8.138301531473795,0.07267690291543571,-0.004929548207049568,0.019188860586533945,0.0006312007074787592,0.023572527182598908,0.14089409882823625,0.019188860120872658,8.121628602345785,9.728573242823282
4,22,pg,central,0.009003568610007113,0.6889081759886309,0.0129433344964954,0.003947638433373868,0.00837043327787383,0.6691025360064073,-0.6198040558533235,0.4567045366222208,116.24351640181108,5.201827206394889,5.175146800550547,0.044836714493734706,-0.003939765780656176,0.03000009819780561,0.0005679907811678607,0.03238891132853248,0.10879159786484459,0.030000097626312214,5.1714635491371155,9.3066040169109,0.009198217109466592,0.7091044485569,0.012257703424741825,0.0034245249941401803,-0.006351911889699598,0.31794331471125287,-0.28866766889890033,0.47180142998695374,109.19434992472331,6.538239041964213,6.508986949920654,0.05896577393556846,-0.0030594862764701247,0.013778742247571548,0.0005631665359639252,0.017546367055426042,0.12148003652691841,0.013778742092351118,6.496272881825765,7.255354364713033
4,23,pg,central,0.010111786192283034,0.7381177734244954,0.0132129266011444,0.0017652057966663713,-0.008916306055404923,0.6591820784590461,-0.6298789273608815,0.4827064194462516,122.88713108409534,5.435714206912301,5.392370461740277,0.044077523545797616,-0.0031011404723606324,0.02684096583503891,0.0005329146608181128,0.028926902789283882,0.09340756860646335,0.026840966152535242,5.395376271144911,7.8182234005494555,0.00913672319923838,0.722647358973821,0.012518730945885181,0.0032510210682327547,-0.0279726292937994,0.29780813058217365,-0.3485257277886073,0.4719476302464803,109.28870137532552,4.413692057132721,4.396185060342153,0.0376852815615748,-0.0033820076981404177,0.006932473741471767,0.0004518109296138088,0.009885325174157819,0.07588324416428804,0.006932473760874321,4.3765853345394135,7.632399400075276
4,24,pg,central,0.009178448574278842,0.7092175835912878,0.012775370385497808,0.0026713896362376877,-0.03774964942766184,0.63591238043525,-0.6754619899121198,0.44188711589032953,112.45887860384855,6.117571686479178,6.084992842918092,0.05457656794753405,-0.0035969218429685993,0.026958902387625792,0.0005771884666914543,0.029793799897147852,0.11417791061103344,0.026958902768621392,6.078772832724181,9.53137177770788,0.007843678273881475,0.7169389426708221,0.01232199821000298,0.0029603015621736026,-0.07043842226266861,0.23518731693426767,-0.43348052104314166,0.43695083260536194,101.0726712544759,5.019098957379659,4.705621361732483,0.05264862619975264,-0.004478319897316396,0.0039910596096888185,0.0005275950776801134,0.007848467134560147,0.09295790145794551,0.003991059415663282,4.968871712684631,8.666167974472046
4,25,pg,central,0.010444269303909758,0.744291443716396,0.013254184233532711,0.0013735677227735075,-0.08970076455311342,0.5332319316538897,-0.68736316670071,0.4324233450672843,110.05263762040572,5.368058315732262,5.312818439169363,0.049164981134859786,-0.0028099150089970367,0.01802823021584614,0.0005267964377046817,0.02075216123326258,0.0993455768647519,0.018028230406343937,5.324932293458418,8.893046487461437,0.007599314985175927,0.7633579274018606,0.012909889531632265,0.0024957829328423977,-0.09219009180863698,0.18428839246431986,-0.43996452291806537,0.4581890404224396,106.08064842224121,6.7344818115234375,5.9175459543863935,0.06478559441355562,-0.005310574624066551,0.0016183145980903646,0.0006152346468297765,0.005649845348671079,0.08732204760114352,0.0016183145344257355,6.662444353103638,9.441408435503641
4,26,pg,central,0.007709102260626175,0.7341116368770599,0.013136764988303185,0.00202235671320688,-0.07265574298799038,0.6057441356507215,-0.7243005985563452,0.43899489668282593,111.79516393488103,4.305269074710933,4.266349391503767,0.03912190304957703,-0.0054276627488434315,0.017280105951199817,0.000496627790694633,0.0195138252932917,0.08380174408243461,0.017280106104656377,4.269746248017658,8.193784995512528,0.008074865288411578,0.6418352623780569,0.0119652741899093,0.004256034369367019,-0.06618077494204044,0.24116210639476776,-0.4252246916294098,0.38149406512578327,88.12013117472331,4.27425479888916,4.219999353090922,0.04844462452225167,-0.0038904090567181506,0.004312982802124073,0.0006750544901782026,0.008443694600525001,0.10425998146335284,0.004312982705111305,4.241482178370158,9.60446415344874
4,27,pg,central,0.010231719817966223,0.7280681783502753,0.013114595785737038,0.0024391766830107867,-0.05619744677096605,0.5956726169044321,-0.6713162877342918,0.4454932592131875,113.39314651489258,6.221473043615168,6.1819790764288465,0.055441116808856966,-0.0028828759889372372,0.024321137461811304,0.000590681671217846,0.027237551879476418,0.11168577488173138,0.02432113771580837,6.179437691515142,10.140709335153753,0.007680391504739721,0.7135661939779917,0.0120731300363938,0.0031184289558344367,-0.0816766085724036,0.20153067509333292,-0.4278522878885269,0.43038233121236164,99.50676600138347,3.4284381767114005,3.3118056456247964,0.03347218016946218,-0.004392738764484723,0.0016440147111704089,0.0006122665557389458,0.0046500073513016105,0.06314670170346896,0.0016440147452764602,3.3781856894493103,7.860490520795186
4,28,pg,central,0.00816114765422588,0.7009830366481434,0.012897854459218004,0.0031550687447386076,-0.07591416619040749,0.5798286118290641,-0.7154686965725638,0.4145090336149389,105.46212005615234,4.026771663264795,3.998772523619912,0.03794064893131175,-0.004736706709743224,0.016589675574902107,0.000538289709683423,0.01901425915473903,0.08721590897237713,0.016589675876523623,3.9951177821917967,8.689931652762674,0.008397204568609595,0.7178760766983032,0.012040482213099798,0.003432710233028047,-0.08566611384352048,0.1870124414563179,-0.42711804310480755,0.4279913157224655,98.95728556315105,6.088635245958964,5.957898894945781,0.06022370912061784,-0.0036432776832953095,0.0020303623944831393,0.000639401056105271,0.006294271443039179,0.08895182361205418,0.002030362343551436,6.0222850640614825,9.119668086369833
4,29,pg,central,0.005241408690132878,0.7350000278516249,0.013038788837465372,0.002152677719922477,-0.09845329990441148,0.5391250103712082,-0.7196751128543507,0.4224413430148905,107.57610667835583,5.534786652434956,5.476473897356879,0.05225962903374049,-0.007797380184373734,0.017138750038363716,0.0005936503492359242,0.019897424240215598,0.09841466982933608,0.01713874978436665,5.490431453016671,9.334777409380132,0.012352908728644252,0.7164746324221293,0.012324212429424128,0.0027229116955519808,-0.13796856254339218,0.10184737915794055,-0.5225746780633926,0.3917779127756755,90.42306009928386,6.313949902852376,3.1850229303042092,0.06642174057682866,2.869627981757124e-05,-0.0018351423592927556,0.0007201333064585924,0.002055539827172955,0.07819878682494164,-0.0018351423204876482,6.223037759462993,9.225218296051025
4,30,pg,central,0.010710498699071732,0.738323918797753,0.013502755541015755,0.0012303179594875307,-0.15936105901544745,0.4980323016643524,-0.7651670439676805,0.38512155413627625,98.06932067871094,4.395591906525872,4.3137536157261245,0.04510559070704435,-0.0027922567996111784,0.010726625660688362,0.0005490617860976437,0.013496816856786609,0.08217202618040821,0.010726625777103684,4.340942805463618,9.385127436030995,0.006463958028083046,0.7170080343882242,0.012732088410605987,0.0019965528020596444,-0.16782751431067786,0.0574257584909598,-0.5601758559544882,0.3702833851178487,85.30934079488118,4.94368960460027,1.0076271841923397,0.06024153504617375,-0.006268130266107619,-0.0026822151072944203,0.000646890128943293,0.0006494608630115787,0.06389974181850751,-0.002682215126696974,4.82897561788559,7.853761553764343
4,31,pg,central,0.004655583126639778,0.7511244497515939,0.013696532781151209,0.0010066824634252084,-0.16771049933000046,0.4644110148603266,-0.7514705928889188,0.3848648707975041,97.96650383689187,5.0598555694926866,4.940588398413225,0.051686407379605843,-0.009040949686261063,0.009670068404044618,0.0005522221445889128,0.012645173352211714,0.08527800305323167,0.009670068404044618,5.000666035847231,9.926208452744918,0.009225591396292051,0.7555471460024515,0.013130976197620233,0.0015596094090142287,-0.18826023737589517,0.043615596989790596,-0.5713893075784048,0.378136803706487,87.165771484375,5.009843746821086,0.7799363260467848,0.05803367370938275,-0.003905385034158826,-0.0025864785614733896,0.0006353953309978048,0.0003473284450592473,0.051638455130159855,-0.0025864786002784967,4.8921498854955034,6.867644151051839
4,32,pg,central,0.00997566922821782,0.7586931803009727,0.013786433560943062,0.0007950472744782514,-0.17382065545428882,0.517278631979769,-0.7704889909787611,0.3822167935696515,97.26851827448064,5.439295497807589,5.322256722233512,0.056170050694972135,-0.003810764277163385,0.01089019690301608,0.0005288904887327755,0.013717981775037268,0.08453987284817478,0.010890196754851124,5.37263188849796,9.596248984336853,0.00939850059027473,0.7235167622566223,0.0128773869946599,0.0012146711219050605,-0.16563654194275537,0.08593428631623586,-0.5596430003643036,0.37304235498110455,85.96472994486491,3.256994850933552,1.6562685171763103,0.040660970899578486,-0.0034788862879698477,-0.0015190119059601177,0.0006090535801680138,0.0010145781561732292,0.04596137364084522,-0.0015190119738690555,3.1724012792110443,6.536175688107808
5,1,pg,central,0.024588223546743393,0.40509483793919737,0.028273121538487347,0.0005599432893720033,0.00123029247995212,0.26844590868462215,-0.2605631304058162,0.23955380357801914,60.692701469768174,3.638105910271406,3.6044896072284742,0.05639375078980788,-0.0036848981028676712,0.00640272112782854,0.0004713577926105989,0.009834485287270085,0.06896814066832038,0.006402721094094555,3.5970590405843477,7.83934485912323,0.01784581442674001,0.6892806887626648,0.01878618107487758,0.000338054714120517,0.016720746643841267,0.10529921452204387,-0.06045223275820414,0.45808570086956024,106.75520133972168,6.605131109555562,6.565419276555379,0.06487343513930316,-0.0009403667202908158,0.002720934251556173,0.00024358032048136616,0.0056900566366190715,0.07791232690215111,0.002720934416477879,6.521241406599681,4.449825743834178
5,2,pg,central,0.013784263537011364,0.7357843220233917,0.01645362034270709,0.0010811747392732616,0.020982691764154217,0.35157631066712464,-0.30349422855810687,0.5009605031121861,127.52809940684925,7.0932093479416585,7.028984400359067,0.055773711497088624,-0.0026693569194652478,0.011773664017461917,0.00046113912024090746,0.01511366796595129,0.07376217605038123,0.011773664472539995,7.018253396857869,9.329929080876438,0.014508632632593313,0.7125201324621836,0.015470616519451141,0.0010493402046603724,0.028853048260013264,0.13725514709949493,-0.05453220009803772,0.4998832643032074,116.45691235860188,5.161618153254191,5.095787088076274,0.04685258607127222,-0.0009619840384402778,0.004162143857683986,0.000315348583778056,0.0067140112320582075,0.07017144126196702,0.0041621441875273986,5.097067753473918,4.747303565343221
5,3,pg,central,0.009527183688161049,0.6990257664160295,0.013973740056495775,0.0023502556458962235,0.02402878836305304,0.376212403178215,-0.31562039120630786,0.48051606525074353,122.3540767322887,6.634657404639504,6.591060145334764,0.05438265004425258,-0.0044465563630431216,0.013602751540020108,0.0005359221739292315,0.017104199537160723,0.08609983782199296,0.013602751338939097,6.581152653152293,9.873273361812938,0.013184643816202879,0.6785691678524017,0.014187639889617762,0.0019655428841360845,0.015765097147474687,0.12555482486883798,-0.0699800153573354,0.4698738306760788,109.3846549987793,4.316871141393979,4.2659050325552625,0.036139170837626584,-0.0010029960806908396,0.0023899570223875344,0.00023699819454729246,0.004453773571488758,0.06275607676555713,0.0023899570126862577,4.274188374479611,4.031611382961273
5,4,pg,central,0.008759606883607128,0.6920973604375665,0.013220614584332163,0.003700635861605406,0.004417395949448374,0.3598614511164752,-0.3561024300076745,0.46625477888367395,118.73137872869319,5.749982397664677,5.7091832973740315,0.048679708234430706,-0.004461007679558613,0.011802859683732757,0.0005185744541284458,0.015182816508141432,0.08877714206887917,0.011802859540859406,5.704783694310621,9.063546289097179,0.01202564143265287,0.6695629358291626,0.013507107272744179,0.002447081082915877,-0.003313698679752027,0.10226517419020335,-0.11848056316375732,0.45265282193819684,105.34147644042969,4.9052843650182085,4.8647472858428955,0.04789004783457649,-0.0014814658497925848,0.00216552055402038,0.0002886069669330027,0.004977111976283292,0.09288194372008245,0.0021655205588710182,4.86526279648145,5.063673118750255
5,5,pg,central,0.00849250172772868,0.6809019419279966,0.012613000094213268,0.004395009459006938,-0.014835193784992125,0.3397587537765503,-0.386848507957025,0.4474175667220896,113.94678289240056,4.307012029669502,4.270135935057294,0.03760483024076498,-0.0041204983506097715,0.009317501389887184,0.00047465818682791326,0.012183289440475743,0.07634309027343988,0.009317501273471862,4.270825296640396,8.142148993232034,0.011529576654235521,0.674894372622172,0.013277355891962847,0.002896239862214619,-0.018403738737106323,0.09368706246217091,-0.16612490018208823,0.4439751406510671,103.26025009155273,4.992415587107341,4.948163668314616,0.051431649773143205,-0.0017477792571298778,0.0011189771369875718,0.0004301130417540359,0.004657522309571505,0.10090928773085277,0.0011189771757926792,4.9527976512908936,5.381011009216309
5,6,pg,central,0.006625999971716242,0.6909058094024658,0.012478904629295523,0.004722180667820133,-0.02752516202797944,0.39001183889128943,-0.4592787189917131,0.4433635134588588,112.82673887772994,5.636723573912274,5.60209536281499,0.049823104976800425,-0.005852904715786942,0.01109598089136522,0.0005517003598718227,0.014622110974001274,0.0965059350498698,0.011095980923114852,5.599704229018905,9.413014953786677,0.01076904272971054,0.6880236764748892,0.013230468146502972,0.0025425799103686586,-0.035752510031064354,0.08608977993329366,-0.21692435443401337,0.4426264961560567,102.95805994669597,4.378454208374023,4.3169660170873,0.045965667061156734,-0.0024614254167924323,-0.00011156065738759935,0.0003824005519466785,0.0028041231562383473,0.08544270756344001,-0.00011156066466355696,4.334969212611516,5.1465290784835815
5,7,pg,central,0.01046379822814329,0.6849113242192701,0.012406023769554768,0.00461793284160773,-0.04053519454530694,0.3855884210629897,-0.44891366362571716,0.42673017897389154,108.6010627746582,4.8252983106808225,4.781828155571764,0.044067004016029636,-0.0019422255123076452,0.011076411422850057,0.0005515317256636495,0.01426061672497202,0.09026481384750117,0.011076411676847121,4.790768445892767,8.469307054172862,0.011202939009914795,0.6775752107302347,0.01313117379322648,0.0032345382084410326,-0.0369412824511528,0.09613831837972005,-0.22569283843040466,0.43248221774895984,100.64625803629558,4.118095775445302,4.028545379638672,0.04500399870829982,-0.0019282347445065777,4.0445988512753196e-05,0.0003977823992803072,0.0032139935453111925,0.08827691090603669,4.044599821403002e-05,4.077051281929016,5.5581077337265015
5,8,pg,central,0.008542802608148619,0.6847814917564392,0.012255279728296127,0.005253025704984215,-0.0340795847163959,0.4013149684125727,-0.4959594647992741,0.43112295188687066,109.79128300059925,5.634136519648812,5.607563415711576,0.05143102309469982,-0.0037124771704177624,0.013690939654638483,0.000589009728256232,0.01712892759347927,0.10531528996811672,0.01369093963347206,5.6005633866245095,9.874879371036183,0.010371495348711809,0.6603555083274841,0.013045685986677805,0.004190167266642675,-0.029282203565041225,0.1127713347474734,-0.21779845158259073,0.42751413583755493,99.55040550231934,4.587108055750529,4.557822525501251,0.04495465007094936,-0.0026741905991608896,0.0008347698628009917,0.00035740605138319853,0.004278546684266378,0.09883897627393405,0.0008347698506743958,4.557611107826233,6.8608247836430865
5,9,pg,central,0.008416253988715735,0.6873955428600311,0.012393891261043873,0.005201183433448684,-0.02851155497641726,0.4498850161379034,-0.5022731816226785,0.43887667086991394,111.7090388211337,6.4525521776892925,6.4256370826201,0.057335179077328054,-0.003977637267036533,0.015341205268420956,0.0006280011042359878,0.019192037363113326,0.1166307306425138,0.015341205141422424,6.4160310138355605,10.625778198242188,0.011995400612552961,0.6815343598524729,0.013219171514113745,0.0030213709602927943,-0.0228609520321091,0.12390942871570587,-0.21855653325716654,0.44915654758612317,104.6376953125,5.1139170080423355,5.053914539515972,0.04739382956368216,-0.001223770814249292,0.0013191361122153467,0.00030627574111955863,0.004654184391256422,0.0879296874627471,0.001319136141925507,5.075176312277715,4.345753053824107
5,10,pg,central,0.006735810988836668,0.7064224779605865,0.01245206061073325,0.004446727311005816,-0.02909541898407042,0.4726014028895985,-0.49940787662159314,0.45209843055768445,115.09622157703747,6.471149791370738,6.4285160303115845,0.05631184387001978,-0.0057162496060217645,0.01648692757060582,0.0006178362302968956,0.020114432914521207,0.11132431809197772,0.01648692759177224,6.432708523490212,10.043455557389693,0.008675427952160438,0.6964186429977417,0.013395297030607859,0.003145401775933957,-0.04922910345097383,0.10982646048069,-0.27917341391245526,0.435830091436704,101.51591618855794,5.446847677230835,5.371142228444417,0.054259327076942816,-0.004719869097849975,-0.00021308816697758934,0.00043423468014225364,0.0038130617273660996,0.0949457436800003,-0.00021308814272439727,5.399479667345683,7.957746585210164
5,11,pg,central,0.007077977442267266,0.6967686035416343,0.012767300941050053,0.004715733553563372,-0.07480245388366959,0.4233494062315334,-0.5743296214125373,0.4073782807046717,103.66752104325728,5.066698995503512,5.029746795242483,0.048613743334162844,-0.005689323562282053,0.012055793533694337,0.0005651659190665338,0.015267295995727181,0.09509943290190263,0.012055793184448372,5.031071370298212,9.261996930295771,0.008174520684406161,0.7174828251202902,0.01381989816824595,0.002593912241839765,-0.08720071117083232,0.08348521093527476,-0.3481416702270508,0.4218819836775462,98.32375907897949,5.322273135185242,2.510974337657293,0.05648458526951152,-0.005645377503242344,-0.0023852547722829818,0.000546279601015461,0.001327018515439704,0.0758745673423012,-0.0023852547722829818,5.259567042191823,7.361563126246135
5,12,pg,central,0.00922328468666158,0.7458831532434984,0.012954041150144556,0.002822397846598919,-0.0780244054780765,0.4459543106230823,-0.5753055120056326,0.4401006454771215,112.02797803011808,6.8291439468210395,6.761706839908253,0.061144593238107586,-0.0037307563841088927,0.01515179337002337,0.0006620766970709982,0.018599098505960268,0.10351562415334312,0.01515179366635328,6.780658093365756,10.146576577966863,0.010012788542856773,0.6940876344839731,0.013451659896721443,0.0030675462091191243,-0.0525158786525329,0.13097203771273294,-0.3057140459616979,0.43196624020735425,100.6169974009196,3.690347666541735,3.637217655777931,0.041835811894407354,-0.003438871252001263,6.923962488751083e-05,0.00045640309447965893,0.0032414930562178292,0.07013888641571005,6.92396085166062e-05,3.6463039815425873,6.205810109774272
5,13,pg,central,0.008436085444621065,0.6781139455058358,0.012448003346269781,0.004935499838955531,-0.03748593157665296,0.4908579777587544,-0.5609071146358143,0.4205994226715781,106.99119671908292,6.765429794788361,6.739427181807431,0.06286763920569532,-0.004011917878497942,0.0203322654759342,0.0006729125095510178,0.024165396112948656,0.12837484817613254,0.020332265221937137,6.731258300217715,10.327814904126255,0.010857622449596723,0.6978375514348348,0.013378932451208433,0.0033732272662139926,-0.022315601507822674,0.17914549509684244,-0.2804616540670395,0.4641774445772171,108.08922704060872,5.072784841060638,5.031699776649475,0.04486225958657633,-0.002521309875495111,0.003943436449238409,0.00036068599971864995,0.007541508646681905,0.09588975769778092,0.003943436575355008,5.032996237277985,7.976576368014018
5,14,pg,central,0.008375944633206183,0.7211032401431691,0.012684203303334389,0.004673834318633784,-0.013392113604244183,0.5445413738489151,-0.5337858118794181,0.47892334244467993,121.87327714399858,5.992077933116392,5.9589491527188905,0.04866704625654887,-0.004308258662190797,0.020351879150522025,0.0005452084925226783,0.02310346807776527,0.09850471856241877,0.020351879108189183,5.954456957903775,8.685760048302738,0.008362402130539218,0.7030035952727,0.01357859248916308,0.0033524583852037417,0.015166419868667921,0.24290173749128977,-0.21565386901299158,0.4911803255478541,114.31775029500325,6.7298095027605696,6.701549589633942,0.057795824454992394,-0.005216190319818755,0.009802520158700645,0.00048379251044631627,0.013937448229019841,0.11456597223877907,0.009802520158700645,6.692558030287425,9.67637288570404
5,15,pg,central,0.009727452500638637,0.6912394762039185,0.012714957395060495,0.004173651985845275,0.010987725529544563,0.5922360880808397,-0.5443542965433814,0.4687634652311152,119.31839405406605,6.049148873849348,6.02997674183412,0.05091433496941638,-0.002987505010837181,0.025102530309761114,0.0005612940433572724,0.027829692762514405,0.108773843977939,0.02510253086008809,6.01681294224479,8.626251459121704,0.009837440215051174,0.6801270147164663,0.013115778720627228,0.0033201332868581326,0.010885469460239014,0.23233501116434732,-0.22963852683703104,0.46500057975451153,108.19259452819824,7.762243429819743,7.719310839970906,0.07028139023737416,-0.003278338505576054,0.011529553526391586,0.0005901078596555939,0.016249901459862787,0.13943359131614366,0.011529553371171156,7.724003911018372,7.625186999638875
5,16,pg,central,0.008082504151389003,0.6932766383344476,0.012428784573620016,0.003028944816667883,0.0022585072173652325,0.5776270275766199,-0.5304237035187808,0.464236397634853,118.17294866388494,5.240171001716093,5.2017962607470425,0.04421230879801596,-0.004346280453980647,0.022292093069567767,0.00052958741633285,0.024913828473389996,0.09888392803259194,0.022292093611957334,5.206807610663501,8.45830512046814,0.009143639511118332,0.7054543991883596,0.013238962274044752,0.002448113545142405,0.005072387711455424,0.22106213867664337,-0.23517742256323496,0.4842476745446523,112.68488947550456,4.935233096281688,4.9155382712682085,0.04126546453313237,-0.004095322964227914,0.006590589473489672,0.0004427853879557612,0.009672797634266317,0.08241319345931213,0.006590589667515208,4.8960115512212115,7.392348329226176
5,17,pg,central,0.009977745188569481,0.7288769104263999,0.012767022729597309,0.003163206207649306,0.010509879465892234,0.577008611776612,-0.5253781269897114,0.49311436035416345,125.5601921081543,7.046713119203394,7.015781353820454,0.05649397942877506,-0.002789277596589686,0.02733290098099546,0.0005447528621351177,0.030208719555627216,0.11178596859628503,0.027332901192659683,7.00201573155143,9.692680142142557,0.007405158830806613,0.6933263142903646,0.013147372441987196,0.00261125400235566,0.025548396011193592,0.2497630293170611,-0.20528797308603922,0.4839714616537094,112.65524546305339,6.07283091545105,6.0427554448445635,0.05637537128764434,-0.005742213543271646,0.012013784842565656,0.000487340124285159,0.015773380020012457,0.1069900207221508,0.012013784687345227,6.027845621109009,9.585276444753012
5,18,pg,central,0.007638727124272423,0.6922975019975142,0.012533958704972809,0.0034366677441126244,0.02306362618268891,0.5858309512788599,-0.5341449176723306,0.47464005378159607,120.83607517589222,5.418438817967068,5.395604741844264,0.04472312194272728,-0.004895231554242359,0.023769111404280095,0.0005684819433637048,0.026302998324602166,0.09414062390781262,0.023769111139699817,5.3845251568339085,8.623410788449375,0.008918563990543285,0.6661902566750845,0.012952077978601059,0.0037355307940742932,0.02650814689695835,0.26121611644824344,-0.21687834958235422,0.4630203793446223,107.68109130859375,5.9984400272369385,5.971928437550862,0.05482401280824936,-0.00403351381343479,0.012830161722376943,0.00039301403739955276,0.01659802223245303,0.11545790235201518,0.01283016117910544,5.963037927945455,8.817687710126242
5,19,pg,central,0.00997339614497667,0.6904194978150454,0.012412990866736933,0.003847862311517438,0.027683465487577698,0.6029292236674916,-0.5243552164597944,0.4757975014773282,121.1265886480158,5.331737996502356,5.2990982952443035,0.043959377827629646,-0.002439594734989276,0.027363973881371996,0.0005361755102057941,0.029741379771042954,0.10082817399366335,0.02736397400837053,5.297585214403543,8.260253526947714,0.0108772370343407,0.6945736507574717,0.013212702237069607,0.003312799054886758,0.022836266395946343,0.266366886595885,-0.22326323886712393,0.4851043224334717,112.83796501159668,5.209045082330704,5.187262038389842,0.048657262480944596,-0.0023354652318327376,0.011555475435064485,0.0004972415287435675,0.014755525238191089,0.09909722333153088,0.011555475376856824,5.171674986680348,7.289581338564555
5,20,pg,central,0.008700075389986689,0.7056401588700034,0.012532308443703434,0.004212964790481651,0.012426370807754045,0.5994841916994615,-0.5432391437617216,0.4728651155125011,120.38548382845792,5.8377448591319,5.794367015361786,0.04805353079068242,-0.0038322329399472273,0.026442046383057128,0.0005194920879809863,0.028902304739775984,0.10001522014764222,0.026442046658220617,5.799275988882238,8.952783801338889,0.009113294072449207,0.6847562491893768,0.013242337852716446,0.003632694936338036,-0.007130511803552508,0.2340616211295128,-0.28774841626485187,0.454936017592748,105.79217338562012,4.652457018693288,4.6267116467158,0.04136273268380862,-0.004129043789968516,0.0062758506974205375,0.0005212182125736339,0.009374172310344875,0.08131510329743226,0.006275850619810323,4.617388596137364,6.618423302968343
5,21,pg,central,0.007390237815508788,0.665852124040777,0.012440714773467997,0.0070705993698952216,-0.006456105927513404,0.5991306196559559,-0.5674775026061318,0.4282371699810028,109.04376914284445,5.8885407935489305,5.8623830947009,0.05404415868118233,-0.005050476973834025,0.027220563920722765,0.0006206976157210937,0.03033324098214507,0.11721032840961759,0.027220563920722765,5.859540034424175,10.671412771398371,0.00971498154103756,0.6346439818541209,0.013195171486586332,0.007371472233595948,0.0256581228847305,0.28477716942628223,-0.257986639936765,0.43285273512204486,100.5919132232666,7.264990051587422,7.251652876536052,0.07307899925949048,-0.00348018977092579,0.016859894385561347,0.0006827131534616152,0.02150583880332609,0.14574869722127914,0.016859894385561347,7.236744701862335,8.525280038515726
5,22,pg,central,0.01137294980104674,0.6832505437460813,0.012364629910073498,0.00722345092270354,0.02709424571896141,0.6640643043951555,-0.5123225260864605,0.468371411616152,119.19395758888938,6.3622670715505425,6.338436058976433,0.05305253113726849,-0.0009916801936924458,0.03147192582996054,0.0005535343304720961,0.034133037509904665,0.11499847861176188,0.03147192566062917,6.330376581712202,8.736945759166371,0.010075673228129745,0.6795563797156016,0.013188908963153759,0.0064361711459544795,0.02881744069357713,0.30236070851484936,-0.26848869025707245,0.4832727412382762,112.37436739603679,4.6203900674978895,4.581154023607572,0.04295757852149045,-0.0031132358708418906,0.011865651758853346,0.0005357354809045015,0.01492075267015025,0.09632378381987412,0.01186565138050355,4.586387957135837,7.850535372893016
5,23,pg,central,0.006727055032652887,0.6994311105121266,0.01247336296364665,0.007370459091114092,0.009930336138826202,0.6497413814067841,-0.5294017114422538,0.4720047265291214,120.12295081398703,5.753135935826735,5.720124764875933,0.048074876395430205,-0.005746307962743396,0.02803904762152921,0.0005500482577851719,0.030637180559675802,0.1085379458963871,0.028039047367532145,5.719200378114527,10.02400914105502,0.010540261088560024,0.7149234414100647,0.013423699575165907,0.004673392094749336,0.0013120867467174928,0.28385262688000995,-0.3187458316485087,0.4887569397687912,113.66456604003906,4.595199331641197,4.571015566587448,0.04181382240257097,-0.002883438408995668,0.008894918117827425,0.0005143357193446718,0.011944163707084954,0.08091796810428302,0.008894918117827425,4.54599807659785,6.1229493618011475
5,24,pg,central,0.009311625374142419,0.6977455101229928,0.012464921455830336,0.006286992273420434,-0.011383784702047706,0.6052187342535366,-0.5922900722785429,0.45476647398688574,115.8058405789462,5.607393000613559,5.570087178186937,0.048269683278007354,-0.0031532959626267916,0.026725611903450706,0.0005924944429848852,0.02928439248353243,0.10590376417067918,0.02672561245377768,5.57155780358748,9.071969682520086,0.00945250503718853,0.6627020935217539,0.013038418100525936,0.006424877831401925,0.006866934825666249,0.27821559210618335,-0.3000902533531189,0.443431094288826,103.10037994384766,5.732371836900711,5.6900088886419935,0.05172735076103711,-0.0035859131118437895,0.012450876257692775,0.0005928039754508063,0.015919473255053163,0.10780815655986468,0.012450876412913203,5.696539918581645,8.277836402257284
5,25,pg,central,0.008653253401544962,0.7044046765024011,0.01256542665545236,0.006374972364441915,0.006702125305309892,0.6685554222627119,-0.5728711540048773,0.4679742455482483,119.11351706764914,6.533581172200766,6.504651241004467,0.054652567640280855,-0.003912173290948637,0.030693402937190098,0.000548448524072724,0.03315129412592135,0.10961469990963285,0.030693402556194502,6.49647353250872,7.883930997415022,0.006051484262570739,0.687310149272283,0.012914430350065231,0.0042762188337898506,-0.000725229736417532,0.27491594354311627,-0.31606223185857135,0.4587522993485133,106.69867261250813,5.220061520735423,5.183531900246938,0.050301765252153685,-0.006862945971079171,0.011979056056588888,0.0004460744094103575,0.015362225007265806,0.10419487580657005,0.011979056367029747,5.1807459990183515,9.31175955136617
5,26,pg,central,0.006995613475076177,0.7123070440509103,0.012774774169718678,0.004310436017641967,-0.018436898191628807,0.6559286686507139,-0.5757250596176494,0.4498547532341697,114.48581556840377,5.510268818248402,5.471975120631131,0.04836809394304112,-0.0057791606470180504,0.028192728630859743,0.0005693727289326489,0.030613626311109823,0.10323406992988153,0.02819272850386121,5.473072149536827,9.196542869914662,0.007520785167192419,0.7277621030807495,0.013610583264380693,0.0024563524299689257,-0.02348721648255984,0.26054397722085315,-0.35567966600259143,0.46476692457993823,108.18482716878255,7.732500910758972,7.701973636945088,0.07237998823279135,-0.006089798145694658,0.01236631814390421,0.0006021842661236102,0.016754919507851202,0.11462456732988358,0.012366318221514424,7.6776078542073565,10.879811763763428
5,27,pg,central,0.00688831779089841,0.7252593717791818,0.012834738051010803,0.0027021729845066807,-0.03985872229730541,0.6266476511955261,-0.6557779908180237,0.44539135694503784,113.37145614624023,6.223476856946945,6.1680032746358355,0.05500183861263518,-0.005946420244237577,0.02717698716812513,0.0005507969247198409,0.029720086477358233,0.10619926926764575,0.02717698695646091,6.181252932006663,9.896823904731058,0.006745258579030633,0.7096989552179972,0.013190804359813532,0.002753596791687111,-0.02707846276462078,0.26957980295022327,-0.3838744064172109,0.4518102953831355,105.07900810241699,8.092112421989441,8.049011707305908,0.07537435293011012,-0.006445545644965023,0.013563804949323336,0.0006563273200299591,0.01827282349889477,0.13112195953726768,0.013563805414984623,8.043195724487305,11.204256216684977
5,28,pg,central,0.008412552785805681,0.7096823751926422,0.012725781776349653,0.004010733486872844,-0.03845351185141639,0.6050803945823149,-0.6270375522700223,0.4374676820906726,111.3603383844549,5.694141869856552,5.655399012294683,0.05115358988709378,-0.004313228895295073,0.026141408407552677,0.000536013262304054,0.028630904578180474,0.10749416552822698,0.026141408471051942,5.659280047497966,8.807801961898804,0.013058367650955915,0.6910711328188578,0.013098875681559244,0.003134971945958872,-0.04145790201922258,0.2508321801821391,-0.41871551672617596,0.4322020610173543,100.38300704956055,6.192671140034993,6.171019395192464,0.05961265048594897,-4.050796269439161e-05,0.010095070271442333,0.0006545338643870006,0.014169090272237858,0.11899739628036816,0.010095070581883192,6.151811401049296,7.954990108807881
5,29,pg,central,0.00851294434290718,0.7076724144545469,0.012788768857717514,0.0037554726014026522,-0.03732390523972837,0.6415554854002866,-0.6340283548290079,0.4425889483907006,112.64251188798384,4.917656156149778,4.876640479673039,0.043471861250321236,-0.0042758245280393485,0.024771733971481972,0.000549198435196145,0.02703527505086227,0.09925172494893725,0.024771734479476105,4.888103785839948,8.866889162497086,0.0051778871566057205,0.6898313760757446,0.013312002333501974,0.0027338404656802595,-0.02416584671785434,0.2936245451370875,-0.3770814885695775,0.4397430568933487,102.15873527526855,6.109938104947408,6.047546744346619,0.060219756509083254,-0.008134115157493701,0.012932167931770286,0.0006000502229047319,0.016831733596821625,0.11453992749253909,0.012932168475041786,6.074000994364421,9.65516177813212
5,30,pg,central,0.007497533669017933,0.6652490171519193,0.01287461690266024,0.004361950162009717,-0.0347923138178885,0.6366045258261941,-0.6343909962610765,0.4063334492119876,103.41145081953569,4.991379420865666,4.967207518490878,0.04846397236352607,-0.005377083127810197,0.02789149149744348,0.0005636306119744073,0.030463442079384218,0.10987342792478474,0.027891491455110638,4.963230542161248,9.404523242603648,0.0068186502903699875,0.6559791763623556,0.013065864176799854,0.002525034908709737,-0.029988743054370087,0.28117432693640393,-0.38761364420255023,0.4139834940433502,96.2834358215332,4.964522282282512,4.93540632724762,0.050756515942450404,-0.006247213808819652,0.010203102991605798,0.0005950259461921329,0.014066760738690695,0.10923394436637561,0.010203102913995584,4.936700503031413,9.56061323483785
5,31,pg,central,0.00999760706062344,0.7121569947762922,0.01267519931901585,0.002448560388240201,-0.03844477693465623,0.6421080529689789,-0.6432873904705048,0.44665948233821173,113.70472093061967,5.236571768468076,5.2078886736523025,0.04562143640296889,-0.0026775922213511712,0.02687372351911935,0.0005058359992372888,0.029163644183427095,0.10239194223487919,0.026873723878948527,5.202952819791707,8.83451095494357,0.010786664672195911,0.6876126229763031,0.012952019150058428,0.0020819659136274518,-0.030750224366784096,0.2704319010178248,-0.401912917693456,0.4428230772415797,103.13197008768718,4.551971137523651,4.526282290617625,0.04297575047405728,-0.0021653544487586864,0.00914695009123534,0.00039560699709303054,0.012437827419489622,0.09376301988959312,0.009146950207650661,4.519312719504039,9.725810925165812
5,32,pg,central,0.009836626112122427,0.6978206742893566,0.012718013233759186,0.003767805185899223,-0.025340527867559682,0.6791330277919769,-0.6444492150436748,0.44393266060135583,112.95008503306995,5.723431412469257,5.688082612373612,0.05081525730553622,-0.002881387142803181,0.02987813921010291,0.0005640898518983952,0.03246292302554304,0.11735871578143402,0.029878139442933552,5.690993378108198,8.92524721405723,0.007508939520145456,0.6739883224169413,0.012846032778422037,0.0031375025864690542,-0.007521820953115821,0.3146424690882365,-0.37902939816315967,0.44647130370140076,103.86247698465984,5.4055460294087725,5.396567066510518,0.04996493912350858,-0.005337093491107225,0.013193433173000813,0.0006066365507043278,0.016867412952706218,0.10723741228381793,0.013193433017780384,5.374319752057393,9.346347371737162
5,33,pg,central,0.007570422783663327,0.7072802998802878,0.012749895792115818,0.003567167454214532,-0.02340820169245655,0.6914747980507937,-0.6759466555985537,0.45583533427932044,116.04672449285334,4.632973003116521,4.598590636795217,0.03975007480854092,-0.005179472981994463,0.025419202612035653,0.0004948510785735297,0.027507866140116344,0.09145317531444809,0.02541920345869254,4.599895912137899,8.253385023637252,0.009487375849857926,0.6922999620437622,0.012969008181244135,0.0029532528036118797,-0.025203329200545948,0.3045228024323781,-0.41167308886845905,0.4434882303078969,103.10786310831706,7.08270788192749,7.049027522404988,0.06703140941490134,-0.0034816322149708867,0.01459708569260935,0.0006862951413495466,0.01875905164827903,0.12612413118282953,0.014597085149337849,7.0408685604731245,9.658160050710043
5,34,pg,central,0.007779305589131333,0.6963521946560253,0.012485770677978342,0.003703103846749979,-0.03405242210084742,0.6846898658709093,-0.6487960896708749,0.43122062357989227,109.76053550026633,6.424482789906588,6.394358347085389,0.05833569527641598,-0.004706465110013431,0.031242088975638828,0.0005561309292467988,0.03398568972691216,0.12282112253491174,0.031242088541727175,6.389383054592392,9.743148370222611,0.007146237728496392,0.6734403769175211,0.012926694316168627,0.0037809731578211845,-0.028474519960582256,0.28748396039009094,-0.40681753555933636,0.4278106987476349,99.48767725626628,6.187265157699585,6.153911987940471,0.06111071650955096,-0.005780456374244143,0.011857472670574984,0.0006434673802383865,0.016053485839317243,0.12275824633737405,0.011857472903405627,6.150207241376241,8.93952465057373
5,35,pg,central,0.006601294439116662,0.7252127094702288,0.012823734940453009,0.003294274869238672,-0.05177070462906903,0.6837012876163829,-0.6958052109588276,0.44417720626701007,113.05555551702327,6.089656556194479,6.062524099241603,0.05402562700914793,-0.006222440607168458,0.028132969047874212,0.0005851344017587094,0.03067178423093124,0.11176313747736541,0.02813296892087568,6.051144762472673,8.820118340578945,0.008763083877662817,0.7105175058046976,0.013277738044659296,0.002460653417680684,-0.05942393591006597,0.232824037472407,-0.45001253485679626,0.4359305302302043,101.48945490519206,3.6404590557018914,3.613835632801056,0.04027135159976782,-0.004514654166996479,0.005210622417507693,0.0005387428924829388,0.008174782347244522,0.06973307610799868,0.005210622466014077,3.599083642164866,7.899006724357605
5,36,pg,central,0.010907600803131407,0.7346596230160106,0.012879582375965336,0.002406315140919188,-0.06642694618891586,0.680428071455522,-0.7034676210446791,0.43980763852596283,111.9659274708141,5.460327565670013,5.405364697629755,0.04898920964769236,-0.0019719814987514506,0.024502381894060156,0.0004861570235913281,0.026709344195709986,0.09655920111320236,0.024502381597730247,5.419803646477786,8.73055193640969,0.011342229787260294,0.7088676393032074,0.013159701911111673,0.00168304511680617,-0.067555104692777,0.21686297903458276,-0.4533239503701528,0.42954930166403454,100.15532811482747,2.503756841023763,2.4786386291186013,0.024697512010534384,-0.0018174723178769152,0.0033498418245775006,0.00045713420937924337,0.0057762592332437634,0.05440104193985462,0.0033498419215902686,2.4654990832010903,7.176180362701416
5,37,pg,central,0.008661520159380003,0.7286456200209531,0.012876892420039936,0.002357971931685783,-0.06390028159049424,0.6613677198236639,-0.6845021600073035,0.4321190078150142,110.03421783447266,6.374872803688049,6.330615032802928,0.05743209001414617,-0.004215372194514864,0.026629608822986484,0.0005643532018769871,0.029052998743612658,0.10794947110116482,0.026629610092971812,6.335624564777721,9.55638337135315,0.009709381343175968,0.683090994755427,0.012663541516909996,0.0018462325824657455,-0.06052047573029995,0.20842513938744864,-0.45597853263219196,0.4153681695461273,96.83551088968913,5.75306336581707,5.703226611018181,0.055046858650584764,-0.002954160241642967,0.005416479873626183,0.0005650306460059559,0.009565217168225596,0.10328993201255798,0.005416479786314691,5.71304573615392,7.126357873280843
5,38,pg,central,0.008216265948827971,0.6939653862606395,0.012361420826478437,0.0028967743282092588,-0.06558253175833008,0.6309154765172438,-0.6755890575322238,0.4084042662923986,103.86304057728161,5.540991605005481,5.512600308114832,0.05346212440203479,-0.004145154830026017,0.025895870989188552,0.0005945125680723736,0.028699230741370808,0.11975065889683636,0.025895870819857173,5.507088678126985,8.520336151123047,0.007526521338149905,0.7264546652634939,0.013085736893117428,0.0012725187483511036,-0.05721752159297466,0.21618863940238953,-0.4231167882680893,0.4513520101706187,105.22784423828125,6.123189320166905,6.056506514549255,0.054778867622948806,-0.005559215496759862,0.005707572621759027,0.0005146132752997801,0.00980430639659365,0.09845268602172534,0.005707572563551366,6.073223213354747,10.072375337282816
5,39,pg,central,0.006218267033215274,0.7249055044217543,0.01244912271133878,0.002008257382840384,-0.06767949546602639,0.7060528695583344,-0.6853869611566717,0.42875937169248407,109.10132772272283,6.027097685770555,5.990482690659436,0.05579338128086471,-0.0062308556781235066,0.026275486685335636,0.0005697016921741041,0.028931051154028286,0.1124505370178006,0.026275486939332703,5.988799376921221,9.275926806709982,0.00777049424747626,0.714320033788681,0.013265507761389017,0.0016202335552103857,-0.03936661407351494,0.2715894083182017,-0.41845733920733136,0.45294449230035144,105.46104749043782,3.943566858768463,3.920087158679962,0.037726564145750485,-0.005495013533315311,0.006680710755366211,0.0006243294046726078,0.009682453547914823,0.07010851008817554,0.0066807109881968545,3.8972970445950827,6.968037565549214
5,40,pg,central,0.01067655702883547,0.7400884845040061,0.012512621300464327,0.0022629763178262474,-0.0398702850903977,0.6819164996797388,-0.6495642580769279,0.4606796205043793,117.26619443026456,6.096993278373372,6.046899497509003,0.05208652996475421,-0.0018360643457113342,0.028149180876260452,0.0005215580068496903,0.03037525556812232,0.09994039058007977,0.02814918134192174,6.056414452466098,8.421448924324729,0.006501677135626475,0.7017794052759806,0.01297344577809175,0.0020741519814369744,-0.026584862110515434,0.2695240130027135,-0.3874302804470062,0.45197194814682007,105.18421300252278,5.861865607400735,5.817638869086902,0.05375607483369165,-0.00647176865216655,0.010176116581230113,0.000553662161109969,0.013832254141258696,0.10037109286834796,0.010176116430860324,5.822029945751031,7.8726586898167925
5,41,pg,central,0.00629168524491516,0.6761512349952351,0.012471680614081297,0.002767849008338627,-0.04805651552636515,0.6731767884709619,-0.6669471453536641,0.4069126085801558,103.58782022649592,4.841499405828389,4.813640933145177,0.046918501212618896,-0.006179995316250081,0.02659073320683092,0.0005271203210048208,0.02916768508624624,0.11158558082851497,0.026590733767741105,4.812599715861407,9.982671390880238,0.009991841856390238,0.6596541106700897,0.012783159657071034,0.002357893436055747,-0.05416599785288175,0.23641698310772577,-0.4323435574769974,0.4012591888507207,93.39104588826497,2.591886738936106,2.5657272338867188,0.029661617713714224,-0.002791317800680796,0.005281595746055245,0.00039097860765953857,0.007992836316892257,0.0715190963819623,0.0052815956878475845,2.5575146228075027,7.12614385286967
5,42,pg,central,0.006928206379102035,0.7211199809204448,0.012510155920277943,0.002126866894370623,-0.06536677649075334,0.6700438992543654,-0.6803764646703546,0.43065583299506793,109.64733158458363,5.485911117358641,5.451483092524788,0.04930536778872399,-0.0055819495358843015,0.025224181992763824,0.0005862715003207664,0.02771500184793364,0.10434506969018416,0.025224181992763824,5.44829126921567,8.79327975619923,0.0030522213007013,0.6753909687201182,0.012777015566825867,0.0023376728170963665,-0.06109152361750603,0.2138210286696752,-0.4377954949935277,0.4075123767058055,94.84420649210612,5.779449547330539,5.742035600046317,0.055588405337915224,-0.009724794304929674,0.006589788628237632,0.00044701747780588147,0.010523071793916946,0.1099283864411215,0.0065897887834580615,5.7453892057140665,9.777653475602468
5,43,pg,central,0.007960103536871347,0.7350782291455702,0.01293543874370781,0.002479088051229539,-0.05807543359696865,0.6878570575605739,-0.7030458098108118,0.449426300146363,114.32511173595081,4.765437378124758,4.717603016983379,0.04222480803667916,-0.0049753352544609115,0.022732073822143404,0.000515011453733843,0.024802107766101308,0.08992491785267537,0.022732073229483583,4.725698243487965,8.73654212734916,0.00862538255751133,0.7694918910662333,0.013946146238595247,0.002194177421453484,-0.053077819446722664,0.25184062620004016,-0.4302798757950465,0.4847824176152547,112.7157808939616,7.688424587249756,7.618429183959961,0.0648241312008986,-0.005320763467655827,0.008001124020665884,0.0006612716339683781,0.012014179102455577,0.09412760101258755,0.008001124253496528,7.62261978785197,9.941775719324747
5,44,pg,central,0.008055554110218178,0.7346663908524946,0.012661569116806442,0.0031310994110588745,-0.050203838300975884,0.6766635856845162,-0.657880574464798,0.4525729783556678,115.19525562633167,5.3518822274424815,5.307844747196544,0.046507803058808264,-0.0046060150806707416,0.02514405417340723,0.0005872651090612635,0.02740367662838914,0.0944412017071789,0.025144054004075853,5.3116827363317665,8.62231433391571,0.005529930194218953,0.6990887721379598,0.012874441997458538,0.0033856265002517225,-0.021710990152011316,0.29920539756615955,-0.38338636855284375,0.45211533705393475,105.21465110778809,4.870277961095174,4.825379292170207,0.04534592837287368,-0.007344511803239584,0.010967126271377007,0.0004985539417248219,0.014125263628860315,0.08810546807944775,0.010967126116156578,4.828447620073955,9.338833332061768
5,45,pg,central,0.009541596899825063,0.7082013975490223,0.012406471608714624,0.0032818641481485015,-0.021078958708213493,0.7351327999071642,-0.646924306045879,0.4505669677799398,114.74394815618342,5.620795067061078,5.594450387087735,0.04858553310231179,-0.002864874714181166,0.030235337707298724,0.000561264386554037,0.03257072113708339,0.10415229269049385,0.030235337728465147,5.588016443631866,8.037347078323364,0.005193631785611312,0.6742962797482809,0.012508107349276543,0.003458778247780477,-0.010996620791653791,0.3184392998615901,-0.3742079536120097,0.437184343735377,101.73554229736328,7.51896087328593,7.4937229951222735,0.07288877865135682,-0.007314475563665231,0.017382870040213067,0.0006596184151324754,0.02194373557964961,0.13687283173203468,0.017382869419331353,7.476439317067464,9.330226302146912
5,46,pg,central,0.008088208353993568,0.7019516039978374,0.012423703404651447,0.003421272519744889,-0.020423044566996396,0.7179205959493463,-0.661126583814621,0.4491404362700202,114.30500134554777,4.55062695253979,4.5297935537316585,0.039975139040698986,-0.004335495013616641,0.027387724512002685,0.0005678403659575534,0.029585232661867685,0.09681031709028916,0.027387723792344332,4.517927205020731,9.101967118003152,0.010035350530718764,0.6958665549755096,0.012668638645360867,0.0022595716485132775,-0.00668843094414721,0.31741265455881756,-0.35740862786769867,0.4620581120252609,107.50426610310872,5.796647260586421,5.766168296337128,0.05714453759581393,-0.002633287990950824,0.014406251139007509,0.0007060250597229848,0.01803518335024516,0.10504773911088705,0.014406251449448368,5.760714203119278,8.417758464813232
5,47,pg,central,0.007098081945018334,0.6929320422085848,0.012288250494748354,0.0025493431353838373,-0.020395168060944838,0.7424305487762798,-0.6478384543548931,0.43751720135862177,111.36521079323508,6.31885958395221,6.287149984728206,0.056719506831619776,-0.0051901685708964414,0.03549295039424165,0.0006264345495517111,0.0381695336069573,0.12711419452997771,0.03549295081757009,6.286543747240847,8.7597825310447,0.009902168220529953,0.6645759145418803,0.012473275419324636,0.0023387571054627188,0.014400044300903877,0.3542827367782593,-0.3409099131822586,0.4499172518650691,104.52922821044922,6.013956348101298,5.98362410068512,0.06071740691380401,-0.0025711072642783015,0.019185812678188086,0.0005755414458690211,0.023084262075523537,0.12172742808858554,0.01918581345429023,5.980675379435222,7.912697394688924
5,48,pg,central,0.009823540394956415,0.7213757688348944,0.012833577453751455,0.0023111982616021783,0.0231038580796766,0.7555435191501271,-0.6228213513439352,0.4973423724824732,126.54017014936967,5.941030750220472,5.902211255647919,0.046714208576524155,-0.003010037050857632,0.035447577395561064,0.0005005215829111297,0.03744015351615169,0.10435521450232375,0.03544757798822089,5.905839208852161,7.989012761549517,0.008714520993332068,0.724181999762853,0.013674406489978233,0.0021819316413408765,0.05799076892435551,0.4293263256549835,-0.2733260591824849,0.5365807116031647,124.638001759847,5.9920545021692915,5.943788409233093,0.04585309500227038,-0.004959885496646166,0.018046158521125715,0.0005598171555902809,0.020710927279045183,0.07835286669433117,0.018046157745023567,5.93359359105428,8.889746904373169
5,49,pg,central,0.004318213323131204,0.6850749362598766,0.01289246112785556,0.0038103199410463935,0.05220073647797108,0.7870010218837045,-0.578858422962102,0.4880072664130818,124.27068502252752,5.649427703835747,5.625479253178293,0.04549554525774768,-0.008574247735933486,0.03832749454092912,0.0005015548244542019,0.040278227989223196,0.10443765170533549,0.03832749352494085,5.61885010518811,8.142160491509872,0.011302743184690675,0.6170314451058706,0.012869269431879124,0.00432641396279602,0.07971621304750443,0.46276360750198364,-0.2649291356404622,0.46222756306330365,107.31385612487793,4.943397988875707,4.924090315898259,0.04316157330604225,-0.0015665263247986634,0.018733890261501074,0.0003742089174920693,0.02161876073417564,0.08962890692055225,0.018733890261501074,4.9092971583207445,7.34339439868927
5,50,pg,central,0.009542050199921836,0.6439459648999301,0.012431814208288084,0.004219043505806688,0.04497087433595549,0.7811524082313884,-0.590326951308684,0.4519007178870114,114.99751420454545,4.795848644592545,4.768371865153313,0.0415082232628533,-0.002889764145947993,0.0343872441444546,0.0005409974136537957,0.03657340506007048,0.10521002422848885,0.034387244673615154,4.76982225545428,8.072075497020375,0.011334424838423729,0.64684130748113,0.012675496904800335,0.002647792804054916,0.05533189761141936,0.44250720739364624,-0.29833948115507763,0.4680856466293335,108.84523137410481,5.098645130793254,5.071403374274571,0.04710255277717698,-0.001341072153688098,0.018693036943053205,0.00047889966420674074,0.02166646858677268,0.09165581688284874,0.018693037253494065,5.065880984067917,6.86297078927358
5,51,pg,central,0.005284747574478388,0.6601745079864155,0.012715366076339375,0.0043327925258464265,0.0469879267567938,0.8152275356379423,-0.6247897364876487,0.4484657184644179,114.11065396395597,6.763308048248291,6.732979758219286,0.058989999283488755,-0.007430618396028876,0.048921539575200186,0.0005587310892720284,0.05142717808485031,0.13507127626375717,0.048921538347547706,6.733820297501304,9.062367937781595,0.013033795868977904,0.6412251790364584,0.012754871820410093,0.0027278776057452583,0.07476191967725754,0.4798421611388524,-0.2903636544942856,0.4788965235153834,111.42124303181966,4.665093392133713,4.647529199719429,0.044135047219804074,0.0002789240679703653,0.020293149747885764,0.00044016617418189224,0.02295320531508575,0.0846636292214195,0.020293149747885764,4.630196049809456,6.46046257019043
5,52,pg,central,0.006287533112547614,0.6621860888871279,0.01241849223151803,0.0031005700921169096,0.05467275843362917,0.7688548754562031,-0.5905485491860997,0.4679405973716216,119.10007719560103,6.1343652551824395,6.102686058391225,0.05152447228265345,-0.006130958986680277,0.043980321042578326,0.0005264177201421593,0.04626753752712499,0.12212991917675192,0.04398032138124108,6.10495833104307,8.672861987894231,0.002419987848649422,0.6299357116222382,0.012753842553744713,0.002509545122544902,0.05864390544593334,0.4408133824666341,-0.32027695576349896,0.4478284766276677,104.30539321899414,6.983339230219523,6.974430322647095,0.06807707595567676,-0.010333854627485076,0.0299891068910559,0.0006568625734265273,0.03416052864243587,0.13927517334620157,0.0299891068910559,6.952352166175842,9.419286648432413
5,53,pg,central,0.011759398378093134,0.6649353124878623,0.01259052808481184,0.002619714128823861,0.018717203098772603,0.8036190027540381,-0.6742194023999301,0.4499847089702433,114.52682633833452,4.548162024129521,4.521868337284435,0.039263061695804354,-0.0008311298125508157,0.033926578323272144,0.00048373449019643226,0.035798758204857055,0.09929230800745162,0.03392657823860645,4.52218104086139,7.326540979472074,0.008330057219912609,0.6725472013155619,0.012710855342447758,0.001822925155768947,0.017951504327356815,0.3906461497147878,-0.3829350918531418,0.45976918935775757,107.1284688313802,6.075840373833974,6.040909906228383,0.055099322560158016,-0.004380798219547917,0.020632138941437006,0.0005681277543772012,0.024006401654332876,0.11252604052424431,0.020632139407098293,6.0468102892239886,8.632407426834106
5,54,pg,central,0.00838316265832294,0.6949013877998699,0.012387887701730837,0.002313428883760273,0.0030373505380173974,0.7660910189151764,-0.6624463688243519,0.45574574307961896,116.03579503839666,6.4375012015754525,6.410703478889032,0.05549190458501416,-0.004004725146594204,0.038361197972500864,0.0005312685494903814,0.04079150300557641,0.12413250934332609,0.03836119786666876,6.403364032506943,9.532517259771174,0.0076834392578651505,0.673858255147934,0.012839138197402159,0.002299991225299891,0.015967808508624632,0.38849660754203796,-0.38446353872617084,0.46221737066904706,107.64058748881023,4.838927586873372,4.802501420180003,0.047118657886213465,-0.0051556990171472234,0.017912874463945627,0.0005580167635343969,0.020991350368907053,0.09938150954743226,0.017912874929606915,4.803083638350169,8.70849641164144
5,55,pg,central,0.0077215747018768025,0.6795516610145569,0.012352374085987156,0.0027915389827367935,0.005641681068068879,0.7693669443780725,-0.6579138446937908,0.45008866082538257,114.62873285466975,5.319369348612699,5.292047576470808,0.046655433048301505,-0.004630799315319481,0.03591796696524729,0.0004974160057661885,0.038034331307492474,0.1122146396135742,0.03591796633025462,5.291552332314578,8.085884636098688,0.007983070565387607,0.6598182717959086,0.012738329203178486,0.00280581745513094,0.004699091310612857,0.3719520221153895,-0.3936774631341298,0.4347040057182312,101.25185330708821,7.017634113629659,6.9887005885442095,0.06955022372513668,-0.004755258637790878,0.023667073498169582,0.000583118264330551,0.027799388859421015,0.13676432023445764,0.023667073032508295,6.98734986782074,8.93964950243632
5,56,pg,central,0.003227568400854414,0.7057050900025801,0.012639231006191536,0.001763325592698741,-0.04096907897937027,0.7168357805772261,-0.699568743055517,0.4374680383638902,111.382924860174,5.976116435094313,5.938756883144379,0.05391256160733455,-0.009411662578879093,0.032929863315075636,0.0006145989437672225,0.03562806830318137,0.11551973393017595,0.032929863103411415,5.9417900822379375,10.073358384045688,0.007601695600897074,0.7067364454269409,0.013269114928940931,0.0012814230484157936,-0.059560058638453484,0.3183734317620595,-0.4831182509660721,0.42657716075579327,99.44979095458984,6.833288451035817,6.793038705984752,0.07164589131856813,-0.0056674193280438585,0.014947684365324676,0.0006295230098961232,0.018936842524756987,0.11648437504967053,0.014947684248909354,6.789670526981354,11.597975333531698
5,57,pg,central,0.010430007347498427,0.7253583886406638,0.013029348867183382,0.0012853392311921073,-0.06839204207062721,0.7017998099327087,-0.7340960312973369,0.42878847501494666,109.15061257102273,6.029996890913356,6.004773050546646,0.05560694877854791,-0.0025993416149338536,0.029993847922675988,0.0005451796473194422,0.03228816017508507,0.10607371106743813,0.029993847901509565,5.9935284094377,9.103791627016934,0.012377940118312836,0.692391554514567,0.01342801454787453,0.001443029518327421,-0.05146445520222187,0.3534277379512787,-0.4725731561581294,0.4234578957160314,98.78321774800618,4.324483394622803,4.283606211344401,0.04464645256038862,-0.0010500742743412654,0.011403782448420921,0.0006138688962285718,0.014416969536493221,0.07685330013434093,0.01140378275886178,4.282860557238261,8.287208875020346
5,58,pg,central,0.007360446351495656,0.7172972641207955,0.012867032211612572,0.002169222171818061,-0.055874066427350044,0.7122376425699755,-0.7249952988191084,0.43050637570294464,109.5723928971724,5.741073765537956,5.714923449537971,0.05228536926812777,-0.00550658585482531,0.029631333510306748,0.00047439530383351007,0.03188467584550381,0.10249467160214078,0.029631333658471704,5.705897878516804,8.306979829614813,0.006757798449446757,0.7060810724894205,0.013509912882000208,0.0017312197008626147,-0.046293494602044426,0.3728260397911072,-0.47163697083791095,0.4367821166912715,102.05440266927083,5.485158860683441,5.427737792332967,0.05072288701111918,-0.006752114238527914,0.01321972836740315,0.0005968851134336243,0.016232761088758707,0.08189018877844016,0.013219728289792934,5.441545605659485,9.11839516957601
5,59,pg,central,0.00897499377077276,0.7307168272408572,0.012948750687593763,0.002242268400550529,-0.06011800874363293,0.7487103966149417,-0.7267825115810741,0.4388858391480012,111.63295815207742,5.385871160436761,5.34117578105493,0.04868332483106242,-0.00397375688507137,0.028624353591691364,0.000503945886025163,0.030599603122523564,0.09186282474547625,0.02862435414201834,5.346383309838447,8.503036954186179,0.013945738862579068,0.7162520984808604,0.013268715546776852,0.002136721661372576,-0.047990805159012474,0.3743504931529363,-0.4738004455963771,0.44568581382433575,104.04387601216634,5.622316545496385,5.5978978127241135,0.05747572181904409,0.0006770231993868947,0.014959465560726434,0.0006007475743293375,0.01794062460733888,0.08967447676695883,0.014959465560726434,5.578219364086787,7.5544251799583435
5,60,pg,central,0.006890853231942112,0.7302889742634513,0.012829190416430885,0.002698761974897934,-0.06761791336942803,0.7221200032667681,-0.7207656909118999,0.4356409839608453,110.8775783885609,5.966652030294592,5.924955769018694,0.05392137503274434,-0.005938337210946801,0.030650705945762722,0.0005103650804482062,0.03284732320091941,0.1020520476793701,0.030650706072761255,5.925088340585882,8.843691110610962,0.00825595281397303,0.7242100338141123,0.013369484183688959,0.0018539771690342377,-0.07404812922080357,0.3510011037190755,-0.5162506053845087,0.43188730875651044,100.63992309570312,5.574305236339569,5.532732367515564,0.05436603185372241,-0.005113531292105715,0.012317789097627005,0.0006001721776556224,0.015257959952577949,0.08426215127110481,0.012317789097627005,5.530987560749054,7.483344952265422
5,61,pg,central,0.01092150627466088,0.7363798862153833,0.012960584537888115,0.002270456774733082,-0.08266368169676173,0.681610110131177,-0.7077772481874987,0.4297759478742426,109.38008152354847,5.823072993958538,5.787521716545928,0.05318202410755311,-0.0020390781468119135,0.02819644657640972,0.0005435944159134207,0.030408328081565825,0.10245662538165395,0.028196446745741097,5.786076555875215,8.992528362707658,0.005733411448697249,0.7280182838439941,0.013452179885158936,0.001706124560466075,-0.06387103100617726,0.36051585773626965,-0.5119138906399409,0.4480590770641963,104.29604021708171,4.723982592423757,4.688179274400075,0.04308864904818841,-0.007718768552877009,0.010948166289987663,0.000601555235334672,0.013664624265705546,0.0773502594480912,0.0109481664840132,4.680984596411387,9.64944044748942
5,62,pg,central,0.009830905971201983,0.7330307093533602,0.012675234709273685,0.002366775632749936,-0.06697106700051915,0.7077882574363188,-0.7255393077026714,0.4417928443713622,112.43340440229936,5.28290121731433,5.249794358556921,0.047122598711934825,-0.0028443286825098435,0.025083911795677108,0.0005153119517754848,0.0271654911339283,0.09195286916060881,0.02508391122418371,5.246020138941028,8.221749511632053,0.008542853407561779,0.7221954862276713,0.013237656559795141,0.0019560004339685597,-0.04160980507731438,0.3910659005244573,-0.4743815263112386,0.45489250620206195,105.86365826924641,4.905079185962677,4.877789497375488,0.04902757703793889,-0.00469480319103847,0.014394919271580875,0.0006349561444949359,0.017137070031215746,0.08222222235053778,0.014394918961140016,4.860800325870514,8.21255894502004
5,63,pg,central,0.005381025627932765,0.7163507396524603,0.01237198676575314,0.003050453512266606,-0.061600269241766495,0.7003958333622325,-0.6895543960007754,0.41948339478536084,106.84801691228694,7.128120747479525,7.085984717715871,0.06640176441412232,-0.0069909610266966574,0.0341083738444881,0.0005732114130461758,0.03684615801003846,0.12391309812664986,0.03410837375982241,7.08978668126193,9.821204510602085,0.005680279961476724,0.705843468507131,0.013353898655623198,0.0019862179953330874,-0.0815207635362943,0.35027220845222473,-0.5257846961418787,0.4060248136520386,94.59287961324056,6.4800044298172,6.431466738382976,0.06662410426915909,-0.007673618577731152,0.013938351844747862,0.0007758294814266264,0.017576240623990696,0.10444661726554234,0.01393835199996829,6.429417769114177,10.528141975402832
5,64,pg,central,0.00830481550656259,0.7195551883090626,0.012696074279533192,0.002959124191875162,-0.10065169429237192,0.6918529407544569,-0.7307908535003662,0.40176424384117126,102.25974655151367,5.196892212737691,5.159004425460642,0.05055467044807686,-0.004391258873511106,0.023222371099770746,0.0005526576655525291,0.025472864487462422,0.09313108695840294,0.023222371851178734,5.1604490781372245,8.58424233306538,0.005501434517403443,0.7033172349135081,0.013364040137579044,0.0017771592135128837,-0.10675838465491931,0.3104136834541957,-0.5492502202590307,0.3917570908864339,91.35075569152832,3.859058747688929,3.82794451713562,0.044317085297094334,-0.007862605658980707,0.008841702132485807,0.0005452855596862113,0.011480327773218354,0.07689670069764058,0.008841701705629626,3.821882208188375,8.583570202191671
5,65,pg,central,0.011269222055985169,0.7190926210446791,0.012576858936385675,0.0022238857253775927,-0.11511190608143806,0.637031461704861,-0.7333308268677105,0.39176477220925415,99.72504563765092,5.976535076444799,5.942735422741283,0.05955264779081537,-0.0013076370656066997,0.023838692768053574,0.0006189474674597891,0.026578643274578182,0.10890193554488095,0.023838692683387886,5.936178554188121,9.248700943860142,0.011282718274742365,0.7108800609906515,0.013361265572408835,0.0008824377595336349,-0.1321784829099973,0.2557529906431834,-0.5750019152959188,0.383235901594162,89.47595914204915,3.2664961914221444,3.2299328545729318,0.036325706663994047,-0.0020785473946792385,0.004124633075358967,0.0005297676543705165,0.006588185012030105,0.062098524222771324,0.004124633075358967,3.2242983182271323,7.929981112480164
5,66,pg,central,0.004059657920151949,0.7648046341809359,0.01323808619583195,0.0012527546817491242,-0.16042227704416623,0.5698897676034407,-0.7625599991191517,0.39746939729560504,101.18835587935014,5.356592996553942,5.301045680587942,0.052816151043618025,-0.009178428201597522,0.017391152849251575,0.000526106752328236,0.019685570997270672,0.08249543378637596,0.01739115270108662,5.298022814772346,8.809821475635875,0.010200224351137877,0.7791737715403239,0.014401009461532036,0.0006375420049759365,-0.17080492029587427,0.2272184838851293,-0.6152588427066803,0.40258119503657025,93.82717386881511,5.490237593650818,5.423668146133423,0.05950287635242616,-0.004200784877563517,0.0031880929988498488,0.000573658908251673,0.006275269435718656,0.062376302356521286,0.00318809284362942,5.396819353103638,8.466037829717001
5,67,pg,central,0.01267366879619658,0.7444289164109663,0.013083119072358717,0.001475692603059222,-0.1706809320233085,0.6003404977646741,-0.7700637497685172,0.3770077160813592,95.99450267444958,3.6708008870482445,3.611651499163021,0.038556937937419364,-0.0004094502814537422,0.013312841585667973,0.0005708412949884819,0.015191015671007335,0.06661931768229062,0.013312841051215813,3.625818793746558,7.60667482289401,0.00547405503069361,0.6937657594680786,0.013677115241686503,0.0010834895297951637,-0.16677405188481012,0.20284642030795416,-0.5954327881336212,0.3468148459990819,80.83898289998372,4.7182726462682085,4.401702264944713,0.059084572906284716,-0.008203060181889063,0.002439428489500036,0.0005807124834973365,0.005988361779600382,0.07933594038089116,0.0024394284409936517,4.65824019908905,9.10012412071228
5,68,pg,central,0.008685398084873503,0.6980562589385293,0.012962556909769773,0.0014851679178284692,-0.16053962910717184,0.5186998871239749,-0.7408739572221582,0.34857408837838605,88.70065411654386,4.8772545104677025,4.827546786178242,0.05421846865558338,-0.004277158920145171,0.01531483300707557,0.0006349511889063499,0.01818254414353181,0.09595297158441761,0.015314833070574836,4.829803358424794,9.168129140680486,0.006473628027985494,0.7475941876570383,0.013930861838161945,0.0009209127678673212,-0.15888351450363794,0.2307083159685135,-0.5841539204120636,0.39090364178021747,91.14327748616536,5.231683184703191,5.075758258501689,0.060028900330202445,-0.00745723369376113,0.0029128523789646956,0.00044612637915027636,0.00560670331469737,0.06375868044172724,0.00291285224375315,5.155591979622841,7.608060121536255
5,69,pg,central,0.008932777172462507,0.7756208587776531,0.013072968629950827,0.0010295098456522696,-0.15231313895095477,0.6018729250539433,-0.7603465752168135,0.40973756259137933,104.3071271722967,6.112281573767012,6.039773986420848,0.05870152467352123,-0.0041401914363218975,0.018538509305058556,0.0005250933384311131,0.02072296329689297,0.08455762910571965,0.018538509728386998,6.052547605877573,9.061144677075474,0.01258708257228136,0.7502965132395426,0.013894613521794478,0.0008741496293396267,-0.1425097088019053,0.2386891096830368,-0.5694118638833364,0.4058949202299118,94.67906506856282,3.859622915585836,3.7986960063378015,0.045054670037620266,-0.0013075309689156711,0.003594142692842676,0.0005281836905245049,0.0060785629563421635,0.05537326463187734,0.0035941427704528905,3.7830446176230907,6.813271204630534
5,70,pg,central,0.010341716697439551,0.7234859764575958,0.012662068136375059,0.0014250430909069937,-0.12821078876202757,0.6315219442952763,-0.7238755009391091,0.3939128572290594,100.25747541947798,4.714786165139892,4.661719609390605,0.04656867706028778,-0.002320351502434774,0.017464628496037967,0.0005224791973226027,0.01973970306359909,0.08390320718965748,0.017464628570120443,4.672189509326762,8.164466576142745,0.008959362438569466,0.7082399229208628,0.013216266098121801,0.0011723513295388936,-0.08643896132707596,0.31737518807252246,-0.4990148991346359,0.4107745289802551,95.82558759053548,5.064874390761058,5.029264549414317,0.05505445950247229,-0.004256903601344675,0.01065753928075234,0.0006056824155772725,0.013685345882549882,0.08178385471304257,0.01065753943597277,5.010218481222789,8.324134508768717
5,71,pg,central,0.009293645874343136,0.7232809825377031,0.0124266324988143,0.0016721110613699157,-0.07508920895105059,0.708068083633076,-0.6577426438981836,0.4242743944579905,108.01456278020686,5.623433782295748,5.584432810544968,0.05217408875130015,-0.00313298676205291,0.025716798295351593,0.0005855169940993867,0.027989077551121063,0.0947290976447138,0.02571679749102755,5.580107225613161,8.692335583946921,0.006498810990403096,0.7106070617834727,0.013033146504312754,0.001157761213107733,-0.06292736530303955,0.3628249565760295,-0.49492399394512177,0.4294576595226924,100.1114107767741,5.798824071884155,5.759472886721293,0.05995994131173676,-0.006534335436299443,0.015653635375201702,0.0006526447590052461,0.018717536702752113,0.09554470454653104,0.015653635763252776,5.748484094937642,9.180814345677694
5,72,pg,central,0.009485408494418318,0.7359241951595653,0.012262198566035791,0.0015905777940452156,-0.08826781030405652,0.6760989915240895,-0.7122009748762305,0.42833396792411804,109.03934097290039,6.106095259839838,6.0649936686862596,0.05619056702863445,-0.002776790129825134,0.02526273506439545,0.0005993433653863824,0.0277824203314429,0.10023589720102874,0.02526273455640132,6.062630870125511,9.060480226169933,0.010675682220607996,0.7318292359511057,0.013260125648230314,0.000759020011287248,-0.10327762862046559,0.3221503049135208,-0.5569256842136383,0.42280979454517365,98.6180814107259,2.7237131098906198,2.674354448914528,0.029588919589057863,-0.0025844434276223183,0.007060820886787648,0.0004132806085787403,0.008869810165682187,0.049500866793096066,0.0070608208964889245,2.6765268991390863,7.6167434851328535
