fold,epoch,model_variant,pg_estimator,train_loss,train_incremental_objective_mean,train_policy_success_mean,train_mse_loss,train_fairness_penalty,train_mean_soft_allocation,train_mean_score,train_max_score,train_min_score,train_mean_expected_cost,train_total_predicted_cost,train_batch_budget,train_realized_soft_cost,train_budget_fraction,val_loss,val_incremental_objective_mean,val_policy_success_mean,val_mse_loss,val_fairness_penalty,val_mean_soft_allocation,val_mean_score,val_max_score,val_min_score,val_mean_expected_cost,val_total_predicted_cost,val_batch_budget,val_realized_soft_cost,val_budget_fraction
1,1,dfl,central,0.032792945646426895,0.0015263870591297746,0.27491497790271585,0.032705459066412666,0.00016138737304448693,0.008940774428827519,0.024979167596691033,0.25221249427307735,-0.2283155003731901,0.17174075747078116,43.524314013394445,2.075051750310443,0.24661526617340065,0.04672997780135871,0.021656656327346962,0.002940871510266637,0.47032904128233594,0.020887123110393684,0.000371040483211497,0.035388133799036346,0.04396391722063223,0.1522350013256073,-0.06045141319433848,0.31197651227315265,72.83014551798503,2.5133451521396637,2.513345241546631,0.03682656541890031
1,2,dfl,central,0.018145639915019274,0.004772750396196815,0.5696471780538559,0.019669961438260296,0.00032484288529068613,0.0193203826519576,0.05098125846548514,0.38039235499772156,-0.27941795641725714,0.3926032253287055,99.86123553189364,5.139352310787547,1.435683544386517,0.05138129839356295,0.014005691123505434,0.0037232081425221017,0.6190296510855356,0.016405209122846525,0.00013236897848400986,0.04156361062390109,0.055844553435842194,0.16194861133893332,-0.06890468796094258,0.4361279507478078,101.94119834899902,4.4469270358483,4.446927299102147,0.04024150647563317
1,3,dfl,central,0.011438979470933025,0.00794761495622383,0.6562475535002622,0.017443180676888336,0.00019434137887182473,0.03271571368995038,0.06177512878044085,0.3791550872000781,-0.27795502272519196,0.47184707766229456,120.08662102439187,7.012064116922292,3.108497830954465,0.05825441397271645,0.010364556219428778,0.006004373038498064,0.6690916319688162,0.01529459080969294,0.00010743384852200204,0.05445254151709378,0.07119971886277199,0.1884503165880839,-0.060504754384358726,0.4912891934315364,114.94701894124348,5.944548447926839,5.91253736615181,0.05071781567458979
1,4,dfl,central,0.010877548759295181,0.007484887260943651,0.6802638525312598,0.016726108267903328,0.00016363277426734157,0.030196606456725436,0.07532675394957716,0.3868486772884022,-0.2502795159816742,0.5039388307116248,128.24588810313833,6.605329649014906,3.0436081154779955,0.05132898413838407,0.009759088978171349,0.006346605601720512,0.6883243521054586,0.015014724029848972,0.00010909705239707061,0.05520009296014905,0.07638468220829964,0.1993174503246943,-0.04841046531995138,0.5127413819233576,119.97750091552734,6.004473388195038,5.97952417532603,0.05114154304097357
1,5,dfl,central,0.00811738954772326,0.009971594056961212,0.6901514313437722,0.01669802546331828,0.0001390958177089694,0.04066084465011954,0.08370845561677759,0.38851838355714624,-0.22906922481276773,0.5186726992780512,132.03849584406072,7.960434664379466,4.269949273629622,0.06005443931647065,0.007085764004538457,0.009385164361447096,0.6674848894278208,0.014807204405466715,0.00016637240939113931,0.06908903705577056,0.09568685665726662,0.22893871366977692,-0.022503182291984558,0.5092144856850306,119.11875025431316,7.102932492891948,6.932076652844747,0.0632865113738676
1,6,dfl,central,0.009002075234258717,0.009994178004986183,0.6658089648593556,0.016292510638860138,0.00027037425006297286,0.03892408203418282,0.10239466245878827,0.3879448988220908,-0.2025695199316198,0.514856444163756,131.02592260187322,6.83430195667527,3.9761944237080487,0.0523123962157148,0.006122796485821406,0.010090608809453746,0.6634243528048197,0.014564724173396826,0.0001648681063670665,0.06438866079164048,0.11250550424059232,0.25124160945415497,-0.00672583281993866,0.5207128524780273,121.77423477172852,7.337008357048035,7.151866475741069,0.0586197077763679
1,7,dfl,central,0.008467505601319399,0.009294768033379858,0.6664014783772555,0.016217155509035696,0.00015451180960064775,0.032589594410224396,0.12038828568025069,0.4385996433821591,-0.16800307008353146,0.5321523628451608,135.43951416015625,7.261551212180745,3.3540427034551445,0.053754960495781594,0.005713281066467364,0.010321219839776555,0.673254519701004,0.014488286649187406,0.00015462143085187563,0.05811693364133438,0.12837180495262146,0.26957352459430695,0.010332991679509481,0.5449722111225128,127.44858423868816,5.992465178171794,5.904747287432353,0.05087807169892929
1,8,dfl,central,0.009049611377783796,0.010865121201442724,0.6861596215854991,0.01639202491126277,0.00035227077814361314,0.03709824112328616,0.13077703355388207,0.44161711768670514,-0.15384686399589886,0.5609790493141521,142.7735859264027,6.9617481692270795,4.149628785523501,0.04854109837703566,0.005875390022993088,0.010564407178511223,0.6929071644941965,0.014900601468980312,0.00015391956470741283,0.055299521734317146,0.13911767055590948,0.2833331972360611,0.019857078790664673,0.5734094878037771,134.05538940429688,6.387495199839274,6.326678951581319,0.04805354207416133
1,9,dfl,central,0.008495855526151981,0.011112019906497815,0.6924337446689606,0.016861317128959028,0.00027465581909134266,0.038047863001173195,0.14087367057800293,0.42522444508292456,-0.12815345688299698,0.5739173455671831,146.08872985839844,7.335681668736718,4.453468729149211,0.050084052494704046,0.006660199724137783,0.00936245770814518,0.6667852699756622,0.015107953920960426,9.147035215543535e-05,0.044670709719260536,0.1563973849018415,0.30409452815850574,0.026371488968531292,0.5638583401838938,131.80434036254883,5.174704392751058,5.174704551696777,0.03866169854278881
1,10,dfl,central,0.0066728518683124675,0.01161148947854103,0.6502002342180773,0.016636979893188585,0.00016473614150863176,0.037265146828510544,0.1612981314008886,0.4428118142214688,-0.09016297893090681,0.5516929220069539,140.4452219876376,7.015837341547012,4.207377501509407,0.049760026284948265,0.0027309381403028965,0.01332080791083475,0.6359459658463796,0.015041508401433626,0.00010102373398979125,0.06178775802254677,0.16871162752310434,0.30657141904036206,0.029491454362869263,0.5417481859525045,126.61806742350261,6.73655899365743,6.673025290171306,0.0546691927316141
1,11,dfl,central,0.009240934921597893,0.009629896709653125,0.6275886541063135,0.016495112880048426,0.00023757189405221817,0.03210870684547858,0.16867363859306683,0.4386628513986414,-0.09634717486121437,0.5398972197012468,137.4329438643022,5.267019101164558,3.5111987712708386,0.03817505319377102,0.002741272716472546,0.01328067722109457,0.6193213562170664,0.014900196033219496,0.00011217541789321217,0.05926946830004454,0.1769940306742986,0.31849661469459534,0.031594509879748024,0.5348899563153585,125.04150772094727,6.266589045524597,6.259707768758138,0.05201832480841418
1,12,dfl,central,0.004827544643458995,0.013259892185239798,0.6339275999502703,0.016506534239107914,0.00015809027039911686,0.04298844972138547,0.17817758565599268,0.4365455697883259,-0.0748777985572815,0.5512759360400113,140.32801055908203,7.4552009037949825,4.768205992200158,0.05302157799653628,0.0034778420037279525,0.012254191795364022,0.6327725748221079,0.014867989967266718,8.64043616957133e-05,0.05157424043864012,0.1889712413152059,0.3408322234948476,0.03139487902323405,0.5614949961503347,131.26610310872397,5.8756357828776045,5.8756357828776045,0.04476973928123406
1,13,dfl,central,0.002311245644126426,0.015576579406942155,0.6247689778154547,0.016399465628306974,0.0001488359439850807,0.05006541328674013,0.19273199276490646,0.4450172890316356,-0.05935372818600048,0.5555729134516283,141.42355970902875,7.789759581739252,5.564747886224226,0.05514821635355234,-0.004435963463038206,0.02047579533730944,0.5920525888601939,0.014723149904360374,0.00013166819796121368,0.07917236412564914,0.20941662043333054,0.3736184636751811,0.03967308004697164,0.535758356253306,125.27308527628581,8.390978892644247,8.254062016805014,0.06958106860325713
1,14,dfl,central,0.006321083669635383,0.013199811780147931,0.6004669395360079,0.016339871228079905,0.00031810243448856824,0.04011935194615613,0.2025455046783794,0.4867981292984702,-0.06181355768984014,0.5458828454667871,138.90911241011187,6.142205276272514,4.398302029479634,0.04436856619666375,-0.0015072783765693505,0.01723744204112639,0.6100789805253347,0.014771953069915375,9.582106443654463e-05,0.06561703483263652,0.20981191843748093,0.37278562784194946,0.03574639558792114,0.55622265736262,130.05837631225586,6.973352571328481,6.946556866168976,0.05776693531166183
1,15,dfl,central,0.0016267685727639632,0.015638860461132772,0.6106632162224163,0.016474497716196558,7.911314446961238e-05,0.04676076869310981,0.2148152386600321,0.4755095026709817,-0.043711240996013985,0.5642796321348711,143.64366080544212,7.877808806571093,5.3522960083051165,0.054946418187000544,-0.00013214644665519396,0.016840588456640642,0.5953228970368704,0.015111024336268505,0.00015974178421629404,0.059857926021019615,0.22872456659873328,0.38711438079675037,0.04055297871430715,0.5599611898263296,130.8558603922526,7.372202614943187,7.326449592908223,0.053058872711289846
1,16,dfl,central,0.003977320072325793,0.014510607526806945,0.5863019011237405,0.01662459723990072,0.0001863330327619327,0.04210628365928477,0.22838583724065262,0.48385983028195123,-0.03966532783074812,0.5542612834410234,141.09884643554688,6.661819252100858,4.670020607384768,0.04748806252226741,-0.000994266786923011,0.01767674736038316,0.5708343187967936,0.015102857568611702,0.0001579622776262113,0.06058547597300882,0.2384932910402616,0.4002414147059123,0.04091798265775045,0.5460986196994781,127.62944793701172,7.571733504533768,7.571733108411233,0.05412335110697758
1,17,dfl,central,-0.0002150978385047479,0.018129397921835665,0.5662699233401906,0.016629236199977724,0.00012850638734172227,0.05245355650020594,0.23854812641035428,0.4845374565232884,-0.047971167347647926,0.5421525673432783,138.0236563249068,7.320635576817122,5.976879522204399,0.052741193421349634,0.0037356140092015266,0.014246854853505889,0.5326656897862753,0.015492666357507309,0.00024898027569027664,0.04621097600708405,0.25445619970560074,0.4231128394603729,0.048211291432380676,0.528663565715154,123.58569145202637,5.461772799491882,5.461772779623668,0.04182003053977854
1,18,dfl,central,0.0027302839285270734,0.01507363433483988,0.5179273648695513,0.016901056112890892,9.028622216336854e-05,0.04063964245671576,0.25374678725546057,0.5194756117734042,-0.01767120036211881,0.5158681625669653,131.31329865889117,6.426201812245629,4.307720764116808,0.049052072799614675,0.007748544371376435,0.009632809436880052,0.5012979805469513,0.01565428093696634,0.00017270726001091438,0.029449216090142727,0.26631052295366925,0.4531840781370799,0.0502644826968511,0.5161934892336527,120.7403335571289,3.4062945743401847,3.406294306119283,0.026728359605695848
1,19,dfl,central,0.0027392378754236483,0.01644305556758561,0.5387736071239818,0.017120145388286222,0.000206214797830481,0.044059566941789606,0.25913610377094964,0.5211305211890828,-0.022548179734836925,0.5378587137569081,136.88229994340375,6.610996625640175,4.958642948757518,0.048420230077171694,-0.0032529435120522976,0.02039783090973894,0.5670230090618134,0.01577326251814763,0.0001371624742508478,0.06339076347649097,0.2644212394952774,0.44828419387340546,0.04686435063680013,0.5643319090207418,131.92644119262695,7.4608713785807295,7.30604350566864,0.058574844934594215
1,20,dfl,central,0.003675494258376685,0.014877561151727357,0.5888709642670371,0.017141682603819805,0.00014113726891971302,0.04056389528242024,0.25579688494855707,0.5098043734377081,-0.007215876470912586,0.5835498490116813,148.51015611128375,6.247343523935839,4.94853395765478,0.04216514167367274,-0.0021507906106611094,0.01928430190309882,0.5952817598978678,0.015705736664434273,0.00014277744530014994,0.05975898898517092,0.2610972474018733,0.4369550446669261,0.03472743431727091,0.5914444228013357,138.2674763997396,7.03472638130188,7.033990104993184,0.053512601560238245
1,21,dfl,central,-0.00039041872051629156,0.019755436340346932,0.5885813778096979,0.017133550718426704,0.00022314668827324883,0.053628281097520485,0.2601510096680034,0.5087230788035826,-0.010670740496028553,0.5845273028720509,148.81999137184837,8.422236572612416,6.595953865484758,0.05635443157372093,-0.007769914964834849,0.02481298428028822,0.5633558531602224,0.015628695643196504,0.00014143736734695267,0.07537189933160941,0.2730094889799754,0.4513363043467204,0.04063419500986735,0.5661613245805105,132.39862314860025,8.830045501391092,8.812203248341879,0.0687441977891379
1,22,dfl,central,0.0015593222765759988,0.01711742392614145,0.5386569852178748,0.016950465823439034,0.0001726280296318353,0.04557891774245284,0.2758224200118672,0.5155992155725305,0.009219822558489714,0.5545949285680597,141.1868757768111,6.533131339333274,5.2617430185729805,0.04638413504522276,-0.012258404400199652,0.029280348525693018,0.5245099365711212,0.015559837532540163,0.0001462107002225821,0.08339986422409613,0.2903708567221959,0.4850919346014659,0.04471328854560852,0.5433650513490041,127.06360371907552,9.627140760421753,9.607165376345316,0.07586415369900723
1,23,dfl,central,-0.0001858374188569459,0.01965962410692803,0.5145912983200767,0.01687941416590051,0.00025943722933955115,0.050575579537756064,0.2865221324292096,0.5483106239275499,-0.012743355198339983,0.5407161279158159,137.6324331110174,7.523901547897946,5.619452836838636,0.05445501738593133,-0.000576019287109375,0.018999639432877302,0.5245169699192047,0.01574141796057423,0.0002682202372360128,0.053809382021427155,0.292537659406662,0.48021629949410755,0.04715051253636678,0.5549825926621755,129.7774403889974,6.441988905270894,6.441989064216614,0.048862977418536985
1,24,dfl,central,0.0029575768011537466,0.01656119823879139,0.545017039233988,0.017051895530047743,0.000246687969737894,0.04304187578699467,0.2816957018592141,0.5264478583227504,0.01475997269153595,0.5686382949352264,144.74092310125178,6.710378925908696,5.156250157139518,0.046231232561124935,0.0026136377515892186,0.015511483962958058,0.5491521259148916,0.01583925603578488,0.00022858657393953763,0.04453024854107449,0.28385576605796814,0.4653186450401942,0.042847514152526855,0.5725332895914713,133.8798967997233,5.956434026360512,5.956434021393458,0.04055287746005871
1,25,dfl,central,0.002684278625317595,0.016185429762117565,0.5327466170896183,0.017211608377031305,0.00016580998946706544,0.04295860523019324,0.2844775061715733,0.5203555253419009,0.012172429399056868,0.5564089309085499,141.6490145596591,5.438675742257725,5.001847589557821,0.03859296101950638,-0.0035829138942062855,0.02098110077592234,0.5055228670438131,0.01591849389175574,0.0001479692909924779,0.06065288310249647,0.29318951070308685,0.47414541244506836,0.056664466857910156,0.5342973470687866,124.97709210713704,6.4799894491831465,6.479989965756734,0.056279947276439195
1,26,dfl,central,0.000333374577828429,0.01853255988945338,0.4997591051188382,0.01715002992105755,0.0001715904448659312,0.048517725091766224,0.2905571149154143,0.5319127467545596,0.016803520646962253,0.5297950099815022,134.88583304665306,7.187243697318164,5.411801102486524,0.05299280191644764,-0.006710906513035297,0.02436202671378851,0.49131302535533905,0.015908591604481142,0.00017425282961388197,0.06914801445479195,0.29619305829207104,0.4839497009913127,0.060618236660957336,0.521874358256658,122.1007760365804,8.001879394054413,8.001879274845123,0.06470877338351774
1,27,dfl,central,-0.006475440649823709,0.0249496091961522,0.50580864331939,0.017133595210246065,0.0001340573355079755,0.06367985971949318,0.29850848560983484,0.55049674754793,0.01780088245868683,0.5380904051390561,136.9216572154652,9.109074663032185,7.152924418449402,0.0668020779170379,0.006340232832978169,0.01220889234294494,0.5082184274991354,0.015828336278597515,0.00027207890404194285,0.0326839885674417,0.31076476474603015,0.50082694987456,0.04691068331400553,0.5644970734914144,132.01478322347006,4.073391437530518,4.073391397794087,0.029757147603940742
1,28,dfl,central,-0.002198812340132215,0.020851992919977583,0.5439470301974904,0.017267542552541603,0.00013856378287031973,0.052152153898284516,0.3057133907621557,0.5403133251450278,0.026929855346679688,0.5862661735578016,149.23261122270063,8.496144637465477,6.350455189293081,0.05663745150700941,-0.006865364809830983,0.025185488474865753,0.5520868599414825,0.016092296224087477,0.00022278276689272994,0.06833958687881629,0.3106386611859004,0.4890238444010417,0.04546641310056051,0.5932080447673798,138.6134936014811,8.22002081076304,8.220020731290182,0.06178049643723807
1,29,dfl,central,-0.003909473815424876,0.022718767667273907,0.5429367775266821,0.017486655280332674,0.00013226382271692603,0.057337890125133774,0.30879777534441516,0.5338827209039168,0.03303561427376487,0.585293401371349,149.00499864058062,8.223029776052995,7.086052680557424,0.05526260552277768,-0.007185619945327441,0.025343616027384996,0.5212648113568624,0.016047521959990263,0.00021104735242261086,0.06765304133296013,0.3181646664937337,0.48950932423273724,0.058172027269999184,0.5690120657285055,132.94129943847656,8.46810539563497,8.468105475107828,0.06201836213799197
1,30,dfl,central,0.00022629771212285215,0.018850771355739034,0.5083514804189856,0.017386905213987284,0.0001690163687933157,0.047665976072576915,0.31462942334738647,0.5387975329702551,0.04238220642913471,0.5592474124648354,142.3510495966131,6.434421015056697,5.588367929512804,0.045186623734215586,0.0031773075461387634,0.015576865679274002,0.48247705896695453,0.016250667317459982,0.0002503506099553003,0.04160595933596293,0.3247469812631607,0.49409760534763336,0.07573400934537251,0.546459952990214,127.68562571207683,4.961198071638743,4.961198071638743,0.0387563592508763
1,31,dfl,central,-0.002230444076386365,0.02152551778867333,0.492694381963123,0.0176067150790583,0.00016883585775221118,0.054538558073214845,0.3146778087724339,0.5336821309544824,0.039248881014910614,0.5413001558997415,137.7962417602539,7.892098600214178,6.262945792214437,0.05750929393684589,-0.010955549931774536,0.028949332733949024,0.48883170386155445,0.01623532921075821,0.00017584536059681946,0.07685322066148122,0.3245783696571986,0.49719811975955963,0.07808065414428711,0.5395888388156891,126.10807291666667,8.835583368937174,8.835583209991455,0.07178372633391021
1,32,dfl,central,0.001341239379888231,0.017544761585833676,0.4973992000926625,0.017523923084478487,0.00013620776123120365,0.043463988779959356,0.31897113539955835,0.5516744635321877,0.02464765039357272,0.5553171715953134,141.35898312655362,6.353257256475362,5.146131252700632,0.04474553012088623,-0.005605604189137618,0.024787981373568375,0.49742716054121655,0.015986355176816385,0.0003196021953044692,0.06579079541067283,0.3207951784133911,0.5034806430339813,0.06194993853569031,0.550116091966629,128.61697133382162,8.00587272644043,8.005872885386148,0.061258726602351266
1,33,dfl,central,0.0003351483240046284,0.019160447621040723,0.4881587868387049,0.017405589365146378,0.00020900063236695132,0.04786517818204381,0.3114749017086896,0.5460004102100026,0.03457440435886383,0.5383916659788652,137.04690967906606,6.337148043242368,5.5116788365624165,0.04613334337784328,-0.0002676641258100669,0.018974793919672567,0.4680401136477788,0.016056284308433533,0.0002650845805571104,0.05089461679259936,0.3143460104862849,0.49886231621106464,0.07198787728945415,0.5220732490221659,122.10414377848308,6.0578246514002485,6.057824492454529,0.048479761925927484
1,34,dfl,central,-0.002889180090278387,0.022337386723269115,0.4723579409447583,0.017486915161663837,0.00019612912519888099,0.0558966637419706,0.318180112676187,0.5482642420313575,0.03176200525327162,0.5255674882368608,133.8045883178711,7.516078547997908,6.273336394266649,0.05648616209326219,-0.0063479904395838576,0.024920000539471705,0.4646385908126831,0.016356303977469604,0.00022157060023649441,0.06503385646889608,0.32980938255786896,0.5119914213816324,0.08157957593599956,0.5267287194728851,123.19815127054851,7.307869036992391,7.307868838310242,0.06193250944917656
1,35,dfl,central,-0.003309932579709725,0.023074965585361828,0.47009755129163916,0.017905704126777975,0.00018593290374223739,0.05703275663439523,0.3333328135988929,0.5606327815489336,0.04944525117223913,0.5366212969476526,136.58677534623578,7.517563613978299,6.604662900621241,0.054979372916401675,0.0034930519759655,0.015582444456716379,0.4487208028634389,0.016609431554873783,0.0002466065034241183,0.03922226124753555,0.34656505286693573,0.5294018785158793,0.08796497186024983,0.5356951852639517,125.31649208068848,4.414519886175792,4.4145199457804365,0.0372764705163216
1,36,dfl,central,0.0004826832816682079,0.018767249093137005,0.45804127238013526,0.018059496852484615,0.00011904354539638007,0.04496323306706141,0.3409755961461501,0.5616123567927968,0.06282749501141635,0.5370801687240601,136.72503488714045,6.097857971083034,5.214056434956464,0.044318187336212,-0.006226932629942894,0.024548561971945066,0.45161619285742444,0.016673548767964046,0.0001648080616784379,0.06152873944180707,0.3482467830181122,0.531120628118515,0.09248099724451701,0.5310651759306589,124.23379643758138,7.043688843647639,7.043689012527466,0.05826837863084599
1,37,dfl,central,-0.004011935300447724,0.02336927101185376,0.4600118534131484,0.017982105089520865,0.00013752308092049051,0.05585610896179622,0.3455830216407776,0.5666650018908761,0.05753509293903004,0.537100610407916,136.68764426491478,7.622553272680803,6.474732236428694,0.055864186743677796,-0.00018783689786990485,0.018692177700965356,0.448962261279424,0.016612422342101734,0.00018919182245250946,0.046058938334075115,0.35164641340573627,0.5351009865601858,0.08506519595781963,0.5375460088253021,125.70983378092448,5.987777786950271,5.987777849038442,0.043605152646910623
1,38,dfl,central,-0.004952482117170637,0.024543423819440333,0.4578516334295273,0.01810855922204527,0.00014823825249136874,0.05848310527984391,0.3495416004549373,0.5682323954322122,0.05049790577455,0.5383416034958579,137.0180768099698,7.680670464580709,6.789991283958608,0.056104359445052876,-0.00842371303588152,0.02653758367523551,0.4545898288488388,0.01663165461892883,0.0001482216567486224,0.06507150487353404,0.3585074593623479,0.5418153703212738,0.0828074316183726,0.5420152246952057,126.74790445963542,7.772840062777202,7.772839665412903,0.06138094192620389
1,39,dfl,central,0.002222078640691259,0.01722296862598424,0.4563062461939725,0.01799270942468535,0.00014523378212578047,0.040701375729192725,0.3539194816892797,0.5752340284260836,0.05500898848880421,0.5483780557459051,139.56333056363192,5.804145058447665,4.8307287869128315,0.04146702150600705,-0.006054207682609558,0.023832946084439754,0.46463920672734577,0.016529180109500885,0.00012495579964403683,0.05886425326267878,0.35168542961279553,0.5353026489416758,0.0754919946193695,0.5475375652313232,128.04910786946616,6.702075799306233,6.7020756006240845,0.05598530307983158
1,40,dfl,central,-0.002539061306213791,0.02264188170771707,0.47731074826283887,0.018071665428578854,0.0002031154989507203,0.05370851771228693,0.34709058837457135,0.5732751271941445,0.04918529499660839,0.5561918968504126,141.57959088412198,7.427630047906529,6.481491955843839,0.052870414144104844,0.000931075153251489,0.01787149898397426,0.4712706357240677,0.01665144708628456,0.00021511270218373588,0.04327058202276627,0.3566810538371404,0.5348277688026428,0.07429738839467366,0.5636275907357534,131.81204223632812,5.8122972548007965,5.812297175327937,0.04098379129020704
1,41,dfl,central,0.0015769204209474,0.01817635609768331,0.4681833562525836,0.018113659737123686,0.00016396169026351842,0.042209329972551626,0.359044921669093,0.5802724957466125,0.0589522665197199,0.5622333965518258,143.14028133045542,5.45018423687328,5.091035978360609,0.03835389289730085,0.004865922809888919,0.013894042504640916,0.44484739005565643,0.016686941031366587,0.00020730242977151647,0.032903170523544155,0.36662738025188446,0.5544627706209818,0.0769363244374593,0.5527249177296957,129.27184295654297,4.118214080731074,4.118213852246602,0.03136298918415436
1,42,dfl,central,-0.0012499827637591145,0.021119716270318764,0.4517714868892323,0.018162682398476383,0.000170705103326699,0.04841097048483789,0.3634920756925236,0.5860361754894257,0.060191239822994576,0.5489010973410173,139.71476676247337,6.57713863321326,5.785598740658977,0.04699856436299854,-0.0097319680886964,0.02841331980501612,0.4545128097136815,0.01669550345589717,0.00019858486136096568,0.06661175812284152,0.3707530001799266,0.5594679812590281,0.07576524217923482,0.5525942842165629,129.22132364908853,8.481907844543457,8.481908241907755,0.06256653089003078
2,1,dfl,central,0.03398210606114431,0.0016374781367961657,0.2703440687195821,0.03419173966077241,0.00014278444662610664,0.011934007343370467,-0.008917510747613216,0.2093067578971386,-0.23068651590834965,0.14799149495295502,37.484204444018275,1.836586540226232,0.3672744598747654,0.04876694890770919,0.026653359954555828,0.0015570827818010002,0.48768946528434753,0.022344828272859257,0.0005865613881420965,0.043613853553930916,-0.018306563297907513,0.08900965750217438,-0.12331922352313995,0.2805493623018265,65.35148175557454,2.5408909221490226,2.481547007958094,0.042583819779186516
2,2,dfl,central,0.01733692515302788,0.004275409256065773,0.5808979259295897,0.020056672309609978,0.00015556619960399587,0.019917106298221784,-0.006120971209053427,0.3277362192218954,-0.3619522032412616,0.3574066013097763,90.85659477927469,4.988321349024773,1.3324796882542698,0.055484746380789575,0.01774608592192332,0.002364033804042265,0.659266859292984,0.01752168157448371,0.00025884383406567696,0.03851080111538371,0.014933625546594461,0.12842687467734018,-0.09494450688362122,0.43479453523953754,101.33679135640462,3.542242164413134,3.4731111228466034,0.03403174156514762
2,3,dfl,central,0.014778431081636385,0.004798261274117976,0.702311410145326,0.017302877608348022,0.00022738146150335194,0.01933375707912174,0.021792723331600428,0.3766894719817422,-0.3086616722020236,0.47777126864953473,121.54080997813831,5.962126423012126,1.6471767953851006,0.04892433981598177,0.012817339350779852,0.00523201154525547,0.7497044106324514,0.0164159646568199,0.00016333861314462203,0.06831172287153701,0.035537599896391235,0.1514414151509603,-0.05772358179092407,0.5292942821979523,123.4557113647461,7.576303919156392,7.363927443822225,0.06012814478842848
2,4,dfl,central,0.011958927085453814,0.0066988282064399255,0.7533553838729858,0.016874176788736473,0.0001783578398508532,0.025934912618884646,0.04186874856664376,0.3970282416452061,-0.28903256356716156,0.5407586151903326,137.6485945961692,7.609453279186379,2.636376192623919,0.05522011738806019,0.012465146758283177,0.005784425729264815,0.7378405233224233,0.015619097122301659,0.0002630475446494529,0.05893425736576319,0.051569864153862,0.17534808814525604,-0.03384247918923696,0.5348007678985596,124.81466674804688,6.187503258387248,6.090744098027547,0.04881268598883017
2,5,dfl,central,0.011740751733834093,0.00667081572200087,0.7212288677692413,0.016256236852231352,0.00021553305386603293,0.023619937731630423,0.059417786076664925,0.4061634757302024,-0.27959134632890875,0.5290635146877982,134.6737816550515,5.971861416643316,2.2164704420349817,0.044443977313572886,0.01612617742891113,0.0031587067351210862,0.7111466626326243,0.015297291800379753,0.0003987592601456906,0.024817371003640194,0.07382067292928696,0.19795133670171103,-0.008709977070490519,0.5327708125114441,124.30451011657715,2.424978961547216,2.27871805926164,0.02069627557172519
2,6,dfl,central,0.010339740875431082,0.008743856112811376,0.7236587730321017,0.01621548073704947,0.0002868116317845771,0.03206140825270929,0.07858470285480673,0.40450928157026117,-0.22566038776527753,0.5448884178291667,138.66839148781517,7.665894985198975,3.1722271103750574,0.055402024088390296,0.00993557033749918,0.008401328358255947,0.7363699972629547,0.01544018229469657,0.00028967164689674973,0.060589405319963895,0.08441665768623352,0.21124327182769775,0.0022845168908437095,0.5613028506437937,130.97335561116537,7.397717744112015,6.927080889542897,0.05271983827092813
2,7,dfl,central,0.009244032902643085,0.009479541903023015,0.7151546938852831,0.01620372897014022,0.0002519845894762537,0.031909370625560936,0.09198135781017217,0.42563974180004815,-0.23678660257296127,0.5516478446396914,140.40773287686434,8.157718116586858,3.319491809064692,0.05813627179009063,0.0069249750425418215,0.011358238756656647,0.7252796292304993,0.015725250200678904,0.0002557963660952585,0.06954030382136504,0.10389209041992824,0.23736502726872763,0.009453525145848593,0.565302312374115,131.9042714436849,7.82748528321584,7.561986565589905,0.057885437350286846
2,8,dfl,central,0.011467604897916317,0.007385490007105876,0.7200965583324432,0.016480072274465452,0.00023730226141034777,0.024511180860413748,0.10247934169389984,0.43711685050617566,-0.19574907286600632,0.5659442462704398,144.06587808782405,7.6678872812878005,2.5771644203500315,0.05298413981098056,0.009779274851704637,0.009164379754414162,0.7239332596460978,0.01572046910102169,0.00032231855796756764,0.05641749749581019,0.10461483771602313,0.23784472048282623,0.007991055647532145,0.5666781663894653,132.1905746459961,6.413501501083374,6.284271717071533,0.04696347101015294
2,9,dfl,central,0.01016907241534103,0.008410729975862936,0.7091615443879907,0.01640755535018715,0.0002172246959782404,0.029123525029386987,0.10361707989465106,0.4392447444525632,-0.20260441980578683,0.554915344173258,141.28275160356,5.678245436061513,3.164052353663878,0.039847903661314944,0.007284280999253194,0.0115578668192029,0.6951826314131418,0.015631014946848154,0.00032111328423904223,0.06836641952395439,0.11732118700941403,0.24372399350007376,0.011580228805541992,0.5484621524810791,127.93018849690755,7.336261709531148,7.126774708429973,0.05810466268717369
2,10,dfl,central,0.010393431029197845,0.007022099114361812,0.6735012991861864,0.016076420052823694,0.00013391101853182425,0.022598301123997026,0.121150845492428,0.4442370114001361,-0.1868770352818749,0.5389816733923826,137.19872422651812,5.151041868058118,2.253428138792515,0.037505665839014664,0.006669302005320787,0.012217157074095061,0.6719872355461121,0.015508734155446291,0.0003377725005465256,0.0657592563269039,0.1338809554775556,0.25959328810373944,0.016405274470647175,0.542303055524826,126.54950714111328,6.474824090798696,6.346851249535878,0.05473164700595459
2,11,dfl,central,0.009802091655067423,0.008815881203521381,0.6596679768779061,0.01613286514343186,0.00024851076535593495,0.028995544649660587,0.13558838414874944,0.43529778583483264,-0.17328003184361893,0.5375077697363767,136.81362706964666,6.048723926598376,2.9766541976820338,0.04407152206734093,0.0034662939918537936,0.014846373233012855,0.6637798547744751,0.015561951324343681,0.00027507158938533394,0.07617374105999868,0.14434450616439184,0.26618345081806183,0.018627971410751343,0.5420502126216888,126.5129623413086,7.836883942286174,7.532255907853444,0.06488959435688296
2,12,dfl,central,0.010855775919150223,0.008995313096833839,0.6514404253526167,0.016251748851077122,0.0003599339895761424,0.02841754636557942,0.146695921366865,0.46100419759750366,-0.1602899350903251,0.5398011072115465,137.3697842684659,7.534955991940065,2.7958158254623413,0.054779235655391,0.008886301269133886,0.010551407797417292,0.6686637302239736,0.015850105012456577,0.000358760435271203,0.050850887006769575,0.15432272354761759,0.28199292719364166,0.018428564071655273,0.5600667198499044,130.72010294596353,6.2558663338422775,6.048405130704244,0.04401213440955621
2,13,dfl,central,0.008095159491693432,0.010703869968314062,0.670700959183953,0.016409391918304293,0.00023896375637652315,0.03417090688493441,0.14770896461876956,0.44431252777576447,-0.15717740492387253,0.5577044703743674,141.958740234375,6.938657340000976,3.7574542781168763,0.048980791751190945,0.008404518632839123,0.013256021464864412,0.6627560059229533,0.01548587360108892,0.0006174666335330888,0.06605027057230473,0.1538414110740026,0.2749634434779485,0.01725996534029643,0.5518113573392233,128.76286951700845,7.1721874078114825,7.127523263295491,0.05646997136272886
2,14,dfl,central,0.0065471317026425495,0.012410246629521927,0.6567674983631481,0.01642041801559654,0.0002536960149424061,0.04039444961712103,0.1552060510624539,0.43894281576980243,-0.1343214362859726,0.5491895621473138,139.80176613547584,7.312068537554958,4.416769631884315,0.05238157883817545,0.006342825014144182,0.013092471635900438,0.6457567314306895,0.016021646248797577,0.0003413650729271467,0.06266767360890906,0.1658890595038732,0.28742815554142,0.023220380147298176,0.5457521577676138,127.36056009928386,6.972593545913696,6.933062473932902,0.05456234944659665
2,15,dfl,central,0.003036753697828813,0.01455785796596584,0.6485663300210779,0.01646713734689084,0.00011274742514140583,0.0468450844372538,0.16623251072385095,0.4434839459982785,-0.1076718270778656,0.549917069348422,139.96805745905095,8.33652060140263,5.273020820184187,0.059559032181848444,0.0003043230002125104,0.019337334282075364,0.638700952132543,0.015874920568118494,0.0003766736899706302,0.0816664903735121,0.1844074403246244,0.314087634285291,0.022395094235738117,0.5525250832239786,128.96492385864258,9.07596985499064,8.934727509816488,0.06994663084929925
2,16,dfl,central,0.005062319888648662,0.013678076698190787,0.6140183535489169,0.016213697762313215,0.00025266988614124455,0.03963881908831271,0.19401559640060773,0.49932484193281695,-0.08405397696928545,0.5454605303027413,138.83213285966352,7.838933261958036,4.112161617387425,0.05674191350288551,-0.0037935126262406507,0.024298488938560087,0.6172508001327515,0.01579971533889572,0.00047052607169462135,0.08973746374249458,0.21127672493457794,0.36104998489220935,0.023556292057037354,0.5545241435368856,129.42176055908203,9.604814132054647,9.411222457885742,0.07568171750326831
2,17,dfl,central,0.006178733723407442,0.013337062597698108,0.6274542131207206,0.016668101180006157,0.0002847695257680078,0.03682832165875218,0.20646803961558777,0.48945884812961926,-0.06975666365840218,0.5727767727591775,145.78060427579013,7.702772991223768,4.19231703877449,0.052753972553214075,0.00414862281953295,0.015839860464135807,0.6413717369238535,0.016496167207757633,0.0003492316148860179,0.05547081291054686,0.2179484044512113,0.36905114352703094,0.024870216846466064,0.5909379124641418,137.8792495727539,6.780790388584137,6.666981836160024,0.04788865976104826
2,18,dfl,central,0.008499788924713026,0.01122202155106193,0.6345685557885603,0.017333256546407938,0.00023885540131907135,0.031209984788967467,0.21724924783815036,0.4937250478701158,-0.05803138017654419,0.589603229002519,150.1030009876598,5.0198160389607605,3.74949495900761,0.033279807503506724,0.005014607682824135,0.014286274750096103,0.62457807858785,0.016986339818686247,0.00023145425287414886,0.0493407160975039,0.22913790990908942,0.3733722964922587,0.035504043102264404,0.5849869747956594,136.4654630025228,5.564445515473683,5.521347085634868,0.043313055510788366
2,19,dfl,central,0.0030226980082013392,0.0164059732447971,0.6132232628085397,0.01735295287587426,0.00020757183464907442,0.04475800250656903,0.23144069923595947,0.5043771957809274,-0.043910850178111686,0.5755589387633584,146.50371967662466,7.987242527983406,5.206330552697182,0.05472363692854332,0.0019839725767572722,0.017290701624006033,0.6076732079188029,0.017122622734556597,0.00021520517248063697,0.05734767206013203,0.2437093978126844,0.3842806766430537,0.04423495133717855,0.5795133411884308,135.21540705362955,6.459392666816711,6.414948741594951,0.05060439620166554
2,20,dfl,central,0.0016742197119376876,0.018867136571894993,0.5990009172396227,0.017719024707647888,0.0002822331818441109,0.049829392609271134,0.2492213953625072,0.5125995576381683,-0.021565235473892906,0.5770438476042314,146.8859634399414,7.924761734225533,5.903625509955666,0.05411615671011834,0.004387718470146258,0.01621970588651796,0.5839691956837972,0.01733806962147355,0.0003269354705726831,0.05009449319913983,0.2670782258113225,0.4230722387631734,0.05611377954483032,0.5799166758855184,135.32789357503256,5.602118353048961,5.499504844347636,0.04502963895668758
2,21,dfl,central,0.0037545044483108954,0.016810008652762255,0.5743464610793374,0.018129360015419396,0.00024351530633091235,0.04342856414785439,0.2664802833036943,0.5121599503538825,-0.007210360331968827,0.5707296945831992,145.29044376720083,8.523675607009368,5.136974426833066,0.05889706976412379,0.0036366085211435952,0.016162329042951267,0.5811239977677664,0.017661947136123974,0.00021369906501907585,0.050677335277820625,0.265840287009875,0.4236547350883484,0.07529950141906738,0.5746645629405975,134.12804667154947,6.682732264200847,6.6165478229522705,0.04583399527295931
2,22,dfl,central,0.0037780611521818423,0.016820696066133678,0.5927631123499437,0.018280103083022615,0.0002318654171114593,0.045445414683358235,0.25316478176550433,0.5027592263438485,-0.018190816044807434,0.5743338628248735,146.19714910333806,6.752114014192061,5.617619021372362,0.04599710249830036,-0.003949872373292844,0.02324081666301936,0.57548455397288,0.017973309693237145,0.0001317634630026987,0.07347702033196886,0.2674609124660492,0.4123734136422475,0.09110348423322041,0.563127209742864,131.4445826212565,9.659891357024511,9.607742309570312,0.06763135618790538
2,23,dfl,central,0.003419782712378285,0.016138203283348543,0.5505168275399641,0.01832057438282804,0.0001237411608847403,0.041910579555075274,0.27092862129211426,0.5276994596828114,-0.01023194735700434,0.553451963446357,140.8774018721147,6.811147307807749,4.933527727018703,0.04836709797073533,0.0009733474192519983,0.018672295846045017,0.5478416383266449,0.017845320515334606,0.00018003226614382584,0.05487783346325159,0.2883200943470001,0.44113096098105115,0.0934455394744873,0.5624547898769379,131.30887349446616,6.829941729704539,6.82994157075882,0.04970804625530204
2,24,dfl,central,-0.001314924606545405,0.020301176150414078,0.5868975195017728,0.018076575953852047,9.09675806726992e-05,0.05201413224197247,0.27549383315173065,0.5377162437547337,-0.0025275485082106156,0.5911105139689012,150.45059550892222,8.969218270345168,6.495119360360232,0.060056425039372564,-0.0016208306575814884,0.022339166064436238,0.5933469931284586,0.017223633204897244,0.0003494701709267171,0.06515160265068214,0.2833591153224309,0.4512851983308792,0.053134014209111534,0.6027505000432333,140.74294789632162,7.889322439829509,7.8048972090085345,0.05862986558895831
2,25,dfl,central,-5.371140485460108e-05,0.019005056825170123,0.5685271458192305,0.017892310480502518,0.00010590350290132474,0.04759346797469665,0.29062116010622546,0.5371578674424778,0.02801857888698578,0.5875749858942899,149.56832885742188,7.639058068394661,5.948555239222267,0.05076317720862186,-0.0013648791549106438,0.021104678666839998,0.5483449498812357,0.017467220934728783,0.00022725782688818677,0.059402815997600555,0.3050435135761897,0.4600573281447093,0.07657825946807861,0.5791556338469187,135.2515525817871,7.410447835922241,7.410447398821513,0.05307131274272183
2,26,dfl,central,0.000932796180925586,0.018147695291025393,0.5458000031384554,0.017792950849980116,0.00012875406589397574,0.045392358569766984,0.30032059143890033,0.535772212527015,0.017723114653067154,0.5771207782355222,146.8956527709961,7.555514401332899,5.433886238119819,0.05163202601344264,0.0011604828760027885,0.019011355470865965,0.5470195213953654,0.017480668301383655,0.00026911700539737166,0.05282708971450726,0.3084779977798462,0.46548616886138916,0.07378592093785603,0.5838293433189392,136.35087458292642,6.469155053297679,6.459980010986328,0.047141796842743916
2,27,dfl,central,-0.0003376255150545727,0.019443816769952802,0.5431090512058951,0.01808457279747183,0.00010216182929732234,0.04789168580265885,0.306298010728576,0.5455136475237933,0.03311746906150471,0.5780062702569094,147.13598008589312,7.712440631606362,5.91206219792366,0.05223824069438649,0.00037386858214934665,0.020046301030864317,0.5292012691497803,0.017524483613669872,0.0002895686221341028,0.05554148182272911,0.31598182022571564,0.4696874221165975,0.07981943090756734,0.572375605503718,133.66790771484375,6.313593149185181,6.313592831293742,0.04954128277288936
2,28,dfl,central,0.0034705257381905208,0.016292094477896833,0.5166946365074678,0.018036780794235794,0.00017258394456637853,0.04020963775375011,0.3134642785245722,0.5514136200601404,0.051018472422253,0.5616207773035223,142.96448932994497,6.387437002225355,4.713183030486107,0.04494547956604875,-0.006960578573246797,0.027472833947589,0.5202697912851969,0.01753749915709098,0.0002974756559600185,0.07697082000474136,0.3165661593278249,0.4606469025214513,0.0855010449886322,0.5569775998592377,130.06783548990884,8.870702584584555,8.870702823003134,0.069445990820397
2,29,dfl,central,-0.0009098638865080746,0.021067039173265748,0.5246723118153486,0.018145762680267744,0.00020114126964058826,0.05117535921321674,0.3149723695083098,0.5521046356721357,0.05219242383133282,0.5665710514241998,144.21577280217952,7.759625391526655,6.117889301343397,0.05378442307208526,-0.006695812723288934,0.026848694775253534,0.5141636729240417,0.017844102966288727,0.00023087792692422227,0.07190930719176929,0.33216523627440137,0.4846644103527069,0.09718512495358785,0.566558301448822,132.3022918701172,8.804734905560812,8.804734706878662,0.06587565153823845
2,30,dfl,central,-0.00011458743194287473,0.019849354919808156,0.5006524703719399,0.018362346359274605,0.00013724209421701,0.04706287259151312,0.3345103778622367,0.5617658224972811,0.052864166823300446,0.563405142589049,143.4097109707919,7.302305680106986,5.5950473905964335,0.05066442330037195,-0.008771686814725399,0.02995440922677517,0.4978093554576238,0.017885825596749783,0.00032968966873643996,0.07802046959598859,0.34392444292704266,0.5005223651727041,0.10293308893839519,0.5600019494692484,130.80093892415366,9.463877360026041,9.46387767791748,0.07200085349779071
2,31,dfl,central,-0.004743448881940408,0.023926276882941074,0.4924266514453021,0.018430007579313082,7.528204459849131e-05,0.05616342009637843,0.34540992975234985,0.5782241821289062,0.06010305610570041,0.5654418576847423,143.92482688210228,8.047292670743031,6.759361586787484,0.056225048502874436,-0.009238719008862972,0.029306464207669098,0.4959394137064616,0.017723869532346725,0.0002343875783784218,0.07261716295033693,0.3614143778880437,0.5238111913204193,0.08575129508972168,0.5775107741355896,134.90605672200522,8.519017457962036,8.519017457962036,0.0657588060853578
2,32,dfl,central,-0.004116277337412943,0.023453910115428946,0.49738930707628076,0.01820933869616552,0.00011282942322633393,0.05356661425056783,0.34994494779543445,0.5804482833905653,0.05074122954498638,0.5761120319366455,146.65810428966176,8.657724272121083,6.496175570921465,0.05927273345575596,0.003731622981528441,0.016682279606660206,0.4838133404652278,0.01769360527396202,0.0002720297421774376,0.04236532390738527,0.34841251869996387,0.5201459179321924,0.08519227306048076,0.5653218825658163,132.03479385375977,4.82312152783076,4.8231214483579,0.03880672387166695
2,33,dfl,central,-0.0005394887941127473,0.01993463529189202,0.5003012351014398,0.018067994620651007,0.0001327151908460616,0.04645873358557848,0.33447673645886505,0.5682718076489188,0.047172332351857964,0.5663173334165053,144.16600834239614,7.273957052014091,5.572286399928006,0.050611691981120435,-0.011261355131864548,0.03200344586124023,0.5110454559326172,0.017689029375712078,0.0003053060736419866,0.08227685652673244,0.3400263736645381,0.5129887461662292,0.08207663893699646,0.5680763125419617,132.64828618367514,10.499381184577942,10.49938154220581,0.0761937709731747
2,34,dfl,central,-0.0029188201932067222,0.02265958109108562,0.492962890050628,0.018205029720609837,0.00015357311748816343,0.051941930866715585,0.34632047604430805,0.5865801789543845,0.05332494730299169,0.569092187014493,144.8493687022816,7.911136050115932,6.385125344449824,0.054458209300137894,0.007195334726323684,0.01412777453272914,0.4698059360186259,0.018001129540304344,0.0003321979844865079,0.03380702055680255,0.3690783679485321,0.5436278283596039,0.09041396776835124,0.5742993255456289,134.10113271077475,4.546549744904041,4.546549787123998,0.03106362702113358
2,35,dfl,central,0.001350301614200527,0.018533314705233683,0.4692841985008933,0.01836997346783226,0.0001513642840119577,0.041428343689238485,0.36254374005577783,0.5971165245229547,0.07069678062742407,0.5646684305234388,143.72695645419034,6.1380759017034014,4.867733324115926,0.04301813498647699,-0.014865176752209663,0.03637371336420377,0.48213843007882434,0.01787081112464269,0.00036377258356878883,0.08786012977361679,0.36864661673704785,0.5402803917725881,0.09405001997947693,0.5642679433027903,131.7661895751953,10.396795670191446,10.396795988082886,0.0805532498512824
2,36,dfl,central,-0.00360066680745645,0.023419214798857203,0.4662774015556682,0.018370136830278418,0.00014484109497300582,0.053103023494424466,0.36341792615977203,0.5891295265067708,0.06050052019682797,0.5580950460650704,142.08257363059303,7.344512920488011,6.326649018309333,0.05176764753175381,-0.0034916576308508715,0.023700308830787737,0.4512012501557668,0.018038031024237473,0.00021706200216916235,0.05781370773911476,0.36878834664821625,0.5465475718180338,0.10671122868855794,0.5465195377667745,127.62381490071614,6.488317648569743,6.488317569096883,0.05333431411364961
2,37,dfl,central,-0.004264965949749405,0.024102796980349176,0.46653607894073834,0.01827780009162697,0.00015600308729930973,0.054308354537087405,0.3643110557035966,0.5905158628116954,0.07331790571863,0.5560951395468279,141.51197468150747,8.475925748998469,6.406100271777674,0.059945097083402926,0.0070591517724096775,0.012747331017938754,0.4797351509332657,0.017958791305621464,0.00018476913555787178,0.030781346916531522,0.36814447740713757,0.5340307950973511,0.09982651472091675,0.5835435191790262,136.29620615641275,3.357607215642929,3.3576071361700692,0.028166665241747695
2,38,dfl,central,-0.003283026416532018,0.022747848881408572,0.48252417824485083,0.01851378609849648,9.510364571451258e-05,0.050795216324993155,0.3666644177653573,0.5979258824478496,0.06940662454475056,0.5767145969650962,146.8231853138317,6.947180520404469,6.361281736330553,0.047362881511055714,-0.003907353772471349,0.02423570832858483,0.45829343299070996,0.01805553926775853,0.0002272815690957941,0.05554519655803839,0.38599126040935516,0.5606075326601664,0.10200329124927521,0.5701752404371897,133.20185216267905,6.794509053230286,6.794509132703145,0.05101320357416304
2,39,dfl,central,-0.004003862300041047,0.02438191521849314,0.44705676355145196,0.018595693124966187,0.00017823599842937585,0.053164804174395446,0.3817713111639023,0.6247129575772719,0.08160344579003075,0.5568717338822105,141.79894187233666,7.288686742159453,6.337916435165838,0.05176603763838446,0.0004815127079685529,0.020642799325287342,0.4168122361103694,0.018268852184216183,0.0002855459594381197,0.04765871384491523,0.3826289176940918,0.5732173124949137,0.10733955601851146,0.5315264463424683,124.16484514872234,5.814251204331716,5.814251204331716,0.044850809244205835
2,40,dfl,central,-0.004236809655346654,0.023891732551750134,0.4181974354115399,0.01891572256995873,7.392001679384919e-05,0.052007266277955336,0.38466983898119494,0.63427795605226,0.07564478570764716,0.5319696691903201,135.3916542746804,6.965530083938078,6.024282983758233,0.05125364099396101,-0.005559247607986133,0.025528566756596167,0.4288829267024994,0.018412389792501926,0.00015569294009765144,0.056714896112680435,0.40418901046117145,0.5927230715751648,0.12105378011862437,0.5581022202968597,130.36301803588867,6.368809421857198,6.368809342384338,0.05287128645626766
2,41,dfl,central,-0.006253792057660493,0.026813272937116297,0.44139835102991626,0.018992477096617222,0.00015670039019126264,0.05626344130459157,0.40256274017420685,0.6351565772836859,0.0830255773934451,0.5691658339717172,144.8717838634144,8.308408894322135,6.897344765338031,0.05747193713025092,-0.005163111723959446,0.025239421132331092,0.43391362329324085,0.018469116650521755,0.0001607192910645002,0.05511827702866867,0.41485073665777844,0.6046841343243917,0.11880435049533844,0.5737407306830088,133.97434997558594,6.282582479218642,6.282582797110081,0.050890145336847714
2,42,dfl,central,-0.008638198572126303,0.029213702390817078,0.4504004581408067,0.018891419368711384,0.0001684084731075266,0.061041708273643795,0.40785054049708624,0.636697687885978,0.08772557025605981,0.5815251009030775,148.00683385675603,8.946328152309764,7.622937007383867,0.06041505325118913,0.004683970628927152,0.015907006338238716,0.43949900567531586,0.018633822600046795,0.00019571542422151347,0.03400959415982167,0.42003364364306134,0.607893317937851,0.12054554621378581,0.5940360128879547,138.70031865437826,4.550795018672943,4.550794959068298,0.03159888552894624
2,43,dfl,central,-0.008281082676892931,0.028931610582565718,0.4440522410652854,0.01945477317680012,0.00011957548013425361,0.05878999964757399,0.42397100952538574,0.6488232883540067,0.11477702314203436,0.5902288312261755,150.24815091219816,8.680027040568264,7.585863747379997,0.05786091665572743,-0.006290658377110958,0.026751956281562645,0.4256001611550649,0.0192312669629852,0.00012300311967313368,0.056350971261660256,0.4383016924063365,0.625509132941564,0.15358018378416696,0.5864045818646749,136.90216318766275,6.7793411413828535,6.779341379801433,0.052780382529429036
2,44,dfl,central,-0.0072850965132767505,0.02811335382813757,0.42709368196400727,0.01977655596353791,0.00010517014096739723,0.05664665561000055,0.43738479099490424,0.6557358476248655,0.12601135671138763,0.5875209922140295,149.55631949684837,8.500110322778875,7.345315711064772,0.0566899239590082,-0.007314435672014952,0.028310382117827732,0.41192274789015454,0.019625432789325714,0.00013705133303195302,0.057689475206037365,0.45162097613016766,0.6356318493684133,0.17185717821121216,0.5838978389898936,136.3240203857422,7.955210745334625,7.955210626125336,0.05471005165345592
2,45,dfl,central,-0.00010216917673295194,0.021153416167098014,0.38951062343337317,0.020057503134012222,9.937438683623027e-05,0.04213195082477548,0.44640879468484357,0.6643261882391843,0.14004367048090155,0.5649749907580289,143.80269345370206,6.22531003437259,5.114066279747269,0.04335533889646215,-0.0032958549757798514,0.02477327361702919,0.38290752470493317,0.01976252906024456,0.00017148901444367462,0.05036244634538889,0.45425481100877124,0.6427196462949117,0.18037237226963043,0.5614303350448608,131.07951482137045,6.734123071034749,6.734123130639394,0.04807807497067068
2,46,dfl,central,-0.008939805821600285,0.030227648570540954,0.4113676669922742,0.02019841367886825,0.00010894291046978114,0.05899147206748074,0.4542328417301178,0.6702348779548298,0.13391883806748825,0.5857914550737902,149.09297596324575,8.804315762086349,7.656210880387913,0.0588024013447104,-8.095474913716316e-05,0.021738575082660343,0.4075752894083659,0.01980124382923047,0.0001856376972379318,0.04329767330394437,0.46742511292298633,0.6425492266813914,0.171043132742246,0.6034099260965983,140.89171727498373,5.825585251053174,5.825585295756658,0.04061774349422705
2,47,dfl,central,-0.0006452834402973002,0.022584655639630826,0.40225276350975037,0.02039538501677188,0.0001543987117963946,0.043790447589179333,0.4591369059952823,0.6698821187019348,0.1439264565706253,0.5901152843778784,150.22997561368075,6.690674966031855,5.710698824037205,0.044500876326581035,0.007037758671989043,0.014287887529159585,0.3751300772031148,0.020183466995755833,0.000114217916840668,0.028871238542099793,0.46415433784325916,0.6436465581258138,0.20520982642968497,0.5725246369838715,133.668701171875,3.726689338684082,3.726689259211222,0.027794999722095506
2,48,dfl,central,-0.0016235641881146214,0.02342552235561677,0.37923039902340283,0.02064987204291604,0.00011520863216286547,0.04544895584695041,0.4555422325025905,0.6860990253361788,0.15634799680926584,0.5592627633701671,142.37130737304688,6.643936235796321,5.760359173471278,0.046746870208193236,-0.0041256677359342575,0.02522983495146036,0.3746695319811503,0.020485475038488705,6.186922186302013e-05,0.05057651146004597,0.4597063312927882,0.6495822171370188,0.19800597429275513,0.5558745165665945,129.76171875,6.526015241940816,6.526015082995097,0.04955249834396196
2,49,dfl,central,-0.0068543378517709,0.02840142529881136,0.3990158438682556,0.02034786936234344,0.00011992179544797274,0.055779209445146,0.45142635025761346,0.6703919036821886,0.15157927843657407,0.5714955627918243,145.43949473987925,8.098527491092682,7.198429757898504,0.05577942825901983,-0.00046652105326453847,0.021299987953777116,0.39611656963825226,0.01977515034377575,0.00010583171191077174,0.0429523636897405,0.4638553311427434,0.6388988594214121,0.1991368979215622,0.587609181801478,137.1968739827474,5.694496234258016,5.69449629386266,0.040765928328879875
2,50,dfl,central,-0.005927708677270196,0.026865012721497227,0.40319377183914185,0.019978175955739887,9.591281150750868e-05,0.053292618873952466,0.4524749354882674,0.6563796265558763,0.14093809913505206,0.580433959310705,147.7415077903054,7.6609960198402405,6.7893085859038615,0.05198285366579736,-0.00592559731254975,0.026713764217371743,0.39055795470873517,0.019708607035378616,0.00010795596303599571,0.05461280420422554,0.45754572252432507,0.6375085413455963,0.1956381400426229,0.5704276462395986,133.18769327799478,6.8315724929173784,6.831572413444519,0.05212139854503998
2,51,dfl,central,-0.005971939472312277,0.026648994725705547,0.3917540189894763,0.020143266809596258,5.337885362554186e-05,0.052537526173347775,0.45396083864298736,0.6725911687720906,0.14393249560486188,0.568852654912255,144.80100042169744,7.083965843374079,6.628228396177292,0.049005544536460555,-0.010834768104056517,0.031433755376686655,0.39091653128465015,0.019694774101177853,9.042131341866859e-05,0.06351763817171256,0.45892437795797986,0.6471642653147379,0.19222382207711539,0.5679846008618673,132.6154925028483,8.45790441830953,8.45790441830953,0.0605726177101359
2,52,dfl,central,-0.008424920453266664,0.02899518892676993,0.38805991546674207,0.019981561821292747,5.887067010751873e-05,0.0570299945009703,0.45040829344229266,0.6813557581468062,0.14038998024030167,0.5607521100477739,142.74667601151899,8.654288877140392,7.0976463176987385,0.0607244746243337,-0.003292708657681942,0.024319571365291875,0.3778717617193858,0.01963139759997527,0.00013954652312501517,0.04976428936546048,0.4541176309188207,0.6360584398110708,0.18069842954476675,0.5579700072606405,130.27162170410156,5.665049056212108,5.665049374103546,0.04750744232252966
2,53,dfl,central,0.0017910890958525918,0.019366336668926207,0.3681970956650647,0.020148511044681072,0.00010089146346362296,0.038711472202769735,0.44373575394803827,0.6654859456149015,0.1323524456132542,0.5440764210440896,138.5287409695712,5.127518114718524,4.713199157606471,0.03693344510946192,0.0017979790767033894,0.019179290703808267,0.3551856130361557,0.020098763207594555,8.785067742185977e-05,0.04007664928212762,0.44541822870572406,0.6318624913692474,0.17604988813400269,0.5315663615862528,124.09303029378255,4.612037340799968,4.612037320931752,0.0390156978597592
2,54,dfl,central,-0.004578749733892354,0.025813730835745282,0.36215486987070605,0.020388101947239855,8.468792809456328e-05,0.051757124448406765,0.4454607895829461,0.6726955392143943,0.1352832019329071,0.5330057794397528,135.65712183172053,6.9800873920321465,6.1697195998647,0.051287609504400075,-0.007756124250590801,0.029001686566819746,0.35852248469988507,0.020161782080928486,0.00010837800484371958,0.057921502428750195,0.46336383124192554,0.6528776983420054,0.18532524506251016,0.5431876281897227,126.8182856241862,6.818833967049916,6.818833847840627,0.05615195733638891
2,55,dfl,central,-0.0026920292187820783,0.023581023206299342,0.3637394485148517,0.020308197137307037,5.8079669364552444e-05,0.0451598572015593,0.4647157436067408,0.688733845949173,0.133001446723938,0.5575605739246715,141.91815567016602,6.191038014536554,5.620220120657574,0.04377095949218448,0.0008239865613480409,0.020798788910421234,0.360750749707222,0.020016212326784927,0.00016065629187759592,0.040658896788954735,0.4783029804627101,0.6639390985171,0.18939119080702463,0.5683295925458273,132.68874486287436,5.041532665491104,5.041532675425212,0.03873522503370738
3,1,dfl,central,0.022271422923288563,0.004130769761766053,0.34469900822097604,0.025636101226237686,7.66091279824834e-05,0.023579505642622033,0.04594487671486356,0.2654343755407767,-0.1621082601222125,0.22724904627962547,57.69212089885365,2.829466561024839,1.1854676362127066,0.052389480660693405,0.018454525774965685,0.004584232296717043,0.48080189029375714,0.021070795754591625,0.0001967962437750733,0.04799462420245012,0.06809474652012189,0.17208990454673767,-0.014764145016670227,0.33458540340264636,77.92477353413899,3.4524585704008737,3.4050317903359733,0.047823607571136934
3,2,dfl,central,0.013942052144557238,0.005906312256808054,0.5735023482279344,0.01817658010192893,0.00016717843054905111,0.026524474897252567,0.07101557759398763,0.343295694752173,-0.1972701664675366,0.4090866893529892,104.02064722234553,4.88121610371904,2.2711972811005334,0.04689796715114265,0.01571499075119694,0.0035120242197687426,0.6508439679940542,0.017180197561780613,0.00020468177496013595,0.034695852703104414,0.07753754034638405,0.18421152234077454,0.002585500478744507,0.4782683451970418,111.43328603108723,3.720952093601227,3.7209521333376565,0.03182909857151481
3,3,dfl,central,0.009760470891540701,0.008874991088470613,0.6666183823888953,0.016916198782961477,0.00017192632282620417,0.03862269648181444,0.08977151255715977,0.3672496988014741,-0.18036677214232358,0.5000054768540643,127.2624248157848,6.464384154839949,4.12134732847864,0.05068418567659925,0.010839374425510565,0.008444592240266502,0.6695514420668284,0.01685949818541606,0.00024244683648551776,0.06206461973488331,0.10346655920147896,0.22991148134072623,0.024426758289337158,0.5137320558230082,119.73011843363444,6.755418956279755,6.534093737602234,0.05810685757123471
3,4,dfl,central,0.011199629653922537,0.008035117453387515,0.651859846982089,0.016781499186022716,0.00024532479081332525,0.031450978395613755,0.11257129907608032,0.38370568643916736,-0.13863314146345312,0.5081974105401472,129.35309878262606,5.9216330593282525,3.2994861507957634,0.045669486446900005,0.013550301237652699,0.006293825494746367,0.6446514228979746,0.017014481127262115,0.0002829645909514511,0.03903308588390549,0.12817206233739853,0.25543491045633954,0.039317786693573,0.5152463018894196,120.07630666097005,4.344786862532298,4.344786961873372,0.034712190442961956
3,5,dfl,central,0.00975060843947259,0.008897979153764689,0.6414862627332861,0.016717826397242872,0.0001930761238387969,0.03341156244277954,0.13054210591045293,0.38947206329215656,-0.140428748997775,0.5128706476905129,130.54736709594727,5.398394377394156,3.56646990776062,0.041127790930259665,0.007034799084067345,0.012918269106497368,0.6501815915107727,0.016839961831768353,0.0003113106376986252,0.07406886915365855,0.13683266192674637,0.278630072871844,0.03818603356679281,0.5225892066955566,121.74039713541667,8.277945121129354,8.000718355178833,0.06864823435403768
3,6,dfl,central,0.009146712551062757,0.008134019465863028,0.6422200392593037,0.016407280694693327,8.734514548533215e-05,0.02947858695618131,0.1396569785746661,0.41247188774022187,-0.13864004882899197,0.5272720510309393,134.1942464655096,4.750980098139156,3.1863021850585938,0.035273047479581016,0.006641618286569913,0.012718930646466712,0.65129487713178,0.016017452037582796,0.0003343096605021856,0.06689258509625991,0.14720637599627176,0.29531223078568775,0.02702675263086955,0.536986380815506,125.07461166381836,7.989584823449452,7.845049599806468,0.05914379286511507
3,7,dfl,central,0.006052397572520104,0.011960166175743903,0.64039531621066,0.01595665497536009,0.00020559087635195863,0.04188399395736104,0.15354841134764932,0.4331673803654584,-0.10069269890134985,0.5345584641803395,136.067739313299,6.8516627387567,4.5096218315037815,0.050220991680436484,0.009129238314926624,0.010395375507262846,0.6159456968307495,0.015985642559826374,0.000353897119642473,0.04879059906428059,0.16698471208413443,0.33219338456789654,0.030759135882059734,0.5263570845127106,122.58174006144206,4.747770706812541,4.650677382946014,0.043063028190086894
3,8,dfl,central,0.005202381871640682,0.012744221185461025,0.5908463922413912,0.01595264000140808,0.00019939629662182122,0.040435504337603394,0.17960971864787015,0.46938184987414966,-0.10242188925092871,0.5151036043058742,131.11174739490855,6.827672790397298,4.173398903147741,0.05200364048719866,0.002147388644516468,0.016937697073444724,0.6041289468606313,0.01615525921806693,0.00029298263568004285,0.0695195331548651,0.1917403315504392,0.3711538016796112,0.03325832883516947,0.5327686568101248,124.09196472167969,7.702098727226257,7.271313905715942,0.0631967212459693
3,9,dfl,central,0.004616319201886654,0.014685960333074698,0.6007476530291818,0.016233757773244924,0.00030685217428650833,0.04323806749148802,0.20002252066677267,0.49992016093297437,-0.06865099614316766,0.5402070744471117,137.4918722672896,6.441605595025149,4.704200853000987,0.046811518518908565,0.0060504889115691185,0.012312100443523377,0.6078040401140848,0.016160858795046806,0.00022017304218024947,0.045609762465270855,0.20547838509082794,0.39475324253241223,0.031414190928141274,0.5538216431935629,128.98722330729166,5.271216958761215,5.046378801266353,0.03977941695772232
3,10,dfl,central,0.004643218888139183,0.013780556269921362,0.6096986180002039,0.016350158320909195,0.00020736169227349293,0.04177744582888077,0.2013724439523437,0.48584661294113507,-0.06333919817751105,0.5522980121049014,140.57390455766156,7.177534431219101,4.66035445169969,0.051298078644113405,0.0011818396548430126,0.0170870340274026,0.5995565255482992,0.01660164709513386,0.00016672265231439573,0.06270809130122264,0.21383809546629587,0.40664902329444885,0.04536595940589905,0.5469670593738556,127.42562739054362,6.870711912711461,6.575617015361786,0.05712909949967269
3,11,dfl,central,0.0065092912197790365,0.011813828531144694,0.5730834603309631,0.016966583757576616,0.00013565358393676584,0.03240244689566845,0.2239704348824241,0.5235942507332022,-0.05365322394804521,0.5378187082030557,136.8884138627486,5.226321190595627,3.699535982852632,0.03811185103167602,0.0052097314813484745,0.013097223360091448,0.5765560368696848,0.01681385065118472,0.0001493104352524218,0.04452584435542425,0.23041782031456629,0.4266689320405324,0.055034339427948,0.544550488392512,126.84834798177083,4.767635504404704,4.765700936317444,0.03934025124874102
3,12,dfl,central,0.0006298825398764827,0.01742133080154996,0.5812865658239885,0.016921865499832413,0.00011293477717283002,0.04845673794096166,0.23074297471479935,0.5190565680915659,-0.04261566698551178,0.5474703907966614,139.35453935102984,7.592631762677973,5.633552432060242,0.054443596603249156,0.009978209001322588,0.009675831301137805,0.5710528393586477,0.01692983352889617,0.00027242068351066945,0.03139565648355832,0.23953691869974136,0.44540178775787354,0.05835231145222982,0.5511719584465027,128.43147913614908,3.40071439743042,3.4007143626610437,0.028304124129952996
3,13,dfl,central,0.0016942681236700578,0.016334032713943583,0.5638621693307703,0.01691868520257148,0.00011096156429795718,0.044216020752421835,0.24311621216210452,0.5343302921815352,-0.013306850736791437,0.5436848808418621,138.38620029796255,6.574320243163542,5.169250775467265,0.047653581346334566,0.0034514154928425946,0.01442506797805739,0.5526274045308431,0.01661624542127053,0.00012602380593307316,0.04435477025496463,0.2529479091366132,0.46374382078647614,0.05114967624346415,0.5440433422724406,126.74756113688152,4.8924562608202296,4.887866266071796,0.04011503894543949
3,14,dfl,central,0.0013431465591896665,0.01798106539486484,0.5555544658140703,0.016959692182188683,0.00023645195873004096,0.04723873048682104,0.25142264840277756,0.5407648601315238,-0.025866168466481296,0.5429647104306654,138.18939104947177,7.39558070898056,5.4636106870391155,0.05371905892730319,0.0015913220898558695,0.0164216049015522,0.5617588857809702,0.01683635652686159,0.00011765705782333195,0.05044039121518532,0.25414513051509857,0.463209996620814,0.05781182646751404,0.5512840151786804,128.45077006022134,5.526840577522914,5.492278824249904,0.046274298750692056
3,15,dfl,central,-0.0007150998677719723,0.019311983180655676,0.5694836351004514,0.016913597980006176,0.00016832852869893858,0.05191696706143292,0.2534152262590148,0.5371167659759521,-0.006520917469804937,0.5562574186108329,141.5616649280895,8.330126290971583,6.217032139951533,0.05882843111438518,0.00015066036333640417,0.01785945676965639,0.5837901135285696,0.0164285097271204,0.00015816073209862225,0.05533225151399771,0.254073791205883,0.4539336959520976,0.04140834013621012,0.5735016564528147,133.6275889078776,7.29693037768205,7.228723232944806,0.050151317139858355
3,16,dfl,central,-0.002815197602930394,0.021480711303989996,0.5749731009656732,0.01665379610759291,0.0002011717683956249,0.05802623474631797,0.2611371800303459,0.5315884974869814,-0.0048913738944313745,0.570180819793181,145.13647495616567,8.748074629090048,6.992572968656367,0.060161785063576806,-0.0012530313494304817,0.0193254608893767,0.5546152293682098,0.01658226332316796,0.00014901659433045703,0.05746465164702386,0.27705058952172595,0.4804969330628713,0.04508287707964579,0.5668212672074636,132.0603396097819,6.250964333613713,6.211465954780579,0.05080504943964467
3,17,dfl,central,0.004653772254559127,0.014458902286026965,0.5543554127216339,0.01694961472160437,0.00021630597990193482,0.03732605181126432,0.27762050655755127,0.5384213680570776,0.007863044738769531,0.5735585472800515,145.9907524802468,6.278608481315049,4.416572810574011,0.04340832066050588,-0.004949621390551329,0.023443447270741064,0.5527673363685608,0.017081129364669323,0.00014126969138790932,0.0662547443062067,0.287916565934817,0.4851009001334508,0.06482295195261638,0.5691714783509573,132.6497014363607,8.422896901766459,8.355602860450745,0.060649243259368324
3,18,dfl,central,-0.0003064516508443789,0.018851190170442515,0.5397260134870355,0.017560505392876537,9.842329470640979e-05,0.047561496157537804,0.2905029627409848,0.5613568357445977,0.015888705849647522,0.5643439997326244,143.66651500355113,7.832538826899095,5.77705999396064,0.0547511461165428,-0.0011950494566311438,0.019382879758874576,0.5350598394870758,0.01760245052476724,5.853797542698658e-05,0.0556335768972834,0.2931375453869502,0.4841529130935669,0.09430550535519917,0.5579947431882223,130.03921254475912,6.415988127390544,6.415988167126973,0.05107402790239054
3,19,dfl,central,0.006972942882302133,0.012163618378425863,0.5316841737790541,0.017768834886903114,0.00013677265887550178,0.03204382850195874,0.28790599649602716,0.5346616669134661,0.018237513574686916,0.55733722448349,141.8639134493741,4.871813490986824,3.86229884353551,0.0343467491101071,0.0003631003201007843,0.018046844905863207,0.5434050063292185,0.01738753200819095,0.00010224132532776764,0.05449961187938849,0.2809736728668213,0.45750077565511066,0.07841999332110088,0.5563266177972158,129.62231318155924,6.380615313847859,6.380615472793579,0.05015791661727088
3,20,dfl,central,-0.002706635574048216,0.021464461664436385,0.549840206449682,0.01746988787569783,0.00012879381082665407,0.05837421360510317,0.2766082368113778,0.5145988315343857,0.01791140166195956,0.5565585710785605,141.6736103404652,8.491711959920146,7.181489571928978,0.060067450856296827,0.0006144181825220585,0.017750981574257214,0.5258403519789377,0.01744432219614585,9.210775988321984e-05,0.05281699262559414,0.29138854642709094,0.47053301334381104,0.08204729358355205,0.5507408877213796,128.31236521402994,5.818946421146393,5.812592566013336,0.048637325046312414
3,21,dfl,central,-0.004512927664274519,0.02437142983597534,0.5013247999277982,0.01809536741877144,0.0001763134545753205,0.06133598152717406,0.3109612668102438,0.5616379136388953,0.034748229113492096,0.5415902598337694,137.86767716841265,8.422720688987862,7.370143070816994,0.06059017246406104,-0.005166285981734593,0.024003233450154465,0.47423456609249115,0.018294988355288904,5.419594056850959e-05,0.061321050549546875,0.3388593792915344,0.5445148348808289,0.12424991031487782,0.5410278538862864,126.0581563313802,6.832496126492818,6.832496205965678,0.057754196375706675
3,22,dfl,central,0.00324956513941288,0.016777517930181188,0.4648655666546388,0.01845676468854601,0.00015703183003693252,0.037984693041917955,0.344970551404086,0.6020682020620867,0.06452347338199615,0.5469967235218395,139.20428085327148,6.1997315883636475,4.520467557690361,0.044693480007855675,-0.002068563519666592,0.021022452390752733,0.48720909158388775,0.01804082499196132,9.130641630861192e-05,0.05240261143383881,0.34914464255174,0.5421135028203329,0.10690952340761821,0.567560613155365,132.26337814331055,7.017053892215093,7.017054130633672,0.04867410766206943
3,23,dfl,central,-0.0017415417188947852,0.020749617188068278,0.4944332770325921,0.0181470001116395,8.610755329191926e-05,0.04885509509635581,0.3435602377761494,0.5867214798927307,0.059507406570694664,0.5698757550933145,145.05374214865944,7.158098738301884,5.949393378062681,0.049469869399257564,-0.0066286240083475905,0.02546296113481124,0.510352835059166,0.017799314266691606,0.00010350231665749259,0.06458451505750418,0.3410835514465968,0.5321033596992493,0.09033394853274028,0.5786705414454142,134.84767405192056,7.8566826184590655,7.849463224411011,0.058888260513115166
3,24,dfl,central,-3.6362219940532334e-05,0.0201680580238727,0.49104948206381366,0.018167668318545275,0.0001964027620176203,0.047494657676328315,0.33882350948723877,0.5968500429933722,0.051054714755578476,0.5625501573085785,143.21816808527166,6.704578101634979,5.861903645775535,0.04630178403978303,-0.002530552912503481,0.02137867275935908,0.4645363787810008,0.018243236932903528,6.04883462832125e-05,0.05362526079018911,0.3467068076133728,0.5512089629968008,0.12032849093278249,0.5420537889003754,126.26198323567708,6.045146067937215,6.045146147410075,0.05054268929143318
3,25,dfl,central,0.0024200017902661452,0.016716342059556733,0.4501649764451114,0.018296541984785687,8.398016875413558e-05,0.03900014376267791,0.34137394346974115,0.5925368070602417,0.05640173364769329,0.5286332233385607,134.5724438753995,5.288990944623947,4.50964395430955,0.039634040424013244,0.0011616004630923271,0.017536893642197054,0.4502817591031392,0.018152648272613685,5.4584598466670777e-05,0.044406874726215996,0.34048538903395337,0.5469756623109182,0.11061896880467732,0.5272990465164185,122.80612691243489,5.468478639920552,5.468478500843048,0.04241734258944324
3,26,dfl,central,5.6698325682770125e-05,0.01967186404032294,0.45809523083946924,0.018096900291063568,0.00016316620640695461,0.04626993788406253,0.3382794586094943,0.6089737659150903,0.05724853141741319,0.5332562083547766,135.72554536299273,6.627395880493251,5.459024419838732,0.04879163116494897,7.312977686524391e-05,0.01854614414817964,0.46361422042051953,0.017939557942251366,6.797155174353975e-05,0.045617128256708384,0.34690286219120026,0.5724028646945953,0.1056259423494339,0.5462044775485992,127.19766743977864,5.154413064320882,5.154413104057312,0.043223257419504786
3,27,dfl,central,-0.004532830451022495,0.023534632922912187,0.4634362364357168,0.018076063895767384,9.257385068069239e-05,0.05329713796858083,0.3528308489105918,0.6285730437798933,0.06004816293716431,0.5483097488229925,139.57191606001422,7.4006166078827595,6.41361158544367,0.052689930222700604,-0.005394775575647752,0.02396316733211279,0.46196934084097546,0.017922264523804188,6.461273532446891e-05,0.05648727218310038,0.36291300257047016,0.5917683442433676,0.10412636399269104,0.5560107330481211,129.48520024617514,7.06871771812439,7.0687174797058105,0.05317897828985143
3,28,dfl,central,-0.001523339951580221,0.02196092134214599,0.4595563194968484,0.018261953934349796,0.00021756275096281158,0.048514005431736056,0.3642114224759015,0.6357230896299536,0.06573504615913738,0.5577139502221887,141.9356689453125,7.174866492098028,5.885313581336629,0.0506824731463378,-0.010331290774047375,0.029119285754859447,0.4757880965868632,0.01807330610851447,7.146898072581583e-05,0.06978030068178971,0.36715616285800934,0.5708508292833964,0.11218411723772685,0.5668445328871409,132.03191375732422,8.277097860972086,8.277097860972086,0.0652728946419286
3,29,dfl,central,-0.003377924376929348,0.02316737517883832,0.4694100008769469,0.018383883955803784,0.00014055668101065066,0.052300228059969166,0.369953301819888,0.616665160114115,0.07514583793553439,0.5712448900396173,145.41713922674006,7.819005679000508,6.480248990384015,0.053577610124744,-0.0022747855012615523,0.021252679638564587,0.4703321059544881,0.01825111809497078,7.267762109582539e-05,0.0505839716643095,0.3742649455865224,0.5723825593789419,0.11488690475622813,0.575895627339681,134.13185373942056,6.108349879582723,6.108349700768788,0.04713591071671951
3,30,dfl,central,-0.00680194418369369,0.027275531108237126,0.45897493037310516,0.0185011952099475,0.00019723917369612371,0.06176138582470065,0.37056069346991455,0.6111529144373807,0.07138147950172424,0.556031958623366,141.5642880526456,8.293304492126811,7.638494545763189,0.05807704354150158,-0.0063568529052038985,0.025536009420951206,0.4324014037847519,0.018600554826358955,5.7860140259435866e-05,0.06035895956059297,0.374177818497022,0.586447944243749,0.12708806494871774,0.535367339849472,124.64669036865234,7.017850637435913,7.0178507169087725,0.05781234096970139
3,31,dfl,central,-0.001329141626642509,0.021562054372307928,0.4131971164183183,0.018895939839157192,0.00013369728341413892,0.04775421966967935,0.37866338952021167,0.6339725824919614,0.08241855285384438,0.5268816460262645,134.11061234907672,6.268658464605158,5.625524317676371,0.04655314277418132,0.0026242894430955253,0.01663984067272395,0.4069189925988515,0.018820380481580894,4.4374977642203106e-05,0.038447430124506354,0.38376105825106305,0.5979134937127432,0.12307178974151611,0.5291159749031067,123.17506281534831,4.947749515374501,4.947749515374501,0.03710106107693076
3,32,dfl,central,-0.0014470566318116405,0.022265759455463427,0.4034573178399693,0.019013997760008682,0.0001804704999647749,0.04883945395704359,0.3861368799751455,0.6468327370556918,0.08317768709226088,0.5237975987521085,133.32818950306284,6.735680825330994,5.580026052214882,0.05049088719488006,0.0012697225126127403,0.01826953321384887,0.3961137384176254,0.01911901558438937,4.202401957324279e-05,0.04136828286573291,0.39267660677433014,0.6081869999567667,0.12055086592833202,0.5253411034742991,122.27242914835612,5.252493848403295,5.252493858337402,0.04037912719034865
3,33,dfl,central,-0.003855587025596337,0.023485227159901777,0.41063952987844293,0.019074326804415745,5.5531321606849815e-05,0.050461161585355345,0.39610591395334765,0.6530003439296376,0.09006953645836223,0.5383930964903398,137.03849237615412,7.26616750115698,6.0540195744146,0.05284960505812944,-0.002833148775001367,0.022150239363933604,0.41542043288548786,0.018854375307758648,4.627155504029664e-05,0.049080335845549904,0.4041190594434738,0.6093113819758097,0.13478602965672812,0.5517305731773376,128.40478388468424,5.663632611433665,5.663632750511169,0.04654769918524754
3,34,dfl,central,0.000352720899338072,0.019803670060355216,0.4188029102303765,0.01888297845355489,0.00012734123485575404,0.042551070017824794,0.40256971527229657,0.6508706997741353,0.08981284363703294,0.5583450631661848,142.12298653342506,5.692539746111089,5.146935720335353,0.040070861188902754,-0.014862653488914171,0.03412077948451042,0.43258585035800934,0.018548533630867798,7.095923031859759e-05,0.07615166405836742,0.4047827521959941,0.6102850337823232,0.12728746235370636,0.5586769084135691,130.0059585571289,9.997799744208654,9.997799595197042,0.07160414899093798
3,35,dfl,central,-0.004670293451371518,0.025282294394194403,0.4066638932986693,0.019035743295469067,0.00015762576477295167,0.05430565859106454,0.39986922524192114,0.6530918126756494,0.09155993569980968,0.5381378097967668,136.98542161421344,7.633092062039808,6.418287420814687,0.05577791091445438,0.0052003686626752215,0.014445828196282188,0.3830360621213913,0.01925693607578675,3.8926089578931546e-05,0.03242429827029506,0.396741658449173,0.6143804887930552,0.12860314548015594,0.5205376446247101,121.08674748738606,3.796487351258596,3.7964874505996704,0.031837381529390946
3,36,dfl,central,-0.0009809586812149394,0.021645911932203242,0.3942581117153168,0.019395353949882767,0.00012695991229450985,0.047239331041716716,0.3886103196577592,0.64215364781293,0.08137646588412198,0.5166654844175685,131.49887813221324,6.523015747016126,5.47432941198349,0.049699747752855745,-0.002030598775794109,0.02172023890307173,0.40055036544799805,0.019254548475146294,4.350916136293866e-05,0.0505264945483456,0.38593092064062756,0.589468797047933,0.13149438301722208,0.5185046593348185,120.60275268554688,6.303161807358265,6.303162127733231,0.04997098284357248
3,37,dfl,central,-0.0057883774438364935,0.025716598322932525,0.4101219272071665,0.019255842166868122,6.723787577265419e-05,0.05725104998881844,0.3843109648336064,0.6299218372865156,0.08656631274656816,0.5220987783236937,132.89078487049449,7.677358525043184,6.839188985526562,0.05787334300867366,-0.002393166534602642,0.021923240545826655,0.4106028626362483,0.01913113457461198,3.98939600927406e-05,0.05023821435558299,0.3960263629754384,0.5943861603736877,0.15264126658439636,0.5364929636319479,124.80936431884766,6.655254115660985,6.655253708362579,0.04919499526576775
3,38,dfl,central,-0.0038118742999028077,0.024021748606835237,0.403120600364425,0.019370081072503872,8.397931704932789e-05,0.05167212123474614,0.3977195823734457,0.6414348537271674,0.11212493885647166,0.5309918333183635,135.15607591108844,6.9180571883916855,6.3308214680715045,0.05105934202878069,-0.0010142837030192216,0.020734893002857763,0.39363468686739606,0.019250601530075073,4.7000769427540945e-05,0.046077457877496876,0.4087422986825307,0.6100222965081533,0.15338425834973654,0.5343646804491679,124.30733489990234,5.791637460390727,5.791637301445007,0.044854141054803516
3,39,dfl,central,-0.006932711228728294,0.02710739036344669,0.3971551074223085,0.01946708026596091,7.075989399461172e-05,0.05705489675429734,0.4149057214910334,0.6600657268003984,0.10610992258245294,0.5395785272121429,137.35790322043678,7.8031415289098565,6.881413091312755,0.05696718762284321,-0.005014692743619283,0.02515426928099866,0.3924265056848526,0.019465335334340732,6.74241421923701e-05,0.05374215131935974,0.42197149495283764,0.6245409150918325,0.1628194898366928,0.5412752429644266,125.94592793782552,6.16979384670655,6.148850125571092,0.05239731523002578
3,40,dfl,central,-0.0005495669743554158,0.021123990416526794,0.37820928340608423,0.01984892904081128,7.254942713656605e-05,0.04359776118177582,0.41184595362706616,0.6745217144489288,0.10313276811079546,0.5234762023795735,133.2524504228072,5.9104381772604855,5.315008235248652,0.04417082784106202,0.0022344932270546756,0.0181616076733917,0.3645816594362259,0.020047067975004513,3.4903253625392004e-05,0.0380862585734576,0.4209643652041753,0.6380963623523712,0.1471556176741918,0.520311305920283,121.04264704386394,4.181213756402333,4.156784236431122,0.038191548476326755
3,41,dfl,central,7.583251730962233e-05,0.02156462757424875,0.36321374773979187,0.02024291150949218,0.00013975486606392968,0.04287567164283246,0.42101416804573755,0.6909969774159518,0.10575234619053928,0.5169662128795277,131.57337188720703,6.3166457726196805,5.122593325647441,0.048282683721110685,-0.0043070850272973376,0.02474930478880803,0.36880866686503094,0.02009388307730357,3.483364131777004e-05,0.05211247162272533,0.42307500044504803,0.6389200091362,0.14491996665795645,0.5203516681989034,121.04808680216472,6.498630364735921,6.498630523681641,0.052266224419732256
3,42,dfl,central,-0.0010987463491884146,0.02172407708977434,0.3768052567135204,0.019719744609160858,9.055860241150268e-05,0.04402870646762577,0.4245959615165537,0.691900139505213,0.1149719858711416,0.5341732203960419,135.97715863314542,5.793219447135925,5.436451229182157,0.04236489279579278,-0.012884984413782755,0.032840802955130734,0.3870604584614436,0.019632502148548763,3.23316394315043e-05,0.06892495788633823,0.4291573365529378,0.6370493372281393,0.15074856082598367,0.5369164049625397,124.91616948445638,8.11143684387207,8.11143692334493,0.06736402120491658
3,43,dfl,central,0.00031348618424751544,0.02009434731338512,0.36759868399663403,0.01982243892482736,5.8539443876590916e-05,0.04042956980199299,0.42699853398583154,0.6949000439860604,0.11209517852826552,0.5302300995046442,134.97131070223722,5.441916438666257,4.861873258243907,0.04058576732405013,-0.002677295822650194,0.022648331185337156,0.36710409820079803,0.0197213360418876,2.4969895482248223e-05,0.04724279812459523,0.42534614106019336,0.6446643869082133,0.13738326728343964,0.5247945686181387,122.0738131205241,5.566882558166981,5.566882838805516,0.04654061117326252
3,44,dfl,central,-0.0011217846027152104,0.021500817711719057,0.36502330005168915,0.01969425871290944,6.847744560064842e-05,0.043635877865281975,0.41068453273989936,0.6966848237947985,0.08913065493106842,0.5119614479216662,130.33288054032758,5.576344094493172,5.132619421590459,0.04308692489271365,-0.004238966231544812,0.02420240834665795,0.3664642771085103,0.019649141778548557,3.142997744968549e-05,0.05110444283733765,0.4084466795126597,0.6464855571587881,0.12092361847559611,0.5081965078910192,118.17915852864583,5.510788122812907,5.510788202285767,0.051142967921332584
3,45,dfl,central,-0.006108299871398644,0.027225727829235522,0.3644381897016005,0.019847725772044876,0.00012697024254361043,0.054027276282960716,0.41436169093305414,0.7013848992911252,0.08274092457511208,0.5092575360428203,129.60865922407672,7.343950924548236,6.5034749467264525,0.05695110468470726,0.000998196502526601,0.019237301700438064,0.3573301335175832,0.019844004263480503,3.914940720065966e-05,0.038559318675349154,0.43308569490909576,0.6696384946505228,0.12957817316055298,0.5273969173431396,122.66513442993164,5.0848487714926405,5.084848721822103,0.0385220989717617
3,46,dfl,central,-0.004952641923657872,0.025891690768978813,0.3666053495623849,0.019908329471945763,0.00010307194977489009,0.05006704149259762,0.4387594068592245,0.7134526019746606,0.10817415470426733,0.5366602729667317,136.57812708074397,7.058084081519734,6.204180787910115,0.05161493390953971,0.002683257839332024,0.017474349898596604,0.36202287177244824,0.019818291378517944,3.393161167271804e-05,0.034296645472447075,0.45301522811253864,0.6796156664689382,0.15258203446865082,0.5531211694081625,128.69737752278647,4.12220033009847,4.122200071811676,0.033387944734823205
3,47,dfl,central,-0.007719351063397798,0.02911241415528242,0.3651055951010097,0.020288869315250355,0.00011041939089005062,0.054937567307867786,0.46319652551954443,0.723589076237245,0.11623264781453392,0.5567748736251484,141.74430084228516,7.842147861014713,6.978977161374959,0.055471281824855743,-0.00604940935348471,0.026783593309422333,0.3554656853278478,0.02038773987442255,3.464437603876528e-05,0.05131557040537397,0.47680532932281494,0.6941952705383301,0.172381192445755,0.5593281686306,130.17931747436523,6.000819047292073,6.000819087028503,0.0496825900971618
3,48,dfl,central,-0.0067870743488046255,0.027933752714571627,0.3582508184693076,0.02060468698089773,5.419915651394547e-05,0.05279941308650781,0.47112439572811127,0.7296140519055453,0.11983158236200159,0.556808655912226,141.73130520907316,7.642886194315824,6.569347143173218,0.05411800290652333,-0.013430102417866388,0.03361373425771793,0.37250151733557385,0.01993160943190257,2.52021755215992e-05,0.06713990432520707,0.45373690128326416,0.665828287601471,0.15957318743069968,0.546656976143519,127.22123718261719,7.882363160451253,7.882362763086955,0.0651452103939195
3,49,dfl,central,-0.002022675746543841,0.02258349920157343,0.3765463029796427,0.019668040035123176,8.927833770981537e-05,0.04467959268103269,0.4380287677049637,0.6880076473409479,0.11958937753330577,0.5473476431586526,139.32663102583453,6.359914170070128,5.532396695830605,0.04580823950386024,0.008219355717301369,0.011420176325676342,0.3727416942516963,0.019438121778269608,2.0140984891744058e-05,0.023947252659127116,0.42805429299672443,0.6299029191335043,0.1517162024974823,0.5432819128036499,126.4299545288086,2.425003002087275,2.42500306169192,0.02320351612009945
3,50,dfl,central,-0.008240168617868965,0.028601375948214394,0.39371776851740753,0.019556808497079393,8.043984851982796e-05,0.05891660758590495,0.4156355573372407,0.6599765419960022,0.10198457403616472,0.5367851934649728,136.62919477982953,8.236517358909953,7.5015004168857224,0.06017329424959967,-0.006266730682303508,0.02612776185075442,0.38776862124602,0.01956970306734244,2.9132828773962654e-05,0.055151650992532573,0.420672873655955,0.6259363194306692,0.14838197330633798,0.5361914932727814,124.76896540323894,6.757779041926066,6.757778962453206,0.054926343776553775
3,51,dfl,central,-0.001679817426272414,0.021814996762920848,0.3786309225992723,0.019583178345452656,5.520009443380693e-05,0.043951088626107034,0.418443190780553,0.6898257380182092,0.10285269739952954,0.5313961180773649,135.2673936323686,5.979718648574569,5.5477241237055175,0.04411701858116637,0.0041008937793473406,0.015958664744781952,0.3559766560792923,0.01988003806521495,1.795203638721432e-05,0.03292071043203274,0.4200655370950699,0.6458920141061147,0.1299708435932795,0.5166289707024893,120.17990493774414,3.5625256299972534,3.562525908152262,0.033159452211610714
3,52,dfl,central,-0.0071473590690981255,0.02758739135143432,0.35648961636153137,0.01999106698415496,4.4896511259626884e-05,0.05402162654156035,0.4198211147026582,0.7001923539421775,0.09569376707077026,0.5075082616372542,129.1599235534668,7.159198229963129,6.568911406126889,0.055575427285135114,-0.009111061537017425,0.02926174147675435,0.3522526224454244,0.019942297289768856,2.083823392240447e-05,0.05919256123403708,0.42908602952957153,0.6704412798086802,0.12059950580199559,0.5112875451644262,118.90183385213216,7.116934895515442,7.11693521340688,0.059633723523718096
3,53,dfl,central,-0.0050224031914364205,0.025666588197716257,0.3623223291202025,0.019621033306148918,0.00010231517358053307,0.050869149663908916,0.42257149517536163,0.7133352729407224,0.0917268842458725,0.5199285772713748,132.33735448663884,6.604330661621961,6.195671899752184,0.04993108414290408,0.0031748428009450436,0.016467843437567353,0.36003562808036804,0.019278430690368015,3.6425533532262e-05,0.03267739868412415,0.4393306275208791,0.6812643607457479,0.1265850712855657,0.5411932468414307,125.91137313842773,4.0697769323984785,4.069776693979899,0.03171966300271509
3,54,dfl,central,-0.0070909881879660215,0.02826207744973627,0.3722776906056838,0.01951575753363696,0.00016553321660502235,0.053295575082302094,0.45376311107115314,0.7256936945698478,0.08966477621685374,0.5565055960958655,141.6499935496937,7.592626747759906,6.630814251574603,0.05344136460784,-0.015559086886545023,0.036236459854990244,0.37323140104611713,0.019686773729821045,9.905994344687012e-05,0.06884531676769257,0.4671687185764313,0.7061044673124949,0.14505879084269205,0.5605265200138092,130.44088745117188,8.333240787188211,8.333240866661072,0.06577727184666014
3,55,dfl,central,-0.010183504740284248,0.03164901711385359,0.35862746699289844,0.020141040440648794,0.00013244719474285333,0.05807313979180022,0.4671421931548552,0.7482642802325162,0.1228778599338098,0.5510352849960327,140.25757113370028,8.442508811300451,7.311023592948914,0.06030669463649447,-0.006203288367638986,0.026908782698834937,0.3586287995179494,0.020022265923519928,6.832280707650777e-05,0.05048966555235287,0.4682976305484772,0.7065335909525553,0.15986795723438263,0.5547349353631338,129.10045878092447,6.550163060426712,6.550163447856903,0.04923854311889813
3,56,dfl,central,-0.0027442654510113325,0.02364961408205669,0.3567476760257374,0.020156269046393307,7.490792659419816e-05,0.043603070016781036,0.45972432467070495,0.7358368716456674,0.11769706552678888,0.5478840849616311,139.47750507701528,6.26456188342788,5.632178928364407,0.044610829156263763,-0.010676609352231026,0.031592266634106636,0.36221879223982495,0.020274306026597817,6.413508246320514e-05,0.05916936323046684,0.4679706891377767,0.7034256557623545,0.16397670408089957,0.5521949032942454,128.52116266886392,7.454331398010254,7.454331000645955,0.05828899357575951
3,57,dfl,central,-0.003846058918332512,0.02531143499072641,0.3577721985903653,0.020372009920802982,0.00010933659402600038,0.04727291942320087,0.4611015116626566,0.7332745682109486,0.12543689120899548,0.5484596328301863,139.6100293939764,6.685647917064753,6.032877915284851,0.04805160731034171,-0.010000593649844328,0.030806720567246277,0.358793447415034,0.020220905542373657,5.852206720646791e-05,0.05818812487026056,0.45904915034770966,0.6986394425233206,0.1566865344842275,0.5411446988582611,125.9592056274414,7.794405221939087,7.794405380884807,0.05787871658960023
3,58,dfl,central,-0.002757584252818064,0.024157087599054317,0.3371789414774288,0.02054240241308104,8.571008372629504e-05,0.04404629734133116,0.46083687516776,0.7494274838404222,0.10784098235043613,0.5299648181958632,134.9105821089311,6.131268451836976,5.525567847896706,0.045273812478327444,-0.0038975635543465614,0.025156946813998122,0.33614369730154675,0.020467005980511505,7.92376834889789e-05,0.04649689863435924,0.4702114413181941,0.7180055677890778,0.15735647082328796,0.5366724828879038,124.89013163248698,5.243685285250346,5.243685523668925,0.04585062689417457
3,59,dfl,central,-0.004838461564345794,0.02722105934199962,0.34100915356115863,0.020496701398356396,0.00018858964051253352,0.04972231997684999,0.47292682799425995,0.7552228271961212,0.11956871233203194,0.5429614701054313,138.22674040360883,6.658499679782174,6.170046091079712,0.04800269828812211,-0.006264967067788045,0.027253351795176666,0.33094342549641925,0.02078928363819917,1.9910104184006627e-05,0.0493829568537573,0.48348623017470044,0.7305432657400767,0.17150892317295074,0.5416814784208933,126.04999287923177,6.570467511812846,6.570467054843903,0.04908319141023467
3,60,dfl,central,-0.0018920494158836927,0.02448889631143009,0.321285679936409,0.02102571421048858,0.000157113265851711,0.043541474881666625,0.4840877774086865,0.7733721868558363,0.13160079717636108,0.536898442290046,136.651743108576,6.006991383704272,5.438393386927518,0.04397867506592619,-0.0015475070104002953,0.02249490392083923,0.32023778557777405,0.020821115002036095,1.2628164667590388e-05,0.04074514905611674,0.4892731060584386,0.7330065667629242,0.1701015681028366,0.5420080820719401,126.12146504720052,5.4284180502096815,5.428417772054672,0.04029724997126657
3,61,dfl,central,-0.007464726159179752,0.029476512985473328,0.3301832513375716,0.020879752849313347,0.00011320338191015108,0.05254925351420587,0.48584696515039966,0.7677042755213651,0.11393699049949646,0.5426660071719777,138.12393986095083,7.180004016919569,6.5337101871317085,0.05203975162287431,-0.007901455275714397,0.029278009897097945,0.32923419773578644,0.02071223749468724,6.643175682086166e-05,0.05292113753966987,0.49168436725934345,0.7308572034041086,0.17019997537136078,0.5464289983113607,127.15549850463867,6.299312283595403,6.299312124649684,0.051398995991111356
3,62,dfl,central,-0.008705896283076569,0.031401148192923174,0.32359780777584424,0.021314726888456127,0.00013805248811009236,0.05497449098832228,0.4895545691251755,0.785842006856745,0.12738676165992563,0.5372618301348253,136.7539842778986,7.895985625006936,6.910240801897916,0.05773086068446787,-0.01805252255871892,0.03971425180012981,0.33141206204891205,0.021423556221028168,2.38173186393927e-05,0.07105605521549781,0.4912020117044449,0.7394784887631735,0.16771436234315237,0.5357991258303324,124.71303176879883,9.142955978711447,9.142956256866455,0.07158806973503365
3,63,dfl,central,-0.007489255290817131,0.030597393223698335,0.31185349280183966,0.021899835968559437,0.00012083020031832865,0.05311634158715606,0.4914149045944214,0.7829277325760234,0.1349512507969683,0.5264657004313036,134.02195462313566,7.310327309099111,6.78078316423026,0.05467929815031471,-0.008055178603778282,0.030342803181459505,0.3090320477883021,0.021862041826049488,4.255828652229473e-05,0.054049182372788586,0.4988332788149516,0.7432374656200409,0.17257080475489298,0.530172218879064,123.4134012858073,6.3611347277959185,6.36113440990448,0.05422515045633069
3,64,dfl,central,-0.006576055195182562,0.02917841764759611,0.309638343074105,0.021905122240158646,6.972401437430811e-05,0.05131257181479172,0.4952199161052704,0.7896776416084983,0.13975119997154584,0.5295574069023132,134.80657716230914,7.135402392257344,6.419327838854357,0.053078486672514226,-0.008556319711109003,0.03028870498140653,0.3115800768136978,0.0216394430026412,9.294230557325514e-06,0.05443881700436274,0.4953693598508835,0.7351077099641165,0.16803652048110962,0.5299607415994009,123.36888758341472,7.144292652606964,7.144292891025543,0.05455146355068418
3,65,dfl,central,-0.009722563819113102,0.03201441132378849,0.3188266307115555,0.021568267098204655,7.235803529552372e-05,0.056066755755719816,0.5009110285477205,0.7756316390904513,0.1348814774643291,0.5428361838514154,138.1429706920277,8.146005801179193,7.148423039100387,0.058943236208677675,-0.007079281844198704,0.02851875467846791,0.3170332113901774,0.021241439506411552,1.9803323707989762e-05,0.05106079081694285,0.5062735428412756,0.7372113565603892,0.17323948442935944,0.5491288602352142,127.82211049397786,6.646135528882344,6.64613554875056,0.04996983677153599
3,66,dfl,central,-0.007515010677955367,0.02998975452712991,0.3123549669981003,0.021552952853116123,9.21791026926981e-05,0.05293037793175741,0.5006596879525618,0.780572238293561,0.14036048339171844,0.5389044311913577,137.19031836769798,7.514295838095925,6.657627972689542,0.054684197171577645,-0.004834475461393595,0.026454056380316615,0.30573761463165283,0.0214672964066267,1.5228433689173926e-05,0.04764227045234293,0.49917709330717724,0.7392140527566274,0.17714827756086984,0.533061703046163,124.05918629964192,6.405821651220322,6.405821733176708,0.04740975446553062
3,67,dfl,central,-0.004355364352126013,0.026486701586029747,0.3010763783346523,0.021635225296697834,4.9611223333750395e-05,0.04677982729944316,0.4872798811305653,0.7792251137169924,0.13439894603057342,0.5167466266588732,131.529089494185,6.094368731433695,5.75819469852881,0.046551125670229544,-0.009941350047787031,0.03194049000740051,0.30001384019851685,0.021741647894183796,2.5749212559489365e-05,0.058191705184678234,0.48675315578778583,0.7328261832396189,0.16466099272171655,0.5109695990880331,118.9012082417806,6.537460009256999,6.537459810574849,0.05791559760355842
3,68,dfl,central,4.0527475489811465e-05,0.022224749941167167,0.2933077338066968,0.02144102667543021,8.24250544879264e-05,0.039516377040523694,0.48777044361287897,0.7695325965231116,0.13552096621556717,0.5155878527597948,131.20433738014916,5.282269205559384,4.723748605359685,0.0402490196112614,-0.012538385267059008,0.03387580097963413,0.3168744246164958,0.020998621669908363,3.387939841559273e-05,0.06215151337285837,0.4882480452458064,0.7254749337832133,0.1678545574347178,0.5271417101224264,122.66601816813152,7.565362254778544,7.565362373987834,0.06017636830236086
3,69,dfl,central,-0.009808443613689054,0.03230813472658734,0.31077299334786157,0.021115281195803123,0.00013844098574916137,0.05789301180365411,0.4862285716967149,0.7606003447012468,0.1238899522207,0.5217979360710491,132.83832411332563,7.447769460352984,6.949513473293998,0.056292356150661464,-0.0031083126862843833,0.024634589285900194,0.29699164628982544,0.021128691422442596,3.975852738828204e-05,0.044399382236103214,0.5022522111733755,0.7399770716826121,0.16625727464755377,0.5315327346324921,123.68582534790039,4.864430983861287,4.864431142807007,0.042210624086572834
3,70,dfl,central,-0.004573484459383922,0.02707423438021744,0.30058638616041705,0.021197593008930034,0.000130315674362694,0.048082381592724814,0.5112173841758207,0.7838854437524622,0.10508032143115997,0.5421252684159712,138.00938311490145,6.34112930839712,5.6809069053693255,0.04624935285466291,0.007681035591910283,0.013441907164330283,0.30057457089424133,0.020665242336690426,4.577007606106539e-05,0.02436255260060231,0.5012440333763758,0.7362691362698873,0.14325422048568726,0.544107993443807,126.60032653808594,2.7077704866727195,2.707770526409149,0.022838739407335062
3,71,dfl,central,-0.005421172065491026,0.02772772451862693,0.3164141123945063,0.020815792747519234,0.00014907594987789707,0.05007731336676939,0.4878955686634237,0.7597369687123732,0.10953438688408244,0.5334539792754434,135.7904201854359,6.394622627984393,6.02063345096328,0.04722151306487953,0.002329709163556496,0.01876833850595479,0.3070126473903656,0.02057996702690919,5.1808057984696156e-05,0.03500524737561742,0.4868569274743398,0.7158926129341125,0.14762333035469055,0.5306098361810049,123.4193623860677,4.464745896557967,4.464745658139388,0.03322896178445243
3,72,dfl,central,-0.004794100807471709,0.02679555112792348,0.31145900216969574,0.020761648870327255,0.00012398014218139122,0.048553518993272024,0.48706425861878827,0.7466178753159263,0.10959948599338531,0.5279018906029788,134.37046918002042,6.232201595198024,5.697989550503817,0.04669309125241379,-0.013795165655513605,0.03515198283518354,0.32578366498152417,0.020370923603574436,9.858933117357083e-05,0.06515256843219201,0.49177973965803784,0.7226470212141672,0.11981043219566345,0.53807665904363,125.15108235677083,7.455987970034282,7.455988049507141,0.06000117644137156
3,73,dfl,central,-0.00540953739122911,0.027701780961995773,0.3126780648123134,0.02068481424992735,0.00016074294412343255,0.04975292890925299,0.4925666492093693,0.7663955796848644,0.100747596133839,0.53353597630154,135.8436067754572,6.228873661973259,5.838578470728614,0.045858944116786746,-0.015940692586203415,0.03731421877940496,0.30869020024935406,0.02087555763622125,4.979690377293622e-05,0.06914300968249638,0.49895714223384857,0.7278393109639486,0.13630015651384988,0.5259636839230856,122.33421452840169,8.209207713603973,8.209207475185394,0.0636478181286859
3,74,dfl,central,-0.004554249007593502,0.027355793247062884,0.291305654428222,0.021403390490873295,0.00013981541962690162,0.04946874963669953,0.4871329421346838,0.7672166309573434,0.11779799380085686,0.5082991583780809,129.40291664817116,6.347002895040945,5.602492997592146,0.04895259244742833,-0.012141232378780842,0.033999344954888024,0.30172209938367206,0.021337532438337803,5.205798246284606e-05,0.06428495732446511,0.482037290930748,0.7145270506540934,0.18457615127166113,0.5047558148701986,117.40964317321777,7.247862140337626,7.247862299283345,0.0606888024211061
3,75,dfl,central,-0.007841004651378502,0.03056763089261949,0.29592257873578504,0.021490908227860928,0.00012357180364063294,0.05434258379550143,0.49887057867917145,0.7736914916472002,0.12592979385094208,0.5188831063834104,132.08770960027522,7.158530197360299,6.333669312975624,0.05442981299265225,-0.0002593705430626869,0.02215877900986622,0.283640389641126,0.02144578533867995,4.5362325181486085e-05,0.03917560221937796,0.5247315963109335,0.7552104791005453,0.16963015993436178,0.5390123327573141,125.40715408325195,4.881131107608478,4.881130854288737,0.036136390479340336
3,76,dfl,central,-0.005733907646076245,0.028945237990807404,0.28692739795554767,0.021711105226793072,0.00015002248567810093,0.05037094269540499,0.5261538651856509,0.7964568842541088,0.12911725518378345,0.5386822928081859,137.13767311789772,6.2529497336257585,5.828632520003752,0.04608478888304795,-0.017747454345226288,0.039367130026221275,0.29900247355302173,0.021246387312809627,3.732885124918539e-05,0.07053835503757,0.5286985039710999,0.7495410144329071,0.14423424998919168,0.5412645936012268,125.92559814453125,7.753886540730794,7.753886540730794,0.06288634433063557
3,77,dfl,central,-0.008197732185098257,0.031189948997714302,0.2925961762666702,0.02129785962064158,0.00016943572535830432,0.054745927241376856,0.5201940888708289,0.791495602239262,0.11082481931556355,0.5365955910899423,136.61357324773616,6.763271711089394,6.222942243922841,0.04973787464196528,-0.008762743479261795,0.030218754274149735,0.29410944879055023,0.020937456749379635,5.18554540273423e-05,0.05492974972973267,0.5206118921438853,0.7469463348388672,0.11499616503715515,0.5380564530690511,125.17793655395508,6.422269900639852,6.4222699999809265,0.048299584748930126
3,78,dfl,central,-0.013750495473769579,0.03650522814132273,0.29833965545350855,0.021160841496153313,0.00015938911858949143,0.06436629121361132,0.5185554704882882,0.7823751514608209,0.09308545155958696,0.5337810001590035,135.88570126620206,8.02453589168462,7.2210910591212185,0.05881642281943989,-0.006920695770531893,0.028930693360355992,0.28561001519362134,0.021378720179200172,6.312768528005108e-05,0.052575900995483,0.51644233862559,0.7448287010192871,0.13405672709147134,0.5261250336964926,122.3901761372884,5.531383166710536,5.531383007764816,0.0468704532206157
3,79,dfl,central,-0.009930124167691578,0.03285756479652429,0.2914577769962224,0.02154266724193638,0.00013847731814435477,0.05640546745218506,0.5196206054904244,0.7901391630822961,0.11549785733222961,0.5302625325593081,134.95724695379084,7.257923560386354,6.5059530904347245,0.053692195836257145,-0.006953895402451356,0.0289786405240496,0.2884336014588674,0.021203928627073765,8.2081655212581e-05,0.05056249598662058,0.5397670666376749,0.7653094232082367,0.10412468512852986,0.5509734253088633,128.1858990987142,5.77269705136617,5.77269713083903,0.044401527904353165
3,80,dfl,central,-0.006952640727501024,0.03119250791232017,0.2949851778420535,0.021218637089160355,0.00030212301271087034,0.05289187204008075,0.5361598377878015,0.7970095168460499,0.0824393630027771,0.5513819347728383,140.38861985640094,6.96070040085099,6.160566361113028,0.04975060732705397,-0.014546979529162249,0.036850910944243274,0.28688990076382953,0.021673301545282204,6.306303108279583e-05,0.065114867563049,0.5426695644855499,0.758807102839152,0.1362627148628235,0.5426099101702372,126.23899968465169,7.695075790087382,7.695075631141663,0.05765997010023637
3,81,dfl,central,-0.0028401617468758063,0.026867704656483096,0.2630203528837724,0.022674154151569714,0.0001353388827955387,0.04678873967548663,0.5217835740609602,0.790467072616924,0.1489203084598888,0.5092114792628721,129.61754642833364,5.687440972436558,5.2181919108737596,0.04384360794663075,-0.008519967086613178,0.03140604651222626,0.2687392582496007,0.022447947412729263,4.381315577006717e-05,0.058798798670371376,0.5048980613549551,0.7148330907026926,0.18822366992632547,0.4944291114807129,114.98386637369792,6.317806720733643,6.317806680997212,0.053246028820862
3,82,dfl,central,-0.004776353863152591,0.029472347608217122,0.2722072953527624,0.022310611537911675,0.00023853823176433022,0.05286728548394008,0.49955168772827496,0.7694544087756764,0.13375821167772467,0.4954902936111797,126.10295694524592,6.043001206083731,5.762966602363369,0.048010038570072716,-0.019808519010742504,0.04235377193739017,0.28356897085905075,0.022029174802203972,5.160785834353495e-05,0.07986479702716072,0.5070145030816396,0.7137028773625692,0.16227853298187256,0.5004459371169409,116.37863095601399,8.276786883672079,8.276787042617798,0.07110782698025156
3,83,dfl,central,-0.01005446779626337,0.0347578394734724,0.27360616759820416,0.022014634853059597,0.00026887367661484774,0.06139697608622638,0.5158130485903133,0.781652260910381,0.1286875930699435,0.507205838506872,129.08262391523883,7.165947044437582,6.673217109658501,0.05571357425579493,-0.004597763841350873,0.02693129451169322,0.26410527775684994,0.021816549512247246,5.169807347253178e-05,0.049145277977610625,0.5365540285905203,0.7417093813419342,0.12868504722913107,0.5242765545845032,121.93639119466145,5.360985045631726,5.360985035697619,0.04182751203984175
3,84,dfl,central,-0.01388330181891268,0.03810416907072067,0.26778671822764655,0.022223017432472923,0.0001997849331254868,0.06559902776710012,0.5432724763046611,0.7851982658559625,0.10567253557118503,0.5250337421894073,133.65441478382456,7.774651359428059,7.018935609947551,0.058400292819246774,-0.00711388885974884,0.029802901728544384,0.24791686981916428,0.022310424285630386,3.785886165511935e-05,0.05383429559879005,0.5499279101689657,0.7416832347710928,0.12011821071306865,0.5184869964917501,120.58772404988606,5.365440651774406,5.365440810720126,0.04419361988711243
3,85,dfl,central,-0.010510895655236462,0.03442322571804239,0.26337678188627417,0.022160905836658043,0.00017514238710315442,0.061354207594624975,0.5212466500022195,0.7567794783548876,0.10257315364750949,0.5029820230874148,128.05037793246183,7.290700511498884,6.316981023008173,0.056559438211858055,-0.007810251942525308,0.029840180495133,0.27410529057184857,0.021563467880090077,4.6646118789794855e-05,0.0589397760728995,0.490877240896225,0.6769482990105947,0.12269638975461324,0.48793859283129376,113.49275461832683,5.598023826877276,5.598023906350136,0.04962348306618786
3,86,dfl,central,-0.0009418093514713374,0.02555342091628435,0.268035080622543,0.02200948946516622,0.0002602122214987255,0.04831976202231916,0.46823066066611896,0.712260590358214,0.11270024830644781,0.4670348519628698,118.88712900335139,5.108182721517303,4.894944433461536,0.042577642721554204,-0.006100567368169625,0.028896353517969448,0.27156490584214527,0.0221420352657636,6.537510110623164e-05,0.059562474489212036,0.4620528072118759,0.6552227735519409,0.15727006395657858,0.46147963404655457,107.33918889363606,5.673606435457866,5.6736063957214355,0.05188943360377767
3,87,dfl,central,-0.004984953440725803,0.02839723631570285,0.2767449536106803,0.021744733422317288,0.00016675494374952424,0.05187671762806448,0.4833439304070039,0.735605613751845,0.11606893756172874,0.48662360554391687,123.80714139071378,5.569120560180057,5.363496739755977,0.04505547936497491,-0.018163842149078846,0.040491717867553234,0.2896807789802551,0.02120107381294171,0.00011268021504899177,0.07432340023418267,0.5189587076505026,0.7296906113624573,0.09854517380396526,0.519228458404541,120.77548217773438,7.215332269668579,7.215332110722859,0.06155518426230972
3,88,dfl,central,-0.012202995490621437,0.03628230530937964,0.27789371325211093,0.02170236400243911,0.0002376946111078062,0.06119790829887444,0.5321291956034574,0.7841247618198395,0.07273277369412509,0.5252564928748391,133.6961101185192,7.232367244633761,6.609738707542419,0.053919600072288486,-0.016850858150670927,0.0396223838130633,0.2686045840382576,0.021811504537860554,9.600209705240559e-05,0.07008487017204364,0.5453914403915405,0.7432337403297424,0.08616940180460612,0.5250413914521536,122.13071187337239,7.099605480829875,7.086929440498352,0.05697708932053703
3,89,dfl,central,-0.004438394172625108,0.03246460880936039,0.2577125944874503,0.022600407627495853,0.0005425807464198649,0.05503150375178931,0.5375215655023401,0.7763701514764265,0.07677590576085178,0.5145647105845538,131.02726225419477,6.067767232656479,5.741143809123472,0.04613387450165029,-0.0020745134291549525,0.025495792874911178,0.23943829039732614,0.022774874853591125,6.464040673866596e-05,0.04717447065437833,0.52723628282547,0.6991511583328247,0.13210479418436685,0.49249578018983203,114.57076072692871,4.521281272172928,4.521281274656455,0.03878115835576947
3,90,dfl,central,-0.005498605272309346,0.030395698961166836,0.26158932596445084,0.022507747465913944,0.00023893463166369986,0.05450967940586535,0.5035842955112457,0.732082418420098,0.10923589359630238,0.48735868524421344,124.03706741333008,5.886152677915313,5.480974328788844,0.04760402140758373,-0.002398193348199129,0.02479529132445653,0.2684661199649175,0.021702728234231472,6.943694203679722e-05,0.047319653754433,0.49879934390385944,0.6679637332757314,0.13255314032236734,0.4930730015039444,114.72345606486003,4.279035687446594,4.2790355285008745,0.03905095370487415
3,91,dfl,central,-0.01064166993918744,0.03508024087006396,0.27862259677865286,0.02167503357949582,0.0002763537267417798,0.062038529283282434,0.5041055340658535,0.7283931401642886,0.10238098827275363,0.49801900576461444,126.77317567305131,6.815457736903971,6.385191711512479,0.05382675832036858,-0.023355904035270214,0.04608946107327938,0.278046394387881,0.021977889351546764,7.556683362016277e-05,0.08423259295523167,0.521469384431839,0.6871700783570608,0.12713907162348428,0.5027512113253275,116.98316637674968,8.019665320714315,8.008367220560709,0.06878970605162622
3,92,dfl,central,-0.007281741381368854,0.03181878904367543,0.26059769974513486,0.0224327069114555,0.00021043410663423856,0.055101042285307565,0.5227304426106539,0.7460412355986509,0.1056332371451638,0.5021026608618823,127.81351505626331,5.902264146642252,5.635431404818188,0.04595213028455536,-0.004244953549156587,0.027207424049265683,0.2625485484798749,0.021645243900517624,0.00013172265425964724,0.049436761531978846,0.5206130941708883,0.6885166863600413,0.1015345851580302,0.5061659266551336,117.76788711547852,5.035834883650144,5.035834680000941,0.039381336435973274
3,93,dfl,central,-0.012047777883708477,0.03605800020423802,0.281235508620739,0.02166530345989899,0.0002344918675744752,0.06302358709614385,0.5088974047790874,0.730639869516546,0.06962734731760892,0.5053241009061987,128.63614030317828,6.8970759890296245,6.314065258611333,0.053861603281328725,0.0005372818559408188,0.022714529593940824,0.26823602616786957,0.0212493979682525,0.0002002413487124007,0.04185872916908314,0.5045952300230662,0.6715686221917471,0.09150652090708415,0.5010955482721329,116.58388582865398,3.9158411050836244,3.915841090182463,0.03343527876795729
3,94,dfl,central,-0.01645443021235141,0.04350667408752171,0.2765047319910743,0.022111095403405754,0.000494114824019479,0.07665739716453986,0.5024184950373389,0.7370575585148551,0.065904208204963,0.48843109201301227,124.37082498723811,7.820565982298418,7.626718120141462,0.06267353139442892,-0.019072781316936016,0.043318003454866506,0.2609376013278961,0.022585506550967693,0.00016597148442087928,0.08297974771509568,0.49366562565167743,0.6712339719136556,0.09965520103772481,0.46755677461624146,108.76321792602539,7.3722727199395495,7.360221783320109,0.06572747995741637
3,95,dfl,central,-0.008086038711057468,0.033372877589003605,0.2609516151926734,0.022667582231489094,0.0002619256434544778,0.06291970663534646,0.4648842229084535,0.6963024952194907,0.07490282708948309,0.4511637064543637,114.83726224032316,5.936073849147016,5.74833065813238,0.051544228772768104,-0.006365972260634105,0.02946835880478223,0.271306869884332,0.021644829772412777,0.0001457556794169553,0.05933441345890363,0.453981692592303,0.6197089652220408,0.09888457258542378,0.4541713098684947,105.65071360270183,5.008980870246887,5.008980929851532,0.046953010833606736
3,96,dfl,central,-0.0038139375604011798,0.027813584406182847,0.2824102585965937,0.021259364841336555,0.0002740282064877581,0.051898145243864165,0.455368387428197,0.6880950927734375,0.06318112936886874,0.4670104438608343,118.86014626242898,5.0365253415974705,4.823481379584833,0.042232528405429695,-0.02054736763238907,0.04285314151396354,0.3121105581521988,0.020352319193383057,0.00019534546784901372,0.08432154667874177,0.4537086288134257,0.6345516641934713,0.08291391531626384,0.4781980961561203,111.22926902770996,7.524621764818828,7.484626809755961,0.06574887720378209
3,97,dfl,central,-0.010502301495183598,0.034767686325887386,0.3010930811816996,0.020635697567327457,0.00036296872326812104,0.06531980355397206,0.45124997063116595,0.6890190216627988,0.06314800544218584,0.4744295152750882,120.7535944851962,6.259479956193403,6.095598843964663,0.05183885567340971,-0.009035051800310612,0.031000591892128188,0.3005387981732686,0.020154462195932865,0.00018110779456037562,0.06103364238515496,0.45462991793950397,0.6431539555390676,0.07649726668993632,0.4804890702168147,111.7270959218343,5.129708886146545,5.115697145462036,0.04692231340842693
3,98,dfl,central,-0.011138242415406487,0.03481392882531509,0.3089213154532693,0.020321082154458218,0.0003354604520857472,0.06398654168217698,0.4556793895634738,0.6989660832014951,0.04967800053683194,0.48541880737651477,123.55273645574397,6.394369595430114,6.06221175735647,0.05133836639287894,-0.019576491477588814,0.04130792741974195,0.31862733761469525,0.019920312178631622,0.00018111243601500368,0.07783068250864744,0.4609286238749822,0.6468786199887594,0.07075340549151103,0.4923667808373769,114.50324885050456,6.751169164975484,6.7365803718566895,0.05981912426103845
3,99,dfl,central,-0.013230105481025848,0.036423872341401875,0.3198859285224568,0.0200892412527041,0.00031045253673379523,0.06516749983314764,0.45608904280445794,0.7010936872525648,0.040196798064491966,0.49376291036605835,125.68036790327592,6.707960323853926,6.294846599752253,0.05326669463796729,-0.023604941554367542,0.045117986698945366,0.32907572388648987,0.01971817295998335,0.00017948718110953146,0.08528548416992028,0.4491846313079198,0.6376578211784363,0.06374977032343547,0.4880371441443761,113.50441360473633,7.321175495783488,7.276804765065511,0.06493662876411815
3,100,dfl,central,-0.01609245501458645,0.040107880740172484,0.31749787113883277,0.020485260693187065,0.0003530164994389134,0.07249785316261378,0.45020361922004004,0.7130390839143232,0.04234160889278759,0.4841086905110966,123.19832784479314,7.038962862708352,6.767867123538798,0.05730648771646891,-0.016299253640075523,0.038311305145422615,0.3230182280143102,0.01969109692921241,0.00023209554698648086,0.07233521280189355,0.44597843786080676,0.652243455251058,0.05586400628089905,0.4869621892770131,113.24345525105794,6.295718391736348,6.280775666236877,0.05446298943279463
3,101,dfl,central,-0.016365025954490357,0.03927285935391079,0.33745044605298474,0.019487907094034283,0.0003419926291969249,0.07138659415597265,0.4354593117128719,0.7001804871992632,0.031369686126708984,0.4902473119172183,124.7719938104803,6.850056052207947,6.6136699156327685,0.05510530590140248,-0.015290726286669573,0.03717154233405987,0.34326185782750446,0.01890102370331685,0.00029797922616126016,0.06999475788325071,0.433172086874644,0.6560986042022705,0.04199370741844177,0.4963017056385676,115.39568201700847,6.121386528015137,6.083162188529968,0.0516945038177124
3,102,dfl,central,-0.024463179521262646,0.04865977563895285,0.3393906476822766,0.019948424348099666,0.00042481718905791735,0.08823711941526695,0.4352231838486411,0.704967425628142,0.017185742204839535,0.4838988333940506,123.1861641623757,8.339258020574396,8.069183035330338,0.06783564309368699,-0.007941343976805607,0.03084777124846975,0.31844085454940796,0.019970770614842575,0.00029356565816366736,0.05835907440632582,0.4295293043057124,0.6457787354787191,0.048237512509028115,0.47572337587674457,110.60103352864583,5.192362328370412,5.180176516373952,0.04361013976940048
3,103,dfl,central,-0.015987895767797123,0.040487753227353096,0.3309359753673727,0.020002272826704113,0.00044975845131292857,0.07521042295477608,0.4173079945824363,0.6792041523890062,0.018274255774237892,0.4684227136048404,119.2400446805087,6.834965061057698,6.7097948735410515,0.05744262059994183,-0.02460760793959101,0.04658968808750311,0.34935810168584186,0.0193368016431729,0.00026452789030721274,0.08919361357887585,0.41441009442011517,0.6292131046454111,0.04671152432759603,0.4763784209887187,110.74898974100749,7.349602937698364,7.338375608126323,0.06570649289974968
3,104,dfl,central,-0.015075791161507368,0.040657888081940735,0.34673629023812036,0.019423141652210194,0.0006158955391335687,0.07554502179846168,0.4081855592402545,0.6507645439017903,0.028262487866661766,0.47305900942195545,120.43073931607333,6.967651510780508,6.780554069714113,0.05795521828508678,-0.016718344297260046,0.037334623746573925,0.3546143074830373,0.019072337696949642,0.00015439423911326836,0.07325244632860024,0.38787463307380676,0.5827140112717947,0.06674217184384663,0.46380549669265747,107.84886614481609,6.1201809247334795,6.004269162813823,0.055953903817638845
3,105,dfl,central,-0.013375032523816282,0.036096153166991746,0.3563134710897099,0.01916463342918591,0.00035564874607726694,0.06841060654683546,0.38251404599709943,0.6193224029107527,0.037293986840681595,0.4630284702236002,117.84378433227539,6.339821866967461,6.053421852263537,0.05379580589309427,-0.010109691880643368,0.032078548412149153,0.34504730502764386,0.019233427320917446,0.00027354290735814857,0.06118695577606559,0.39972420036792755,0.60400919119517,0.060804267724355064,0.47093700369199115,109.50542386372884,4.657153308391571,4.655545408527057,0.045310748979448985
3,106,dfl,central,-0.005694226700473915,0.03085154134102843,0.3330899192528291,0.01980175772173838,0.0005355556874529942,0.05863824943927201,0.390673889355226,0.6458529559048739,0.02705416896126487,0.4540408483960412,115.57437792691317,5.222945589910854,5.079220286824486,0.0454692653923439,-0.02621598479648431,0.047419016559918724,0.3562272290388743,0.019376697794844706,0.000182633373394007,0.09524703274170558,0.38100357353687286,0.591682493686676,0.07280418276786804,0.45187070965766907,105.05367533365886,7.44042428334554,7.354573567708333,0.071663678311238
3,107,dfl,central,-0.014532471922310915,0.037463625935329634,0.3483222641728141,0.019447556358169426,0.00034835974503008316,0.07136307809163224,0.3874974819746884,0.6372476599433206,0.026537777347998184,0.46031126379966736,117.14425416426225,6.4656496102159675,6.248702450232073,0.05493988700058153,-0.015601445610324541,0.03639615047723055,0.35903801023960114,0.018748436744014423,0.00020462683153255057,0.06934598336617152,0.39993735651175183,0.6303531030813853,0.055606832106908165,0.48118143280347186,111.88307062784831,6.027956028779347,5.992875377337138,0.05111342111403878
3,108,dfl,central,-0.015119867357002064,0.041287646226754245,0.3669137033549222,0.01896931455385956,0.0007198464338051218,0.07582270933992484,0.3978966542265632,0.6704648895697161,0.016571332107890736,0.48406042564998975,123.20490264892578,7.010906647552144,6.814536208456213,0.056707921173463946,-0.013891402321557203,0.03612375600884358,0.3662649542093277,0.01876167580485344,0.0003470678532266902,0.06972177512943745,0.37947826087474823,0.6129513482252756,0.05935031175613403,0.469816987713178,109.24719047546387,5.591557025909424,5.56393841902415,0.05104150278475172
3,109,dfl,central,-0.009163732852109453,0.03366536704230715,0.37156262722882355,0.018889816266230562,0.0005611817593582848,0.06566304793920029,0.34061064503409644,0.5820893536914479,0.02554334564642473,0.442719810388305,112.70220496437766,5.795081576163119,5.592085925015536,0.051401826065160944,-0.025707433000206947,0.04751017689704895,0.3879416485627492,0.019069748154530924,0.00027329955340367934,0.09706589455405872,0.3230555901924769,0.5222139457861582,0.06874018907546997,0.4285244941711426,99.66191482543945,8.009257992108664,7.654659430185954,0.0775813747712705
3,110,dfl,central,-0.0022124994376843624,0.024507459454153748,0.37276036630977283,0.018421136689457027,0.0003873823173886525,0.04780331116423688,0.33154359595342114,0.5746611410921271,0.0013304975899783049,0.4440484033389525,113.00343600186434,4.163590956817973,4.065236199985851,0.03672080110876982,-0.022891999843219917,0.04354910428325335,0.4094509681065877,0.017762540218730766,0.00028945643740977783,0.08629045883814494,0.3386657138665517,0.5468725264072418,0.06630376974741618,0.46536029875278473,108.21261024475098,6.924506425857544,6.591918230056763,0.0663610462279559
3,111,dfl,central,-0.014466139826584946,0.03570116027681665,0.3965936587615447,0.0178814754313366,0.00033535448843415657,0.06820027144964445,0.3425305743109096,0.6006642146544023,0.01270067420872775,0.4661100845445286,118.66066256436434,6.079693192785436,5.9023166569796475,0.051491361839707,-0.021506223517159622,0.04303525139888128,0.40051766236623126,0.018040455256899197,0.0003488572231162834,0.08249296868840854,0.3537955582141876,0.5707292258739471,0.06929382681846619,0.47130798796812695,109.59579149881999,6.796705921490987,6.753890037536621,0.060854552030556015
3,112,dfl,central,-0.008118625518611887,0.029298106557689607,0.3896722346544266,0.017933193086223168,0.000324628777021148,0.054447046713903546,0.35350864312865515,0.6143178425051949,0.03572447191585194,0.4732111638242548,120.46262290261008,4.935234905643896,4.845780032602224,0.04078622425821348,-0.013397373724728823,0.033643654392411314,0.40906476477781933,0.017426186085989077,0.00028200944264729816,0.06396853023519118,0.3485999008019765,0.5762921671072642,0.06150688727696737,0.48318688074747723,112.35088920593262,5.020262320836385,4.90661346912384,0.04746106074385789
3,113,dfl,central,-0.014872739006849852,0.0381874118254266,0.41504468701102515,0.01778405269777233,0.0005530619898246931,0.0718148832040077,0.3337288959459825,0.5939084020527926,0.010329056869853626,0.4711402668194337,119.96989371559836,6.720439950173551,6.355093259703029,0.05599652183073673,-0.005487056604276101,0.02699022530578077,0.3838018973668416,0.01846974405149619,0.00030334252611889195,0.05165682748580972,0.3394371171792348,0.5752062002817789,0.06263288855552673,0.4580073704322179,106.49180094401042,3.624934275945028,3.613767127195994,0.03834469034458401
3,114,dfl,central,-0.015035382048650221,0.03823000569404526,0.38859612291509454,0.018876787867735733,0.0004317836004164829,0.0717066412749277,0.3417179692875255,0.6120774393731897,-0.007474349303679032,0.45626274834979663,116.13277053833008,6.347128595140847,6.217649052088911,0.054594146631089684,-0.009062280723204216,0.030532282156248886,0.38775011897087097,0.01831217762082815,0.00031578234666085336,0.05856924566129843,0.34172899027665454,0.568161815404892,0.06003578503926595,0.46165773769219715,107.32830810546875,4.612505455811818,4.58130145072937,0.04329178641926143
3,115,dfl,central,-0.011122311296110804,0.03440632682759315,0.40101569349115546,0.018064725720746952,0.0005219289867298794,0.06460152944253589,0.3328056823123585,0.5893613506447185,0.009787131439555775,0.4631964022463018,117.91642969304866,5.808347895741463,5.64173504168337,0.04927195732647456,-0.027167335463066895,0.04719289392232895,0.424479881922404,0.017565669491887093,0.0002459889155943529,0.09037906800707181,0.3296913057565689,0.5544430116812388,0.06487629810969035,0.46837103366851807,108.91637547810872,7.344834566116333,7.188847700754802,0.0683295679386521
3,116,dfl,central,-0.013034095098687843,0.034413734392728657,0.41039535809646954,0.01771286443214525,0.0003666775195886823,0.06435180443804711,0.32795179838483984,0.5956271724267439,0.007454300468618219,0.4662451134486632,118.69618086381392,5.751743079586462,5.674748844043775,0.048340822129156996,-0.009833282480637232,0.03231555595993996,0.4122880945603053,0.01758051508416732,0.0004901758438791148,0.061692193460961185,0.32344797750314075,0.5531995594501495,0.058027038971583046,0.46604296565055847,108.36356735229492,5.284729699293773,5.056357026100159,0.0473768508541815
3,117,dfl,central,-0.012607418170029467,0.033902700334279376,0.4151002290573987,0.017765590836378662,0.00035296913957371214,0.06355385812507434,0.3212479840625416,0.5777609077366915,-0.0020170509815216064,0.4658937156200409,118.59618100253019,5.726316582072865,5.586052983999252,0.04809883444437355,-0.02153241882721583,0.04281947187458476,0.42326394220193225,0.01772535964846611,0.00035616938354602706,0.0804546366756161,0.3313581695159276,0.5627258320649465,0.05228477716445923,0.4742814352114995,110.26530202229817,6.310927867889404,6.130659818649292,0.06021132175309315
3,118,dfl,central,-0.01982362250882116,0.041126027555120265,0.420642151073976,0.017924388870596886,0.00033780164460107574,0.07587896001694555,0.3339419649405913,0.6038657941601493,0.007696346803144975,0.4766983240842819,121.35187669233842,6.764597512104294,6.704364941878752,0.0557806673976245,-0.017776248045265675,0.037683434784412384,0.4243708948294322,0.017610833048820496,0.0002296353032609962,0.0709669180214405,0.32821841537952423,0.5619827310244242,0.046256959438323975,0.4781288305918376,111.1388734181722,5.485086639722188,5.413246472676595,0.05151407789327463
3,119,dfl,central,-0.009865000717003237,0.0337256945415654,0.42155526307496155,0.017597056840631096,0.0006263637221557226,0.061876230788501824,0.33617184920744464,0.6149328080090609,-0.012535219842737371,0.4882027493281798,124.29284321178089,5.559706961566752,5.454459873112765,0.04512187196555408,-0.018223451140026253,0.039824264124035835,0.433118537068367,0.017266080093880493,0.0004334732802817598,0.07461376022547483,0.336031973361969,0.5732524792353312,0.035085717837015785,0.4935867140690486,114.71724192301433,6.117370804150899,6.074740290641785,0.05249259207821771
3,120,dfl,central,-0.020092192571610212,0.0415551802566783,0.4256302998824553,0.017539298669858414,0.00039236893028322066,0.07768817686221817,0.3354411192915656,0.6032825600017201,-0.015854315324263138,0.48567538234320556,123.62866002863103,6.923890574411913,6.760435722090981,0.055625767331561216,-0.01642993123581012,0.038298610714264214,0.42111101746559143,0.01758853780726592,0.0004280142119625907,0.07232753121449302,0.34195128083229065,0.5737885435422262,0.03791568676630656,0.48957861463228863,113.7969175974528,5.9571226959427195,5.944156304001808,0.05071484085428196
3,121,dfl,central,-0.0076784534718502655,0.030529755315828053,0.42268622598864813,0.01724070632322268,0.0005610595606940065,0.057203730271959845,0.3335877399552952,0.6166216026652943,0.004062007774006237,0.4918991720134562,125.19074041193181,5.104739825833928,4.9884258156472985,0.0408358223080281,-0.020851385934899252,0.039841212487469115,0.44132645924886066,0.016841679035375517,0.00021481475171943507,0.07667831238359213,0.3268335660298665,0.5573735733826956,0.03852387269337972,0.49282089869181317,114.54586283365886,6.708120365937551,6.411188463370006,0.05519334190157643
3,122,dfl,central,-0.012667114634744146,0.03463324973232706,0.43910954757170245,0.01708458046513525,0.00048815546411550383,0.0644700500309806,0.3221499513496052,0.59563178636811,-0.009262144565582275,0.4911616349762136,125.01150200583719,5.9471693675626405,5.672998680309816,0.04750969104811724,-0.007896718569099903,0.028448540717363358,0.4289122025171916,0.017335325634727877,0.00032164970980375074,0.05317254830151796,0.3215969651937485,0.5608545243740082,0.047538687785466514,0.484566996494929,112.63998921712239,4.154590427875519,4.020077665646871,0.03863761730060069
3,123,dfl,central,-0.016627921468832275,0.0381892271424559,0.43095176870172675,0.017429965251887388,0.0004131340467252316,0.07042314404283058,0.3262906643477353,0.5945586697621779,-0.013032135638323698,0.4851021996953271,123.48793203180486,6.260025170716372,6.172617373141375,0.05054121469529622,-0.015280544913063446,0.03578634234145284,0.4335985581080119,0.017389633692801,0.00031161635191286524,0.06716385499263804,0.3256375938653946,0.5601129035154978,0.041170219580332436,0.487492303053538,113.3028392791748,5.239135491351287,5.233319948116939,0.047284099791941404
3,124,dfl,central,-0.013989428015933796,0.037983116609129036,0.4237794117494063,0.01788597625934265,0.0006107712708647093,0.0718247746117413,0.31110448187047784,0.582326043735851,-0.06764104149558327,0.4649195386604829,118.39070892333984,6.25764142925089,6.125846521420912,0.05245124682130314,-0.025179524285097916,0.04493930780639251,0.4292975316445033,0.01831585153316458,0.00014439321394850899,0.08920914307236671,0.289173220594724,0.5320208867390951,0.0021769702434539795,0.441949541370074,102.70489120483398,6.844605366388957,6.482215404510498,0.0688460816854605
3,125,dfl,central,-0.02224914204667915,0.043056907492097125,0.42730636217377405,0.01801877629689195,0.0002788989508995986,0.0835990763523362,0.2950624931942333,0.5645795952190052,-0.06578761610117825,0.4501576396551999,114.54539455067028,7.3252259682525285,6.9360082677819515,0.06397000121755515,-0.01579750810439388,0.03592516016215086,0.42216360569000244,0.018343675881624222,0.00017839756993505892,0.06773550280680259,0.3282470653454463,0.5642907917499542,0.03701436519622803,0.47964059313138324,111.47005844116211,5.755763913194339,5.748984009027481,0.04774509010969382
3,126,dfl,central,-0.01420446125451814,0.03549001316688108,0.4356477626345374,0.017776014367965134,0.0003509537836262925,0.06584474361840296,0.31212536177851935,0.5840906555002386,-0.03969657692042264,0.4778265953063965,121.64693277532405,5.937354509126056,5.738454732027921,0.04866281155330649,-0.021664691468079884,0.04226532997563481,0.46546274423599243,0.017177827656269073,0.0003422810150368605,0.0786137084166209,0.29052109519640607,0.5608667234579722,0.03308205803235372,0.47702428698539734,110.91557693481445,6.116890807946523,5.9776833057403564,0.059079660994119536
3,127,dfl,central,-0.012445381969552149,0.03494678221812302,0.4709528373046355,0.016742199786346067,0.0005759200810008348,0.06427849151871422,0.2729262547059493,0.5759078751910817,-0.031863510608673096,0.47239225290038367,120.28381000865589,5.940314089710062,5.709856049581007,0.04934331116448973,-0.01826926755408446,0.03698515395323435,0.47314223150412243,0.017269153768817585,0.00014467326097170977,0.0698402610917886,0.25582581758499146,0.5538444817066193,0.008404701948165894,0.4563767562309901,106.13635317484538,6.0943829615910845,5.624258120854695,0.05662898701345698
3,128,dfl,central,-0.005916115870191293,0.02831898316402327,0.4468888911333951,0.017823371062563223,0.0004579496425998803,0.05328168957070871,0.24805958636782385,0.556409166617827,-0.0786542296409607,0.4360289790413596,111.00385457819158,4.726446541872892,4.558490688150579,0.0426895586498086,-0.02128428810586532,0.04207688414802154,0.4532950172821681,0.018735526750485103,0.00020570687289970616,0.08023589911560218,0.24619744718074799,0.5526216924190521,-0.014876008033752441,0.42514295876026154,98.89364941914876,6.481147845586141,6.129384199778239,0.06694567733812092
3,129,dfl,central,-0.01926672107286074,0.041747406394940546,0.44900208576159045,0.018366706134243446,0.0004113979580272991,0.07627733840226111,0.27717896754091437,0.5833506448702379,-0.03208892995660955,0.4505121017044241,114.62654980746183,7.014385648749092,6.75782585889101,0.06097815477393158,-0.02599568556373318,0.04734272602945566,0.4508581260840098,0.01901751197874546,0.00023295285548859587,0.08402467519044876,0.3150985538959503,0.5949167410532633,0.031529635190963745,0.47988002995649975,111.60972340901692,6.865883111953735,6.86588321129481,0.06252419823055415
3,130,dfl,central,-0.018655173607509245,0.04004952192983844,0.45407265560193494,0.018093213184990665,0.0003301135418812929,0.07081894231536849,0.3073792498220097,0.6151776801456105,-0.023579760031266647,0.4847113652662797,123.39292006059127,6.576996680010449,6.485313120213422,0.05284465722921682,-0.016153707013775904,0.03821737691760063,0.4647833853960037,0.017567185995479424,0.0004496483352340874,0.0682103947425882,0.3083302130301793,0.5921267171700796,0.0374938448270162,0.4973813792069753,115.65376663208008,5.847837448120117,5.847837408383687,0.04927487437488315
3,131,dfl,central,-0.015436031982641329,0.03820849283577197,0.46615189720283856,0.01707335722378709,0.0005699103748607503,0.06905108590250496,0.29524800181388855,0.5889254212379456,-0.046782550486651336,0.488107292489572,124.22186799482866,6.311444049531763,6.158082842826843,0.051030934435653104,-0.026568619379152853,0.047160671868671976,0.4719052215417226,0.01733435473094384,0.0003257697874990602,0.08647818692649405,0.30251363416512805,0.5729990204175314,0.023223648468653362,0.4921716054280599,114.40995343526204,6.75942333539327,6.68207186460495,0.061759678022261615
3,132,dfl,central,-0.004792971240187233,0.030969457849013535,0.4468866085464304,0.017665797378867865,0.0008510689139339692,0.05656251939944923,0.29880606721748004,0.5952524407343431,-0.05598573251204057,0.4802630164406516,122.26796132867986,5.156602711840109,4.987906465476209,0.04258719735201744,0.0019802351792653403,0.019201943650841713,0.4266202251116435,0.018125006929039955,0.00030571721496623166,0.0358972215714554,0.28686342636744183,0.5565163095792135,0.006374528010686238,0.4593706528345744,106.80064137776692,2.732212762037913,2.732212861378988,0.026646765626537266
3,133,dfl,central,-0.018857250709763983,0.04008527112786065,0.4480077041821046,0.017892897129058838,0.00033351229642261416,0.073799785903909,0.28207115693525836,0.5684303641319275,-0.021793609315698795,0.45735955102877185,116.41160548817028,6.595683238723061,6.436263967644084,0.05686647361210744,-0.011563000734895468,0.03248518845066428,0.45151232182979584,0.017826739853868883,0.00030954483160409535,0.05945450688401858,0.288703312476476,0.565885325272878,0.031202375888824463,0.47123782833417255,109.56657282511394,5.134525458017985,5.1021062930425005,0.04441030772723301
3,134,dfl,central,-0.008985713081942364,0.03149207057008012,0.4529114893891595,0.017654960848052393,0.0004851396112144357,0.05716513764028522,0.28909062390977686,0.5809644406492059,-0.0008702440695329146,0.47622529485008935,121.19772824374112,5.1500328643755475,5.05118815465407,0.04244110155861619,-0.015482170972973108,0.03593506974478563,0.46806828677654266,0.01721456352000435,0.0003238335339119658,0.06613319491346677,0.28805188834667206,0.5638241767883301,0.032153546810150146,0.48448269069194794,112.63137944539388,5.1697529554367065,5.1697529554367065,0.047178497549935576
3,135,dfl,central,-0.017802954820746727,0.03851869477975098,0.4754856255921451,0.017001497813246468,0.0003714241774006992,0.06977818984622983,0.29136554354971106,0.59869814731858,-0.01288228685205633,0.49459372189911927,125.877723347057,6.39967637441375,6.208453477783636,0.05080628205897269,-0.009839790873229504,0.030864252398411434,0.47073718905448914,0.017013488492618006,0.0004010973061667755,0.05589546340828141,0.3003331472476323,0.5840414762496948,0.03926911950111389,0.5043749709924062,117.25253740946452,4.345992604891459,4.345992674430211,0.03910767322903231
4,1,dfl,central,0.021299880802292715,0.004583430278051475,0.44367689436132257,0.02508264627646316,8.006645669731618e-05,0.026489242794923484,0.006629615694030442,0.25568632036447525,-0.2408343641595407,0.2659925513646819,67.54356158863415,3.549322033470327,1.651076620275324,0.05231991236638398,0.02032332153369983,0.002596963526836286,0.5862720708052317,0.02119818702340126,0.0001722098210545179,0.05354329260687033,0.02222177665680647,0.11271987358729045,-0.058928887049357094,0.3789479583501816,88.40899022420247,4.425526698430379,4.424872120221456,0.05155069157924839
4,2,dfl,central,0.014626596249978651,0.006282184934455224,0.6480106494643472,0.019531406038864094,0.00013773750894653279,0.029908488017760894,0.035717323126102034,0.31158804622563446,-0.23082755912433972,0.43805993551557715,111.45672052556819,5.637080685658888,2.8312933336604726,0.05058118960700086,0.018099417599538963,0.0033646949062434337,0.6658939520517985,0.018690841893355053,0.0002773270759443373,0.03659812935317556,0.05577529470125834,0.1649391601483027,-0.024801582098007202,0.46961399416128796,109.57924397786458,3.7094231645266214,3.6610798835754395,0.03352672390375365
4,3,dfl,central,0.012525497808713804,0.006715594917874445,0.6703554012558677,0.017754151528193193,0.0001486941113377973,0.028677911857481708,0.06898450021716682,0.34780812940814276,-0.21123857931657272,0.4836456965316426,123.0687273198908,5.087038029323924,2.8889608816667036,0.041327866209997746,0.01610779793312152,0.004801080843511348,0.6808806757132212,0.01745662745088339,0.0003452251417002117,0.03798960025111834,0.079486978550752,0.1969854881366094,-0.002823899189631144,0.5043068180481592,117.76686668395996,4.162124902009964,4.078172564506531,0.033286847409726025
4,4,dfl,central,0.011002587112174793,0.008196570645933125,0.6958712041378021,0.01685691015286879,0.00023422476339166306,0.03613302054476331,0.08536765351891518,0.3545533093539151,-0.16752274198965592,0.521732281554829,132.7817937677557,6.920973474329168,3.8868571519851685,0.05198208828968172,0.011830036683628956,0.007432448634062894,0.7019049525260925,0.0173073277498285,0.00019551573799011143,0.05687760557824125,0.09404923394322395,0.19609209398428598,0.014885326226552328,0.5346579849720001,124.86772918701172,5.67421259979407,5.670053864518802,0.05011116413583094
4,5,dfl,central,0.008377531543374062,0.009646335669623857,0.6806476793505929,0.016639606222849,0.00013842609206449197,0.038941826544363393,0.10411510989069939,0.377922769297253,-0.1463207873431119,0.5249007208780809,133.638671875,6.17531681060791,4.3430760258978065,0.04604327253329892,0.007653485828389724,0.011652492064361772,0.6408829987049103,0.01726558820034067,0.00020403895978423256,0.06882345552245776,0.1282311032215754,0.24707914888858795,0.02741763989130656,0.5073960969845454,118.54761759440105,6.879340410232544,6.793870806694031,0.060308638612143105
4,6,dfl,central,0.005223964975977486,0.012444763391448016,0.634340909394351,0.016489974519407206,0.00011787538185423976,0.044565756085582754,0.13845622065392407,0.4131735590371219,-0.12562692978165366,0.5113990035924044,130.1677034551447,6.884607791900635,4.610077863389796,0.053289276453501254,0.008702514227479696,0.011199210052533696,0.6106225848197937,0.016931354223440092,0.00029703700060205546,0.05360549253722032,0.15706342458724976,0.3002745906511943,0.026618679364522297,0.5096297164758047,119.08621215820312,5.900431647896767,5.770828574895859,0.04553538323382786
4,7,dfl,central,0.006114799444648353,0.012596938748505305,0.6041919859972867,0.016281733628023754,0.0002430004464341354,0.04190395399928093,0.16602917421947827,0.4385714409026233,-0.12011678381399675,0.5123223445632241,130.3982242237438,6.888071461157366,4.2039006433703685,0.05288205041856275,0.00933434022590518,0.00996262285237511,0.5885008672873179,0.017198363319039345,0.00020985997197975337,0.04495889941851298,0.17657669136921564,0.3198133160670598,0.03650259971618652,0.5087469418843588,118.83201599121094,4.804469923178355,4.795423010985057,0.03879429697948909
4,8,dfl,central,0.006723056759007953,0.010912476684263145,0.5930760421536185,0.016253066503188827,0.00013824670405814356,0.03562424059914933,0.17896812680092725,0.44476884468035266,-0.08722200718793002,0.5164966095577587,131.46838760375977,4.818999245762825,3.745264172554016,0.03663214291749453,0.007234505843371153,0.013160479837097228,0.5699491004149119,0.016854684023807447,0.0003540301434744227,0.05473131577794751,0.19550643612941107,0.33926049371560413,0.030515650908152264,0.5089133977890015,118.83681678771973,5.90571270386378,5.905681212743123,0.04634226402483804
4,9,dfl,central,0.008219436784698204,0.01225635197690942,0.5535637600855394,0.0162977582605725,0.0004178030384619805,0.03860368757424029,0.20312289825894617,0.46356209299781104,-0.06389448994939978,0.5018107267943296,127.71862480857156,5.580681653185324,3.729947346177968,0.043687446618475706,-0.00048202136531472206,0.019728096512456734,0.5521403749783834,0.017166366490225,0.00020797090777098978,0.07702149078249931,0.2159695898493131,0.35630154609680176,0.04351167877515157,0.5042961786190668,117.75623321533203,7.405540506045024,7.391903638839722,0.06591074425753086
4,10,dfl,central,0.002213233235207471,0.015707503252832048,0.5977317230267958,0.01629037388854406,0.00016303625621234957,0.049213558181443,0.20446917888793079,0.4510626210407777,-0.0528229678219015,0.5394300791350278,137.28526098077947,8.349422297694467,5.506545186042786,0.06052515911346393,0.0062427047329644365,0.012463542322317759,0.6045613586902618,0.01719243669261535,0.0001513810504055376,0.04924605103830496,0.20961713790893555,0.3468339890241623,0.04064293702443441,0.5511308113733927,128.7033780415853,5.838690300782521,5.838690300782521,0.043451470068879026
4,11,dfl,central,0.002485188486223871,0.015206318920139562,0.5950523533604362,0.016423846256326546,0.0001267661223416574,0.048111374405297364,0.21016724407672882,0.4523835656317798,-0.04205769029530612,0.5413689071481879,137.80974717573687,6.984810319813815,5.412800967693329,0.050687171774012205,0.0017913404541711013,0.017162377790858347,0.5617191990216573,0.017223366380979616,0.00017303519162699862,0.06573666073381901,0.2204759269952774,0.36230750381946564,0.04876316090424856,0.5182094077269236,121.02724711100261,7.339971264203389,7.339970747629802,0.058796957854363036
4,12,dfl,central,0.0017758446152914655,0.01571689753539183,0.5822389044544913,0.016345152123407883,0.00011475899858934017,0.04830068510703065,0.2144289192828265,0.4532811790704727,-0.033332564614035866,0.53591419079087,136.38463696566495,7.734462380409241,5.4230464046651665,0.05655882457197916,0.0017788258070747058,0.017549564596265554,0.6027767757574717,0.01718950488915046,0.00021388855817860986,0.06501826892296474,0.22317647685607275,0.3716852267583211,0.03359051545461019,0.5603456298510233,130.96539815266928,7.513626495997111,7.51362677415212,0.05737946509137392
4,13,dfl,central,-0.0007139549336650155,0.01953444404485212,0.615122223442251,0.01653109279207208,0.00022893964399951403,0.057621085211973296,0.22408598864620383,0.4765246849168431,-0.02608603916384957,0.5751091133464467,146.39319471879438,8.822370453314347,6.869625725529411,0.06054489243202416,0.0033512872954209647,0.016109129103521507,0.5923337241013845,0.017362885798017185,0.0002097530665234141,0.05530924443155527,0.24161738653977713,0.3991303990284602,0.03524118661880493,0.5702344874540964,133.27865346272787,6.409228066603343,6.409227927525838,0.048408457382633795
4,14,dfl,central,0.0007284436459568414,0.019216572696512394,0.5776634107936512,0.01685551575131037,0.0003089500612712858,0.05480066953565587,0.24692002751610495,0.478419230742888,-0.012445648962801153,0.558625031601299,142.22751305320045,8.359704825011166,6.316006969321858,0.05892528800110313,-0.006487602523217599,0.02617584417263667,0.5485474864641825,0.017823817829291027,0.0001864424202722148,0.08299351980288823,0.2658204883337021,0.43141332765420276,0.059369792540868126,0.5398323138554891,126.15939966837566,9.303561210632324,9.286058266957602,0.07578806694145926
4,15,dfl,central,0.004175398879769174,0.01656346689825031,0.5346240536733107,0.017336361152543264,0.0003402504536841827,0.04451290153982965,0.2720642320134423,0.5165027786384929,0.007214149290865118,0.5435517051003196,138.38073626431552,6.745742353526029,5.21573455767198,0.048644319855529757,0.0028719273395836353,0.017000906945516665,0.5087881336609522,0.018255922322471935,0.00016169119762092046,0.04983681517963608,0.2897865871588389,0.46655938525994617,0.07706379393736522,0.5334148903687795,124.66254297892253,5.412556091944377,5.386527438958486,0.04638111098176473
4,16,dfl,central,0.002182762096212669,0.016931217502463947,0.5063195553692904,0.017867628738961437,0.00012463506713670952,0.043582255973226645,0.28928161480210046,0.5413247441703622,0.005786703391508622,0.5331957855007865,135.73955674604937,6.093477983366359,5.073166248473254,0.04483355585962084,0.003837030536184708,0.01597061283731212,0.4713808496793111,0.018972821533679962,8.348215476416954e-05,0.044241017972429596,0.3018730878829956,0.49390459060668945,0.08610030015309651,0.5104818244775137,119.32706006368001,5.543189093470573,5.54318900903066,0.04243910524024632
4,17,dfl,central,0.003752406072718176,0.015887082009364596,0.4734386584975503,0.018442368304187603,0.0001197119651484532,0.04010490476238457,0.29691581563516095,0.5561091249639337,0.003432609818198464,0.5090131773190065,129.58728894320402,5.856473657217893,4.418065415187315,0.04543139797400932,0.00082530469323198,0.019333509262651205,0.4665065755446752,0.019068979037304718,0.00010898347085230853,0.05311659971872965,0.29828938841819763,0.5102314551671346,0.07775846620400746,0.5004533032576243,117.00391578674316,5.7675671974817915,5.767567237218221,0.053091394062407066
4,18,dfl,central,0.000490301288664341,0.018981171898882498,0.48332769626920874,0.018161977810615845,0.00013094954701084208,0.04789082972671498,0.2980314547365362,0.5682391172105615,0.02052528749812733,0.5171817107634111,131.62565404718572,6.756956834684718,5.497308633544228,0.051410093469753844,0.00027954795708258945,0.019256364243725937,0.48212064305941266,0.018890514969825745,6.453970063565369e-05,0.05130692074696223,0.3087928096453349,0.513132706284523,0.08299083014329274,0.5246570408344269,122.64274978637695,6.059053440888722,6.0590535799662275,0.050324979355942524
4,19,dfl,central,-0.0009874188425866041,0.019939298106526785,0.5029354271563616,0.01797615745189515,9.757219080293437e-05,0.049437700283967635,0.3056281534108249,0.5514240102334456,0.014103365215388212,0.5402116883884777,137.51625269109553,7.124464818022468,5.86741536042907,0.05200593125975544,0.0018142894841730595,0.01753203939491262,0.49459920823574066,0.01863857265561819,7.077563380638215e-05,0.04682509694248438,0.3124503841002782,0.5055136034886042,0.08527554074923198,0.5414162476857504,126.55339813232422,5.985731879870097,5.985731979211171,0.04477449968617104
4,20,dfl,central,0.0017406444742598317,0.016927970213476907,0.49619688906452875,0.017869696402075617,7.989183367065131e-05,0.04115908580239524,0.31761776181784546,0.5579061291434548,0.0262564095583829,0.5496744784441862,139.897685657848,5.927911496975205,4.935945013707334,0.042477018418264297,0.004609239908556144,0.015329326891029874,0.4810723016659419,0.018563334830105305,0.00013752319864579476,0.0392266009002924,0.33210275570551556,0.5238876541455587,0.08042061825593312,0.5516123175621033,128.9765281677246,5.073207388321559,5.073207378387451,0.03703929011133768
4,21,dfl,central,0.0002786063758487051,0.018626685423607178,0.5063442777503621,0.017662265507335014,0.000124302651470161,0.04560680303256959,0.32102744010361756,0.5560009371150624,0.04480888355862011,0.563837078484622,143.51512978293678,7.092485019429163,5.525335840880871,0.049222465451112925,0.0020393431186676025,0.01791569155951341,0.49972880880037945,0.018533942600091297,0.00014210922044336863,0.046869258396327496,0.32409632205963135,0.5177971621354421,0.08150545756022136,0.5593397716681162,130.74693044026694,5.780418475468953,5.780418276786804,0.04451265842892429
4,22,dfl,central,-0.00018440601839260623,0.018509625462518834,0.5076725591312755,0.01761436944996769,7.1084992242247e-05,0.04645079820924862,0.3100587319244038,0.5461723208427429,0.025549295273694126,0.5547517104582353,141.1955559470437,6.7287642657756805,5.625852617350492,0.04791191618506183,-0.0003931713290512562,0.020765062732001145,0.5024848679701487,0.018248605852325756,0.00021232855457734937,0.055935730847219624,0.3061108241478602,0.5059351623058319,0.0700219323237737,0.5435985227425894,127.07475153605144,7.1880015929539995,7.188001791636149,0.05410444085291283
4,23,dfl,central,-0.0002548311921683225,0.019640387046489526,0.49334933811968024,0.017647325484590096,0.0001738230264229721,0.05010030333968726,0.30206211046739057,0.5437228476459329,0.025502886284481396,0.5316954255104065,135.3486855246804,6.73516209423542,6.03135335309939,0.04955517523341455,0.00934105816607674,0.010810588990959028,0.44938113788763684,0.01865416547904412,0.00014974813067662277,0.028626251849345863,0.3100384473800659,0.5207515358924866,0.07412824034690857,0.5071145246426264,118.5556869506836,3.3948599050442376,3.39485976845026,0.028618517498328253
4,24,dfl,central,-0.0038977880030870438,0.022390099591575563,0.4638757597316395,0.01769125796007839,8.010536886228114e-05,0.055379427916539666,0.31426253643902863,0.5634082339026711,0.03639690036123449,0.5138771628791635,130.8121670809659,7.6868438409133395,6.41711405732415,0.05861218723482953,-0.00023378152400255203,0.020114865066716447,0.45351681609948474,0.01874839048832655,0.00011326928036699731,0.05185773801834633,0.3258720388015111,0.5378936529159546,0.07841179768244426,0.5170051058133444,120.85542678833008,6.7464487453301745,6.74644818653663,0.05172998083466102
4,25,dfl,central,-0.002020996106280522,0.020793511638079177,0.47039716758511285,0.01785199005495418,9.20525494617731e-05,0.050358245191587644,0.3255762593312697,0.5665356598117135,0.04445318877696991,0.5329194366931915,135.63540337302467,7.403185671026057,6.0446120067076246,0.05437121607958011,-0.005324261883894603,0.025070210414317746,0.48264549672603607,0.018612174317240715,0.00011337744147491928,0.06392864304749916,0.33077973624070484,0.5368112921714783,0.0882194588581721,0.5433699488639832,127.0300890604655,7.534643081327279,7.53464292238156,0.06309720365254011
4,26,dfl,central,-0.0034562256187200546,0.023026151455600153,0.4847387685017152,0.01792170073498379,0.00016482250209099385,0.054795257831839,0.3337147845463319,0.5745297724550421,0.04094840586185455,0.5523052351041273,140.565317327326,8.03273430737582,6.855852842330933,0.057299399221454834,-0.0016875740451117356,0.021337812145551045,0.4741007785002391,0.018958790538211662,6.914475044557851e-05,0.05237535573542118,0.3541131615638733,0.5537913342316946,0.09846298396587372,0.5603524843851725,131.0230827331543,6.823902567227681,6.823902726173401,0.050867006019144956
4,27,dfl,central,-0.004072620956735177,0.023335881795818834,0.4774454263123599,0.018203229050744663,0.00010600319001730085,0.05332485618154434,0.3582986850630153,0.585072625767101,0.055496333674951034,0.5681997212496671,144.62645790793678,8.054330495270817,6.811863148754293,0.05582944744538277,-0.00034276147683461505,0.021401571420331795,0.45695556203524273,0.01901858455191056,0.0002040225095475042,0.05059440263236562,0.3690120379130046,0.5749817589918772,0.09661971032619476,0.5590450664361318,130.71233113606772,5.828354199727376,5.828354229529698,0.048881710974550664
4,28,dfl,central,-0.004768299743194471,0.02424603510140018,0.48861111023209314,0.017935093915597958,0.00015426415360223186,0.05627134840258143,0.3510811532085592,0.5869591479951685,0.05105475268580697,0.5723853517662395,145.6950087113814,8.008674564686688,7.091019228100777,0.05505915967961617,0.0030921190045773983,0.017164598995198805,0.4693085352579753,0.018991457919279735,0.00012652596253322676,0.04160897449279825,0.3561081290245056,0.5606540640195211,0.09686486423015594,0.5616211493810018,131.25124867757162,4.983471771081288,4.983471850554149,0.03994397406235946
4,29,dfl,central,0.0022452941841699862,0.0173857176348313,0.45243622904474085,0.01814422206106511,0.00014867896823817455,0.040914782518732616,0.3493137982758609,0.577663703398271,0.06848864663730968,0.5385507236827504,137.1255909312855,5.5766852403228935,4.859010684219274,0.040913272437183595,-0.0034246651145319142,0.023916596507964034,0.430557186404864,0.019225298427045345,0.00012666325468065528,0.058783787147452436,0.34451480706532794,0.5593700508276621,0.07517709334691365,0.5087263385454813,118.8883908589681,6.958657801151276,6.958657701810201,0.05804958401500762
4,30,dfl,central,-0.0014382637190547857,0.02063890511635691,0.4319170740517703,0.018280095674774864,9.205457953049228e-05,0.048661889296702364,0.3400941369208423,0.5860044902021234,0.03661071576855399,0.5095528797669844,129.70197053389117,6.306538804010912,5.563149392604828,0.048962134855839355,-0.009993618664642176,0.030669155220190685,0.4397606650988261,0.019236855829755466,0.0001438680976661999,0.07378918801744778,0.35213907063007355,0.5694488982359568,0.07966452836990356,0.5180889169375101,121.06733830769856,8.624646663665771,8.624646663665771,0.07296394887533363
4,31,dfl,central,-0.0056820915673266754,0.025520036081698807,0.4355331767689098,0.018388471312143585,0.00014494734007868877,0.05825761358507655,0.3606198159131137,0.607775254683061,0.05624179135669361,0.5280453914945776,134.39453957297584,7.802807157689875,6.875310345129534,0.057755571737470264,0.002282387732217709,0.01894519624571937,0.41912300884723663,0.019461104025443394,0.00017664795715669848,0.04342985419013227,0.37507880727450055,0.5910483002662659,0.09382052222887675,0.5313286681969961,124.15233993530273,5.255763366818428,5.25576360275348,0.04267867638057501
4,32,dfl,central,-0.0032373441129245543,0.0230867029432292,0.433452924544161,0.018541006117381832,0.00013083529715435753,0.050134902745908635,0.38570782948624005,0.6112880164926703,0.06558213179761713,0.5515542951497164,140.36460252241656,6.803264363245531,6.116300597786903,0.048408082385574654,-0.0030613536946475506,0.024177954376985628,0.42825137078762054,0.019687204621732235,0.0001429396044538104,0.05292512817929188,0.4035315215587616,0.6126480301221212,0.11101679007212321,0.5623666147391001,131.4199562072754,7.070149381955464,7.0701496203740435,0.050915523461800234
4,33,dfl,central,-0.005883460568094795,0.025150516197424044,0.4362806433981115,0.018537617288529873,7.294382298684742e-05,0.05473367548124357,0.3945260413668372,0.6234236576340415,0.06653850593350151,0.5619034279476512,143.0441630970348,7.573253783312711,6.658198589628393,0.053114634025190344,0.003513401374220848,0.017383231470982235,0.4198675403992335,0.019466938450932503,0.000142969401016065,0.03922031664599975,0.3911906083424886,0.6008796493212382,0.09833898643652599,0.5489540696144104,128.29865392049155,4.74563866853714,4.7456386884053545,0.03792816789432105
4,34,dfl,central,-0.0011087786829607053,0.021484264998104085,0.42599813504652545,0.018499903677200728,0.00018755827468811245,0.04668501527471976,0.3864371966231953,0.6213929030028257,0.06800763715397228,0.5476297085935419,139.41926227916372,6.570831022479317,5.580672518773512,0.047116024811410036,-0.003725747267405192,0.024434398238857586,0.41880376636981964,0.019520556243757408,0.00011880951824509249,0.05520062707364559,0.3889627357323964,0.5982762773831686,0.0985208551088969,0.5385793050130209,125.87169520060222,6.734138369560242,6.734138568242391,0.05342034111744787
4,35,dfl,central,-0.0035641325468366795,0.023082150125198743,0.42070921849120746,0.01848627533763647,0.00010317421434148277,0.0509179217571562,0.37877107479355554,0.6165189092809503,0.06786753237247467,0.5316030464389108,135.33471991799095,6.744327761910179,6.081559175794775,0.04994718430441885,0.0034976014867424965,0.017287179362028837,0.4002265930175781,0.019796008865038555,9.887723372988451e-05,0.03927272977307439,0.3820904692014058,0.5989534854888916,0.08957638343175252,0.5207732220490774,121.69922129313152,5.012327531973521,5.012327671051025,0.039003662442399945
4,36,dfl,central,-0.0024381445043466306,0.022154936323535036,0.3973046703772111,0.019006406719034367,7.103852442178685e-05,0.048353802328082646,0.38614269413731317,0.6283503581177105,0.06477296216921373,0.5182662389495156,131.9286238930442,6.437901253050024,5.604269409721548,0.04915997377914023,-0.0011536367237567902,0.022125178986849885,0.38974474370479584,0.02010872835914294,8.628137845789752e-05,0.048429444742699466,0.4013081341981888,0.6141673624515533,0.10093791286150615,0.5249118606249491,122.64058367411296,6.4128809322913485,6.412880818049113,0.04769198643944716
4,37,dfl,central,-0.004738146820190278,0.024314857897645033,0.40530386431650683,0.01879806113852696,7.786498603643757e-05,0.05137148937633769,0.4008419391783801,0.6396093964576721,0.07924764264713634,0.5380874574184418,136.95630819147283,7.262879946015098,6.134918597611514,0.05278222556122871,0.0038128610079487166,0.016965355491265655,0.40073896447817486,0.019869362624982994,9.088536022261451e-05,0.03678569903907677,0.4084580938021342,0.6193196674187978,0.1080878476301829,0.5473333795865377,127.8676872253418,4.908718059460322,4.908717999855678,0.03585185284280659
4,38,dfl,central,-0.005457033995877613,0.0251652513821186,0.4159655381332744,0.018891918557611378,8.162984773753898e-05,0.05377287993376905,0.4056262563575398,0.6288975016637282,0.09100756997411902,0.5521162016825243,140.53254734386098,7.40981023419987,6.587926095182246,0.05275688040995137,0.002705917383233706,0.017850213839362066,0.4018002947171529,0.02002951130270958,5.266199477205191e-05,0.039128950952241816,0.40793194870154065,0.6134342153867086,0.11477042734622955,0.5453057885169983,127.37926737467448,4.49123368660609,4.49123368660609,0.03885893130331645
4,39,dfl,central,-0.005774221171370961,0.02567640133202076,0.40177693285725335,0.019152944145554848,7.492360197809815e-05,0.0554615022953261,0.39550822702321137,0.6293811825188723,0.07730502702973106,0.5260922068899329,133.9375235817649,7.4760589816353535,6.715046411210841,0.055837984818633245,-0.0006254144633809725,0.021166681350829702,0.38539530833562213,0.020286225713789463,2.5504133949046565e-05,0.0471119093708694,0.39233983556429547,0.611428846915563,0.10226956009864807,0.5117767055829366,119.56479771931966,5.810534745454788,5.810534904400508,0.04791592885181168
4,40,dfl,central,-0.006690165027976036,0.026471711779859932,0.40233099325136706,0.019073718523775988,7.07828116392826e-05,0.05703278055245226,0.3941928202455694,0.6327276067300276,0.09103402901779521,0.5266246037049727,134.0314722928134,7.968876399777153,6.98382294178009,0.05916116499159967,-0.005665714852511883,0.026350656369080145,0.4124179234107335,0.019919343603154022,7.6559790831728e-05,0.058135787645975746,0.4017790804306666,0.6128634115060171,0.11537458499272664,0.5415263076623281,126.52246220906575,6.849126001199086,6.849125842253367,0.05792905634956102
4,41,dfl,central,-0.000999552197754383,0.02064090879337693,0.4147020307454196,0.018848148513246666,7.932081225124999e-05,0.043662816466001626,0.4044295698404312,0.6369993686676025,0.08718001029708168,0.5543258894573558,141.07603870738637,5.9480314308946785,5.50575994903391,0.04200787133602968,0.0028545252668360868,0.018563946553816397,0.4039471248785655,0.019885571363071602,0.00015329006221994254,0.04014399414882064,0.4133261392513911,0.623476912577947,0.10895735522111256,0.5533420145511627,129.27879333496094,5.35690591732661,5.356905897458394,0.03914549729882177
4,42,dfl,central,0.00021000286902893674,0.019932545224119993,0.40138470313765784,0.01896543131971901,0.00011771168698776984,0.04150791803840548,0.41469839350743726,0.6493992317806591,0.09598684717308391,0.5507920736616309,140.2027580954812,5.62052888490937,5.162311781536449,0.04005761691514583,-0.0019246844264368217,0.02302042053391536,0.39454466104507446,0.02022374824931224,8.719877841182704e-05,0.04880597721785307,0.4237813552220662,0.6336392064889272,0.11968971292177837,0.549103170633316,128.27376302083334,6.378797630469005,6.3787974913914995,0.04789896092307691
4,43,dfl,central,-0.004532252650030635,0.025039351513524623,0.39174233647910034,0.019118608822199432,0.0001388489771076771,0.05107440056533299,0.425317493352023,0.6636210680007935,0.09156493165276268,0.5478980161926963,139.4696967385032,7.125266822901639,6.30474946715615,0.05093661327005308,-0.0031268438324332237,0.025104100932367146,0.3865554283062617,0.020227897291382153,0.00017493601080786902,0.052196619644140206,0.43507038553555805,0.6494743923346201,0.11813344558080037,0.5516367057959238,128.87913386027017,7.048953016599019,7.048953379193942,0.05025069193635387
4,44,dfl,central,-0.007768904028291052,0.02803974240404469,0.3991536484523253,0.019185703036121347,0.00010851356408507358,0.056442774684083735,0.4396109499714591,0.662604732946916,0.09902268241752278,0.5653926215388558,143.91188153353605,8.053132699294524,7.021431130441752,0.05594389874252768,-0.01498013703773419,0.036073315578202404,0.3981560518344243,0.020511701392630737,5.814771894089669e-05,0.0741551046570142,0.45002030829588574,0.6501781145731608,0.1373514731725057,0.565237691005071,132.02271779378256,9.56827183564504,9.56827195485433,0.07101323826588775
4,45,dfl,central,-0.0010361566885628483,0.021151910795279862,0.37830060720443726,0.019475421444936233,6.403327296182356e-05,0.04287726414093578,0.44026252085512335,0.6677225557240573,0.10389536077325995,0.5525474548339844,140.6783710826527,5.6433350945060905,5.168725405227054,0.040067852763285734,-0.010156471437464157,0.0317367611763378,0.37582502762476605,0.020531580162545044,0.00010487099931803338,0.06570445063213508,0.43958214422067005,0.6568534076213837,0.12402048707008362,0.539003441731135,125.94016647338867,8.590479691823324,8.590479473272959,0.0641563804366667
4,46,dfl,central,-0.0021788648499006576,0.023388590187426995,0.37489674443548376,0.019492930732667446,0.00017167946104217953,0.04758086408996447,0.4370972351594405,0.6725537587295879,0.10436614128676328,0.5450205152684992,138.7288898121227,6.146413660862229,5.679617921059782,0.04445940750507671,-0.00052755248422424,0.021734249700481694,0.36502790947755176,0.0206183772534132,5.883196172362659e-05,0.04441963384548823,0.4444769322872162,0.6570213337739309,0.1341874897480011,0.5418140292167664,126.60644912719727,5.251695990562439,5.251695990562439,0.0430980748120715
4,47,dfl,central,-0.012143000748685816,0.0333793330937624,0.38073631714690814,0.01969964150339365,0.00015366908861964973,0.06776847758076408,0.44227744367989624,0.6715739098462191,0.1140828322280537,0.543397681279616,138.3150152726607,9.189831018447876,8.228215889497237,0.0665338053654982,0.0020743741964300475,0.019889833997391786,0.3529098629951477,0.021106559472779434,8.576480786359753e-05,0.04039878989957894,0.45449235538641614,0.6557613809903463,0.15329353014628092,0.5389126042524973,125.90855344136556,5.25679665307204,5.25679665307204,0.03975271087611296
4,48,dfl,central,-0.003552470694888722,0.024667244584468954,0.35609292035753076,0.0202433046546172,8.714691446880126e-05,0.04847030936401676,0.45509952713142743,0.6877719407731836,0.1299821768294681,0.5395416509021412,137.3369140625,6.555591985583305,5.877298723567616,0.0476401973643954,-0.012755368215342363,0.03476408449932933,0.3581106712420781,0.021430202138920624,5.785136818777422e-05,0.06840805057436228,0.47598332663377124,0.6700451175371805,0.1700821965932846,0.5500976343949636,128.5330556233724,8.30812027057012,8.3081201116244,0.06691915934104192
4,49,dfl,central,-0.006732786793939092,0.027737485033205965,0.35916834527795966,0.02026031513444402,7.443832197835802e-05,0.05428381628272208,0.4628460149873387,0.6877253922549161,0.13287471505728635,0.5468172891573473,139.1933250427246,7.8774561285972595,6.721944294192574,0.0567271772883623,-0.004688395032038291,0.026073560118675232,0.3576613167921702,0.021257510408759117,1.27655195948743e-05,0.05319383119543394,0.45789462327957153,0.6490130126476288,0.16228132446606955,0.5402386585871378,126.24073028564453,6.935224413871765,6.935224612553914,0.0523151350596389
4,50,dfl,central,-0.013308539266952059,0.034492795524949375,0.36128946325995703,0.02035388926213438,8.303669524067914e-05,0.06837441145696423,0.4587414115667343,0.6872856210578572,0.13662413507699966,0.5377017855644226,136.87949510054156,9.041910675438968,8.321572786027735,0.06603040101895628,0.002683066762983799,0.01908464132187267,0.33370677133401233,0.021480838457743328,2.8686961006959184e-05,0.03830181031177441,0.4644662986199061,0.6645567119121552,0.15409193187952042,0.5316763718922933,124.26971689860027,4.872146626313527,4.872146745522817,0.037720884537059705
4,51,dfl,central,-0.004783693574030291,0.02628641684581949,0.34262070737101813,0.0205979027192701,9.048204231396831e-05,0.05174849855459549,0.4544379142197696,0.6893597109751268,0.133465244688771,0.5248289189555428,133.55867385864258,6.781512120907957,6.284987247802994,0.050857056755090085,-0.012412472317616144,0.034330599630872406,0.34724896649519604,0.021517679716149967,4.0044739677114194e-05,0.06881022763748963,0.45967547098795575,0.6689505676428477,0.1420559212565422,0.5253976285457611,122.80129496256511,8.153733332951864,8.15373428662618,0.06900959103081895
4,52,dfl,central,-0.010294357314705849,0.03190048409371891,0.340623294765299,0.020684893243014812,9.212335611475841e-05,0.0626550991596146,0.4531910609115254,0.7048735564405267,0.13371929390863938,0.5168415660207922,131.55331767689097,8.391531835902821,7.568678351965818,0.06350076849721847,-0.01027302723377943,0.03238262655213475,0.3266795476277669,0.021943119664986927,1.6647973401025713e-05,0.0640441436941425,0.4556911289691925,0.6898579200108846,0.13284432888031006,0.5050756335258484,118.06414794921875,7.5647865037123365,7.5647865037123365,0.06509160646639445
4,53,dfl,central,-0.004341021561148492,0.02564468523699113,0.3331446051597595,0.020760576833378185,5.4308701782639964e-05,0.04937083305875686,0.4549683644012971,0.7133432464166121,0.13276071575554935,0.5183063610033556,131.91842859441584,6.703514477068728,5.944093999537555,0.05120908399075786,-0.004786114829281966,0.026475515876275797,0.3432314246892929,0.02140901020417611,2.8039086600983865e-05,0.05227661536385616,0.46352701385815936,0.6777849495410919,0.15106615920861563,0.5329311390717825,124.57544835408528,6.276316424210866,6.276316026846568,0.05215055142250722
4,54,dfl,central,-0.0013915454037487507,0.022409291895614428,0.35047993741252204,0.02026003768498247,7.577087220314834e-05,0.043219963829456406,0.4648721746423028,0.7090270221233368,0.1289284798231992,0.5461741333658044,139.03923312100497,5.65845334936272,5.396237105131149,0.04049075093246189,-0.001073606622715791,0.022633166207621496,0.3408977339665095,0.02127237773189942,2.871817733899699e-05,0.04430084892859062,0.4746601829926173,0.682074616352717,0.1605247507492701,0.5457734564940134,127.57996368408203,5.351842105388641,5.351842045783997,0.04322106105018448
4,55,dfl,central,-0.008032428185370836,0.029489031262611123,0.3415020230141553,0.020565749230709942,8.90853752457071e-05,0.05620304558595473,0.47525283152406866,0.7217298746109009,0.13875272463668475,0.540113774212924,137.47702303799716,7.623091180216182,6.846339989792217,0.05533319128284148,-0.0014860002944866817,0.02372053436314066,0.318332036336263,0.02179459451387326,4.399398198510577e-05,0.04499504001190265,0.49569380780061084,0.7089396119117737,0.18131429453690848,0.5429722567399343,126.92085520426433,4.950942158699036,4.950942198435466,0.04380981935936897
4,56,dfl,central,-0.00618022002957084,0.027590713685971092,0.33298559486866,0.020577235147356987,8.332582799025994e-05,0.05093909861435267,0.4962516034191305,0.7422419325871901,0.1350545734167099,0.5558460327711973,141.47887490012428,6.8892280947078355,6.238587880676443,0.04846516790073441,-0.010053141353031,0.031975737772881985,0.34396366278330487,0.02128421515226364,6.383814915504142e-05,0.061073486072321735,0.4918685555458069,0.6949239472548167,0.16068270802497864,0.5571149488290151,130.20186360677084,7.748901089032491,7.748900731404622,0.05784974281544338
4,57,dfl,central,-0.009171364193951542,0.030452958625656636,0.3510558144612746,0.019882686859504742,0.0001398907766604845,0.058213417915712024,0.4711247682571411,0.7105001400817524,0.11765288629315117,0.545535843480717,138.8469748063521,7.398667378859087,6.954582577401942,0.053424921910032896,-0.00715407853325208,0.02893731890556713,0.3398839384317398,0.020968561992049217,8.146782977188256e-05,0.057276482305799924,0.47367994983990985,0.6792547106742859,0.1526278629899025,0.5387474695841471,125.90766779581706,7.332320461670558,7.332320302724838,0.053616558434209725
4,58,dfl,central,-0.006740931802513925,0.028026938710933213,0.34148655289953406,0.019827829419889233,0.0001458177699514739,0.05377417226025665,0.47444173287261615,0.7170255536382849,0.11308959465135228,0.5428248670968142,138.15050714666194,6.853651129386642,6.245826337825168,0.049780753222934855,-0.007536661500732104,0.029360836526999872,0.34322965641816455,0.020800104054311912,0.00010240713117563398,0.057915679489572845,0.4783598134915034,0.6904402077198029,0.13229083021481833,0.5466900765895844,127.77593739827473,6.695281207561493,6.6952813267707825,0.05328505710187336
4,59,dfl,central,-0.003129633693871173,0.02361952979117632,0.3498800302093679,0.01931893580000509,0.0001170960438256233,0.045869526654397225,0.46111231500452216,0.7071817679838701,0.08449162542819977,0.5442722493951971,138.54787063598633,6.228611186824062,5.288591277870265,0.04509749701303688,0.006689181551337242,0.015003540591957668,0.3582243124643962,0.020059273578226566,0.00016334482213172427,0.03044713948232432,0.45548824965953827,0.6575116316477457,0.09300452470779419,0.5540233552455902,129.51008733113608,3.523990442355474,3.523990531762441,0.027616092270169926
4,60,dfl,central,-0.0043762009167535735,0.02450977968030863,0.3807889236645265,0.018747893246737393,0.00013856856794641266,0.04850812401326204,0.4490769573233344,0.6756842298941179,0.06630999120798978,0.5610099949619987,142.7962278886275,6.255492650649765,5.694383520971645,0.04400721453661581,-0.009745735364655653,0.031170195890202496,0.38624854882558185,0.01996086568882068,0.00014635946096556532,0.06351431100241219,0.4573337783416112,0.6556815703709921,0.086203932762146,0.5657316843668619,132.2328364054362,7.313436274727185,7.313436110814412,0.05641593413770901
4,61,dfl,central,-0.005902345038273118,0.027512217115145177,0.36903504079038446,0.018772467886182396,0.0002837403969118539,0.05531131220050156,0.4428380158814517,0.6734055578708649,0.07348352941599759,0.5401892228560015,137.53069964322177,7.0283652205358855,6.27367033877156,0.05117943635730918,-0.008494621142745018,0.030436860552678507,0.3546101798613866,0.02033830837657054,0.0001603930621267106,0.06432599450151126,0.44008710980415344,0.6497145891189575,0.12130051851272583,0.5199006696542104,121.55420748392741,6.985140562057495,6.985140721003215,0.059006726587153585
4,62,dfl,central,-0.015632694290781565,0.03688365983014757,0.3550242781639099,0.019646455110474068,0.00016045100917453067,0.07593568566847932,0.4331139326095581,0.6787401302294298,0.12024245275692506,0.5080211406404321,129.28720439564097,9.44351676377383,8.501351128924977,0.07295266661391188,-0.0009418538150688013,0.022578652715310454,0.3282584100961685,0.02119238954037428,4.444092610356165e-05,0.04647779744118452,0.4507814993460973,0.6700158019860586,0.17232460776964822,0.5104709267616272,119.32921981811523,5.521324177583058,5.521324237187703,0.04419549797165304
4,63,dfl,central,-0.008154564029113813,0.029455888085067272,0.3285331549969586,0.020261677405373615,0.00010396467177480935,0.05671177317642353,0.46400022371248767,0.7115433378653093,0.12530874664133246,0.5179885138164867,131.83034064553001,7.0168303793126885,6.478255450725555,0.05298956815290881,-0.018572710764904816,0.04113044224989911,0.33125733335812885,0.021380713519950707,0.00011770179670141563,0.07955196608478825,0.48721708357334137,0.71696537733078,0.1421416997909546,0.5317136347293854,124.29297892252605,9.242048422495523,9.242048382759094,0.07233808523579195
4,64,dfl,central,-0.014700316739353266,0.03599482988515361,0.33540650795806537,0.02013104222714901,0.0001163470986605055,0.06571454520929944,0.49314282699064776,0.7512291453101418,0.08876353095878255,0.5475315559994091,139.3499429876154,9.072855326262387,7.62732335654172,0.06478595615114457,-0.008193373835335175,0.03029660073419412,0.3331251343091329,0.021354880183935165,7.483469721591973e-05,0.05586436359832684,0.5042834132909775,0.7321885128815969,0.11543733874956767,0.5607186357180277,131.04950459798178,6.849028031031291,6.8490281502405805,0.05032325506846592
4,65,dfl,central,-0.0008098612624135884,0.024270968765697697,0.33522937108169903,0.02003094587813724,0.0003430161505093565,0.04321473985063759,0.5011660565029491,0.7582488845695149,0.0798363441770727,0.5662852661176161,144.1259758689187,5.914872168139978,5.160896247083491,0.04108970843930235,-0.007432430672148864,0.03007132171963652,0.3549467772245407,0.0208545100564758,0.00017843806464649484,0.05716506950557232,0.491972694794337,0.703560342391332,0.10318055748939514,0.5700810849666595,133.23401896158853,7.012919505437215,7.0129194259643555,0.05121814603588806
4,66,dfl,central,-0.006152380257844925,0.027480110452002424,0.3557751869613474,0.019450954838909885,0.00018767756752037133,0.05135419169991193,0.4719837578860196,0.7129846296527169,0.09650424258275465,0.5547052594748411,141.18904321843928,6.76176102865826,6.246420695023104,0.04786290554409241,-0.01312643475830555,0.03560852911323309,0.34540335337320965,0.021173702242473762,0.0001308391845971831,0.06950170577814181,0.48481827477614087,0.6888177593549093,0.14432454109191895,0.546912690003713,127.83488464355469,7.665193259716034,7.665193577607472,0.06334855854573708
4,67,dfl,central,-0.003316361584107984,0.025432555089620026,0.3209764185276898,0.020176439461382954,0.0001939754133505031,0.046781538435342634,0.4920113736932928,0.7362163364887238,0.11159947920929301,0.5415962880307977,137.8766292225231,5.959728744896975,5.376740433953025,0.043126132329551335,-0.01089829687650005,0.033889519438768424,0.31226636469364166,0.02170211759706338,0.00012891044836275492,0.06524358565608661,0.49922098219394684,0.7094648877779642,0.15626137455304465,0.5316074093182882,124.27566591898601,7.294972062110901,7.294972201188405,0.05822098635376191
4,68,dfl,central,-0.00782352550463243,0.03093445328572257,0.30445531687953253,0.0206983234225349,0.0002412604483494492,0.057859790596095,0.4867784638296474,0.7399723611094735,0.13464731790802695,0.516397699713707,131.46308482776988,6.846257827498696,6.383602180264213,0.05232075939649905,-0.007467969320714474,0.03076867355654637,0.29290327429771423,0.022144856862723827,0.00011558474362516336,0.0602495651692152,0.49560147027174634,0.7100640535354614,0.18703589091698328,0.5119248827298483,119.68643569946289,6.601253072420756,6.601253271102905,0.05352891854596139
4,69,dfl,central,-0.012238330165432259,0.03406689358367161,0.2950867035172202,0.021044900386848232,7.836629908976953e-05,0.0628742106597532,0.49733932045373047,0.7551470317623832,0.12826784226027402,0.514216195453297,130.86645369096235,7.685966502536427,6.7750960913571445,0.05874151865760247,-0.00385380412141482,0.02765053165300439,0.2866318076848984,0.022270729765295982,0.00015259976885317883,0.05317511968314648,0.5120761891206106,0.7233399649461111,0.17302658160527548,0.5239506761233012,122.47165934244792,5.145051091909409,5.145051151514053,0.04690046703892162
4,70,dfl,central,-0.006615979385308244,0.02962480412415144,0.2977431687441739,0.020839784548363903,0.00021690401176580306,0.05333325061523779,0.5115501122041182,0.7583810470320962,0.1293106810613112,0.5325724726373499,135.5690487948331,6.665177682583982,5.997079509225759,0.0488745650698387,-0.00038779526948928833,0.023984775102386873,0.2874627908070882,0.022240597133835156,0.00013563827119848307,0.04491176689043641,0.521166205406189,0.7284884750843048,0.17061111330986023,0.5359209577242533,125.23374684651692,4.637395799160004,4.637395739555359,0.039476907218474626
4,71,dfl,central,-0.006636317988688295,0.02952019804665311,0.2988335273482583,0.02079455207355998,0.0002089328008465104,0.05272539396008307,0.5143706744367426,0.7569821856238625,0.1203692149032246,0.5355421548539941,136.31286413019353,6.4449610303748734,5.900201778520238,0.047533723611731166,-0.0016685288089017074,0.025158956026037533,0.2893411765495936,0.022083388331035774,0.00014070387485768757,0.04696100810542703,0.521641363700231,0.7250928084055582,0.14401752750078836,0.5377608935038248,125.66028467814128,4.893398642539978,4.893398443857829,0.04088070906596912
4,72,dfl,central,-0.013118741483512249,0.03622246844778684,0.30146598003127356,0.020927009934728794,0.00021767170940217346,0.06337919920174913,0.5228994271971963,0.7647826129739935,0.09824987433173439,0.5396805920384147,137.38863442160866,7.740246994928881,7.109067992730574,0.05656295866342221,-0.004401249811053276,0.027391682844609022,0.28304939965407055,0.022393304544190567,5.971282553218771e-05,0.049964585031072296,0.5300218959649404,0.7377995749314626,0.15673866868019104,0.5362942715485891,125.31633122762044,5.7631849249204,5.763185044129689,0.04325835357068519
4,73,dfl,central,-0.00494952080771327,0.028406918070025065,0.28569422933188354,0.021270035681399433,0.00021873614770646037,0.049735807326876304,0.5243353166363456,0.7667387100783262,0.12010825222188776,0.5327866185795177,135.637827092951,6.280359419909391,5.494520062750036,0.04666172774244248,-0.008441380380342403,0.03165265545248985,0.2788867602745692,0.022611765811840694,5.9950879669183145e-05,0.058863633312284946,0.5227215588092804,0.7293466031551361,0.1775994598865509,0.5206349790096283,121.67395083109538,6.70645668109258,6.706457088390986,0.051056941812675276
4,74,dfl,central,-0.006061387333002957,0.029507935777391223,0.2806427912278609,0.021564359522678635,0.00018821887091359133,0.05373316391540522,0.5058477101000872,0.7599014152180065,0.14932416514916855,0.509324393489144,129.64964398470792,6.2900723720138725,5.787849713455547,0.048725786356190674,-0.0039940148902436095,0.027736362690726917,0.27326199412345886,0.02278802202393611,9.543259916237427e-05,0.05264863154540459,0.5093863805135092,0.7164069414138794,0.20137324929237366,0.5060267696777979,118.25637499491374,5.852887352307637,5.852887352307637,0.04609915855587935
4,75,dfl,central,-0.0062428868206387215,0.030082141684198923,0.2691057432781566,0.02232635012743148,0.00015129048387181726,0.05473762748508968,0.5075992941856384,0.7517808323556726,0.16190567003055054,0.49792186644944275,126.73676854913884,6.2444687675346024,5.804581720720638,0.049252375858904456,-0.0030855373479425907,0.027217842017610867,0.25751011570294696,0.02351480225721995,6.175022781462758e-05,0.05180302727967501,0.5112982094287872,0.7162774701913198,0.22821059823036194,0.4936505804459254,115.33835919698079,5.357167522112529,5.357167641321818,0.04573382333850622
4,76,dfl,central,-0.0012988891367885199,0.02539346416861835,0.265318708663637,0.02197941519658674,0.00021151595253534404,0.044961581683971664,0.5201427123763345,0.7670059637589888,0.12910096211866898,0.5123881887305867,130.4151909568093,5.344494407827204,4.8401426645842465,0.040861554118415515,-0.008226328529417515,0.0329455901713421,0.2724175999561946,0.023013191297650337,0.00017060708230095165,0.059999776693681874,0.536636879046758,0.7447753051916758,0.16419174273808798,0.526178628206253,122.9384282430013,6.866619835297267,6.866620033979416,0.05175418802394711
4,77,dfl,central,-0.005790268324992873,0.029295629864050585,0.27818271246823395,0.02177001205696301,0.00017353497429439813,0.05073054553940892,0.5263776779174805,0.7709765434265137,0.1257682659409263,0.5241271501237695,133.4069817282937,6.099091475660151,5.633684402162379,0.04593732256620142,0.002331715077161789,0.021376842400059104,0.27091704308986664,0.022905918769538403,8.026389434689918e-05,0.039533556050931416,0.52435702085495,0.7297705709934235,0.17493893702824911,0.522420197725296,122.04191207885742,3.8811823626359305,3.8811824123064675,0.03453963624826311
4,78,dfl,central,-0.009607575706798922,0.033473778391701424,0.2926264771006324,0.021506815471432426,0.00023593869433243114,0.05977207095235248,0.49883844635703345,0.7416321743618358,0.13900694251060486,0.5087479650974274,129.5182130986994,7.250977406447584,6.588161797686056,0.05583445423245141,-0.008314269284407297,0.03248736417541901,0.29193813105424243,0.022583722757796448,0.00015893724232303916,0.0625099806735913,0.4917156994342804,0.7020392020543417,0.1724002162615458,0.5022067377964655,117.33953221638997,6.4544845422108965,6.454484661420186,0.055810944921943134
4,79,dfl,central,-0.008146815171295946,0.031205305744978516,0.29052847488359973,0.0214099825613878,0.00016485079700730282,0.05436359324746511,0.5044083297252655,0.7548256326805461,0.1168714626268907,0.5152015550570055,131.13094052401456,6.45348896221681,6.037780975753611,0.04945681948164558,-0.0006946173186103503,0.024992036012311775,0.2706900288661321,0.02287637193997701,0.00014210465807688402,0.04469538573175669,0.5319239894549052,0.7450082798798879,0.1383086840311686,0.5273131827513377,123.18308893839519,4.987528880437215,4.98752882083257,0.03874593421170231
4,80,dfl,central,-0.009217736692252483,0.03267180580455302,0.27691658992658963,0.022015004757453095,0.00014390643872549705,0.05476374293423512,0.5333994139324535,0.7812274558977648,0.11482871662486684,0.5277178233320062,134.3380810130726,6.931764930486679,6.154011620716616,0.051711174364097494,-0.017646855674684048,0.04175451211631298,0.28756191829840344,0.022893577503661316,0.0001214078395908776,0.0738518051803112,0.5367419024308523,0.751237561305364,0.12843844294548035,0.5317801932493845,124.24008687337239,7.783239523569743,7.783239841461182,0.0633953276122493
4,81,dfl,central,-0.008024413011629473,0.031362514667720956,0.2786945043639703,0.021637108600275082,0.00017009929912926611,0.05218481192026626,0.5353805693713102,0.7831047204407778,0.1059211939573288,0.5321505286476829,135.45376482876864,6.294423241506923,5.848905379121954,0.046389951257459656,0.008354298459986845,0.01774400204885751,0.2615177681048711,0.02265442783633868,0.00034438728835084476,0.031520638382062316,0.5427615543206533,0.7555029491583506,0.10459048549334209,0.5366178154945374,125.40521494547527,3.0023402298490205,3.002340219914913,0.026255240508213738
4,82,dfl,central,-0.009066751565445553,0.035271267110312525,0.2673510279167782,0.021980080838230522,0.00042244349110247145,0.05859553018076853,0.5469530820846558,0.7940577864646912,0.08399303122000261,0.5301019874486056,134.94499830766156,6.8310675309462985,6.469810888171196,0.05018019011395653,-0.016989854009201128,0.042199155781418085,0.25368089477221173,0.023888855551679928,0.00013204473801427716,0.0743919328475992,0.5567656954129537,0.7557757596174876,0.14617041746775308,0.5190353790918986,121.30556678771973,7.21749746799469,7.217497706413269,0.06190182804260377
4,83,dfl,central,-0.014462185727263039,0.038771812211383476,0.25579639727419073,0.022559274072674187,0.0001750352713646531,0.06621345903047106,0.5440533405000513,0.7901102168993517,0.10118054530837318,0.512921929359436,130.59552522139117,7.419944868846373,6.983241503888911,0.056808427699575746,-0.002627341697613398,0.028381727325419586,0.24308044463396072,0.02350304586191972,0.00022513400078120563,0.052416331910838686,0.5381473004817963,0.7443645596504211,0.12291501959164937,0.5059522787729899,118.24834950764973,4.920595248540242,4.919372618198395,0.04244375945596246
5,1,dfl,central,0.027374151162803173,0.002980854597725821,0.36836621368473227,0.02838001112368974,0.00019749946844559543,0.018046012381091714,-0.004412552897437391,0.25688805464993825,-0.29444552958011627,0.21080631254748863,53.45791790702126,2.227950978685509,0.8971604041077874,0.04072995308987306,0.02200036992629369,0.0036299216638629637,0.5506086548169454,0.021208003473778565,0.0004422288216877253,0.05544722732156515,0.019331357441842556,0.13364729285240173,-0.09544462462266286,0.3502110242843628,81.59277216593425,4.5326196153958636,4.372513175010681,0.05484409110399341
5,2,dfl,central,0.016673350241035223,0.005022974261506038,0.6433958167379553,0.019462813284586777,0.00022335112716250066,0.021268644856966355,0.027374546498652886,0.3369483270428397,-0.30309613997286017,0.42968830601735547,109.28422546386719,4.038811198689721,1.9309295415878296,0.0375409754985624,0.01780769197891156,0.00460682207873712,0.7081094781557719,0.018843002306918304,0.0003571511450293959,0.05840675067156553,0.0401939240594705,0.16969185570875803,-0.07318157454331715,0.491373211145401,114.51828956604004,6.1167023579279585,6.025185783704122,0.05554864647469904
5,3,dfl,central,0.011435147332535549,0.00821546951986172,0.7191074761477384,0.018002260307019406,0.00016483565056546468,0.035338254031640565,0.0535773690789938,0.3524071790955283,-0.2661901644685052,0.5132940736683932,130.64874545010653,6.155105059797114,3.8842009475285355,0.0470934373342625,0.015236864642550548,0.006486056644159059,0.7161014278729757,0.017678848778208096,0.0004044072596419331,0.05704005745549997,0.06926581760247548,0.20514531433582306,-0.03444215655326843,0.525538444519043,122.49169158935547,6.320606728394826,6.261816541353862,0.052019866422401556
5,4,dfl,central,0.011073015333915298,0.00769660362989684,0.7046259208159014,0.01685863665559075,0.00019109821518415902,0.02967273029604588,0.07844117571684447,0.3924498828974637,-0.23604598235000263,0.5261984304948286,133.94606191461736,7.177509891715917,3.2100034762512553,0.05383660357158516,0.013748875508705774,0.007365388155449182,0.6903935968875885,0.017021052228907745,0.0004093211318831891,0.051479826060434185,0.09722406168778737,0.23654127617677054,-0.007897982994715372,0.5287325978279114,123.32728703816731,5.312582711378734,5.285994350910187,0.04632297188224585
5,5,dfl,central,0.007463379699567502,0.010021226475311612,0.6885423064231873,0.01643531642515551,0.00010492895689460305,0.034923829371109605,0.11218718168410388,0.4352909042076631,-0.19071900844573975,0.5428982051936063,138.1906422701749,6.768361470916054,3.8373886638066987,0.048862894315574355,0.009847050144647559,0.012155268962184588,0.6784461537996928,0.016838165776183207,0.0005164153492748605,0.0633209552615881,0.13513768215974173,0.2832571516434352,0.017951329549153645,0.5508550306161245,128.54769643147787,7.015905062357585,6.915976007779439,0.05504140824674464
5,6,dfl,central,0.00788411299105395,0.010819173296278512,0.682082016359676,0.016326838088306515,0.0002376448177249751,0.03443445239893415,0.1435638317330317,0.4551254294135354,-0.1558505201881582,0.5625206421722065,143.1755336414684,7.574778898195787,3.786078103564002,0.05317016577200195,0.008653686537096897,0.01361963195571055,0.6613987783590952,0.016564059536904097,0.0005709259166906122,0.05947510991245508,0.16440107425053915,0.3301212092240651,0.018689990043640137,0.5639212429523468,131.6601587931315,7.153079668680827,6.895614445209503,0.05095116680172815
5,7,dfl,central,0.008859869473698464,0.010596664654175665,0.6892235522920435,0.01646821183914488,0.00029883222107297445,0.03317588169805028,0.15674022449688477,0.45513620566238056,-0.13721946288238873,0.5882057005708868,149.73925919966265,7.459725537083366,3.794163793325424,0.049558217560399485,0.010429774411022663,0.01034022425301373,0.6839068035284678,0.017547064460814,0.0003222934184729335,0.04475993011146784,0.1670581723252932,0.32775262494881946,0.021961440642674763,0.5901521344979604,137.80477015177408,5.382033348083496,5.30095899105072,0.03888370020843437
5,8,dfl,central,0.005891451104120774,0.012657922724346545,0.6706399457021193,0.01674836598844691,0.00018010079460850648,0.03810036589857191,0.1725101111964746,0.4791037386113947,-0.12133159556172111,0.5803697759454901,147.75625367598101,7.888665185733275,4.516590986739505,0.05333649847316208,0.011305079484979311,0.011002561931187907,0.6583112080891927,0.017897851454714935,0.00044097899247693323,0.04443011720043918,0.18776349971691766,0.3533128450314204,0.03339153528213501,0.5825876891613007,136.0506159464518,4.928648591041565,4.898123254378636,0.03936077196140098
5,9,dfl,central,0.005547885698350993,0.012960616541518406,0.6451542404564944,0.017067231322554024,0.00014412709194563692,0.03781106017148969,0.19155069914731113,0.49108351496132935,-0.10709279504689304,0.5717366906729612,145.5664756081321,7.370335337790576,4.541381657123566,0.050502321018933725,0.0021370070365568004,0.01850059162825346,0.6116324762503306,0.017761416112383206,0.0002876182512873508,0.06796950940042734,0.2111148809393247,0.38368771970272064,0.04601368308067322,0.5519897739092509,128.8500213623047,8.495941480000814,8.26582403977712,0.06233052404742324
5,10,dfl,central,0.005299108610911803,0.013048735934055665,0.5974841984835538,0.016823297789828343,0.00015245467288545328,0.035598297603428364,0.21423051032153043,0.5146882290189917,-0.0748788606036793,0.5498999682339755,139.98304089632902,6.954832215200771,3.920123051513325,0.049905870300630824,-0.0006817453540861607,0.021159237483516335,0.5994441409905752,0.017418833294262488,0.00030586588218284305,0.07437768725988765,0.2230621799826622,0.4069194048643112,0.03740812341372172,0.5519697666168213,128.85437647501627,8.433357467254003,8.204682429631552,0.06756136928051361
5,11,dfl,central,0.0032547981139611115,0.015636854254725305,0.6050955571911552,0.016774482855742626,0.0002117169488723324,0.0426630099431019,0.2225183756514029,0.5230240212245421,-0.08094425228509036,0.5636568638411436,143.47522804953834,7.867355953563344,4.872131989760832,0.05494443323863504,0.007132249263425668,0.014188608513601745,0.5927031338214874,0.01761269352088372,0.0003708164028163689,0.045927786927980684,0.2400011196732521,0.4287412812312444,0.03928518295288086,0.5684149960676829,132.6638323465983,5.869280042747657,5.65575647354126,0.04251539044930099
5,12,dfl,central,0.0041779044338247995,0.016408658078448338,0.6170318343422629,0.017036451026797295,0.00035501116248068144,0.04314179462380707,0.23789603872732681,0.5246389440514825,-0.050152541561560196,0.5889887782660398,149.9248511574485,7.793453893878243,5.229848978194323,0.051796644149459954,0.007703816207746665,0.014207243996982774,0.6096348365147909,0.018161803173522156,0.00037492571766506444,0.04394754945921401,0.24857059866189957,0.4425245076417923,0.04088075955708822,0.5934127668539683,138.4780298868815,5.736631254355113,5.649832934141159,0.0398807903506882
5,13,dfl,central,0.0031781288879838858,0.015769892065277832,0.5987099056894128,0.01719961112195795,0.0001748409848196595,0.042136649706993594,0.24281694265929135,0.5204478637738661,-0.025486117059534245,0.577013527805155,146.87311692671344,7.936954603953795,5.034810820763761,0.05386917769230934,0.008800841867923737,0.012004829477518797,0.5757439136505127,0.01800198123479883,0.00028036902464615804,0.03832332448412975,0.24371968458096185,0.4326058079799016,0.056574190656344094,0.5556992987791697,129.71058146158853,4.453555862108867,4.4252521594365435,0.035202969343889556
5,14,dfl,central,-0.0009496620940891179,0.01909947463057258,0.5952758707783439,0.017183793666349215,9.660190140695332e-05,0.053256839090450245,0.23529070006175476,0.5046220950104974,-0.0325861546126279,0.5603845471685583,142.6450906233354,8.67618241635236,6.38650818304582,0.061024084403875384,0.003968952068438132,0.016879883594810963,0.5857571462790171,0.01826801337301731,0.0002580822201707633,0.055146729573607445,0.24300182114044824,0.4278624455134074,0.06166427334149679,0.5595559974511465,130.59217580159506,7.047240416208903,6.903690059979756,0.05206594436300573
5,15,dfl,central,0.004351341969926249,0.01470604677028446,0.5750364363193512,0.017559952398931437,0.00014974363530613616,0.04017985142259435,0.24958535554734143,0.5135548263788223,-0.03206972913308577,0.5596755580468611,142.4439690329812,6.459437511183999,4.855655472386967,0.04522886392793207,0.004458076320588589,0.0163499447517097,0.5613505144913992,0.018502867004523676,0.00023051540072553203,0.0509524661465548,0.26435455679893494,0.4490570475657781,0.06833377480506897,0.5575316250324249,130.09512201944986,5.848915507396062,5.787112325429916,0.047924132897508825
5,16,dfl,central,0.005528220906853676,0.013964927789691666,0.562360172921961,0.017610867931084198,0.0001882280624737508,0.03696076157079502,0.2618915465745059,0.516398465091532,-0.02473675391890786,0.5607620125467127,142.74008005315608,6.233674790371548,4.492089522155848,0.04347408609073035,0.003160532098263502,0.017185325035825372,0.5470537841320038,0.018587095042069752,0.00017587621459824732,0.05227091380705436,0.2743186553319295,0.4451598823070526,0.07197187344233195,0.5525460243225098,128.88547134399414,6.653088887532552,6.58830851316452,0.04909470281129314
5,17,dfl,central,0.0030949939973652363,0.016691354018720714,0.5374664664268494,0.01788496526635506,0.0001901382778958743,0.04307069521482018,0.2826211154460907,0.5442324944517829,-0.006827495314858176,0.5524007650938901,140.5971214988015,6.686961122534492,5.121865898370743,0.047384231490898834,0.00198127469047904,0.01987149550889929,0.5265700916449229,0.019158029618362587,0.00026947406541211194,0.05701763710627953,0.298268586397171,0.47543591260910034,0.08815237879753113,0.5526735881964365,128.99354298909506,6.903358499209086,6.855907320976257,0.05418569996307563
5,18,dfl,central,-0.0009434343400326642,0.02008186326235194,0.5370590876449238,0.018122834238139065,0.00010155947566109995,0.049780910411341625,0.2964786792343313,0.5590617412870581,0.01608438112519004,0.5631286583163522,143.330397865989,7.874278729612177,6.1510226780718025,0.054861508147053664,0.0053752996027469635,0.015296489388371507,0.5263910094896952,0.01884375683342417,0.00018280323695307743,0.0420674883450071,0.3053356111049652,0.4994999170303345,0.06719361742337544,0.5661337375640869,132.1277084350586,5.213436762491862,5.202449520428975,0.03958104810972529
5,19,dfl,central,0.004405104893852364,0.014444723005660555,0.5323410115458749,0.018036758019165558,8.130697967749386e-05,0.03496400810862807,0.30497517910870636,0.5612122687426481,0.00973922691561959,0.5736462446776304,146.0220579667525,5.587924709374255,4.33685060522773,0.03818916744221295,0.004196020929763715,0.01678532361984253,0.5227979421615601,0.019195040067036945,0.0001786304561998501,0.044370063891013466,0.31422342856725055,0.5177710105975469,0.070840189854304,0.5699120263258616,133.00491587320963,5.687623500823975,5.652888814608256,0.0423830665685637
5,20,dfl,central,0.00033677327023311096,0.018593828701837498,0.5289287458766591,0.018092240376228638,8.383618277027242e-05,0.04503769494212148,0.3124990896745162,0.5526150790127841,0.016184850172563034,0.5737673369320956,146.0421274358576,6.744114877148108,5.571010680361227,0.04614062396590663,0.005506041459739208,0.015316181738550464,0.5194211701552073,0.01923385076224804,0.00015883723330034627,0.04019135748967528,0.3244803001483281,0.5236132244269053,0.06608229875564575,0.5789086620012919,135.13554763793945,5.176822443803151,5.176822245121002,0.03735327510334222
5,21,dfl,central,-0.0023327391933311114,0.02150556689593941,0.5201137919317592,0.01813613191585649,0.00010366955064727341,0.050712652927772564,0.32544251599095086,0.5781592726707458,0.0300633121620525,0.5759787396951155,146.63813365589488,7.869120685891672,6.2125910222530365,0.05385701541144126,0.011030740880717834,0.009991983640550947,0.48341429730256397,0.019193075131624937,0.00018296493999514496,0.025812394606570404,0.3395640353361766,0.5365897516409556,0.07443320751190186,0.5640856921672821,131.68452326456705,2.8685094714164734,2.8685097148021064,0.024075679359282443
5,22,dfl,central,0.003905505238270218,0.01716080318014561,0.493826301260428,0.01832872231236913,0.000273758607490167,0.03992280008440668,0.336397874084386,0.591064228252931,0.04176152565262534,0.5637584897604856,143.50135560469195,6.529641603881663,4.706012517213821,0.04567801135835599,0.010263586727281412,0.010394814734657606,0.49625083307425183,0.018970260862261057,0.00016881405463209376,0.026562169039001066,0.3403194298346837,0.5244375268618265,0.06429771582285564,0.5785393714904785,135.05117416381836,3.163381814956665,3.1633817851543427,0.0246715522599843
5,23,dfl,central,0.003443571273237467,0.016490920547353613,0.5200949216430838,0.018185544081709602,0.00017489474944134352,0.03868844808841294,0.33334486999294977,0.5704419369047339,0.03572973338040439,0.5898730294270949,150.16006885875356,5.772841824726625,4.797272530469027,0.03866131686862588,-0.0034060723458727202,0.024235300564517576,0.5190088947614034,0.019061210565268993,0.00017680174649588784,0.06253394701828559,0.33843247095743817,0.5162276973327001,0.07240610321362813,0.5848568081855774,136.53635915120444,8.4273122549057,8.4273122549057,0.05763553137092061
5,24,dfl,central,0.0009971857494251294,0.018327693867666476,0.5100523192774166,0.018111142922531475,0.00012137366258002658,0.04364120452241464,0.33286817371845245,0.5739392340183258,0.040520681576295334,0.5785791928117926,147.27691650390625,6.9373152310198005,5.3162630796432495,0.04733922074063237,0.003291469377775987,0.017569198040291667,0.5030655165513357,0.01901841148113211,0.00018422559829408178,0.04648700480659803,0.3318916857242584,0.5052475184202194,0.08397414286931355,0.5676346123218536,132.49328994750977,6.1285885373751325,6.128588696320851,0.04375832717824552
5,25,dfl,central,0.004383908838711001,0.015177396885436874,0.5029390833594582,0.018118008378554474,0.0001443297239221279,0.037073183550753376,0.3183831572532654,0.5619732304052873,0.039210521362044594,0.5553614388812672,141.40720818259499,5.514731119979512,4.5240659192204475,0.03939843529302098,-0.0024225118880470595,0.022731250384822488,0.4937519282102585,0.018961315664152305,0.00013474226943799295,0.0628791671867172,0.31887300312519073,0.4888613075017929,0.10287170608838399,0.5396604835987091,125.95936711629231,7.47814146677653,7.47814146677653,0.06057694970415047
5,26,dfl,central,-0.0009121087125756524,0.021045246240894565,0.4942670478062196,0.01834606434303251,0.00017870733161373664,0.052339017782783645,0.3171418566595424,0.5478413159197028,0.039006000215357,0.5401010567491705,137.46441927823153,7.7995241338556465,6.410695734349164,0.05654461333406901,0.005382829035321872,0.01659784553339705,0.48456237216790515,0.01939502979318301,0.00025856440273249365,0.04481913863370816,0.3257092932860057,0.49914421637852985,0.11397015551726024,0.5417802532513937,126.44521077473958,4.974581594268481,4.974581887324651,0.043564274293925266
5,27,dfl,central,0.0008375889367677948,0.018385676190849732,0.4765545969659632,0.01853184232657606,6.914229385043572e-05,0.044418445259163324,0.33172646029429004,0.5711577372117476,0.04624115607955239,0.5392550202933225,137.26071166992188,6.306411930105903,5.415473583069715,0.04577228934174333,0.006234471220523119,0.014675429556518793,0.4561547636985779,0.019325668302675087,0.00015842326183701516,0.03844559037437042,0.3395310193300247,0.5135917663574219,0.113297904531161,0.5317953526973724,124.09186935424805,4.75543995698293,4.755439837773641,0.037092726503807856
5,28,dfl,central,-0.0018393802033229308,0.021531106607819147,0.4583230533383109,0.018486250784586777,0.00012054754937713079,0.05161763769997792,0.33845392682335596,0.5765567421913147,0.05933881618759849,0.5274256847121499,134.24860243363813,7.1742751164869825,5.999464918266643,0.0534855025209045,-0.0013486909059186776,0.022288028461237747,0.46090903381506604,0.019239578861743212,0.0001699758352818511,0.05750099507470926,0.34325231115023297,0.5181811799605688,0.10861888527870178,0.5334585507710775,124.47579956054688,7.075437227884929,7.075436909993489,0.05547936143033358
5,29,dfl,central,-0.0030622974207455463,0.02212133588777347,0.4575022039088336,0.0184887411411513,5.702973658294752e-05,0.051721131344410504,0.3495056209239093,0.587432097304951,0.0519169189713218,0.5380390692840923,136.94877104325727,7.241488586772572,6.196372747421265,0.05284348790408217,0.002015681006014347,0.019291937661667664,0.44176085293293,0.01939518718669812,0.00019124311135480335,0.04824623775978883,0.35587409138679504,0.5409253239631653,0.11643890539805095,0.5310858686765035,123.91287295023601,5.752463022867839,5.7524629433949785,0.0465229866928297
5,30,dfl,central,-0.0033228580670600586,0.022777676762251012,0.44045478241010144,0.018487510186704723,9.673086871037577e-05,0.05236447392962873,0.35899732465093787,0.6017782850698992,0.06020616130395369,0.5292565226554871,134.68044593117455,7.56232027574019,6.015738996592435,0.05634390135937505,-0.003880553568402926,0.02541881085683902,0.4434827466805776,0.019401426737507183,0.00021368309899116866,0.06111780848974983,0.36884010831514996,0.5625947813193003,0.10625538726647694,0.5406202475229899,126.16587320963542,7.837281823158264,7.837281833092372,0.058776689044504914
5,31,dfl,central,0.0012036180970343676,0.017878927930723876,0.46087091077457776,0.01830672650513324,7.758194968668616e-05,0.04058905925855718,0.35875178602608765,0.5951600643721494,0.05693864686922594,0.5542439872568304,141.0772940895774,5.860329852185466,4.91900962184776,0.04186611017980408,-0.0035429435471693673,0.02501087005172546,0.4696604311466217,0.01920698055376609,0.0002260945960491275,0.0617036740295589,0.35967660943667096,0.545829693476359,0.09759385387102763,0.5568234721819559,129.94412740071616,7.404398908217748,7.404399146636327,0.05913314900850349
5,32,dfl,central,-0.003610190554437312,0.023067726446738976,0.47694441405209625,0.0183787185868079,0.00010788175268316991,0.05202071406793865,0.3653520955280824,0.5934786281802438,0.06563833897764032,0.5723003311590715,145.65124026211825,7.836286490613764,6.585373458537188,0.05373292996402706,0.006053435771415631,0.016418953154546518,0.46267188092072803,0.01951931385944287,0.00029530751064991517,0.03809653160472711,0.3823600759108861,0.5686783691247305,0.08283184965451558,0.582069973150889,135.85383733113608,5.012013221780459,5.0120129237572355,0.035785818128836605
5,33,dfl,central,-0.00030567657879807734,0.02006024818613448,0.46290073882449756,0.018646417227997023,0.00011081542956907371,0.043698060887188396,0.3839270757003264,0.6197365630756725,0.08447023413398048,0.5805402939969843,147.80298926613548,6.324449168010191,5.589281731031158,0.04281515524379362,-0.00833055516704917,0.03017676528543234,0.45047810673713684,0.01963015707830588,0.00022160528199795712,0.06915837402145068,0.394019549091657,0.5803425510724386,0.09274969498316447,0.5681073764959971,132.57066853841147,8.47311806678772,8.47311798731486,0.06523385440120251
5,34,dfl,central,-0.0030936401506716556,0.02380721857347949,0.44449885189533234,0.01875518634915352,0.00019583918733381077,0.05176240595226938,0.394053885882551,0.6251737448302183,0.0741749947721308,0.5691161860119213,144.90806544910777,7.226545875722712,6.356448831883344,0.049741284677104855,-0.007133016673227151,0.029674219326504197,0.4366392691930135,0.019983158446848392,0.0002558044463967235,0.06723999193248649,0.40017567078272503,0.5841062168280283,0.10532595713933308,0.5600538651148478,130.69208908081055,7.999946368237336,7.999946688612302,0.06400433019501496
5,35,dfl,central,-0.006853994320739399,0.027815292557616802,0.4246454306624152,0.01910452294925397,0.00018567753974481477,0.059808032417839226,0.39615521783178503,0.6282826309854334,0.0870007872581482,0.5452167147939856,138.80090366710317,8.348367460749365,7.2724127552726054,0.06035666183289821,-0.00022395110378662744,0.02257714226531486,0.3954955041408539,0.020297331735491753,0.00020558595713282557,0.05192645140535509,0.39286520580450696,0.5850564340750376,0.1320738693078359,0.5206062992413839,121.48815472920735,5.936554903785388,5.93655502051115,0.05050121940648982
5,36,dfl,central,-0.004652630326084115,0.024468964389102024,0.4111768075010993,0.019283694130453197,5.3263987673155746e-05,0.05290769264948639,0.39518399943004956,0.6299494098533284,0.1013206893747503,0.5340122309598055,135.88608169555664,7.516852210868489,6.314631998538971,0.05548051006743053,-0.0029410701245069504,0.024737507143678766,0.42434466381867725,0.02016562409698963,0.00016308130811163815,0.05605525375964741,0.40432823201020557,0.577780028184255,0.13179598251978555,0.5558981895446777,129.71051406860352,6.666927884022395,6.666927893956502,0.05381806700163294
5,37,dfl,central,-0.008168181743134151,0.028295191819779575,0.4273702163587917,0.01928807117722251,8.389387032536888e-05,0.05922906902957369,0.4137166833335703,0.6428701796314933,0.11091425743970004,0.564324593002146,143.6215591430664,8.367526108568365,7.407103820280596,0.058053417596617425,-0.004717502122124036,0.02662066832029571,0.4181537479162216,0.02066895303626855,0.0001234213726396168,0.05788643603834013,0.4245639095703761,0.603750745455424,0.14757205049196878,0.5672052204608917,132.34925079345703,7.561934699614842,7.561934779087703,0.05551700638140782
5,38,dfl,central,-0.0021733275868675924,0.022635446512140334,0.41469367254864087,0.019490268928083507,9.718499586056336e-05,0.04644754878245294,0.4244396415623752,0.6490775373849001,0.11675356463952498,0.5687042826955969,144.74380285089666,6.669163088906895,5.85992990840565,0.04619943899659797,-0.0029582067703207335,0.02536126443495353,0.41197704275449115,0.020440132667620976,0.0001962924919401606,0.05470806981126467,0.4239296168088913,0.6055527031421661,0.1330842822790146,0.5635533630847931,131.47908528645834,6.600552082061768,6.600551684697469,0.052277363746859394
5,39,dfl,central,-0.006759038195014,0.027319952856156637,0.41724703393199225,0.019456483508375557,0.00011044310243086224,0.05610097623006864,0.4240280349146236,0.6556167169050737,0.1059883711012927,0.5668630220673301,144.2934896295721,7.995239807800814,7.066674874587492,0.05525153372237819,-0.006276522763073444,0.028506331689034898,0.40904932220776874,0.020699475271006424,0.00015303340236035487,0.06062102240199844,0.43267867465813953,0.6133996446927389,0.14201441407203674,0.5655464033285776,131.9650446573893,8.308940241734186,8.308940649032593,0.05805274459573085
5,40,dfl,central,-0.009165060833435167,0.02944243601946668,0.4098799066110091,0.019671542993323368,6.0583229342305664e-05,0.05861010605638677,0.4382318204099482,0.6751125400716608,0.12047305567698045,0.5711802488023584,145.39949174360797,8.448764822699808,7.45057492906397,0.05818723445549721,0.006058563323070605,0.01654245750978589,0.38394293189048767,0.020990366737047832,0.00016106543595621284,0.03459703425566355,0.4405110329389572,0.6248879134654999,0.16176880399386087,0.5598987539609274,130.66102091471353,4.526112695535024,4.526112794876099,0.03359215581419014
5,41,dfl,central,-0.004943998657505621,0.025920799933373928,0.3838888799602335,0.019997266798534176,9.795344120307318e-05,0.052864173257892784,0.43408977443521674,0.6792726245793429,0.1267991824583574,0.5449335141615435,138.73172794688833,7.0440610565922475,6.478003073822368,0.0509470065497921,0.002414167703439792,0.020205892137407016,0.3624083300431569,0.02133334707468748,0.00012867129195607654,0.043280893665117524,0.426978995402654,0.6306137839953104,0.17409035563468933,0.5219963490962982,121.80616251627605,4.934554487466812,4.934554249048233,0.04309847277287204
5,42,dfl,central,-0.007179519076916305,0.028066628083417363,0.3740597055716948,0.020190100058574568,6.970086853899912e-05,0.05735405572605404,0.42797417125918646,0.6697615655985746,0.12910757010633295,0.5247382115234028,133.5765242143111,7.950490723956715,6.789551556110382,0.059522921813266905,-0.009704713088770708,0.032026070480545364,0.374711349606514,0.021399625577032566,9.217316498203824e-05,0.0681572159131368,0.43135687212149304,0.6367578506469727,0.17970581849416098,0.5260857244332632,122.78617159525554,8.038567701975504,8.038567543029785,0.06769509123886591
5,43,dfl,central,-0.008726088160818274,0.02939049903811379,0.3791901482777162,0.020282058214599438,3.8235253602197424e-05,0.06026622437110001,0.43223797326738184,0.667533202604814,0.13728239590471442,0.5334792760285464,135.78413876620206,8.50225921923464,7.340268481861461,0.06254400665912944,0.009899093148609003,0.01244830604021748,0.3604546884695689,0.021370670137306053,9.767293098169223e-05,0.026233165990561247,0.4392316887776057,0.6409885187943777,0.18074276546637216,0.5390231410662333,125.79274876912434,3.004427214463552,3.0044270952542624,0.025932128004874173
5,44,dfl,central,-0.005227187775414099,0.02592295031486587,0.38381919264793396,0.020196438936347313,4.99323403747486e-05,0.05167714800600978,0.45298234711993823,0.687749670310454,0.1502818140116605,0.5621555041183125,143.06866663152522,7.743168061429804,6.448539733886719,0.05433393236318636,-0.009614719698826471,0.03259896424909433,0.3923189987738927,0.021565685669581097,0.00014185584829344103,0.06545075650016467,0.4665543884038925,0.6640270551045736,0.17750184734662375,0.5776075124740601,134.81400553385416,8.775853554407755,8.775853713353476,0.06311637217028715
5,45,dfl,central,-0.011456504506482319,0.03328982211480087,0.38484115492213855,0.020651413043114273,0.00011819046600501018,0.06298712966963649,0.4721666154536334,0.702417557889765,0.16980619593100113,0.5755367279052734,146.5025641701438,9.06865994496779,8.285825184800409,0.06207299007796891,-0.012332580983638763,0.035515923984348774,0.3774871478478114,0.02221052038172881,9.728230603892977e-05,0.06881076780458291,0.4829762279987335,0.6912319858868917,0.21378340820471445,0.5750210682551066,134.21597290039062,8.936698993047079,8.936698913574219,0.0670373192241477
5,46,dfl,central,-0.0094756589863788,0.03103027405979281,0.377061201767488,0.020794382911514152,7.60232129911306e-05,0.05792582081630826,0.48139710182493384,0.7163498103618622,0.1697237274863503,0.5785880088806152,147.29707856611773,8.199818730354309,7.646497282114896,0.05538757106881029,-0.008757687484224638,0.03207582328468561,0.3697253266970317,0.021992663852870464,0.00013254714940558188,0.062215086383124195,0.48262183368206024,0.6864277323087057,0.1999336083730062,0.5718701283137003,133.43667475382486,8.479318579037985,8.479318340619406,0.060197727622863705
5,47,dfl,central,-0.010913467161696066,0.032196310258851474,0.37186214327812195,0.020491501739756626,7.913413807743423e-05,0.06048364132981409,0.4828923019495877,0.7142056876962836,0.1401342289014296,0.5774349759925496,146.98597786643288,8.873533443971114,7.6886667229912495,0.06070422326513649,-0.0034684229952593646,0.027226164975824457,0.3589598387479782,0.02176412877937158,0.00019936138899841657,0.05250329438907405,0.4902353286743164,0.6907061437765757,0.1677346726258596,0.5765234430631002,134.53125508626303,6.306467990080516,6.306467751661937,0.049769040710003015
5,48,dfl,central,-0.0104802288538353,0.0316900506679138,0.37060495804656635,0.020551991394974968,6.578304333453906e-05,0.05980949201197787,0.4804101708260449,0.7157706130634655,0.14080346443436362,0.5725470889698375,145.7451050498269,8.906158821149306,7.646044332872737,0.0610954408860127,-0.004653345017383496,0.02792584818477432,0.36761460701624554,0.02203336078673601,0.00012391423259335474,0.05453208492447933,0.4703224798043569,0.683343231678009,0.20395278930664062,0.5605981449286143,130.83444468180338,6.695564031600952,6.69556446870168,0.054202459099236135
5,49,dfl,central,-0.008218260735950687,0.030080366403457116,0.3672325150533156,0.020961024205793034,9.010817709797048e-05,0.05670720592818477,0.4686942466280677,0.7130258300087668,0.15235502611507068,0.5551626519723372,141.32228643243963,7.889859475872734,7.330286681652069,0.05559469224058338,-0.006429302506148815,0.02968941939373811,0.3489160140355428,0.022438220990200836,8.218960920203244e-05,0.05734208971261978,0.47427375614643097,0.6997829775015513,0.21540937821070352,0.5441942711671194,126.9797592163086,7.392217953999837,7.392217834790547,0.05754161779817981
5,50,dfl,central,0.003250031520358541,0.018723093169021675,0.33274391293525696,0.021192173558202656,7.809511743320482e-05,0.0349135775256648,0.4761961454694921,0.7360656207258051,0.15329776975241574,0.5418850129300897,137.93773789839312,4.699550449170849,4.329432911493561,0.033922095101327314,-0.002093948113421599,0.026114577039455373,0.3370988468329112,0.022506958805024624,0.00015136702980574532,0.04973556140127281,0.4777367115020752,0.7073571383953094,0.2120056301355362,0.5402746796607971,126.06643676757812,6.179011215766271,6.17901082833608,0.049695692711704285
5,51,dfl,central,-0.005590311420912092,0.027098622982686556,0.35347773270173505,0.020905790681188755,6.025206518891289e-05,0.05060881158252331,0.4688625078309666,0.7219539636915381,0.15136093443090265,0.5461175604300066,138.98902095447886,7.626569751988757,6.413000179962679,0.054756372407216355,-0.0009302782515684763,0.024704811318467062,0.36380304396152496,0.02191177352021138,0.00018627594696833208,0.04815794372310241,0.46977443993091583,0.6871938904126486,0.1938934475183487,0.5605807602405548,130.7910499572754,6.535063048203786,6.535063048203786,0.04747121795189177
5,52,dfl,central,-0.008561884137717161,0.029981440684588797,0.37057453800331464,0.020668412220071663,7.511444222933635e-05,0.05572302015074952,0.4759330546314066,0.727944937619296,0.17068572613325986,0.5686123858798634,144.69824704256925,7.858638381416148,7.285423086448149,0.05448026401531543,-0.00443083792924881,0.028351597177485626,0.3654620001713435,0.022020832014580567,0.00018999275926034898,0.053242875883976616,0.48890480895837146,0.7103019654750824,0.19243101278940836,0.5790695548057556,135.0992660522461,7.249081373214722,7.249081611633301,0.05159980984896546
5,53,dfl,central,-0.007004190193997188,0.028714609411756763,0.3710491413419897,0.020724348300559955,9.860707584927944e-05,0.05186417953915556,0.49231057546355506,0.738505179231817,0.1538000851869583,0.5871399722316049,149.45263047651812,7.671341887929223,6.842806752432477,0.051129625835005174,-0.0010398073742787044,0.024994564630712073,0.3650548756122589,0.021893220022320747,0.00020615368945679316,0.047083442409833275,0.490319882829984,0.7139470378557841,0.17910284797350565,0.5842631161212921,136.28877385457358,5.90147207180659,5.901472469170888,0.045076791643968606
5,54,dfl,central,-0.0063583400862460785,0.028440675179643386,0.38139289075678046,0.02043295397677205,0.00016493810871312772,0.05227366121570495,0.4833400086923079,0.7321446592157538,0.1365062486041676,0.5900407894091173,150.19043801047584,7.680566500533711,6.926440672440962,0.05106222704291332,0.009617239547272524,0.01467406447045505,0.36737338701883954,0.02164406639834245,0.00026472373716993997,0.028037928820898134,0.4845698724190394,0.6912019749482473,0.16234413286050162,0.5916261076927185,137.99991607666016,3.4154581427574158,3.415458083152771,0.0265676820620566
5,55,dfl,central,-0.009836214213547382,0.030838756800883195,0.3741447912021117,0.02043896024538712,5.635822706622823e-05,0.05638796740888872,0.48987936160781165,0.7259996045719493,0.14769673482938248,0.5876301635395397,149.61147759177467,7.7677429643544285,7.381545773961327,0.052277628612590284,-0.011462660195926825,0.03581573876241843,0.34771259625752765,0.022018338553607464,0.00023347395593494488,0.06698842284580071,0.5016680558522543,0.7193333307902018,0.18376076718171439,0.5683351755142212,132.5802230834961,8.422243475914001,8.422243038813273,0.0630252218791198
5,56,dfl,central,-0.004872249016030269,0.0264944240599024,0.33186656507578766,0.020782024345614693,8.4015062133796e-05,0.04848338799043135,0.4965965991670435,0.7478721331466328,0.15652476115660233,0.5565090206536379,141.63239704478872,7.133722187443213,5.886299904097211,0.05038456156398856,-0.00018218128631512323,0.024127130590689678,0.3433796813090642,0.021815573796629906,0.00021293755010750223,0.045807957532815635,0.4843606303135554,0.7059578796227773,0.18816402306159338,0.5572548309961954,130.02772776285806,5.307617872953415,5.307618131240209,0.04399083888222293
5,57,dfl,central,-0.010598451153121212,0.03168874677397649,0.3556626777757298,0.02055991991338405,5.3037600018512876e-05,0.05829916193827309,0.48799020187421277,0.7353554557670247,0.14369636503132907,0.5643094100735404,143.61551943692294,8.007508857683701,7.312581471421502,0.055802856112863314,-0.005092444674422343,0.029841177786389988,0.34907137354214984,0.021704958751797676,0.00030437740982354927,0.05619005734721819,0.49367698033650714,0.7143236696720123,0.17058120667934418,0.5675052603085836,132.4312744140625,7.226951082547505,7.2269513209660845,0.052772678642459714
5,58,dfl,central,-0.008178494193337181,0.02961716215147383,0.3424763476306742,0.020737139084799724,7.015287036115193e-05,0.05334412660026415,0.5053891133178364,0.7504166771065105,0.14288036118854175,0.5721567462791096,145.64383870905095,7.337219455025413,6.757463280450214,0.05026973243468644,-0.007456223635623853,0.03199665155261755,0.33682804306348163,0.022054757922887802,0.00024856697421782314,0.059745906852185726,0.5063105722268423,0.7217117547988892,0.17923959096272787,0.5648602743943533,131.8210703531901,7.211856881777446,7.211857080459595,0.05576211633597267
5,59,dfl,central,-0.004645850509405136,0.026906603566286238,0.3296593007716266,0.0208526130088351,0.00014081401475906188,0.04952322759411552,0.49691610309210693,0.7426795065402985,0.15445139462297613,0.5524092641743746,140.62624636563388,6.652587446299466,6.031887238675898,0.047063644274397694,0.0061045438051223755,0.01780029902389894,0.3128327975670497,0.02214309386909008,0.00017617490804392824,0.034204914001747966,0.4890080640713374,0.7127873500188192,0.1899691397945086,0.5382385750611623,125.60531870524089,3.752855290969213,3.7528553704420724,0.03283842716772641
5,60,dfl,central,-0.010916797105561604,0.03294255106117238,0.3291086568073793,0.020860134877941826,0.00011656190010646903,0.06085220796310089,0.4847464155067097,0.7470185892148451,0.15182941474697806,0.5345252047885548,136.06243827126244,8.108522748405283,7.39135235006159,0.05964516523959835,0.002699245698750019,0.0220354072128733,0.3043259729941686,0.022438473999500275,0.00022961786711069485,0.04155123777066668,0.4930635094642639,0.7241820295651754,0.19394510984420776,0.5303395489851633,123.75990168253581,5.337356855471929,5.337356855471929,0.04006331767307278
5,61,dfl,central,-0.004430426623333584,0.02682668959129263,0.31129482117566193,0.021023129536346954,0.00013731336566086776,0.04897591707677665,0.49254061010750855,0.7525932490825653,0.15519251877611334,0.5324238782579248,135.50631713867188,7.240560848604549,5.832553768699819,0.053288833622246394,-0.009933119950195154,0.03436632795880238,0.3423093756039937,0.02194084630658229,0.00024923617881237686,0.06486357189714909,0.49387473861376446,0.7149207095305125,0.18001954505840936,0.5559848348299662,129.71299997965494,8.256174405415853,8.256174325942993,0.06161802241226986
5,62,dfl,central,-0.0071820886382325125,0.02888129599688744,0.34997310828078876,0.020563736811957577,0.00011354702955527914,0.05290639720095152,0.4921169741587205,0.736213434826244,0.14397998696023767,0.5676710930737582,144.49987688931552,7.313381281766024,6.791859556328166,0.05056214713532725,-0.004562349058687687,0.028797856376816828,0.3422260135412216,0.022046064026653767,0.00021894433306594388,0.0543227003266414,0.49229394892851513,0.7067762613296509,0.1931664322813352,0.5588452319304148,130.34840138753256,6.504487752914429,6.504487832387288,0.05224268646117236
5,63,dfl,central,-0.008585053961724043,0.03045505723408,0.33339337733658875,0.02096664448353377,9.033587590149979e-05,0.05531181115657091,0.4933122396469116,0.7486890662800182,0.17187098075043072,0.5496401624246077,139.91128678755328,7.603253673423421,6.974065108732744,0.054174902934681544,-0.011512949441870054,0.03558307389418284,0.3276616285244624,0.0223614660402139,0.00017086580677035576,0.06719400485356648,0.49606584509213764,0.7175979713598887,0.20573391765356064,0.5416151682535807,126.3076883951823,8.435219367345175,8.435219645500183,0.06453280213029154
5,64,dfl,central,-0.006871616637164896,0.028631968741220506,0.318427019498565,0.02100184779952873,7.585043824712398e-05,0.05196840028193864,0.5012672678990797,0.7556427392092618,0.1635718819769946,0.5460836480964314,139.00676137750798,6.826085751706904,6.3561664982275525,0.04916329143621019,-0.007401724501202504,0.03191694508617123,0.31538677712281543,0.022482392378151417,0.0002032828103134913,0.059816754733522735,0.5060497124989828,0.7229301929473877,0.20526372144619623,0.5431849658489227,126.69262949625652,7.064416289329529,7.0644164482752485,0.05667412502895681
5,65,dfl,central,-0.005374782253056765,0.027743632640604945,0.31274303793907166,0.021091044203124264,0.00012778061797550063,0.04956440786323087,0.5030292949893258,0.7636797048828818,0.15921120074662296,0.5422521396116777,138.00790682705966,6.475541347807104,6.063439287922599,0.04709243052165815,-0.005954099198182424,0.030904080718755722,0.30706000328063965,0.02240438510974248,0.00025455964108308155,0.05786375670383374,0.5024731457233429,0.7240195373694102,0.19650551428397497,0.5340402722358704,124.55143864949544,7.146671772003174,7.1466719309488935,0.05450143793443122
