fold,epoch,model_variant,estimator,train_loss,train_policy_success_mean,train_mse_loss,train_fairness_penalty,train_mean_score,train_max_score,train_min_score,train_pg_surrogate_loss,train_perturbed_objective_mean,train_perturbed_objective_std,train_base_objective_mean,train_avg_allocation_mean,train_avg_allocation_objective_mean,train_grad_score_norm,val_loss,val_policy_success_mean,val_mse_loss,val_fairness_penalty,val_mean_score,val_max_score,val_min_score,val_pg_surrogate_loss,val_perturbed_objective_mean,val_perturbed_objective_std,val_base_objective_mean,val_avg_allocation_mean,val_avg_allocation_objective_mean,val_grad_score_norm
1,1,pg,backward,0.03223407962782816,0.21759053082628685,0.03609789205207066,0.00010676810634890899,0.03208290910432962,0.26382016695358534,-0.20142369988289746,-0.003970580541962673,0.00577486042377793,0.0006771787970633754,0.008640647881706669,0.04679890556938269,0.005774860718784938,38.6232645186511,0.0257361118371288,0.330359290043513,0.02638428347806136,0.00012799253878862751,0.05691535398364067,0.16268443564573923,-0.03163143495718638,-0.0007761637292181452,0.0029671224959505102,0.0003290949316578917,0.0048870704097983735,0.03576388877506057,0.002967122447444126,20.527436415354412
1,2,pg,backward,0.021567781032486397,0.4334241111170162,0.024745675989172676,0.000245883126317701,0.07191030037674037,0.38798003034158185,-0.286038565364751,-0.0034237776893529703,0.011916973289440979,0.0008237820967968383,0.014762879232876003,0.05093344220552932,0.011916973490521988,37.86867380142212,0.021751078466574352,0.4930336078008016,0.02088543927917878,0.00012542481105507855,0.08297023922204971,0.20121451218922934,-0.032245064775149025,0.00074021460992905,0.004668860880580421,0.0004102440701293138,0.006820814722838501,0.040451390823970236,0.004668860996995742,26.682751735051472
1,3,pg,backward,0.008874251845885407,0.5726018331267617,0.021191461604427208,0.0002024305574288767,0.08393381298942999,0.4362083754756234,-0.28140105307102203,-0.012519640022550117,0.01553071320945905,0.0009486330282842656,0.018737526033708655,0.05882203904911876,0.015530713511080567,43.06250949339433,0.022220970131456852,0.6146137913068136,0.018146407790482044,0.00021593907513306476,0.0795470451315244,0.19709101816018423,-0.04512519637743632,0.0038586230657529086,0.005820473476584691,0.0005477878342693051,0.008411132846958935,0.051215281089146934,0.005820473559045543,30.07973798116048
1,4,pg,backward,0.018735244489190252,0.6424789970571344,0.019424990920180626,0.0004939494477246791,0.07654359310188076,0.4282546111128547,-0.28557510538534686,-0.0011836957736787472,0.013261575093069538,0.0008809876083184711,0.016183607714166017,0.05136465133083137,0.013261575389399448,39.062550414692275,0.015157998694727818,0.6337350010871887,0.017318067761758964,0.00020523910582899893,0.08220212782422702,0.20738774041334787,-0.04140650232632955,-0.002365307998843491,0.0060538896747554345,0.0005065567723553007,0.008690537535585463,0.051475695644815765,0.006053889791170756,28.658649841944378
1,5,pg,backward,0.018054895526306194,0.6387894234874032,0.018660796382887798,0.00029980213378683567,0.06671734882349317,0.41591485251079907,-0.31040323864329944,-0.0009057029489089142,0.015329244842922146,0.0008698535252320157,0.0185566142370755,0.06021712762726979,0.015329244969920679,43.52647326209328,0.013468618659923473,0.6186149020989736,0.01669497275725007,0.00032041434891046566,0.05003517804046472,0.174239253004392,-0.07007627685864766,-0.0035467680621271334,0.004866712687847515,0.0005991297609095151,0.008209060489510497,0.06354166815678279,0.004866712920678158,36.42750358581543
1,6,pg,backward,0.01537868854674426,0.6566205810416829,0.01776925711469217,0.0002808676505000304,0.04050547104667534,0.40796947479248047,-0.34693988209420984,-0.002671436083884063,0.011892848394133827,0.0008292825157034465,0.014815650626339695,0.05215097515081817,0.01189284871163016,39.34476026621732,0.016413403830180567,0.674070288737615,0.015406532368312279,0.00017332313533794755,0.02965287398546934,0.15146502355734506,-0.08367792268594106,0.0008335480961250141,0.003333098158085098,0.00046896196484643343,0.006160181772429496,0.059765626365939774,0.00333309827450042,33.778999487559
1,7,pg,backward,0.008801314514130354,0.6888009770350023,0.016670919192785568,0.0003950767959808714,0.02386780282143842,0.42376278882676904,-0.38118253512815997,-0.008264681324362755,0.01176909963727336,0.0007972393518271433,0.014694706473330205,0.05372362058948387,0.011769099669022993,39.35803838209672,0.01345165337746342,0.668137123187383,0.01449764333665371,0.00020543287034039773,0.009957369805003205,0.1324294706185659,-0.10165224969387054,-0.0012514229747466743,0.0018801027520870168,0.00044075475064649555,0.004495130114567776,0.05173611268401146,0.001880102800593401,28.829541206359863
1,8,pg,backward,0.011757301695814187,0.6619555706327612,0.01592485145242377,0.0003743821656082053,-0.012546572516756978,0.3710422624241222,-0.4292593137784438,-0.004541932012547146,0.009051523637026548,0.0008437215437879786,0.011762654758058488,0.048549108948050576,0.00905152384869077,36.841467748988755,0.012036946602165699,0.6358292798201243,0.014185850353290638,0.00030536791806904756,-0.025536421686410904,0.10488029817740123,-0.1601869116226832,-0.00245427165646106,0.0005528817540228678,0.00046259868152750033,0.003031252029662331,0.048046876365939774,0.0005528817758507406,29.338172912597656
1,9,pg,backward,0.015574542255225506,0.6436601795933463,0.015567785975607958,0.0003506269203874333,-0.019942506787959825,0.37630712715062226,-0.4436064606363123,-0.00034387074728411705,0.00951464618132873,0.0007972533117440021,0.012082644992253998,0.05004565841095014,0.009514646308327263,34.60921799052846,0.01388955993267397,0.613939126332601,0.013852738930533329,0.0002571442543436812,-0.013743914508571228,0.11107969284057617,-0.1484049434463183,-0.0002203229038665692,0.000996241001606298,0.00045258494598480564,0.0030889715223262706,0.038758681155741215,0.0009962410113075748,25.481689929962158
1,10,pg,backward,0.019440221854231575,0.6541267118670724,0.01506307687271725,0.000375862357462221,-0.026420820292762735,0.3810432973233136,-0.48614223301410675,0.004001282695257528,0.009408172685652971,0.0008153304105772721,0.01210884876358746,0.04976664055985483,0.009408172717402604,37.07396264509721,0.014457900232324997,0.6793539623419443,0.013062863300244013,0.00023547104641844877,-0.04463185556232929,0.07062157491842906,-0.19808117548624674,0.0011595657949025433,-0.00038760084741322015,0.00035939675823707756,0.0018767650666025777,0.05473090708255768,-0.00038760085711449693,24.610384623209637
1,11,pg,backward,0.007941222326322035,0.7176665690812197,0.014622740997848186,0.00020837152180645674,-0.047703332183035935,0.362491329962557,-0.4681116532195698,-0.006889890146505257,0.006190816744823347,0.0007632145101193931,0.008479001931846142,0.03822544716637243,0.006190816750114953,31.26905702460896,0.008170042652636766,0.7357151408990225,0.01312263822183013,0.00019389215702148022,-0.056666472305854164,0.05199263493220011,-0.22602895895640054,-0.005146487634192454,-0.0007873345051242117,0.0004254862239273886,0.0011829705132792394,0.05082465413336953,-0.0007873344760203812,21.213020086288452
1,12,pg,backward,0.01592241401191462,0.7507467567920685,0.014836601785976778,0.00024890868353821816,-0.052805738438936795,0.34711275588382373,-0.505928787318143,0.0008369036579758606,0.007775021404747597,0.0009141446816184642,0.010751343422188338,0.05349533310668035,0.007775021320081909,40.0784480788491,0.011654763792951902,0.7261291046937307,0.012949385369817415,0.00020632454568196104,-0.042469258730610214,0.07401419679323833,-0.2154829353094101,-0.001500946149462834,-0.000157319297917032,0.00040958095632959157,0.0017984295651937525,0.04405382120360931,-0.000157319297917032,23.019386768341064
1,13,pg,backward,0.005972376558929682,0.7204169929027557,0.014437979425896297,0.0004889640461233181,-0.03746021708304232,0.37142261320894415,-0.4668596698479219,-0.008954566792288626,0.009038400095464154,0.0008574521264315329,0.012092533902349796,0.055067980153994125,0.009038400508209386,41.30653353170915,0.009798496728762984,0.6957787772019705,0.012641997076570988,0.0002324896483211584,-0.03463570245852073,0.08803369104862213,-0.21609444916248322,-0.0030759897005433836,0.0002755458196285569,0.0006344738164140532,0.0032259581300119558,0.06866319881131251,0.00027554584327541914,33.728857358296715
1,14,pg,backward,0.016049180539663543,0.7090153721245852,0.01416518230160529,0.0005488368506922308,-0.03742420131509954,0.39982431856068695,-0.48321194269440393,0.0013351618227633562,0.008135370920750905,0.0008210204422622072,0.010687663357450881,0.044541397004980936,0.008135371015999805,34.61108142679388,0.005074622419973214,0.6965628266334534,0.012554062685618797,0.00026100450213562,-0.04210350289940834,0.0767068217198054,-0.23650896300872168,-0.00774044479476288,-6.086511590789693e-05,0.0005265956060611643,0.002282534415523211,0.058333336686094604,-6.0865121971194945e-05,25.594528198242188
1,15,pg,backward,0.012017058758911762,0.7006271075118672,0.014089375861327757,0.00045457295089528833,-0.03957965673709458,0.38119000873782416,-0.5123130489479412,-0.0025268897668204522,0.0091802082342011,0.0008163637685356662,0.012084644981024956,0.05440848272039809,0.00918020818657665,39.261982679367065,0.01223594710851709,0.6754556596279144,0.012392164984097084,0.0001939316689458792,-0.029654053660730522,0.09843534231185913,-0.21370533108711243,-0.00035014940658584237,0.0006477999025567746,0.0004529515669370691,0.003207219357136637,0.053645835258066654,0.0006477998880048593,31.567103385925293
1,16,pg,backward,0.007474986730482091,0.682626255533912,0.013954373796216467,0.0003431606623381227,-0.018527814441106537,0.4156178412112323,-0.45968506146561017,-0.006822547674263743,0.009945561331485143,0.0007473882109149021,0.012426167271438648,0.04730620976029472,0.009945561320901934,33.71011936664581,0.010634033552681407,0.6914666891098022,0.012372723004470268,0.0002325191121599346,-0.009349047827223936,0.12637671828269958,-0.18980204065640768,-0.001971208422522371,0.0017781688657123595,0.0005352349786941583,0.00462155751301907,0.05542534729465842,0.0017781689627251278,37.738015015920006
1,17,pg,backward,0.008835450174625625,0.6958623636852611,0.013904647139663046,0.00037061638811957727,-0.009110639739612287,0.4115098389712247,-0.46470203318379144,-0.005439813307020813,0.01102420785041018,0.0009120041200234978,0.013828176211311737,0.053114853566512465,0.011024208194364539,38.751442497426815,0.014578841781864563,0.6687195400396982,0.012281805121650299,0.00024401056877347097,-0.007446643585960071,0.13134935001532236,-0.18259044736623764,0.0020530259159083166,0.0015302519993080448,0.0004441674973350018,0.0037865772222479186,0.04118923811862866,0.0015302519022952765,28.052659273147583
1,18,pg,backward,0.006242198446257548,0.6565314450047233,0.013744595883922144,0.001246785562216246,-0.010855342377908528,0.45088173719969665,-0.48555792461742053,-0.008749183076857165,0.011198764444667508,0.0007298455920218574,0.013723691099915992,0.04910714323209091,0.011198764497583563,34.11469801989469,0.011943426604072252,0.6276971201101939,0.012360427683840195,0.00029239433183647634,-0.007449797315833469,0.1355703373750051,-0.19084639847278595,-0.0007093954724647725,0.001143928588135168,0.0004585400505069022,0.002733006471923242,0.027517361876865227,0.001143928588135168,19.23372491200765
1,19,pg,backward,0.010840458985926076,0.6388991610570387,0.013883562800897793,0.0011539842706828165,-0.004459936917886476,0.481847036968578,-0.4640492092479359,-0.004197088104609231,0.011818551077422771,0.0008635346669259227,0.014283677774735472,0.04814326297491789,0.011818551310253415,33.82968666336753,0.004544904610762994,0.6224618554115295,0.01252128587414821,0.00021629834710286863,0.0045435498032020405,0.16412985821564993,-0.17739350100358328,-0.008192679689576229,0.002782981493510306,0.0007140932430047542,0.0060983839600036545,0.058072918405135475,0.002782981474107752,39.15147463480631
1,20,pg,backward,0.01025052351707762,0.6225952776995572,0.014184937346726656,0.0006119504221266745,0.010733205661050637,0.48297862437638367,-0.42319914969530975,-0.0045463642772202465,0.011992298447611656,0.0007508291382691823,0.014042719563638622,0.04218242706900293,0.011992298934439366,27.938821467486296,0.006236711672196786,0.6070838769276937,0.01271794488032659,0.00033847242948089235,0.02681674404690663,0.19441094994544983,-0.14545919497807822,-0.006819705556457241,0.0044970962723406656,0.000706091508618556,0.007625925665100415,0.05490451492369175,0.004497096252938111,35.45584789911906
1,21,pg,backward,0.007631244772875851,0.6353402191942389,0.01419707044789737,0.0008587544252339864,0.03422943528064273,0.499348295005885,-0.45750354501334106,-0.007424580176699568,0.01659951473332264,0.0008145635974043133,0.019136153923516922,0.05603185990317301,0.016599514966153285,34.50534827058966,0.010854810321082672,0.64576256275177,0.012595136805127064,0.00037176901999676676,0.04161739597717921,0.23436577121416727,-0.12177043904860814,-0.0021120953606441617,0.006808755414870878,0.0008261348460412895,0.010721968797345957,0.06857639054457347,0.006808755764116843,44.20626131693522
1,22,pg,backward,0.007682647196237336,0.652889446778731,0.01417683865028349,0.0007331808794581527,0.04893725077536973,0.5237747715278105,-0.4071413806893609,-0.007227372454839166,0.014551581878384406,0.0008152406563484957,0.016683541026643732,0.04667207818817009,0.014551582269963215,30.348235151984476,0.0006009059337278208,0.652171810468038,0.012782584720601639,0.00046194822728769697,0.05983139822880427,0.27736468613147736,-0.09236379712820053,-0.012643626832868904,0.009918999508954585,0.0008419345928511272,0.01422398902165393,0.0770399309694767,0.00991899900448819,48.12115796407064
1,23,pg,backward,0.012658684683794325,0.6579725850712169,0.014306721785529093,0.0006021428955517262,0.054061652584509415,0.5527366535230116,-0.4227007722312754,-0.0022501799288544466,0.017919879290275276,0.000848945508054881,0.020347756894559345,0.05433238661763343,0.017919879120943897,33.1298161203211,0.018541892214367788,0.6567570765813192,0.012741331476718187,0.00041563977902114857,0.043777165934443474,0.2522905766963959,-0.11810627579689026,0.005384921018655102,0.005642352198871474,0.0008090811703975002,0.008675091046219071,0.04926215298473835,0.005642352354091902,37.63174915313721
1,24,pg,backward,0.007795956387946551,0.6745712702924554,0.014116755771366033,0.0006064662984602943,0.0237187315413559,0.5434708310799166,-0.46045160158114,-0.006927265589845113,0.013903415682513943,0.00077497827375985,0.015943157428409904,0.046697443181818184,0.013903415497307751,28.56299708106301,0.014112891939779123,0.6689550777276357,0.012570321870346865,0.00038490895167342387,0.022510461509227753,0.22279793520768484,-0.16175163288911185,0.0011576608594623394,0.003425721632083878,0.0006286898230124885,0.005873903903799753,0.04110243124887347,0.0034257216223826012,30.608319759368896
1,25,pg,backward,0.01250442083586346,0.6953161575577476,0.014285388656637886,0.0006299089912780366,0.01765070165592161,0.4894666224718094,-0.4311799705028534,-0.0024108767869289627,0.011106539665806022,0.0007307590924690223,0.013056222232989967,0.03888494364747947,0.011106540089134465,27.04524629766291,0.014543928361187378,0.7137102683385214,0.012813784026851257,0.000419062564712173,0.013003863394260406,0.2067639877398809,-0.18013830482959747,0.0013110818833107867,0.003988404292613268,0.0006767313025193289,0.007256955451642473,0.057031250869234405,0.0039884045254439116,35.421745936075844
1,26,pg,backward,0.011327908670699055,0.7014738781885668,0.01396989060396498,0.0004562531961426298,0.009162268992936746,0.497930797663602,-0.4716518670320511,-0.003098235169256275,0.014144741898317907,0.0008355320023838431,0.01664858234157278,0.05311485382050953,0.014144742014733229,34.764290657910436,0.011821693818395337,0.6830565730730692,0.012401035210738579,0.0007306649204110727,0.011843968105191985,0.2082171638806661,-0.18731469412644705,-0.0013100061332806945,0.004365338846885909,0.0006680403312202543,0.008020845940336585,0.06506076843167345,0.004365339021508892,44.663012981414795
1,27,pg,backward,0.014256064208563079,0.7012323547493328,0.014080189337784594,0.000241067441736091,0.004369972644119777,0.47736907547170465,-0.5112560797821392,-6.519245322455059e-05,0.016563981887884438,0.000869717081183229,0.019631115571511062,0.06668526814742522,0.016563981972550126,41.645156903700396,0.016586605459451675,0.6828842759132385,0.012353857979178429,0.0003922328260159702,0.006085537082981318,0.18883059422175089,-0.19613864521185556,0.0038405144781184695,0.002192728153507536,0.0004928637111637121,0.0041383073742811876,0.03012152931963404,0.002192728172910089,24.000504732131958
1,28,pg,backward,0.020128136754713276,0.6733757826414976,0.013719694011590698,0.000993030452592207,0.0016414580115286465,0.4737091362476349,-0.5088318586349487,0.005415412152863361,0.015025530343832956,0.0008094887201547284,0.017574076784182,0.056665990903804246,0.015025530756578188,35.02084465460344,0.012282812967896461,0.6506646374861399,0.01203211909160018,0.00027940658810621244,-0.011884533644964298,0.14587815602620444,-0.21838365495204926,-2.8712364534537e-05,0.002405307585528741,0.0006203753194616487,0.005684501646707456,0.06280382287998994,0.002405307653437679,37.321017265319824
1,29,pg,backward,0.01246643074872819,0.6646888960491527,0.013522344302724709,0.0005875861776698924,-0.014180394873785024,0.4622450227087194,-0.49810141595927154,-0.001643499909815463,0.012017821628515694,0.0007975552037929777,0.014804085483774543,0.05549918860197067,0.012017821226353672,37.49407555840232,0.016320483681435387,0.6763926049073538,0.012000981252640486,0.0004303703184026138,-0.010271881241351366,0.1535768359899521,-0.20426895717779794,0.00388913182541728,0.0024084970549059412,0.000730368915052774,0.005692858132533729,0.06163194589316845,0.002408497113113602,39.44099187850952
1,30,pg,backward,0.016642280092293568,0.6966414668343284,0.013581487942825664,0.0006766293319267127,-0.015462493322874334,0.4484999288212169,-0.5105501332066276,0.0023841630106537855,0.011013664453375068,0.0007967591399475085,0.013219056629829785,0.04558137220076539,0.011013664776163007,30.52951088818637,0.008734968723729253,0.6960919996102651,0.012127099248270193,0.0005563113266665217,-0.028717787005007267,0.12874528765678406,-0.2303436150153478,-0.00394844181331185,0.0009325207259583598,0.0004471151332836598,0.0029594903462566435,0.038107639799515404,0.0009325207841660207,23.644192536671955
1,31,pg,backward,0.00902425601485778,0.7209372899749062,0.013761138839816505,0.0005081994550189186,-0.035474261014976284,0.43585070154883643,-0.5548055849292062,-0.005245082546025515,0.011024650689002803,0.0008913420242606662,0.014024614726870575,0.05765523575246334,0.011024650630795142,40.595406012101606,0.012270622731496891,0.7359731296698252,0.012525994330644608,0.0005004665534518912,-0.04618593802054723,0.09698115785916646,-0.26760001728932065,-0.0007558381961037716,0.0003071193435365179,0.0007084467021437982,0.0031835605623200536,0.07256944974263509,0.0003071193568757735,34.32741101582845
1,32,pg,backward,-1.109264452349056e-05,0.7358124093575911,0.014190957669846037,0.000617398253516719,-0.051872543821280655,0.432721270756288,-0.5439193059097637,-0.014819448869357902,0.008221131209707395,0.0008200541038108481,0.010646503529807722,0.044769684466618026,0.008221131267915056,33.74396704543721,0.004944514017552137,0.7123408317565918,0.012331925332546234,0.0006948419076765097,-0.05013016300896803,0.1061121126015981,-0.2879371891419093,-0.008082253703226646,0.0003685010918464589,0.000608800789147305,0.0031715291164194546,0.061067710320154824,0.00036850110215406556,32.85719124476115
1,33,pg,backward,0.007519470612433824,0.7002536844123494,0.013758343263444576,0.0003218301399902595,-0.0420890666375106,0.4350709454579787,-0.5583497746424242,-0.0065607029140334235,0.010307509134608235,0.0008077660128368403,0.012668800116939978,0.046545251103287395,0.010307509176941081,32.324109597639605,0.005318270996212959,0.696238766113917,0.012146622252961,0.00047192836831537005,-0.026647778538366158,0.14848861346642175,-0.2583492894967397,-0.007300279685296118,0.0015891292423475534,0.0006619216583203524,0.004253602431466182,0.047873265420397125,0.0015891292229449998,31.864404996236164
1,34,pg,backward,0.006172183350744573,0.7007771188562567,0.01376630226150155,0.0006785537267962706,-0.020573114912787623,0.4746042110703208,-0.5491751540790905,-0.008272672564172271,0.013773932968350973,0.0009228722681820562,0.016542867905544965,0.05666599092497067,0.013773933370512996,37.91694398359819,0.012134647617737452,0.6957089801629385,0.012256098445504904,0.0005313444293430317,-0.004367715601498882,0.19537478685379028,-0.2268236701687177,-0.0006527950172312558,0.003343870242436727,0.0006988043751334772,0.006923768126095335,0.0614149309694767,0.003343870358852049,41.54944785435995
1,35,pg,backward,0.023948227605697783,0.7320601560852744,0.014165821654552763,0.0004131753341699674,0.004705152241513133,0.5017325702038679,-0.49624697322195227,0.009369230921782384,0.014483621724965897,0.0008633601193485612,0.017069004751233893,0.05473823091861876,0.014483621809631586,35.672935009002686,0.008832557126879692,0.7451510628064474,0.013061659100155035,0.0005256432648366172,0.00484768317740721,0.1998294542233149,-0.19197194774945578,-0.004754745479052265,0.0023957341618370265,0.0006314115186493533,0.00489037879742682,0.03836805699393153,0.0023957341618370265,27.87885808944702
1,36,pg,backward,0.015040764500471678,0.726735228841955,0.014375179371034557,0.0005813680959957682,0.004191717736169018,0.4930656173012473,-0.523032926700332,8.421715094961904e-05,0.012072617145763203,0.0007557297649327666,0.014213444135913795,0.04449066634035923,0.012072617431509901,29.27732287753712,0.007963538480301699,0.691898912191391,0.0120296700236698,0.00038092423771255807,0.003200100075143079,0.17859582602977753,-0.19021639227867126,-0.004447055796238904,0.0029608908031756678,0.000541176685752968,0.006205604799712698,0.057421879221995674,0.0029608908080263063,36.04960370063782
1,37,pg,backward,0.003339078171517361,0.6680545535954562,0.013351833617145365,0.0003843676132956634,0.011777465416922827,0.4810513786294244,-0.47486263513565063,-0.010397123172879219,0.015501642155207017,0.0008931099860505624,0.018183902138844132,0.05585430219600147,0.015501642451536927,37.04633326963945,0.010763683511565128,0.6259387930234274,0.011741085288425287,0.00026212485121372236,0.024949203866223495,0.2141642024119695,-0.17265721907218298,-0.0012395264736066263,0.004010580305475742,0.0006344035646179691,0.00681671731096382,0.045008681869755186,0.004010580324878295,35.19752446810404
1,38,pg,backward,0.003491715718568726,0.6546233269301328,0.013205243486233732,0.0009347627818566583,0.016135108752430162,0.5082642923701893,-0.48789500241929834,-0.01064829055791382,0.01561244711576199,0.0008783570533110337,0.01816151680594141,0.056260147258977995,0.015612447369759056,35.002236973155625,0.015964568903048832,0.6668285032113394,0.011676971800625324,0.0002573327096039672,0.008576417962710062,0.20503688355286917,-0.1989590252439181,0.004030264797620475,0.004275548524068047,0.0006570148737713074,0.007774306577630341,0.06115451641380787,0.00427554842705528,41.579204082489014
1,39,pg,backward,0.011185319332236593,0.6892041834917936,0.013562091160565615,0.0009723709534755058,-0.0005004534032195807,0.4759005050767552,-0.510365373708985,-0.003349143051309511,0.011086314477407459,0.0006845563859149644,0.013134935839017007,0.04170048702508211,0.011086314429783008,28.361435066569936,0.011057053149367372,0.7171660661697388,0.012224207321802774,0.000391753637813963,-0.005785503424704075,0.1980280876159668,-0.2244782050450643,-0.0015589077568923433,0.003140573564451188,0.0007062129977081592,0.00653009198140353,0.05564236330489317,0.0031405738360869386,36.52851963043213
1,40,pg,backward,0.004079237834296443,0.7262138263745741,0.01390459756790237,0.00043856859936268353,-0.01755036146972667,0.4929759448224848,-0.5473274358294227,-0.010263928392140026,0.01360438119577752,0.0008706061172150922,0.01609711154279384,0.05293729731982404,0.01360438139685853,33.98180905255404,0.013572113666062554,0.6960646907488505,0.012046024358520905,0.000393347384184987,-0.021243217090765636,0.18203863004843393,-0.26649804164965946,0.0011327420943416655,0.0020069758562992015,0.0006197715410962701,0.004335740949803342,0.04045139144485196,0.002006975933909416,30.73855177561442
1,41,pg,backward,0.01005146777341989,0.696143551306291,0.013479383069683205,0.00044581917884510926,-0.02311725628731603,0.46967152709310706,-0.5659278143535961,-0.0038737345232882285,0.010933713161979209,0.0006865693735149266,0.012784540515647015,0.03845373414118181,0.010933713140812788,25.832864739678122,0.012153993515918652,0.6763635377089182,0.012033539668967327,0.00037822211773648934,-0.022412534182270367,0.17833607147137323,-0.2719574843843778,-0.0002577681637679537,0.0016959232258765649,0.000502927442236493,0.003683679756553223,0.03151041719441613,0.0016959232937855024,24.867414792378742
1,42,pg,backward,0.00689554311843081,0.6692976761947979,0.013437200464646925,0.0006269502972044579,-0.014616879168897867,0.5212826078588312,-0.5664415969090029,-0.007168607669882476,0.013128563116135245,0.0007293432400646535,0.015198800786906346,0.04672280811196701,0.013128563126718456,28.403739300641146,0.012710686773061752,0.6760534346103668,0.012032555105785528,0.00041162322061912465,-0.0011291758467753728,0.2150477816661199,-0.23814687629540762,0.00026650905298690003,0.004213525409189363,0.0009318197165460637,0.008028558688238263,0.06219618208706379,0.004213525447994471,46.3416231473287
2,1,pg,backward,0.03818372687832876,0.20277262275869196,0.03794006554579193,6.722996837835929e-05,-0.016530499793589115,0.17067372358658098,-0.2227884710512378,0.00017643151130125096,0.00230008645700185,0.0005559409592850981,0.005035004435657439,0.049208606191148814,0.0023000864100388503,36.16141404888847,0.03326094740380844,0.3285411645968755,0.029162217552463215,0.0001422214439609585,-0.04293448974688848,0.049500604470570884,-0.15127290785312653,0.003956508298870176,-0.0007546349370386451,0.000402535874551783,0.0010601041237047564,0.042534722636143364,-0.0007546349273373684,19.179962476094563
2,2,pg,backward,0.021278702992607246,0.4256137934598056,0.025356165726076473,0.00010875074316242139,-0.043888323178345505,0.284933211451227,-0.36133195053447376,-0.004186213249340653,0.0059188638168217785,0.0008314745222874494,0.009099452560555867,0.055778207363222136,0.005918863824759187,42.14476006681269,0.023999131905535858,0.5150265395641327,0.021818342618644238,0.00026142328351852484,-0.03698097231487433,0.08419998486836751,-0.14767545958360037,0.001919366264094909,-7.2515487659075e-05,0.0003811310137583253,0.0017735872340078156,0.03411458463718494,-7.251548383161814e-05,22.894816001256306
2,3,pg,backward,0.019589802758260208,0.6013222905722532,0.020077671432359653,0.0002226728001911805,-0.034625888294117016,0.33599573373794556,-0.4037749713117426,-0.0007105411734135652,0.007821857902771708,0.0008201119992670349,0.010572973569982092,0.04933543063022874,0.007821858024478635,37.652229590849444,0.018531804128239553,0.6509948670864105,0.018321289060016472,0.00028999925719593495,-0.019321839635570843,0.09759300450483958,-0.1275124798218409,-7.948431690844397e-05,0.0005669968213624088,0.000509914030165722,0.0035277645802125335,0.05902778233091036,0.0005669968262130473,34.362320025761925
2,4,pg,backward,0.013115110934119333,0.6694526834921404,0.018184457651593468,0.0002959604611907968,-0.001902387779079039,0.39123162491755054,-0.39814953912388196,-0.005365307067139921,0.010306554407262329,0.0008163635912668807,0.013239560860463163,0.05562601496719501,0.010306554449595173,38.95227360725403,0.015616186118374268,0.6729296843210856,0.0173810839963456,0.0002863004414456564,0.01862863606462876,0.15029959380626678,-0.08677241702874501,-0.002051198302069679,0.0027134317400244377,0.0005005330264490718,0.005343534013566871,0.04926215546826521,0.0027134317982320986,30.9685275554657
2,5,pg,backward,0.010056009135124359,0.6789708408442411,0.01754223940555345,0.0003249984866690945,0.024926017461852593,0.411912586201321,-0.37623232196677814,-0.0078112287341024385,0.010345649090595543,0.0008139406140385704,0.01272241348951039,0.044592126992277124,0.010345649111761966,32.490598765286535,0.019228657397131126,0.6886241237322489,0.016567600890994072,0.0006988179114462886,0.031015811798473198,0.16493206222852072,-0.07092710336049397,0.0019622385346641145,0.0016675988105513777,0.0003304488442760582,0.002921078858586649,0.021180555845300358,0.0016675988493564848,13.91203506787618
2,6,pg,backward,0.00843615114519542,0.6997031271457672,0.016861528412184933,0.0005172576143815439,0.034613190134140576,0.4278702898459001,-0.336052188819105,-0.008942634782711551,0.013560172699561173,0.0008542646643367003,0.01654456022449515,0.055575285530225796,0.013560172974724661,40.35549701343883,0.00975051491210858,0.6894727945327759,0.01583612508450945,0.0008846962858418314,0.042299337685108185,0.18913638591766357,-0.05660650630791982,-0.006970306184181633,0.004557463515084237,0.0004538448022988935,0.007613848312757909,0.05355903102705876,0.004557463398668915,38.599538803100586
2,7,pg,backward,0.01738520119000565,0.7077230431816794,0.016241843007843603,0.0005463175249877332,0.026237383400174705,0.43897583267905493,-0.3438659134236249,0.0005970406240190972,0.012775952578522265,0.0008825267882044004,0.015821724516254933,0.0580610798841173,0.012775952546772633,40.50833719426935,0.016121533854554098,0.7386573354403178,0.015462839355071386,0.0005469603860888128,0.008610502894346913,0.14522936443487802,-0.09751074016094208,0.0001117341259183983,0.002416201828358074,0.0005335726212554922,0.005659697072890897,0.05707465453694264,0.0024162018089555204,36.668784618377686
2,8,pg,backward,0.011687260015274991,0.7393160489472476,0.016257920768111944,0.0003607124691007031,0.011780691158492118,0.401001129638065,-0.4144625040617856,-0.004931373077190735,0.010826071835419332,0.0007922426997207698,0.013554905535949563,0.052886568094519054,0.01082607181425291,37.060547438534826,0.01910438807681203,0.7391412655512491,0.0151655413210392,0.0002657457062014146,0.01485249043131868,0.1585137595733007,-0.0893597702185313,0.0036731011932715774,0.00299470165433983,0.0006360451467723275,0.005848561646416783,0.04722222313284874,0.0029947016737423837,34.74613936742147
2,9,pg,backward,0.016130305276336996,0.739798055453734,0.016039398414167492,0.0003169698682706274,0.010367363035170869,0.402636164968664,-0.3791097538037734,-0.0002260628283362497,0.00927342977163128,0.0007467073936078867,0.011454333900474012,0.04002638049000366,0.00927342973459004,30.34593612497503,0.010036052204668522,0.7448859512805939,0.014806911504516998,0.00028574714917795063,0.00925660141122838,0.15787397821744284,-0.10660112897555034,-0.005056606702661763,0.0032266221630076566,0.0007856729498598725,0.00674083308937649,0.05863715584079424,0.0032266222794229784,40.72595373789469
2,10,pg,backward,0.008215866559608416,0.7200516841628335,0.015223376622254198,0.0004724451051846369,0.00896926894148981,0.4304024577140808,-0.379132018847899,-0.007479955156503076,0.009288096297743985,0.0007106687513772737,0.011303032335655933,0.03723620149222287,0.009288096498824994,28.03054363077337,0.012189741712063551,0.6955275734265646,0.014159100130200386,0.0005510311196606684,0.001262730685994029,0.15288386245568594,-0.1264277050892512,-0.0025203897093888372,0.0024742141928679,0.0005657146806091381,0.005899967509321868,0.054991321017344795,0.0024742142365236455,37.700807332992554
2,11,pg,backward,0.01509991084987467,0.6704945537177,0.014820387883281166,0.000606021819004871,-0.012891602183861489,0.4130434475161813,-0.44811255823482166,-0.00032649863781195813,0.009118690446484834,0.0007764756969250316,0.011485936554064128,0.044363839382475075,0.00911869049940089,32.394305814396255,0.010303581909586986,0.655685563882192,0.014074518966178099,0.00044861335610827763,-0.023717515481015045,0.13665756583213806,-0.17729312181472778,-0.004219550348352641,0.0013538091928542901,0.0006290137098403648,0.005047748117552449,0.06345486330489318,0.001353809154049183,41.55231253306071
2,12,pg,backward,0.010479977608404377,0.672774770043113,0.014500084883448753,0.0004850539717360582,-0.008127083800817754,0.42297321422533557,-0.43009545179930603,-0.004505161285950718,0.011624017571607097,0.0008855107973266223,0.014446588063781912,0.054535308852791786,0.01162401774623008,38.439665989442304,0.010019337370370826,0.6945823729038239,0.013825340506931147,0.00024242408691558617,0.0045318916672840714,0.17899511257807413,-0.13163828353087106,-0.004048427023614447,0.0024951870436780155,0.0005747799053400134,0.005153416267906626,0.04435763896132509,0.0024951871503920606,34.61297218004862
2,13,pg,backward,0.01377823944626884,0.6943324993957173,0.014416297347369518,0.00034324744108005234,0.009230063751932572,0.43290052766149695,-0.42521422559564764,-0.0009813053395853124,0.011503194024871018,0.0008044009340334345,0.014041492805435237,0.04915787372738123,0.011503194347658957,34.60787905346263,0.012453476277490457,0.6924368143081665,0.013527671961734692,0.0003927891452425077,0.024048123819132645,0.20279320081075033,-0.09972870846589406,-0.0014669848411964874,0.004676144725332658,0.0007590541984730711,0.008253339755659303,0.056032987932364144,0.004676145035773516,41.574445724487305
2,14,pg,backward,0.011201481334865093,0.6943314427679236,0.014108584685759111,0.0005369598189459298,0.02917048940435052,0.45749928734519263,-0.37822759422388946,-0.0034440633925524626,0.013210507840002801,0.0008053838147051548,0.015817539353685624,0.05265827938406305,0.013210508358580146,36.43168656392531,0.019300767841438454,0.6793771982192993,0.013285305351018906,0.0005620068992963448,0.0369679257273674,0.22031314174334207,-0.08722502489884694,0.005453455649937193,0.005571083495548616,0.0008384469450296214,0.00865501316729933,0.05390625322858492,0.005571083534353723,37.14300378163656
2,15,pg,backward,0.00538830425251614,0.6810076859864321,0.014128824907609007,0.0007283912174733069,0.04474799097938971,0.47638175704262475,-0.3812932087616487,-0.009468912115235898,0.016702792353250763,0.0009216862844451415,0.01943622654388574,0.05958299563181671,0.01670279230033471,37.26356207240712,0.005693796246002118,0.6833613216876984,0.013274126841376225,0.0006610641629170763,0.06143036733071009,0.26005370418230694,-0.05414127806822459,-0.008241395077978572,0.00972486031241715,0.0009836011449806392,0.013844947485874096,0.07035590335726738,0.009724860700468222,50.17396958669027
2,16,pg,backward,-0.0004813781812448393,0.6714976917613636,0.01420208705927838,0.000742304459252678,0.07625544782389294,0.5739274024963379,-0.3859416368332776,-0.015425769887356595,0.019890452174215832,0.0008959891711128876,0.022409544220532884,0.05664062542332844,0.019890452216548674,35.61084677956321,0.0095369180974861,0.650911827882131,0.013189015133927265,0.0008057965223997599,0.09579714263478915,0.3259473294019699,-0.01656820873419444,-0.0044578932380924625,0.015469427686184645,0.001194273305979247,0.019451735230783623,0.07582465559244156,0.01546942846228679,49.251919746398926
2,17,pg,backward,0.014000261075456034,0.6879349242557179,0.014461034231565216,0.00048707698274487075,0.08888595822182568,0.5473390546712008,-0.35108376429839566,-0.000947850200728598,0.019610081206668507,0.000688134757431478,0.021827926467680794,0.05283583590591496,0.01961008202157576,30.020060062408447,0.012352347529182831,0.7166602313518524,0.013896110467612743,0.0007053917957430637,0.08312956740458806,0.3173070003588994,-0.029348889986673992,-0.002249154650295774,0.009712500808139643,0.0007499992158651972,0.012313342730825147,0.046571179603536926,0.009712501040970286,31.27985938390096
2,18,pg,backward,0.006845763355324214,0.6894179284572601,0.014680266422642902,0.0006177307204469881,0.08578629114411095,0.5850957279855554,-0.34311729398640717,-0.008452233882218768,0.01319358255502514,0.000566981800313277,0.014658576300875708,0.03325385553762317,0.013193582914854314,20.71941911090504,0.006537887578209241,0.6446024775505066,0.013341912689308325,0.0009047157655004412,0.1100716491540273,0.35503336787223816,-0.01783059537410736,-0.007708741584792733,0.010203370203574499,0.0006926297307169685,0.012720098719000816,0.04236111231148243,0.010203370514015356,28.129629294077557
2,19,pg,backward,0.021381950175220318,0.6216506849635731,0.014099564614959738,0.0006950299625507548,0.096625013446266,0.5613629777323116,-0.35207117145711725,0.006587355515379882,0.020697699304119768,0.0007759485504886305,0.02308292369442907,0.055346996608105575,0.020697699357035824,32.530408360741355,0.009063999789456526,0.6111593643824259,0.012981352085868517,0.0007916618196759373,0.07851734509070714,0.2869264781475067,-0.04678548872470856,-0.00470901404817899,0.009246144366140166,0.0008318218460772187,0.012166443979367614,0.051649306900799274,0.009246144521360597,33.19421863555908
2,20,pg,backward,0.00697661881250414,0.6370200081305071,0.01384145004505461,0.0008898801655318907,0.06004436466504227,0.515785505825823,-0.3864007876677947,-0.007754711751741442,0.017996249402957885,0.000775875540884127,0.020500201731920242,0.053977273319932545,0.01799624974162064,33.59219965067777,0.0062335473485291,0.6664910813172659,0.013050275389105082,0.000603742856280102,0.05519800322751204,0.260561724503835,-0.08131842811902364,-0.0074204706664507585,0.006650012219324708,0.0008753198101961365,0.009359490398007134,0.04513888992369175,0.006650012044701725,30.082187175750732
2,21,pg,backward,0.015965380832891573,0.6736515814607794,0.013977429702539335,0.00037238419331360586,0.04581943128935315,0.5277512737295844,-0.39781390130519867,0.001615566857667132,0.018896922035227446,0.0008866150310495868,0.021479414754801175,0.0591517865488475,0.018896921664815058,34.957622441378504,0.010141960500429073,0.6521179179350535,0.013018269091844559,0.001044057778926799,0.061190699537595115,0.2749552329381307,-0.08059296508630116,-0.003920366337600474,0.007328352522260199,0.0006635843019466847,0.010176621028222144,0.04631076706573367,0.007328352987921487,37.172298868497215
2,22,pg,backward,0.013415164229544725,0.6548988900401376,0.013892168390818617,0.0005600576665304144,0.05943825146691366,0.5543498234315352,-0.4198368909684094,-0.001037061860022897,0.016971579001454466,0.0006912021106638184,0.018939836797389118,0.04626623454334384,0.016971579170785844,27.139171556992963,0.005682805553078651,0.6403378744920095,0.01306205956886212,0.0011898122338607209,0.06967667738596599,0.2908802926540375,-0.07054496804873149,-0.008569066587369889,0.010967869990660498,0.0010565196474393208,0.014833125208194057,0.06779513911654551,0.010967870223491142,51.135881185531616
2,23,pg,backward,0.016291939907453278,0.6637616455554962,0.014171333687210625,0.0010641487296590474,0.06444301862608302,0.5553167015314102,-0.400192302736369,0.0010564574569633062,0.017473565329882233,0.0007398595864122564,0.01962286041287536,0.048929587472230196,0.017473565329882233,29.64463290301236,0.01333007107799252,0.6720475057760874,0.01311433439453443,0.000911424416093117,0.05411823590596517,0.26672794421513873,-0.08216486871242523,-0.0006956872142230471,0.007444785364593069,0.0008691497011265407,0.010548179037868977,0.049739585568507515,0.007444785131762425,40.003026485443115
2,24,pg,backward,0.006655851675366814,0.67773299054666,0.013856200882318344,0.0006465764366879835,0.043843019753694534,0.5466746173121713,-0.4077046134255149,-0.007846925415585494,0.019243086423640223,0.000875740256477994,0.021699157035486263,0.05986201310191642,0.01924308615905995,33.326922091570765,0.011801146902143955,0.6702759067217509,0.013140942435711622,0.0007778531750470089,0.04449686656395594,0.2530602216720581,-0.09579946100711823,-0.002117648623728504,0.0076639596760893864,0.0007679420620358238,0.011041610152460635,0.05815972465400895,0.007663959753699601,38.64834324518839
2,25,pg,backward,0.013755720553242347,0.6594959795475006,0.01384911694648591,0.0007233861517968101,0.05042735419490121,0.5153690319169651,-0.42694518105550244,-0.0008167826295406981,0.016199545522051103,0.0007450232276989317,0.01843331577467986,0.05103490226478739,0.016199545447968623,30.54429758678783,0.018620904845496018,0.6466387212276459,0.012993952414641777,0.0008843088132077052,0.05627120037873586,0.2774595618247986,-0.08430529634157817,0.004742643873517712,0.008448858512565494,0.0007800330252697071,0.011594593990594149,0.053081598753730454,0.008448858823006352,38.32653776804606
2,26,pg,backward,0.007130217526785352,0.6510974033312364,0.013655129354447126,0.0004840008138564465,0.06626062603159384,0.5658468658273871,-0.419748146425594,-0.007008912369862876,0.01851705819453028,0.000846444570263636,0.02073752440893176,0.05174513017250733,0.018517058554359457,30.829459618438374,0.010223083818952242,0.6551879346370697,0.013105448024968306,0.0008364145969608217,0.08972569182515144,0.34965451061725616,-0.05338534712791443,-0.0037187785589291402,0.010346323523359994,0.0009462786983931437,0.013034492886314789,0.046006947134931885,0.010346323600970209,32.065336068471275
2,27,pg,backward,0.004615953022783453,0.66434107856317,0.0140820562585511,0.000663838217348036,0.10558779300613837,0.6308435635133223,-0.3667706969109448,-0.010129941331053322,0.02264272171834653,0.0007743012168000198,0.024761529427699068,0.05250608802519061,0.022642721644264053,29.57622870531949,-0.009285153665890297,0.6393934985001882,0.013188559096306562,0.000741916703342819,0.1165894183019797,0.4041254023710887,-0.02856697638829549,-0.023215629315624636,0.013437205304702124,0.0008433686258892218,0.01641511187578241,0.049609375496705375,0.013437206080804268,33.50943247477213
2,28,pg,backward,0.017093424367803065,0.6384923268448223,0.01378966262564063,0.0007735428754771915,0.10504692725159905,0.6304900754581798,-0.37854155762629077,0.0025302190756933255,0.020024493881712922,0.0007080382790511728,0.021863306512717496,0.04525162364271554,0.020024493760005993,25.099854588508606,0.006837713532149792,0.6211533149083456,0.01290583253527681,0.0008893144646814714,0.10410427674651146,0.37658075988292694,-0.04337771733601888,-0.006957433186471462,0.016297802872334916,0.0008952130786686515,0.020239891950041056,0.06987847263614337,0.01629780240667363,45.645313580830894
2,29,pg,backward,0.0040453902699730615,0.6189996573058042,0.013674900147386572,0.0005733038261310371,0.10482073710723357,0.6354262476617639,-0.3699359595775604,-0.010202813597226685,0.023103876420381395,0.00069141211993569,0.025187335633249444,0.05395190790295601,0.023103876293382862,28.047152866016734,0.010641873348504305,0.6174719035625458,0.012861121135453383,0.001128105975719033,0.10319178427259128,0.3784641871849696,-0.04572644829750061,-0.003347353214242806,0.015663426058987778,0.000850034436249795,0.019379676319658756,0.06636284726361434,0.01566342559332649,44.617095947265625
2,30,pg,backward,-0.0011643510396507654,0.6012019460851495,0.013759589288383722,0.0007550685154042599,0.10388050702485171,0.6328840174458243,-0.3933606296777725,-0.015679008840710263,0.021109772528606383,0.0006714656810800079,0.023095263792625206,0.05027394489893182,0.021109772676771336,27.305528006770395,0.006178323179483414,0.5635626713434855,0.013076646719127893,0.0011732505427062279,0.11252524455388387,0.38794482747713727,-0.034557307759920754,-0.00807157337355117,0.017077596858143806,0.000950986664975062,0.02117605259021123,0.07165798731148243,0.017077597168584664,47.869186083475746
2,31,pg,backward,0.009865929922935638,0.6055398231202905,0.014188554899936373,0.0009352595998757869,0.12134234979748726,0.6763322624293241,-0.39811252599412744,-0.005257884744258428,0.02563732140697539,0.0007319064253269145,0.027771832728335125,0.056260146031325516,0.025637321957302363,29.030920808965508,-0.0031532403081655502,0.6383300125598907,0.013272796291857958,0.0008434658448095433,0.13809133072694144,0.45650728543599445,-0.01921410858631134,-0.017269502316291135,0.020505385628590982,0.0009215574633950988,0.023841279714057844,0.06540798768401146,0.02050538593903184,38.793176333109535
2,32,pg,backward,0.015501469458368692,0.6528076881712134,0.014395378614691172,0.001239851283158218,0.12454395199363882,0.6979153833606027,-0.36633494089950214,-0.00013376037928868425,0.028151924679563803,0.0008265385417458178,0.03027145526456562,0.05910105579956011,0.028151925505054267,29.739147207953714,0.015509545337408781,0.6352172394593557,0.01296648724625508,0.0010052050092781428,0.12029533957441647,0.4374885559082031,-0.034180243810017906,0.001537852765371402,0.01186552612731854,0.0006953445263206959,0.014162586691478888,0.039756945023934044,0.011865525933293005,24.96968873341878
2,33,pg,backward,0.013514496597715399,0.6343086443164132,0.014079280409284613,0.0005084154064188727,0.102584089406512,0.6499529372562062,-0.41954383931376715,-0.0010731991602700543,0.022958936645988037,0.0006653355515233918,0.024872806124304505,0.050629058556461874,0.022958936635404825,26.633812774311412,0.02657623573516806,0.6371475358804067,0.012722354847937822,0.00105586830871592,0.09487851584951083,0.39389414588610333,-0.06475583215554555,0.012798013010372719,0.01819782688592871,0.001068991298476855,0.022151104484995205,0.07669270907839139,0.018197826265046995,46.74640941619873
2,34,pg,backward,0.007914912865751168,0.6341612962159243,0.01369470256296071,0.00033228079489204407,0.08721816336566751,0.6497920561920513,-0.4265145876190879,-0.006112070500173352,0.023432824326763777,0.0007095078207467767,0.02553506052671847,0.054662135683677414,0.023432824146849187,29.29723567312414,0.016161599041273195,0.6060588856538137,0.012694256535420815,0.0013512715811501153,0.09180215994517009,0.38054513931274414,-0.07460736731688182,0.0021160709438845515,0.007999643567018211,0.0006517123207837964,0.009830633100743095,0.03133680780107776,0.007999643683433533,24.284406105677288
2,35,pg,backward,0.016892097509381445,0.6393267593600533,0.01373071168464693,0.0008241296091090982,0.080699949440631,0.6451965353705666,-0.4197002066807313,0.002337256605228917,0.018929287283258003,0.0007230352917262776,0.020707079209387302,0.043298498558049854,0.018929287558421493,24.260275862433694,0.010337452248980602,0.6526901423931122,0.012707760712752739,0.001036924730821435,0.0781463993092378,0.3492818921804428,-0.08946166932582855,-0.0034072337051232657,0.01688176238288482,0.0009517809133588647,0.021438180313756067,0.08111979315678279,0.016881761762003105,51.09261957804362
2,36,pg,backward,0.015300211750648239,0.6436626504768025,0.013499038039960644,0.0006369330609344556,0.05890796333551407,0.5852856717326425,-0.46720241552049463,0.0011642405085942962,0.020075775873423976,0.0007135407100907865,0.02194787470877848,0.051846591967412016,0.0200757756088437,25.773358843543313,0.012033700477331877,0.6176435649394989,0.012474038482954105,0.0013354027053840885,0.06071491787830988,0.3136489937702815,-0.1038169115781784,-0.001775740956266721,0.009807462571188807,0.0007418194145429879,0.013008826645091176,0.05425347574055195,0.009807462415968379,36.63072840372721
2,37,pg,backward,0.01104641714217988,0.6222767694429918,0.01332214301113378,0.001192398541715792,0.05505077490075068,0.6212251484394073,-0.46572340483015234,-0.0034681242805990305,0.022307250077243556,0.0007520406143157743,0.024561902211809702,0.06006493487141349,0.02230725014074282,30.37123039635745,0.009155803282434741,0.5924787123998007,0.012602516605208317,0.001293027844894823,0.05078703165054321,0.29803433020909625,-0.10958004991213481,-0.004739741173883279,0.005088033135204266,0.000610172122833319,0.00702199285539488,0.029340278667708237,0.005088033251619588,19.71417760848999
2,38,pg,backward,0.01326274027285928,0.6241633160547777,0.013442909726026383,0.0010139982755183817,0.04109650807963176,0.5699427087198604,-0.46646424450657586,-0.0011941679165994917,0.016952030223116955,0.0007252171900208024,0.018827278992499818,0.04715401831675659,0.016952030413614757,25.96203760667281,0.006551210846131046,0.6469395458698273,0.012610201879094044,0.0009110907646269576,0.04221491081019243,0.28681190808614093,-0.12646116316318512,-0.006970081788798173,0.007883663832520446,0.0008328369149239734,0.011132324114441872,0.050651042411724724,0.007883664220571518,38.82639090220133
2,39,pg,backward,0.010094159536740997,0.6669541678645394,0.01332918575710871,0.0010529981229245261,0.04160737847401337,0.5826386999000203,-0.4373362795873122,-0.004288024041505361,0.018105669497427614,0.0006442978112979538,0.020111641455018384,0.051770495250821114,0.018105670095379042,27.198449850082397,0.01615963038057089,0.6716135442256927,0.01257980102673173,0.0009045548116167387,0.045351726934313774,0.2962772597869237,-0.11606003592411678,0.002675274464612206,0.007505509730738898,0.0009538131998851895,0.010364929835001627,0.04518229328095913,0.007505509303882718,35.367143630981445
2,40,pg,backward,0.012704410399733619,0.6726666959849271,0.013458938253196802,0.0007515417783050538,0.048817312344908714,0.5988757664507086,-0.48278959366408264,-0.0015060696367237886,0.019172289525158703,0.0007441063598062927,0.021161315126598558,0.05098417225632478,0.01917228956749155,27.947540879249573,0.02041351073421538,0.6673872172832489,0.012441374361515045,0.0009098050541069824,0.05011198421319326,0.31392542521158856,-0.11245063940684001,0.007062331424094737,0.009384074714034796,0.0008958390050490076,0.012515629641711712,0.0530381944651405,0.009384074869255224,35.35638745625814
2,41,pg,backward,0.015192174500870433,0.6885903044180437,0.013501925436271862,0.00028015410291779767,0.046585640108043495,0.5610407089645212,-0.4892932447520169,0.0014100953459009443,0.020326489370993593,0.0007214609418455934,0.022440347778187555,0.05689427849243988,0.020326489413326435,28.635556654496625,0.006276020004103581,0.6962659060955048,0.01279161994655927,0.0007349862753471825,0.05024366949995359,0.3229103088378906,-0.10677785674730937,-0.00725058646639809,0.008595791296102107,0.0009058193657741261,0.011815955163910985,0.05173611268401146,0.008595791916983822,37.07907883326212
2,42,pg,backward,0.00829783909615468,0.7157013470476324,0.014076771510934288,0.0005369835277946322,0.05204910903491757,0.6021617759357799,-0.4645635499195619,-0.006315916109914807,0.02287388106130741,0.000877213451365771,0.02514859818091447,0.060267857191237534,0.022873880807310343,31.5961087400263,0.006703363731503487,0.6965024669965109,0.013026702062537273,0.0009635572935167147,0.059913803512851395,0.34586969017982483,-0.09980517129103343,-0.007286895532160997,0.006245999402987461,0.0006499870748181517,0.008402675623074174,0.03077257052063942,0.006245999597012997,26.791804869969685
2,43,pg,backward,0.01923655993728475,0.6893082152713429,0.013707485346292908,0.000520460755662649,0.059644406238062816,0.601752454584295,-0.4774712161584334,0.005008613606068221,0.021716773700477046,0.0007599269394466484,0.023978212361477992,0.057173295793208206,0.021716773869808425,31.110058784484863,-0.0003603735628227393,0.6493999063968658,0.012539658229798079,0.001062158728624733,0.06177600845694542,0.33318523069222766,-0.0932260553042094,-0.013962190598249435,0.009911085168520609,0.0009611784674537679,0.013207767934848865,0.052300347636143364,0.009911085789402327,37.90865262349447
2,44,pg,backward,0.005994340574199503,0.6664556156505238,0.013650215865874832,0.0006712781317229532,0.04955037750981071,0.6137961054390128,-0.47627499293197284,-0.008327153469012543,0.02153925754299218,0.000790336294978095,0.02381974310529503,0.0569957388903607,0.02153925783932209,31.86827236955816,0.0016651380186279614,0.6579944789409637,0.012433770267913738,0.0008742712052480783,0.041101302951574326,0.29289895792802173,-0.12381116797526677,-0.011642903555184603,0.007713097419279317,0.0009127681551035494,0.011345710062111417,0.05486111404995123,0.007713097419279317,46.29103946685791
2,45,pg,backward,0.012634969443421473,0.6655306626449932,0.01337682150981643,0.000732232238173677,0.03675591098991307,0.5919010950760408,-0.4745881638743661,-0.0014740841764829713,0.01570735373322598,0.0006937042757768227,0.017390065762976355,0.04360288186845454,0.015707353860224513,23.672190622849897,0.007037746564795573,0.6650974651177725,0.012362263320634762,0.0009436442038956253,0.0413339218745629,0.29722913602987927,-0.11904874940713246,-0.006268161271388332,0.007121656633292635,0.0007448996281406531,0.010289878894885382,0.04769965447485447,0.007121656943733494,40.456361532211304
2,46,pg,backward,0.012074399718337438,0.6524319052696228,0.01307044533843344,0.0006111651914269797,0.03956079093570059,0.586963180791248,-0.5064200027422472,-0.0016072110421108928,0.021141172661869365,0.0007436171025884422,0.023624065988273782,0.0594815347682346,0.021141173169863494,33.293750741265036,0.0029557577023903527,0.6289812624454498,0.012080351977298657,0.001010542297687304,0.04719017011423906,0.3029671013355255,-0.11472110946973164,-0.010135136641717205,0.006346634356305003,0.0008486661996964054,0.009272397573416432,0.04006076573083798,0.00634663457943437,35.95331601301829
2,47,pg,backward,0.010658729884942824,0.6352529363198713,0.013132419733499939,0.0005173596181836357,0.04266993108798157,0.5950856073336168,-0.5047720006921075,-0.002991049460516396,0.016489718268117445,0.0007541628213154829,0.018292042839510195,0.04451603129167448,0.016489718448032032,25.51516656442122,0.007735787114749352,0.6209471126397451,0.012103725069512924,0.0007385975856474639,0.04209358555575212,0.29335688054561615,-0.1228182961543401,-0.005106535468560954,0.004354422368730108,0.0005864723692260062,0.006328001424359779,0.027604167039195698,0.004354422329925001,22.819160620371502
3,1,pg,backward,0.029242583508179945,0.2402389029210264,0.030351897616955368,0.00015603405453455045,0.03511747032065283,0.245165769349445,-0.13377244431864133,-0.0012653478479478508,0.005258059086786075,0.0006937961172132583,0.008474193269979547,0.05268364492803812,0.005258059216430411,42.69393730163574,0.0189444733162721,0.3000810742378235,0.02713874541223049,0.00025080184180599946,0.043567183737953506,0.14539607365926108,-0.031610156099001564,-0.008445073442999274,0.0034002588654402643,0.00046643903624499217,0.005816954905943324,0.048480904350678124,0.0034002589236479253,25.258871873219807
3,2,pg,backward,0.018086985769596966,0.36199342933568085,0.02343902262774381,0.0002273946201967192,0.044644803486087105,0.3308097936890342,-0.1898698718710379,-0.00557943146718158,0.007850654640192673,0.0006854701628485186,0.010807920130901039,0.04710328866812316,0.007850654706337744,39.508308150551535,0.022444498104353745,0.4055904646714528,0.022001207806169987,0.00027400087562530945,0.05242043547332287,0.16939562062422434,-0.03823584318161011,0.00016928930805685619,0.0027272808559549353,0.000515180048144733,0.0044793358344274265,0.03207465276742975,0.0027272808559549353,21.38455589612325
3,3,pg,backward,0.0023127922534265303,0.45945237441496417,0.019531647547740828,0.00025360035235941973,0.0693330295722593,0.3891735876148397,-0.20723706754771146,-0.01747245588128201,0.010888875419781967,0.000873802514185875,0.013848606041971256,0.050552963871847496,0.010888875504447655,40.6846398006786,0.016199132582793634,0.5117659121751785,0.018153921080132324,0.00028647244592624094,0.08433723573883374,0.23430720468362173,-0.03073851267496745,-0.0022412611093992987,0.007703730758900444,0.0005959686823189259,0.0109613878497233,0.058723959450920425,0.007703731030536194,34.692807833353676
3,4,pg,backward,0.011643941090865568,0.569725131446665,0.016744911459020594,0.0002700013160705985,0.08049180460247127,0.39946358041329816,-0.21893901174718683,-0.005370971603869376,0.010877820091660727,0.0008140560781943019,0.013525156462988392,0.04558137330141934,0.010877820303324948,35.41705630042336,0.015230908989906311,0.5976831217606863,0.016262552700936794,0.00034003274921208987,0.08284084250529607,0.23038178185621896,-0.03370669980843862,-0.0013716767425648868,0.004491351932908098,0.00040152695146389306,0.006437186462183793,0.03402777792265018,0.004491352243348956,23.940904299418133
3,5,pg,backward,0.013460686684332111,0.6111972846768119,0.015877376691522924,0.00041133098842361835,0.08135362375866283,0.4304062344811179,-0.23650746453892102,-0.0028280207082967868,0.010674276923633774,0.0006996339467481117,0.012953146948182786,0.041066356087950145,0.010674276865426113,30.82049991867759,0.024643723852932453,0.6204540133476257,0.015760854197045166,0.0006303749973284312,0.07725619773070018,0.23386557896931967,-0.0487934003273646,0.00825249426998198,0.00837177480570972,0.0007786949572619051,0.012025629946341118,0.06783854340513547,0.008371774883319935,42.49752648671468
3,6,pg,backward,0.008556981761516496,0.6089334921403364,0.015532516112381762,0.00038847868049432776,0.0712145980108868,0.41329169408841565,-0.24629065123471347,-0.007364013211124323,0.008873674235391345,0.0007046720565995201,0.010976481420749968,0.03538453748280352,0.008873674224808135,28.846250555732034,0.02370018744841218,0.5931918323040009,0.015630420142163832,0.0005682164034321128,0.07456288859248161,0.23275365928808847,-0.059305777152379356,0.007501550988915066,0.007316522494268914,0.0006790233116286496,0.010461340813587109,0.05868055842195948,0.007316522765904665,40.76936956246694
3,7,pg,backward,0.016091493678025225,0.5539825396104292,0.015862129628658295,0.0005794029082360132,0.09189485826275566,0.4549838128415021,-0.2340592328797687,-0.0003500387683743611,0.014065607741940767,0.0007836912310184827,0.016810329059477557,0.05014711957086216,0.014065607768398795,36.36299937421625,0.010690563203146061,0.5368079940478007,0.01585982476050655,0.00044640361716119514,0.09884367013971011,0.2796483337879181,-0.04529066880544027,-0.005615665266911189,0.007050725049339235,0.0005617236311081797,0.009567776462063193,0.04188368283212185,0.0070507252821698785,26.757347265879314
3,8,pg,backward,0.004719923927702687,0.5567991164597598,0.015378952619027008,0.0004594598527050535,0.10612540319561958,0.4822021627968008,-0.21221094917167316,-0.011118488375690173,0.015887872040779752,0.0008111414208542556,0.01861954938662662,0.05194805219600147,0.01588787241119214,37.29851336912675,0.00033961422741413116,0.5590629080931345,0.015030354261398315,0.00036108526372421085,0.11761341616511345,0.3169727722803752,-0.0309525728225708,-0.01505182598096629,0.012659594455423454,0.0009819509674950193,0.016209801115716498,0.06393229464689891,0.012659594688254098,41.2918898264567
3,9,pg,backward,0.012522043427452445,0.5750109119848772,0.014817452227527445,0.0005290973827264299,0.11900644444606522,0.5196025696667758,-0.24084459177472375,-0.002824506055648354,0.015883627305315298,0.0007273248841308734,0.01820353848267008,0.04651988670229912,0.015883627633394844,31.472299814224243,0.01945037441328168,0.5973952114582062,0.014043180116762718,0.00042740749123974336,0.12328986451029778,0.32478204866250354,-0.015851276616255443,0.004979786433978006,0.00865524832624942,0.0005079161710455082,0.010906603924619654,0.039322917039195694,0.008655248248639206,28.099982976913452
3,10,pg,backward,0.011879086325114424,0.6201022375713695,0.01434668962081725,0.000589758738251915,0.11637523634867235,0.5311327874660492,-0.25304602628404443,-0.003057362067259171,0.017331499923867257,0.0007218044159923342,0.019762044052847406,0.05131392083554105,0.017331499870951204,32.85163695161993,0.0008346665029724439,0.6234388053417206,0.013824124044428268,0.0005636432442770456,0.1138299045463403,0.3025313119093577,-0.020063715676466625,-0.013553100812714547,0.010880595267129442,0.0005388529971241951,0.014023436388621727,0.056293404971559845,0.01088059542234987,36.25748288631439
3,11,pg,backward,0.014634973877532915,0.6225849904797294,0.0142246044494889,0.0005790448847888415,0.11124073646285317,0.5549575212326917,-0.25060414319688623,-0.00016867551576896486,0.014014630155129866,0.0006694597488438541,0.015929404032331975,0.0380732553418387,0.014014630652540787,26.64781553095037,0.012957805301994085,0.6132848560810089,0.01367970664675037,0.0005654081651300658,0.11624598503112793,0.3172820607821147,-0.015565255035956701,-0.001287309064840277,0.008450358407571912,0.000610273588487568,0.010672472883015871,0.038368056217829384,0.008450358097131053,26.740376313527424
3,12,pg,backward,0.003944497132165866,0.6073400296948173,0.01400247902016748,0.0006428898280794535,0.11447925086725842,0.5486293191259558,-0.24202616783705624,-0.010700871522369032,0.019509564227932555,0.0009091466589862565,0.022157502847469666,0.0546114043417302,0.019509564016268334,36.448248928243466,0.029692717362195253,0.5789568920930227,0.013715394772589207,0.0003813477869130111,0.11829507971803348,0.33919771512349445,-0.01598864048719406,0.015595974963313589,0.006566696936109413,0.00046789903960113105,0.008336231364713361,0.02916666679084301,0.006566697411471978,19.37984538078308
3,13,pg,backward,0.015639922158284622,0.5586899789896879,0.014314885843883862,0.0007079900397351159,0.1263385567475449,0.5888321074572477,-0.24460890956900336,0.0006170460784977132,0.018674175852952016,0.0007205460847630588,0.020847031380981207,0.047762784979898824,0.018674175815910778,29.642763007770885,0.015009081301589807,0.552942673365275,0.013977644344170889,0.00046284449914916576,0.12709550062815347,0.37708183626333874,-0.015494191398223242,0.0005685928044840693,0.010270102589856833,0.0005854894382840333,0.012719118831834445,0.04097222350537777,0.010270102900297692,27.004912614822388
3,14,pg,backward,0.009699384427883408,0.5806536484848369,0.014300045768984339,0.0011907015523527,0.11719988320361484,0.5622322152961384,-0.2407560165632855,-0.005791363007367842,0.019486489896239204,0.0007730944225014272,0.02197033433582295,0.05362215892157771,0.019486489684574983,33.46135460246693,0.011473194307958087,0.5838944415251414,0.01369873791312178,0.0005453320809465367,0.1152526984612147,0.3619200885295868,-0.021504797041416168,-0.002770875430239054,0.010654623484394202,0.0006253632503406455,0.013175321510061622,0.046440972636143364,0.010654623329173774,29.134103616078693
3,15,pg,backward,0.01316184846853668,0.5591777576641603,0.014297866643491116,0.0007196334200588436,0.10876564309000969,0.5628741410645571,-0.27605742622505536,-0.001855651625770737,0.021427213997495444,0.0008422749292962676,0.024127188477326523,0.058619116094302044,0.02142721442082389,36.307632359591395,0.01960466740032037,0.531282921632131,0.014291908126324415,0.0008997768715441149,0.1016539881626765,0.35444710155328113,-0.043677051862080894,0.004412983078509569,0.01081102310369412,0.0007914799207355827,0.013836499963266155,0.05086805562799176,0.010811023297719657,39.00348822275797
3,16,pg,backward,0.020046887390146203,0.5601820783181624,0.014421789652921936,0.0008904690487476976,0.09184306995435194,0.5436815538189628,-0.3045864382928068,0.00473462856925008,0.020860985133119604,0.0008175819728586993,0.02355467437089167,0.05983664815060117,0.02086098555644805,37.05787875435569,0.010100150791307291,0.5965683956940969,0.013410954115291437,0.0006996887768764282,0.07253108421961467,0.30103980501492816,-0.0674974595506986,-0.004010492392505209,0.008533130186454704,0.0008162887582633024,0.01159497577464208,0.05099826492369175,0.008533130351376409,33.75392989317576
3,17,pg,backward,0.007777581880377097,0.5972894836555828,0.014014845883304422,0.0008860461380622423,0.07159838757731697,0.5537646765058691,-0.3231965330514041,-0.00712331006070599,0.014383837294934148,0.0006817499524913728,0.016502650031311947,0.043881899592551316,0.01438383781351149,28.628744515505705,-0.014844987696657578,0.6053853829701742,0.013335085784395536,0.0005197673205354173,0.07495358089605968,0.29678409298261005,-0.06321913500626881,-0.028699840574214857,0.010198642732575536,0.0008562022024610391,0.01407978916540742,0.06089409813284874,0.010198643353457252,46.917515913645424
3,18,pg,backward,0.014365947466682304,0.6017215089364485,0.013982395556840029,0.0014108820383801851,0.0802989239719781,0.5515535961497914,-0.29968973113731906,-0.0010273302799429405,0.018621528902175753,0.0007527705641802062,0.02110042928887362,0.0544845781035044,0.018621529071507128,33.02819165316495,0.01000688582037886,0.5854801138242086,0.013334733278801044,0.0006293411847201705,0.0812233177324136,0.30436837176481885,-0.0575392891963323,-0.003957188435985397,0.009013841471945247,0.0008733623253647238,0.012286055910711488,0.05082465366770824,0.009013841782386104,39.76164229710897
3,19,pg,backward,0.011839475694366476,0.5985361716964028,0.013749916064129635,0.0003251738947834714,0.06931825439361008,0.5524765104055405,-0.31953530419956555,-0.002235614520031959,0.012109766412653367,0.000631768208139957,0.013673442870971154,0.034572849198329175,0.012109766507902268,21.989382017742503,0.007377467428644498,0.6301117936770121,0.013099973089993,0.0004176422483510578,0.06477230166395505,0.27606090406576794,-0.07575412591298421,-0.006140147879098852,0.0072281160003816085,0.0006851357272050033,0.010252025909721851,0.049435765792926155,0.00722811627201736,35.011706034342446
3,20,pg,backward,0.008636238116940314,0.6682904416864569,0.013776388484984636,0.0007465681778946666,0.05667920596897602,0.5060684139078314,-0.33044390177184885,-0.0058867185249586,0.01717905813447115,0.0008735450087855993,0.02012289508076554,0.060141031397506595,0.017179058430801062,39.99025682969527,0.008356460913394889,0.6907958487669627,0.013373940251767635,0.00023367100478329425,0.04979846999049187,0.23088354369004568,-0.07368624707063039,-0.0052511504618451,0.005188079298629115,0.000723388948244974,0.008369125813866654,0.048394098257025085,0.005188079259824008,37.171808083852135
3,21,pg,backward,0.006970628651536324,0.680522544817491,0.013890815306116234,0.00047566328412720145,0.04505118676884608,0.49280233545736835,-0.3375312862071124,-0.007395850060592321,0.01631543904394758,0.0009131281231847507,0.019284783291037787,0.06110491074452346,0.01631543919740414,41.13568690690127,0.008000214972222844,0.6495040555795034,0.013049079105257988,0.00029376353236543196,0.038134995847940445,0.21795878807703653,-0.09778653581937154,-0.0053426277202864485,0.005622535905179878,0.0006709277610449741,0.009250471756483117,0.058246529350678124,0.005622536099205415,41.9970973332723
3,22,pg,backward,0.008604810022833672,0.6398105485872789,0.013712685216556896,0.0008373936875937137,0.0377634833143516,0.5094875977797941,-0.35754371231252496,-0.005945268579208377,0.013443835894577205,0.0008279713352253152,0.015560204861685634,0.044845778833736076,0.013443836148574272,29.71818115494468,0.006415406862894694,0.6486436824003855,0.013135576775918404,0.00026932049623458926,0.027757040224969387,0.21578004956245422,-0.11238793780406316,-0.006989490480918903,0.0044480426295194775,0.0007256458872385944,0.0076814097895597415,0.04956597446774443,0.00444804259071437,41.62364868323008
3,23,pg,backward,0.010561581447043202,0.6437071128325029,0.01381507342342626,0.0008995396621519996,0.030181685166264124,0.5173433314670216,-0.4213803545995192,-0.004153031517158855,0.015078086834612557,0.000757884713741739,0.017322776627472856,0.04963981317864223,0.015078086543574253,30.140225182880055,0.008845199442779025,0.6457202037175497,0.01310151411841313,0.00030524460144458015,0.034114688324431576,0.23325214783350626,-0.11385542899370193,-0.004561559355352074,0.005795634118840098,0.0008557526064881434,0.009685587525988618,0.05863715490947167,0.00579563423525542,44.30809783935547
3,24,pg,backward,0.011841184586625208,0.6472083492712541,0.013668373481116512,0.0006604800553631017,0.036539065058935775,0.5441044894131747,-0.4081771820783615,-0.002487668831070716,0.013824050611054356,0.0007039393584074622,0.015872624173591084,0.046063312287019056,0.013824050505222245,28.149616198106244,0.006651358213275671,0.611956258614858,0.01300187548622489,0.00039220488785455626,0.04980179977913698,0.26225138703982037,-0.09665697316328685,-0.006742722141401221,0.006205343408510089,0.0008220386371249333,0.009653933811932802,0.05026041902601719,0.006205343641340733,38.42469024658203
3,25,pg,backward,0.014345319433645769,0.5941612910140645,0.013803622050380165,0.0008152326996134269,0.04801757422021844,0.55949021469463,-0.3943337452682582,-0.0002735353588253598,0.013721781026106328,0.0006020272101688369,0.015492476575838571,0.03977272837338122,0.013721781422976743,24.031323064457286,0.011368911092480024,0.6012929777304331,0.012926926215489706,0.0003538867858547216,0.04367695624629656,0.2584688762823741,-0.10834673047065735,-0.0019119020629053314,0.005577161054437359,0.0007434866759770861,0.008532014947074154,0.04322916828095913,0.0055771612872680025,36.62589693069458
3,26,pg,backward,0.005826152670620518,0.5960441936146129,0.013789009133523161,0.0009420380198021535,0.04969277283684774,0.5462185306982561,-0.4080764813856645,-0.008904894766270776,0.016572498726997186,0.0007820962643811733,0.018689052879133007,0.049056412652134895,0.016572498314251952,29.599356564608488,0.011924356920644641,0.5674692591031393,0.01320383387307326,0.00024797463477928733,0.06124162363509337,0.3061258941888809,-0.09704294800758362,-0.0015274514638197918,0.006650558110171308,0.0007049737723718863,0.009387105548133453,0.042361112932364144,0.00665055801315854,30.33283632993698
3,27,pg,backward,0.016879004024138503,0.5955521789464083,0.01380722847005183,0.0006932536272911834,0.051754861138761044,0.5505501370538365,-0.40478673712773755,0.002378522005694156,0.01754972447683527,0.0006848185776933943,0.019730762578547,0.0524299928325821,0.01754972478374839,29.86574970592152,-0.004293337309112151,0.6186157464981079,0.012819054381301006,0.0003401443191251019,0.03862540672222773,0.26749389866987866,-0.11653133233388265,-0.0174525365291629,0.006546719620625178,0.0010046777703488867,0.010116564575582743,0.053081597511967026,0.006546719775845607,45.31016651789347
3,28,pg,backward,0.0036134140946987,0.6253032765605233,0.013510826509445906,0.0006730232585270683,0.045399681834334675,0.5257554284550927,-0.41205634718591516,-0.010570435678925027,0.01649536441122605,0.0007516766530567442,0.01871770548380234,0.0503246762197126,0.016495364654639907,29.982831087979402,-0.0007293699309229851,0.6273946662743887,0.012900819381078085,0.00043632951443820883,0.06965235496560733,0.3267731120189031,-0.08064952492713928,-0.014066519293313226,0.01122282212600112,0.0009860599626942228,0.015480909496545792,0.06540798706312974,0.011222822591662407,48.34644571940104
3,29,pg,backward,0.011874285653572191,0.6400797502561049,0.013785829344256357,0.0008297927991662846,0.07753023420545188,0.6147042946382002,-0.36898092925548553,-0.0027413365473462777,0.02010469305837019,0.0008788355242524466,0.022466705879196525,0.0537743510001085,0.020104693132452667,33.21974463896318,0.0040633278743674355,0.6377288301785787,0.013000009426226219,0.0004187308162120947,0.08836208283901215,0.3572786748409271,-0.05494817594687144,-0.009355411399155855,0.009709462018993994,0.0008339225896634161,0.012652994443972906,0.046831598660598196,0.009709462057799101,34.39367945988973
3,30,pg,backward,0.0068474634846841746,0.5942085872996937,0.014211082619360903,0.00033067349225487675,0.10325135256756436,0.6395842703905973,-0.3918154781514948,-0.007694292707707395,0.023532310140911828,0.0007278968233466995,0.025822068797424436,0.057934254450215536,0.023532310331409626,31.62976015697826,0.014576609867314497,0.5467456877231598,0.013679285068064928,0.0004287797904301745,0.11887720723946889,0.4102783650159836,-0.039259215195973717,0.0004685454381008943,0.015468320188422998,0.0010588411920859169,0.018758490526427824,0.058723958830038704,0.015468320188422998,37.102901776631676
3,31,pg,backward,0.008761409331451763,0.5380869047208265,0.014625540934503078,0.0007121457156296691,0.12449545379389416,0.6735249351371418,-0.34293027967214584,-0.00657627728915858,0.0215728417864408,0.0006462576930061914,0.023442505922337823,0.04641842609271407,0.021572841712358324,26.155149004676126,-0.004083396401256323,0.5195822318394979,0.014009191188961267,0.0005392104164153958,0.13749519735574722,0.4295312315225601,-0.02034667134284973,-0.01863179829282065,0.011027279678576937,0.000728028545078511,0.013311193052989742,0.0371961814040939,0.011027279581564168,30.38070734341939
3,32,pg,backward,0.016276669413359326,0.5376342887228186,0.014790870926596901,0.000670946409741191,0.13241972469470717,0.6897588236765428,-0.3218917792493647,0.0008148519290526482,0.024411642775786193,0.0007345043651928955,0.026274846856143664,0.050603693181818184,0.024411643061532894,26.088338721882213,0.006699275380621354,0.5804908374945322,0.013231190542380014,0.0007406591290267291,0.12577441583077112,0.42753096918265027,-0.01166655495762825,-0.00727257444911326,0.012040118570439517,0.0007447203218665285,0.014302735837797323,0.04118923625598351,0.012040118725659946,29.360173265139263
3,33,pg,backward,0.025836300422352822,0.6351622207598253,0.014304943890734152,0.0008531644025631315,0.1040187335827134,0.6423727910627018,-0.348040602423928,0.010678192362485623,0.021993651298213412,0.000761971458235745,0.02402989757882262,0.05334314115514809,0.021993650652637534,28.605838604948737,0.004585081400970618,0.7025065620740255,0.013831970747560263,0.0006131982736405917,0.07467700789372127,0.33195897936820984,-0.04628781725962957,-0.009860088117420673,0.008735557241986195,0.0009157578363859405,0.011822523083537817,0.047005209450920425,0.00873555759123216,35.395379861195885
3,34,pg,backward,0.011292215987023983,0.6953268484635786,0.014654516030780294,0.0004923440704014,0.06404918516901406,0.5524479882283644,-0.34670357270674274,-0.003854644114405594,0.013676228096962652,0.0006193398710985838,0.015486874077892438,0.03987418839030645,0.013676227805924347,24.6262381401929,0.005532752722501755,0.6813326974709829,0.01325351589669784,0.0006760169223222571,0.06473332581420739,0.3124010314544042,-0.06329844395319621,-0.00839677988551557,0.011068644506546358,0.0007642064253256345,0.0154095443431288,0.07243923749774694,0.011068644312520822,55.07414587338766
3,35,pg,backward,0.006041881543668834,0.6454233147881248,0.01378070626577193,0.0007262328637848855,0.06833892197094181,0.6018515093760057,-0.3831074725497853,-0.008465057577599178,0.019431829008019784,0.0008297793432244692,0.02191640360450203,0.055524553299288855,0.019431829219684005,33.75008903850209,0.019796891991669934,0.6372553904851278,0.01301956952859958,0.0007111499008563745,0.07310814907153447,0.32271452248096466,-0.05309505760669708,0.006066172480738412,0.006266199343372136,0.0007598957308800891,0.00834628144123902,0.03159722313284874,0.006266199207554261,25.40911626815796
3,36,pg,backward,0.011061371219429102,0.6615907820788297,0.013792258306321773,0.0006090495849403768,0.059020794589411125,0.6036756837909872,-0.3673627403649417,-0.0033399366921829906,0.01724116977791048,0.0008163126846987077,0.0194725020238283,0.049766641279513184,0.017241169582121074,30.766531467437744,0.017807153053581715,0.6844342748324076,0.013142339730014404,0.0005212491523707286,0.046807752922177315,0.28055036067962646,-0.09031738340854645,0.004143564137242113,0.006550014504076292,0.0007216686547811454,0.009867217352924248,0.050390626614292465,0.0065500144167648005,41.61766393979391
3,37,pg,backward,0.0038552575490691447,0.6460551809180867,0.013619058596139605,0.0006196289923485148,0.05722956799648025,0.5919176936149597,-0.41973390904339875,-0.010383429979397492,0.019360775339671156,0.0008298763370310718,0.021831971243955195,0.05813717537305572,0.019360775625417857,33.804146311499856,0.013849189970642328,0.6093492209911346,0.012967497110366821,0.00062506988858028,0.06639307551085949,0.32945262392361957,-0.0776686320702235,0.0002566225981960694,0.008405873047498366,0.0007805776306971287,0.011321100677984456,0.05021701396132509,0.008405873047498366,38.5965408484141
4,1,pg,backward,0.022769465449858795,0.3674707493998788,0.02783473902805285,8.166070784715822e-05,-0.013382819811919366,0.22647044469009747,-0.2427004033868963,-0.005146934017003249,0.004196445383554833,0.0006332906599378806,0.007338880169713361,0.05263291506774046,0.004196445492032746,41.73791805180636,0.023899871855974197,0.47429078817367554,0.024350043075780075,0.0001694710422270873,-0.02287880176057418,0.055146560072898865,-0.10302649438381195,-0.0006196425723222395,-0.00031841804047871847,0.0003703256758550803,0.0016481314281312127,0.05147569874922434,-0.0003184180495736655,21.80127207438151
4,2,pg,backward,0.016743266362358223,0.5601131265813654,0.022147916934706947,0.00015216937827682904,-0.02962351869791746,0.2594752731648358,-0.3052791424772956,-0.005556819807018407,0.005188404357547618,0.0007244559039298275,0.008182537816041573,0.05060369368981232,0.0051884044263384894,40.11469810659235,0.020885823294520378,0.5946724116802216,0.02156834863126278,0.0002870152148375382,-0.02589892161389192,0.05017430583635966,-0.10115837554136912,-0.0009695405400028297,-0.00038459350374372053,0.0003129123360849917,0.0010675106605049223,0.034114583705862365,-0.00038459350738169934,17.64513309796651
4,3,pg,backward,0.018748770298605614,0.6200744265859778,0.02046089196069674,0.00020147440499552647,-0.025042461485347965,0.2811605781316757,-0.3292481438680129,-0.0019135960928079758,0.005266916070302779,0.0007342926619458012,0.0077934707462025635,0.04129464335908944,0.005266916139093651,33.69461261142384,0.019206172165771324,0.6423526505629221,0.020328514277935028,0.00025333218354717246,-0.020870136717955273,0.061938926577568054,-0.10070990522702535,-0.0013756741415515232,-0.0001568614205401294,0.00024700066933291964,0.0012136193496795993,0.03328993311151862,-0.00015686141887272242,17.263272126515705
4,4,pg,backward,0.018586411818184635,0.6890266510573301,0.019162939353422684,0.0002755277725105481,-0.0341114511882717,0.26789172941988165,-0.34009588712995703,-0.000852055307901041,0.0055809943481687115,0.000749230907372707,0.008576244676739654,0.051948052873326975,0.0055809944222511895,41.16146408427846,0.02020968620975812,0.7170427838961283,0.019367690819005173,0.0002870493851408658,-0.04042453939716021,0.035869300365448,-0.12393999099731445,0.0005549457564484328,-0.0014435910343308933,0.0003489356458885595,0.0004293913128397738,0.04978298768401146,-0.0014435909979511052,19.744839906692505
4,5,pg,backward,0.010181634432890198,0.7291679951277646,0.018488103015856308,0.00017591908630669323,-0.05146458897400986,0.23848549479788,-0.3385657627474178,-0.008482387744482945,0.00387217448389327,0.0007601033920020035,0.0067046989411623644,0.0459618515716019,0.003872174600308592,37.62652366811579,0.014743711799383163,0.7212103505929311,0.018811753951013088,0.00036294291013897845,-0.07299334555864334,0.004600688815116882,-0.1630385915438334,-0.004430984728969634,-0.0035073288211909435,0.0004303861496737227,-0.0013361745125924547,0.05946181031564871,-0.0035073289376062653,25.27957836786906
4,6,pg,backward,0.01512128042734482,0.7030972025611184,0.017871919977055353,0.0001643386565784898,-0.07519821653311903,0.23721415346319025,-0.39368485049767926,-0.0029149782230061564,0.0035929693417115645,0.000883019891758026,0.006784785866991363,0.053267047317190605,0.0035929693549405783,42.03799650885842,0.018454714057346184,0.6830283105373383,0.018329533748328686,0.000414097506242328,-0.0730270966887474,0.008755753437678019,-0.16484745343526205,-0.00028891728531258803,-0.0024262627121061087,0.00034246418605713796,-0.0005935582278956039,0.046310765823970236,-0.0024262627121061087,22.78195822238922
4,7,pg,backward,0.005097796463153579,0.675184195691889,0.01736567977985198,0.0002820637560448218,-0.0741969035430388,0.2534111968495629,-0.37846234711733734,-0.012549947164106097,0.003857886418700218,0.0008162181435512717,0.006978836683133109,0.05263291553340175,0.0038578865086575124,41.510649074207656,0.023524440204103787,0.6691922942797343,0.018085966507593792,0.00036270933272438316,-0.09327771763006847,0.004417528708775838,-0.20787553489208221,0.005075764221449693,-0.0025742542347870767,0.0003635627096324849,-0.0006897795052888492,0.039322917660077415,-0.002574254322098568,23.536106189092
4,8,pg,backward,0.011537282177331772,0.6814515590667725,0.017386274242942982,0.00019886941886488268,-0.10871535065499219,0.21225407448681918,-0.4487661055543206,-0.006047861560628834,0.002017753719966012,0.0007221034148559821,0.004263983377975158,0.03736302840777419,0.0020177536935079843,30.45342940633947,0.028617598737279575,0.6952371795972189,0.017809581632415455,0.00034569901454043855,-0.13114696741104126,-0.01856010655562083,-0.27082571883996326,0.01046231771276022,-0.0043050281528849155,0.00043046318266230327,-0.0020665732784740007,0.04631076675529281,-0.0043050280849759774,29.354111433029175
4,9,pg,backward,0.019103344064205885,0.6969922374595295,0.016922425267032602,0.00023815354681615148,-0.12467907436869362,0.21114015850153836,-0.4646807597442107,0.0019427649888463995,0.0016438954579908486,0.000795132092290177,0.004292290790048851,0.04352678671817888,0.001643895482464524,36.05032844976945,0.007234875733653705,0.7014206945896149,0.017085252484927576,0.0004926325592956952,-0.11138434832294782,-0.0009688188632329305,-0.24841629962126413,-0.010343009062732259,-0.004967910780881842,0.0005737741448683664,-0.0018790786270983517,0.06605903059244156,-0.004967910916699718,34.84635257720947
4,10,pg,backward,0.00261735145679929,0.7038795812563463,0.015875628768381746,0.00037590625162809874,-0.1100743247026747,0.23283401944420554,-0.47773277488621796,-0.01363418319008567,0.0026501553478407336,0.0009244533152509989,0.006133313920475881,0.060952720951966265,0.00265015546888621,47.174418839541346,0.015539804007858038,0.7183746894200643,0.016578254755586386,0.0003623003826002484,-0.11287122716506322,-0.0021383712689081826,-0.26375490923722583,-0.0014007511393477519,-0.002888210331245015,0.00038740505018116284,-0.0008000801123368243,0.04453125068296989,-0.002888210176024586,25.339690049489338
4,11,pg,backward,0.00937678258527409,0.7031802968545393,0.015608054289424961,0.0004944720791916717,-0.11302714557810263,0.23871026729995554,-0.4810942072759975,-0.0067257441326298495,0.0025792862341569908,0.0008091466740800322,0.005441253523299979,0.05080661702562462,0.0025792862579692155,38.758754860271104,0.015177180369695028,0.690466970205307,0.016453444647292297,0.0004163503694295893,-0.1268071693678697,-0.008125419418017069,-0.296013946334521,-0.0016926145375085373,-0.004163405857980251,0.0007025155646260828,-0.0013577622594311833,0.059027779226501785,-0.004163405935590466,33.845593293507896
4,12,pg,backward,0.009040273471989414,0.6881790052760731,0.015200134620747784,0.00031533369232502906,-0.12363470921462233,0.22591219706968826,-0.5500003627755425,-0.006475194854746488,0.0020329760974908077,0.000784350590865043,0.005197461599230089,0.057071834802627563,0.002032976129240441,42.73494083231146,0.017216837964951992,0.6804126501083374,0.016027317848056555,0.0005928079534906298,-0.1337009941538175,-0.010767589012781778,-0.3163240998983383,0.0005967121105641127,-0.003998196392785758,0.0005796295542192335,-0.001247942370052139,0.056510418032606445,-0.003998196450993419,33.050878842671715
4,13,pg,backward,0.01276858468455347,0.7003248713233254,0.014802152925932949,0.00043865652102616855,-0.13213954865932465,0.27300530807538465,-0.5315846814350649,-0.00247222463473339,0.002567854413593357,0.0007957454403036867,0.005679226364009082,0.060546876015988266,0.0025678544453429904,40.388976703990586,0.013622950452069441,0.7415623565514883,0.01564096100628376,0.0003892058266501408,-0.11349384114146233,-0.003345156709353129,-0.3020353714625041,-0.0024072162729377546,-0.0027074996493562744,0.0005374222334163884,-0.0005248739325907081,0.048697918032606445,-0.002707499804576704,25.745582620302837
4,14,pg,backward,0.005672110646793788,0.751700534061952,0.014477661133489826,0.00048139513733470483,-0.1015349765392867,0.2506591697985476,-0.4956423870541833,-0.00928694592915814,0.0032135311958799402,0.000768913948294622,0.0063948175256055865,0.05922788229178299,0.003213531213739109,42.42429412495006,0.0066861653079589205,0.7670097152392069,0.01579048965747158,0.0004134330677819283,-0.1003323644399643,0.006465608874956767,-0.2819235622882843,-0.00951775706683596,-0.0036286820735161505,0.0007407340939001491,-0.0005971675467056533,0.07591146106521289,-0.003628682034711043,35.03691323598226
4,15,pg,backward,0.021949185799299317,0.7711555632677946,0.014732047068801794,0.0004993433646673525,-0.09879701178182256,0.2323300215330991,-0.5084690912203356,0.006717795347371562,0.002528847635734234,0.0007142765653869984,0.005426014403135262,0.0487520312467082,0.002528847736274739,38.35599955645475,0.01625558842594425,0.7686728537082672,0.0156923516963919,0.00030128948674246203,-0.08685207491119702,0.013088117043177286,-0.25642478962739307,0.00026194706636791426,-0.0019152972284549226,0.0004635187433450483,-0.00011412613093852997,0.0464409727913638,-0.00191529726726003,18.699486295382183
4,16,pg,backward,0.0061175452587618065,0.7454050237482245,0.014217378275299614,0.00040168894714621604,-0.0811160101809285,0.2941892431540923,-0.5055946179411628,-0.008501522073691542,0.0039796407297465275,0.0007643163593126122,0.006670510941396721,0.04489651119167155,0.003979640737683935,36.21999122879722,0.011019635324676832,0.7259003718694051,0.01521100134899219,0.0002957308366440259,-0.0877364141245683,0.01988472541173299,-0.2656356195608775,-0.004487096863158513,-0.0015874138140740495,0.00037873972178203985,5.6097548319182046e-05,0.04240451706573367,-0.001587413881982987,21.650860408941906
4,17,pg,backward,0.011165537956086073,0.7167315076697957,0.013939821330661123,0.0005795034295488222,-0.09174867888743227,0.2859830585393039,-0.5199917581948367,-0.0033537869193506513,0.0038615008948413147,0.0007677544741785492,0.006537594012281095,0.04603794784369794,0.0038615009212993423,36.46032769029791,0.006787294056266546,0.7175499002138773,0.0149703041339914,0.0005792329405570248,-0.0900863769153754,0.014709100127220154,-0.28164486587047577,-0.008762243242623905,-0.0020690370777932308,0.0003934728738386184,-0.00011624755764690538,0.053689237063129745,-0.002069037174805999,21.747968991597492
4,18,pg,backward,0.013883549698882482,0.6837516670877283,0.013961619993841106,0.0003431843115451598,-0.08957423913207921,0.2844285009936853,-0.5174382423812692,-0.00042125454638153315,0.00419566813136705,0.0008179618003354831,0.007179443708578633,0.05149147845804691,0.0041956682107411325,40.03569329868663,0.007576795294880867,0.6497563223044077,0.015148779066900412,0.0006299439258630931,-0.09340370073914528,0.021870510031779606,-0.27464844286441803,-0.008201927616028115,-0.0018211114753891404,0.0004918477934552357,0.00011606879221896331,0.050086806838711105,-0.0018211114026295643,22.76130700111389
4,19,pg,backward,0.007193847898055206,0.6487780294635079,0.014202384828505192,0.000428545773342877,-0.0915738462724469,0.3109443519603122,-0.5243932239033959,-0.00743708268485286,0.005320100894261321,0.0008580537065757777,0.008137675414962525,0.051745130426504395,0.005320101074175909,38.425553885373205,0.017316714550058048,0.6707722445329031,0.014982891113807758,0.0009182571405593384,-0.09962313001354535,0.025501226385434467,-0.30467934906482697,0.0014155663084238768,-0.0017740160352938499,0.0004876266793871764,5.315463810499447e-05,0.04518229297051827,-0.0017740160668229994,22.32590953509013
4,20,pg,backward,0.012620618291707202,0.6931615607305006,0.013851518827405844,0.00042914885396847717,-0.09016731957143004,0.30606326122175564,-0.5095494836568832,-0.0016600494669877332,0.004214480641001666,0.0006951485847821459,0.006611280016262423,0.04261363644830205,0.004214480752125382,33.030855146321386,0.01779067935422063,0.7082910339037577,0.014838873408734798,0.00040006415717167937,-0.08477109794815381,0.03770022590955099,-0.2955870529015859,0.002551741839852184,-0.0010334528342355043,0.00035230746046484757,0.0006307683797786012,0.03728298842906952,-0.0010334528536380578,20.446088274319965
4,21,pg,backward,0.019558526152236896,0.6940719051794573,0.01383591125803915,0.00039155479710860743,-0.0786162442104383,0.3187236338853836,-0.5279243588447571,0.005331060339813121,0.005479826171226291,0.0007862963730903258,0.008312245709186589,0.049741275714371695,0.005479826279704205,38.47469538992102,0.014874275928984085,0.6525920430819193,0.014684697768340508,0.0007901505173322221,-0.07400692751010259,0.05517323315143585,-0.27172428866227466,-0.000600572326220572,-0.001005810755790056,0.0005410014370378727,0.001125991412360842,0.04414062574505806,-0.0010058107861065462,25.053489049275715
4,22,pg,backward,0.00384581292217428,0.6448275528170846,0.01360628271306103,0.0011311663934479425,-0.057857792485844,0.37036228450861847,-0.504402143034068,-0.010891636526635424,0.007169113187542694,0.00085768310633615,0.009868132839487358,0.04804180249233137,0.007169113229875537,36.95522048256614,0.015595502685755491,0.6415725648403168,0.014660747721791267,0.0007386876811021162,-0.04869914179046949,0.10152867436408997,-0.2301267832517624,0.00019606715068221092,0.0001855077462096233,0.000484472523870257,0.003200521615023414,0.054296876303851604,0.00018550774075265508,37.28833246231079
4,23,pg,backward,0.012191305677829818,0.6538418639789928,0.01347455382347107,0.0005624440069802652,-0.04371066797863354,0.3775593177838759,-0.4775142954154448,-0.0018456923161548648,0.008616544385652312,0.0008834254285003143,0.011309135906313631,0.04946225737644867,0.008616544322153046,37.476574930277735,0.01208910858258605,0.6619004309177399,0.014438617819299301,0.0007988524609269613,-0.035866981372237206,0.12193832298119862,-0.21261029442151388,-0.003148361725228218,0.0006585779362164127,0.0005014013853118134,0.002527213810632626,0.029644098443289597,0.0006585779483430088,22.711155732472736
4,24,pg,backward,0.012049214808608998,0.6827596967870538,0.013566783502359282,0.0006230526832376106,-0.02769888590343974,0.3894351924007589,-0.4369343451478265,-0.002140621268402108,0.010439853189216758,0.0008876438521176831,0.013509780168533325,0.058568386022340164,0.010439853342673317,42.43262832814997,0.014205194699267546,0.6825352112452189,0.014422651069859663,0.0005291538320003989,-0.017727122331659,0.15305156260728836,-0.1851533055305481,-0.0007466098565297822,0.0023258560783384987,0.0006672789919927405,0.005504827034504463,0.05282118062799176,0.0023258562529614815,41.62704873085022
4,25,pg,backward,0.014004673935811628,0.6835449446331371,0.01342588925564831,0.0004735601772631074,-0.005075054423121566,0.4369051686742089,-0.43176966499198566,0.00010522433281452818,0.012935300945008004,0.0008216374447907914,0.015448158548679203,0.05453530859879472,0.012935301119630987,34.828216097571634,0.016148861031979322,0.6738138894240061,0.014363698040445646,0.0005321617320911779,0.0035482586245052516,0.19148865342140198,-0.14435621599356332,0.0012530011154012755,0.004744156981663157,0.0007855930840984607,0.008574993272001544,0.06354166567325592,0.004744157136883587,43.780579368273415
4,26,pg,backward,0.015379376815293323,0.67285970937122,0.013317937666380947,0.0004181640351713544,-0.0019402050688354807,0.4284680716016076,-0.4691788201982325,0.0016432752494107592,0.014088196447119117,0.0008366100214929743,0.01675262712788853,0.05707183442163197,0.01408819638361985,35.94028446891091,0.011787990729014078,0.654854396979014,0.014315507685144743,0.0006691146415770769,-0.0006370760772066811,0.1645403578877449,-0.15497510135173798,-0.003196631519434353,0.003206982684787363,0.0007581603761839991,0.006457256114420791,0.051128474374612175,0.0032069827623975775,39.455893993377686
4,27,pg,backward,0.0037470344157720156,0.6706158085302873,0.013382275334813377,0.0006378666199085811,-0.005610554828308523,0.43910435113039886,-0.4599569196050817,-0.010273107602684335,0.012883917809548702,0.0008553094515016048,0.015592955253933642,0.055702111599120224,0.012883917910089209,36.319828510284424,0.014632847237711152,0.6844364603360494,0.014341864424447218,0.0008110077214951161,-0.019222155523796875,0.12661069879929224,-0.18876802424589792,-0.0005200247202689449,0.0013932507766488318,0.0005415954922985596,0.004242581082507968,0.047829862063129745,0.0013932507184411709,30.2045799891154
4,28,pg,backward,0.01294892006130381,0.6842176534912803,0.013440415390174498,0.0007134430773073126,-0.02432939319723201,0.4264465177601034,-0.48446150530468335,-0.0012049380777832332,0.011465331984006545,0.0009362193263355452,0.014272856663658538,0.05491578748280352,0.011465331841133197,38.78295367143371,0.015435181402911743,0.6748409271240234,0.014293838913242022,0.001436866066190608,-0.016794588106373947,0.12180051704247792,-0.19200141727924347,-0.00029552390333265066,0.0012334965770908941,0.0004938337951898575,0.0036271350691094995,0.03967013986160358,0.0012334966013440862,26.925138632456463
4,29,pg,backward,0.008031547683375802,0.6825905875726179,0.013306632764976133,0.0009198400316941372,-0.004982627102766524,0.4840598404407501,-0.45698975974863226,-0.006194925168529153,0.010920028652022169,0.0006801138436210088,0.012905217617199842,0.04101562631231817,0.010920028593814508,27.490615476261485,0.01594803590948383,0.6779382526874542,0.014321624456594387,0.0008546145642564321,0.0014394083312557389,0.1478692591190338,-0.15894963343938193,0.0007717966218478978,0.003060462981617699,0.0006559919565916061,0.006550028299291928,0.058550349747141205,0.0030604629040074847,39.830007473627724
4,30,pg,backward,0.013091335729272529,0.6613784594969316,0.013188660525801506,0.0007526301702166,0.005167066225443374,0.471856182271784,-0.47344523532824084,-0.0008499550220387226,0.013138714373450388,0.0007610650248931382,0.015368323307484388,0.048980316147208214,0.013138714394616809,30.60848262093284,0.013713305660833916,0.6405126949151357,0.014136062314112982,0.0008908624694565029,0.004456022608792409,0.15506498018900552,-0.15946192542711893,-0.0013136189663782716,0.003863611607812345,0.0007582520144448305,0.00801151905519267,0.07256944787998994,0.0038636116854225597,47.23349221547445
4,31,pg,backward,0.015517985448241234,0.6633376993916251,0.013174895493483002,0.0005562443136633212,-0.0005518838509239934,0.4549515084786849,-0.44622145051305945,0.0017868456832895224,0.01402170580430803,0.0007734355842165479,0.016801542369648814,0.05778206249868328,0.014021705698475918,37.60971645875411,0.015113193852206072,0.6685278415679932,0.014165956682215134,0.0007916705488545025,-0.014564744662493467,0.11991102000077565,-0.19019707789023718,0.0001555664202896878,0.0012493511530919932,0.00043789040743528557,0.0036333964477914074,0.04283854179084301,0.0012493511821958236,27.326724886894226
4,32,pg,backward,0.005793264643712478,0.6672489561817863,0.013278361621566794,0.0006301319483968241,-0.019798586568371815,0.4085111753507094,-0.47394789213483984,-0.008115229006348685,0.009954155459788373,0.0008544208791466768,0.012435594097372483,0.04750913195312023,0.009954155740243468,34.523918531157754,0.011018159333616495,0.6594265798727671,0.014121846295893192,0.000872417303317737,-0.02989140587548415,0.10294706622759502,-0.20019296805063883,-0.0039761043929805355,0.0005315287259387939,0.0005481317348312587,0.003153297681516657,0.05030382393548886,0.000531528756255284,32.775381008783974
4,33,pg,backward,0.004997617078267715,0.688041938976808,0.013242717451331291,0.0006327004387765618,-0.03383849104019729,0.42179499160159717,-0.4870027832009576,-0.008877800883386622,0.010858916635201736,0.0008798917723734947,0.013473055918108334,0.0533938728780909,0.010858916878615591,35.5831506469033,0.01705021442224582,0.7030331492424011,0.014172848158826431,0.00045985212515612756,-0.03319070270905892,0.09730474650859833,-0.20680892715851465,0.0024175142752937973,0.0003600312817676847,0.00047908382839523256,0.002495281291582311,0.036892362559835114,0.0003600312908626317,25.760344346364338
4,34,pg,backward,0.007690959652377801,0.6900732625614513,0.013347226914695719,0.00098195631404575,-0.026149674276397986,0.42937951331788843,-0.4884467653252862,-0.006638223744547841,0.009851566653444686,0.0007660148304156875,0.012118078424298967,0.047128653238442814,0.009851566468238492,31.151041984558105,0.01599697954952717,0.6697605649630228,0.01407120143994689,0.0003324097021391026,-0.023570834659039974,0.11647904912630717,-0.20396488904953003,0.0015933682055522997,0.001204352961697926,0.0006308743710784862,0.00424891240739574,0.051953125124176346,0.0012043529908017565,35.991818269093834
5,1,pg,backward,0.027590705420483242,0.3185774636539546,0.031298958103765144,0.00017491718699602643,-0.028327198529785328,0.2603719820353118,-0.31527741524306213,-0.003883169667625969,0.0033859659743029624,0.0006175847612956369,0.005865604500286281,0.040685877288607036,0.0033859660245732152,33.6692006371238,0.023563758780558903,0.4704119066397349,0.023803233169019222,0.00021911292969889473,-0.03288188142081102,0.0772098849217097,-0.14579172432422638,-0.00045858734908203286,-0.00019247573072789237,0.0005240777427388821,0.002423411041187743,0.055208335320154824,-0.00019247574042916918,30.508613348007202
5,2,pg,backward,0.019870820074257525,0.5740643048828299,0.02206668808040294,0.00013442178477825323,-0.03563078738410364,0.31270487877455627,-0.38800891556523065,-0.002330290016040883,0.005231894293419001,0.0006836189614577135,0.00753735405900939,0.03754058524712243,0.00523189433046024,30.84358926252885,0.021914521232247353,0.6281396547953287,0.02048709522932768,0.0003934525964079209,-0.029804169821242493,0.08729856709639232,-0.16830246647198996,0.0010339737636968493,0.00010110858420375735,0.0005434282259860387,0.0028251056792214513,0.05546875391155481,0.00010110859875567257,30.600232283274334
5,3,pg,backward,0.0159904681654139,0.6705107634717767,0.01977570067075166,0.00026445787607023226,-0.02318827917968685,0.3340229256586595,-0.41100829162380914,-0.00404969036621465,0.007543298164488409,0.0007926022067708386,0.010215757552280345,0.047534497497095304,0.0075432982200502674,36.020356221632525,0.021202740104248125,0.7008170684178671,0.01935472432523966,0.0003943986636537981,-0.023156920758386452,0.10051635404427846,-0.16389748950799307,0.0014536168115834396,0.00039896704159521806,0.00040737488598097116,0.002969008288346231,0.052039931838711105,0.0003989670537218141,28.8889799118042
5,4,pg,backward,0.02533596127548001,0.720071708614176,0.018920455551282925,0.00027047810126067486,-0.012802689780735156,0.3432208868590268,-0.3599102226170627,0.006145027575919151,0.008864984088259835,0.0007480177968814546,0.011765927780123258,0.05415483090010556,0.008864984347548505,38.83235380866311,0.018866787509371836,0.7285249133904775,0.018292457175751526,0.0004385331094454159,-0.0024757212571178875,0.11536923050880432,-0.13054109116395315,0.000135797211745133,0.0012929871712306824,0.0005080249417612018,0.0035318153289457164,0.04570312798023224,0.0012929872439902586,25.601226091384888
5,5,pg,backward,0.010611097370697693,0.7324541021477092,0.017615034329620274,0.0003895491869136756,0.009051376313436776,0.37472419982606714,-0.3588708666237918,-0.007393486115192486,0.009898342636667869,0.0007249697294107384,0.012552632950246334,0.04910714399408211,0.009898342784832825,35.92472908713601,0.017117515361557405,0.6991218825181326,0.016910238036264975,0.000533764459563694,0.02747679439683755,0.1497835765282313,-0.09716429313023885,-0.0003264870805044969,0.0034784933862586818,0.0006029535482715195,0.00639010911496977,0.054644097884496055,0.003478493347453574,34.35667324066162
5,6,pg,backward,0.016739128919487648,0.6916870989582755,0.01660921327261762,0.0004577716879029222,0.03775614385747097,0.4231327921152115,-0.35553362288258294,-0.0003278560100377283,0.011925345604223285,0.0007726068791023201,0.014675715684213421,0.05311485430733724,0.011925345535432412,36.80858024683866,0.00733567060281833,0.6616893708705902,0.01644576961795489,0.0005469386590751432,0.060671793296933174,0.19213924805323282,-0.06374149521191914,-0.009657037366802493,0.005245310933484386,0.000568107008196724,0.00803940921711425,0.05095486529171467,0.00524531079766651,35.1453226407369
5,7,pg,backward,0.01589106967334043,0.6710150675340132,0.016247634098611095,0.0003154863093858363,0.06744321147826585,0.4604556384411725,-0.3084858561103994,-0.0006720508893274448,0.013098639907019044,0.0007661519266548567,0.015616846979934384,0.04943689225580205,0.013098640039309183,34.58744650537317,0.017106657614931464,0.661254862944285,0.01589995265627901,0.0005679026674746032,0.0783212644358476,0.21551174918810526,-0.0391848087310791,0.0006388021477808555,0.005269185290671885,0.0005853571783518419,0.007648793359597524,0.040147570272286735,0.0052691852518667774,28.075496673583984
5,8,pg,backward,0.014276439197022806,0.6838685951449655,0.0155619623308832,0.0004568888116771384,0.06990393860773607,0.4918901283632625,-0.31330581551248377,-0.0017424117011780088,0.015047584697392515,0.0007433465110476722,0.017813467886298895,0.054129464805803516,0.015047585147178986,36.59294644269076,0.022473651294906933,0.6817723015944163,0.015640590339899063,0.000580111084445889,0.06219098158180714,0.2053672025601069,-0.061634073654810585,0.006252950241711612,0.004308551996170233,0.0004509622522164136,0.006616266056274374,0.039843751738468804,0.004308552102884278,24.02434702714284
5,9,pg,backward,0.011923587542365898,0.7132485779848966,0.015535237098282034,0.00044084018657935593,0.047029499133879486,0.4361920939250426,-0.3274520838802511,-0.004052489652002061,0.012356758895541796,0.0008013221853285689,0.015029206496282395,0.05088271175257184,0.012356758683877573,36.67737535996871,0.02161260476956765,0.6877805987993876,0.015275995091845592,0.0006749544287837731,0.0543212853372097,0.1959491620461146,-0.08264180024464925,0.0056616552562142415,0.006429153300511341,0.0005727915655976782,0.009928712388500571,0.06210938158134619,0.006429153184096019,45.18621873855591
5,10,pg,backward,0.007230000866746361,0.6667835143479434,0.014943686017597263,0.0003174624722791205,0.06470564989881082,0.4465110234238885,-0.32655834474346856,-0.00803114797136831,0.013551142278381369,0.0007824516916033727,0.016265733051113784,0.05024858090010556,0.013551142553544858,36.700064008886166,0.017062087077647448,0.6361677447954813,0.014822977439810833,0.0008363022154824762,0.07023528714974721,0.2276629755894343,-0.06767797470092773,0.0014028075772027175,0.008307387547877928,0.000731242954013093,0.011958598353279134,0.06801215372979641,0.00830738787772134,42.04841868082682
5,11,pg,backward,0.006168986120345918,0.6689639741724188,0.01440053458579562,0.0008583988101132821,0.0533696555278518,0.4551534124396064,-0.38046612522818823,-0.009089947328902781,0.014514705377884886,0.0008283809676702896,0.017379374671939084,0.055093345740302044,0.01451470511330461,39.139668464660645,0.02192937396466732,0.6648364663124084,0.014329143178959688,0.000994607078913153,0.034522462325791516,0.1955670565366745,-0.1267996753255526,0.006605623328747849,0.0037865549723695344,0.0005846987866486112,0.00636845309054479,0.043229169212281704,0.0037865550839342177,30.678162574768066
5,12,pg,backward,0.010334436612373049,0.6914229989051819,0.014171914790164341,0.00027847983338557083,0.02311864211647348,0.42740152234380896,-0.3933783078735525,-0.004115958232432604,0.012583657723470506,0.000852145366397136,0.015261380673936483,0.052100245502184735,0.01258365762293,36.82563777403398,0.015137153211981058,0.6721448401610056,0.014338986948132515,0.0011579424434178993,0.02970461764683326,0.21396433313687643,-0.13124853124221167,-0.00035977642983198166,0.0038025664107408375,0.0006883441480264688,0.006534792851501455,0.04062500254561504,0.003802566604766374,33.56286112467448
5,13,pg,backward,0.008723464349962094,0.6863215890797701,0.014200582930987532,0.001310924472684085,0.03249695025045763,0.47455825724385003,-0.3911974687467922,-0.006788043257653375,0.014133579192937097,0.00082385024077005,0.016788346248424867,0.05390117749233137,0.014133579224686731,35.661886952140115,0.01767615523810188,0.6581455965836843,0.014159113944818577,0.0013721819097393488,0.0365099860355258,0.24340477089087167,-0.12760607401529947,0.002144859511948501,0.003994504882333179,0.0007990469287809295,0.0063302789349108934,0.03428819589316845,0.003994504882333179,27.294323921203613
5,14,pg,backward,0.01074658368121494,0.6709606403654272,0.013857708016241138,0.0007741972167474904,0.02849686255847866,0.471857260573994,-0.41560185091062024,-0.0038853215043094347,0.015645000988363543,0.0009296985358973457,0.018645180325785823,0.061054181392219936,0.01564500107302923,40.73057794570923,0.012560595913479725,0.6419772803783417,0.014042047007630268,0.001374510646807418,0.027710843831300735,0.23850965996583304,-0.16138146569331488,-0.0028559617154921093,0.005394072970375419,0.0006594509953477731,0.008658675632129112,0.052430555845300354,0.005394072970375419,39.22326612472534
5,15,pg,backward,0.011802219976247712,0.6769901757890527,0.013923196079717442,0.0006128202629001448,0.021153083579106766,0.44098183512687683,-0.4420354434035041,-0.0027337965730112046,0.011283200863875787,0.0007825968406739941,0.013640243057373234,0.04489651042968035,0.01128320108612322,32.30221242254431,0.016983162922163803,0.6717913548151652,0.014034955141445002,0.0011538808491119805,0.02257202286273241,0.2319166362285614,-0.1839910348256429,0.0017943268176168203,0.004417850082973018,0.0006464426502740631,0.007466793719989558,0.0490451417863369,0.004417850092674295,31.42897693316142
5,16,pg,backward,0.014061105479909615,0.6879571649161252,0.013712104621597311,0.0007009389960304899,0.030965529297563164,0.4602125205776908,-0.420396933501417,-0.0003519379838094623,0.010856191246685657,0.0006996658048592508,0.013158147413791581,0.043729708826338705,0.010856191156728362,31.47908778624101,0.014778336665282646,0.6781766414642334,0.014060592899719873,0.0011058460331696551,0.03900315426290035,0.2527744496862094,-0.15475667516390482,-0.0003881020820699632,0.005853957845829427,0.000697463959416685,0.00895741997131457,0.049088542039195694,0.0058539579234396415,39.3921799659729
5,17,pg,backward,0.004026257517662915,0.6998341977596283,0.014273908751254732,0.0005161382630699439,0.056594078937037426,0.5197445912794634,-0.3568937697193839,-0.01076378921623638,0.014496032317931002,0.0007925058969042518,0.016710119999267838,0.04725547873584384,0.01449603210626678,31.004838119853627,0.022917353237668674,0.7028024991353353,0.014704509172588587,0.0009861293709363395,0.06526084120074908,0.29187459250291187,-0.10294561088085175,0.007226713826336588,0.009034916525706649,0.0007267685820503781,0.012398541516934833,0.054644097263614334,0.009034916836147508,39.17496999104818
5,18,pg,backward,0.008752162208441983,0.7024025266820734,0.014213350559161468,0.0003758924179402873,0.0675598948516629,0.5306478413668546,-0.364826881072738,-0.0058370806827125225,0.01786423453383825,0.000856787652909671,0.02035777941769497,0.05491578824479471,0.017864234978333116,34.440927288749,0.020960873924195766,0.6397617061932882,0.013828757995118698,0.0013333107954167644,0.06973280012607574,0.30083949863910675,-0.09855126837889354,0.0057988047289351625,0.007115874846931547,0.0008319209203667318,0.009683638423060378,0.039496528605620064,0.0071158747499187784,30.461479822794598
5,19,pg,backward,0.007759494749321179,0.6464790999889374,0.013515295164490288,0.0007780643304200071,0.0664650968868624,0.5455724502151663,-0.3850363506512208,-0.006533864912026646,0.01308793489905921,0.000665868824316104,0.014854975658553567,0.0378956980579956,0.01308793510014022,24.634924758564342,0.020546878843257826,0.6350263953208923,0.013824049072961012,0.0013860020860647637,0.07863782967130344,0.32227420806884766,-0.0935182124376297,0.00533682763731728,0.008307907497510314,0.0007338624806531394,0.010863860448201498,0.04201388948907455,0.008307907613925636,31.263618628184002
5,20,pg,backward,0.00883295192298564,0.6358442983844064,0.013794145038859411,0.0007769327451734915,0.09187128699638626,0.5712210021235726,-0.389226190068505,-0.005738125463143329,0.01708057839211754,0.000697112045600079,0.01904004954055629,0.045885754537514666,0.017080578667281025,27.485072937878694,0.010775092911596099,0.5834632416566213,0.013975685151914755,0.001604023133647085,0.11440860852599144,0.3818262219429016,-0.03843140850464503,-0.004804615862667561,0.009334603634973368,0.000750797136182276,0.011737351422198117,0.03671875083819032,0.009334603790193796,29.77445936203003
5,21,pg,backward,0.019073698415674946,0.5998697443441912,0.013910951558500528,0.001191038122495446,0.11370780149644072,0.5881243293935602,-0.3129674182696776,0.003971708525734191,0.02180906736545942,0.0007651823179912753,0.024251590863886206,0.05407873405651613,0.02180906698446382,33.29951307990334,0.010942532370487848,0.6076004604498545,0.013877928722649813,0.0015438493607386288,0.09269998719294865,0.3493763705094655,-0.06666290760040283,-0.004479245564046626,0.005734775487023096,0.0005854291618258382,0.007488726366621752,0.02526041679084301,0.00573477556463331,18.96759494145711
5,22,pg,backward,0.017389419784938746,0.6561548736962405,0.013656725641340017,0.000727862536856931,0.06984090940518813,0.5380486967888746,-0.3800703815438531,0.003004831473597071,0.01619919918117706,0.0006081977586621757,0.018182939384132624,0.04537844979627566,0.016199198900721967,26.702730417251587,0.01117390370927751,0.6682307620843252,0.014035206753760576,0.0014497226763220776,0.046867818882068,0.26885942618052167,-0.14452114701271057,-0.004311025724746287,0.003768285173767557,0.0005313865161345651,0.005287192024601002,0.02313368092291057,0.0037682853483905396,17.886290947596233
5,23,pg,backward,0.007840681651776487,0.692815135825764,0.013959136622195894,0.00046057942461950256,0.032686382278122685,0.49433733793822204,-0.4298312853683125,-0.006579034497421658,0.011797789695926687,0.0006476073031080887,0.013574679567351599,0.03885957844216715,0.011797789579511365,24.117532426660713,0.01073772693052888,0.6941049496332804,0.014027436263859272,0.0014221723971938143,0.023334999413539965,0.2385497142871221,-0.19281032184759775,-0.004711881745606661,0.00617742045627286,0.000759455191049104,0.010065322315009931,0.05811632579813401,0.006177420533883075,46.72305734952291
5,24,pg,backward,0.011063380674882368,0.6626172011548822,0.0135757215321064,0.0006354557986634808,0.03574339799921621,0.5052612139420076,-0.449023884805766,-0.0031477966853840785,0.014152707997709513,0.0009300926798129116,0.016374832252040505,0.04771205401894721,0.014152708452787589,30.73220309344205,0.016507381573319435,0.5831748942534128,0.013348579096297422,0.00174131167386804,0.0414893813431263,0.2821565270423889,-0.17509598036607107,0.001417490226837496,0.006472871794054906,0.0007909093498407552,0.009340403756747643,0.04379340478529533,0.006472871794054906,36.94098432858785
5,25,pg,backward,0.012483955805443904,0.5967206115072424,0.01346278791739182,0.0013048685366977059,0.04063690614632585,0.5180907899683173,-0.4548312561078505,-0.0022837006677450104,0.012728127439252356,0.0007057019650925544,0.014588173394176092,0.039087865416976536,0.012728127359878272,25.644912578842856,0.014725754503160715,0.5984408259391785,0.013250371751685938,0.0015633138367168915,0.03948591245959202,0.2779522140820821,-0.1791982650756836,-8.793124773850043e-05,0.008109986471633116,0.0009250098955817521,0.012023993224526444,0.06067708507180214,0.008109986510438224,43.79517078399658
5,26,pg,backward,0.012051528404382143,0.6160086068240079,0.0133183510042727,0.0006248934939983221,0.03509659493680705,0.5184886157512665,-0.4690936397422444,-0.0018917161611501467,0.01675317109435458,0.0008500377509996972,0.019278854978355495,0.05658989501270381,0.016753171560015868,35.0138767415827,-0.005619940347969532,0.6153207321961721,0.01320980970437328,0.0013339625468991774,0.04203510222335657,0.293921356399854,-0.18549669285615286,-0.020163713042469073,0.006348628201521933,0.0007306552676406378,0.00920269190100953,0.044574654350678124,0.0063486283567423625,29.88827347755432
5,27,pg,backward,0.011484874370084568,0.6461865549737756,0.013359564271840181,0.0007992235850682115,0.04185873202302239,0.5351994159546766,-0.44941222125833685,-0.002673913338433274,0.014379845778669485,0.0006676175944448914,0.016448632411828094,0.045758928722617304,0.014379845821002329,28.515251408923756,0.013643882547815641,0.6235667665799459,0.013336624174068371,0.001337147021937805,0.059639773021141686,0.3314116597175598,-0.16212671001752219,-0.0010298890410922468,0.0074852466738472385,0.0006732899055350572,0.009593692685787877,0.03671875068296989,0.007485246945482989,25.460429032643635
5,28,pg,backward,0.007273929913274266,0.6151175634427504,0.013258168135177006,0.0007061700621823712,0.07272112708200108,0.5621743689883839,-0.39735638011585583,-0.006690408335998654,0.0192841315980662,0.0008226689387811348,0.021618396149609576,0.053241680545563046,0.019284131788564,31.81340980529785,0.0028004604391753674,0.5850286483764648,0.013401747836420933,0.0012619660753140731,0.08898093551397324,0.37042247752348584,-0.11017884065707524,-0.011863253137562424,0.012905629817396402,0.0010223336090954642,0.01631783740594983,0.055772569651405014,0.012905629351735115,41.01312287648519
5,29,pg,backward,0.012038065565072677,0.6322880766608499,0.013459757944060997,0.0005974493803777973,0.07447845014658841,0.5584046244621277,-0.41331529888239776,-0.002019141483205286,0.019327768463302742,0.0007968899722486226,0.021610002202743835,0.05273437542332844,0.019327769055962563,31.72356588190252,0.009846135973930359,0.6238184074560801,0.013346264604479074,0.0014285017932706978,0.07680303603410721,0.35400284826755524,-0.14039347569147745,-0.004928630388652285,0.010497999532769123,0.0006670453876722604,0.013161162535349527,0.047395833457509674,0.010497999222328266,31.477285544077557
5,30,pg,backward,0.008992064193907108,0.5841412490064447,0.013685130048543215,0.001043139389953525,0.08533335036852142,0.5924713760614395,-0.43897561864419415,-0.0057362051659517665,0.021772291617129336,0.0007613854448374531,0.024120280519127846,0.056260146708651024,0.021772292103957046,32.26321229067716,0.008695535516987244,0.5128901998202006,0.013960623803238073,0.0015888799252934405,0.08982251212000847,0.3856019030014674,-0.13392323007186255,-0.006853968176680307,0.013832410254205266,0.0008674169609245533,0.017214700948291767,0.05885416680636505,0.013832410021374622,41.17933773994446
5,31,pg,backward,0.014666587960990992,0.5438674891536887,0.013912274248220703,0.001102590177176601,0.09322789243676445,0.5894172259352424,-0.431271416219798,-0.000348276490430263,0.01685177571859888,0.0006874254084488547,0.018588708935898136,0.04172585284422067,0.016851775168271906,24.162680311636493,-0.001355859295775493,0.5883953074614207,0.013483100105077028,0.0015329541104923312,0.09241820871829987,0.3949133555094401,-0.12310535709063213,-0.016371913719922304,0.014316100957027325,0.0007628383342913972,0.017850225771932553,0.060763889302810035,0.014316100646586468,41.21300184726715
5,32,pg,backward,0.011176830750297417,0.6048640635880557,0.013428053606978872,0.0009376346178297271,0.08337580192495476,0.5791878578337756,-0.42454233223741705,-0.0031888575017960234,0.020336039464878428,0.0007855522761184892,0.02259298521940681,0.05374898566779765,0.02033603949662806,31.385546337474477,0.02039691914493839,0.6004387537638346,0.01339133239040772,0.0012932892985494011,0.0759363230317831,0.36625360945860547,-0.1474093347787857,0.005712298734579235,0.008354218133414784,0.0006993363858782686,0.010472619537419329,0.03606770932674408,0.00835421799759691,26.519481619199116
5,33,pg,backward,0.008035407994281162,0.6394941346211866,0.01361238473856991,0.0009021822461363627,0.07935040376403114,0.5919238979166205,-0.40506570718505164,-0.006479159165544182,0.017094518830576402,0.0007026117144216022,0.01905382382789288,0.04291801984337243,0.01709451878824356,27.150845776904713,0.0014631721811989944,0.6561834017435709,0.013725376998384794,0.0013096677281509983,0.07609019863108794,0.37009453276793164,-0.15257664024829865,-0.013571872395308068,0.014100382337346673,0.0009539877307058001,0.017620909493416548,0.06458333383003871,0.01410038210451603,42.56728903452555
5,34,pg,backward,0.01734037009406496,0.6661964709108527,0.013922948474911127,0.0008301468808078673,0.0739717586812648,0.5866265445947647,-0.41291638666933234,0.002587274870496582,0.019134906406345017,0.0007107103341364894,0.021230787377465855,0.049715909429571846,0.01913490644867786,28.914797631177034,0.0026006647385656834,0.6566135088602701,0.01385779787475864,0.001531546849340278,0.08438844978809357,0.3843882381916046,-0.14214222381512323,-0.012788679431347797,0.014343847093793253,0.0008357883780263364,0.017713749354394775,0.06345486144224803,0.014343846938572824,37.28568168481191
5,35,pg,backward,0.01122737246226858,0.6572962403297424,0.01388927972452207,0.0008041131549858123,0.08923923766071146,0.5918343419378455,-0.4228196279569106,-0.003466020242988386,0.023593281226401978,0.0007950876699231395,0.02602368030189113,0.06090198897502639,0.023593281787312168,32.722951260480016,0.011443511427690586,0.6458395818869272,0.013849799055606127,0.0013690297801076667,0.09260953962802887,0.4057296613852183,-0.1265351523955663,-0.0037753170278544226,0.012613434557958195,0.000916408988511345,0.015438718507842472,0.050173611690600715,0.012613435023619482,33.11518883705139
5,36,pg,backward,0.010151340033520351,0.7002893144434149,0.01427879315716299,0.0005104450538469378,0.08362328938462517,0.5896407216787338,-0.3958442671732469,-0.004637898104688661,0.02120666935066269,0.0007654148146023297,0.023494343463839454,0.05572747667743401,0.021206669583493334,30.762546409260143,0.011179327809562286,0.6458675861358643,0.013742038980126381,0.0018660243158592493,0.09618589157859485,0.4058034072319667,-0.10689328610897064,-0.004428735313316186,0.013346798291119436,0.0009207740367855877,0.016214520398837824,0.05351562611758709,0.01334679922244201,31.788188536961872
5,37,pg,backward,0.0039922434582628985,0.5817502059719779,0.01397489108653231,0.0005199390755159718,0.11213074082678015,0.6254255798729983,-0.39477517252618616,-0.010502586532807485,0.02436090950769457,0.000795835222974843,0.026796374237164855,0.0586444810456173,0.024360909782858056,33.73754232580011,0.02292907501881321,0.5249313513437907,0.014026171062141657,0.0019885373820092886,0.12412132943669955,0.41944126784801483,-0.08646294971307118,0.006914365959043304,0.01599701428009818,0.0008771151721399898,0.01898450233663122,0.055034722511967026,0.015997014435318608,36.65835984547933
5,38,pg,backward,0.012535577258941803,0.5514510653235696,0.013979272493584589,0.0008730817730799665,0.10529545389793137,0.6186377040364526,-0.41152413324876264,-0.002316777001727711,0.01980324100110341,0.0006984911835223267,0.02176924212835729,0.04608867706900293,0.019803241212767633,26.826499765569512,-0.006879395650078853,0.569329192241033,0.01345775726561745,0.0021795493206203296,0.09132147083679835,0.3730725298325221,-0.12832355002562204,-0.022516701680918533,0.012774843256920576,0.000821526909324651,0.01585129927843809,0.052213542784253754,0.012774842946479717,33.46067460378011
5,39,pg,backward,-0.0012321899518031967,0.5966323370283301,0.013536230745640669,0.0008171657985940328,0.08825891498814929,0.6183174577626315,-0.45185562426393683,-0.015585586386309429,0.022404060191051525,0.0008547332968605174,0.024593240560286424,0.05577820531007918,0.022404060085219415,30.86926048452204,0.010077740531414747,0.5584134658177694,0.013519175661106905,0.0019591264026530553,0.09576867396632831,0.4004361728827159,-0.13551961382230124,-0.005400561465648934,0.015013410981434086,0.0006773056472108389,0.01812001453557362,0.05737847353642186,0.01501341164112091,41.87295659383138
5,40,pg,backward,0.015679471385241908,0.5700384134596045,0.013671306681565264,0.001162299743626411,0.1159949627789584,0.6612570014866915,-0.38317022133957257,0.0008458648702468384,0.026490316133607517,0.0007521651648196646,0.028857218609614807,0.05844155851412903,0.02649031642993743,32.22083191438155,0.011800730445732674,0.5274564921855927,0.01397314683223764,0.0021110020607011393,0.13618124524752298,0.4566585570573807,-0.08093188206354777,-0.004283418723692496,0.011840821088602146,0.0007778108896066745,0.013785843892643848,0.03476562568296989,0.011840821631873647,24.859569867451984
5,41,pg,backward,0.00891055649315769,0.5504970144141804,0.014365058646283367,0.0008782716696978034,0.1305775259706107,0.6547910923307593,-0.38911271772601386,-0.006332773688799617,0.02325575782875107,0.0006888741984518922,0.025368071351708335,0.05095880766483871,0.023255758368494837,28.65257051858035,0.02147338104744752,0.5543218751748403,0.013838745032747587,0.0021607902696511396,0.12650723134477934,0.4386588782072067,-0.07803837458292644,0.005473846181606253,0.012545305983318636,0.0008954735191461319,0.015062274624748776,0.044401043094694614,0.012545306681810567,28.23711125055949
5,42,pg,backward,0.009038771460340782,0.5948569124395197,0.01417745662514459,0.0007733697716903717,0.14104948396032507,0.6728901185772636,-0.3292635367675261,-0.00591205540959808,0.02745695784687996,0.00078211251556323,0.029793489745564082,0.05927861202508211,0.027456958693536846,31.920085300098766,-0.010184158881505331,0.6053070326646169,0.014364957343786955,0.0018896393339673523,0.1494890128572782,0.4506009370088577,-0.03238225355744362,-0.026438756302619975,0.021072549745440483,0.0009384400133664409,0.02470309752970934,0.06801215372979641,0.021072551142424345,39.90031464894613
5,43,pg,backward,0.010883040556853468,0.60970400409265,0.014455814930525694,0.0012143543218082248,0.1487063772299073,0.6716549531979994,-0.35558334399353375,-0.004787128715013916,0.02967076531653716,0.0007626126224005765,0.03213056075302037,0.06262682716954839,0.02967076572928239,33.19272401116111,0.0039003645069897175,0.5561420818169912,0.014145316400875648,0.0021452234766835923,0.14948323865731558,0.4654427468776703,-0.03542177379131317,-0.012390175097001096,0.009146508295089006,0.0006132729807480549,0.01046971270504097,0.025911458612730105,0.0091465082562839,15.515376329421997
5,44,pg,backward,0.007156050425361504,0.5668395893140272,0.01421708943830295,0.0006727543330504334,0.14841468259692192,0.6753286434845491,-0.33076745542612945,-0.007733793119603599,0.025835311685858123,0.0007854958120416003,0.028008312145671385,0.05433238682929765,0.025835312098603357,29.769851879640058,0.01716381808121999,0.5495296319325765,0.014279559254646301,0.002325789128614512,0.16022005677223206,0.4679453720649083,-0.020104125142097473,0.0005584705310563246,0.021612570776293676,0.0008595650336549928,0.02489960379898548,0.0642361119389534,0.021612570931514103,40.67652702331543
5,45,pg,backward,0.01649211996912279,0.5705920620398088,0.014308169568804178,0.0005855336951132919,0.15805557505650955,0.6778214763511311,-0.3319073698737405,0.0015984167614740065,0.03051317787983201,0.000808858336478641,0.03281002117066898,0.06194196505980058,0.030513178027996964,31.77992443604903,-0.010268026652435461,0.5795303285121918,0.01410639580960075,0.001929273223443791,0.15208857009808222,0.45952525238196057,-0.019203192243973415,-0.026303695514798164,0.021378653900076944,0.0011052179421919088,0.024892591560880344,0.06718750235935052,0.021378653434415657,42.32078456878662
5,46,pg,backward,0.010148064275695519,0.6083021678707816,0.014021678319708868,0.0004319279301396054,0.1402788365429098,0.6436930921944705,-0.32836533879691904,-0.004305541896345941,0.02545796474441886,0.0007827759334097871,0.027757549912414768,0.05575284090909091,0.025457965675741434,31.58935705098239,-0.023110585131992895,0.6175300280253092,0.014295687898993492,0.0019524700426245545,0.13840830077727637,0.4328184475501378,-0.03215241928895315,-0.03935874377687772,0.017677009260902803,0.0009163198798584441,0.020930187155803043,0.05950520932674408,0.017677008950461943,41.591681241989136
5,47,pg,backward,0.0114183515437286,0.6452255194837396,0.013820380522784862,0.0006541175205360229,0.11247401684522629,0.6205151812596754,-0.36411616883494635,-0.0030561465431343427,0.025376210084439,0.0008082600688794628,0.02775160570374944,0.06092735371467742,0.025376210232603957,32.5451200875369,0.012596634992708763,0.6202921768029531,0.013683651263515154,0.0021465275145740037,0.0975650151570638,0.371314803759257,-0.10879790782928467,-0.0032335438493949673,0.011764218856114894,0.0009436209851022189,0.014519291367226591,0.048958334450920425,0.011764218002402535,30.71792419751485
5,48,pg,backward,0.0013857879887589,0.618502600626512,0.013809362130070274,0.0005401505443180874,0.10147293690930713,0.6202284531159834,-0.3959912657737732,-0.012963724714195863,0.024746584790674122,0.0007867005095414987,0.027255412614481014,0.06105418063022874,0.02474658516108651,33.86831743066961,0.02059507556259632,0.571028878291448,0.013697220167766014,0.002075979709237193,0.10935370996594429,0.3862762004137039,-0.10181879997253418,0.004821875598281622,0.01442944483521084,0.0007784444896969944,0.01723878908281525,0.053602432211240135,0.014429444602380196,30.728203455607098
5,49,pg,backward,-0.0020897326652299275,0.6133600988171317,0.01388459974391894,0.0007064456039271053,0.11558523841879585,0.6337864642793481,-0.3690145801414143,-0.01668077790898017,0.024766588710587133,0.0008204838073156266,0.027017920320345598,0.05542309268970381,0.024766588541255755,31.649293942884967,0.015686041365067165,0.5864375829696655,0.013943315638850132,0.0019329361030221055,0.1269678920507431,0.435351441303889,-0.07078080872694652,-0.00019021052867174149,0.017710300783316296,0.0008560448283484826,0.020819285574058693,0.057161458457509674,0.017710300317655008,36.99745988845825
5,50,pg,backward,0.0075011974285272036,0.5699137638915669,0.014087554025040432,0.0008197257001153379,0.12573912367224693,0.6499235765500502,-0.4145986410704526,-0.007406082417053933,0.01642631882251325,0.000563304199948272,0.017834460256959905,0.03429383143189956,0.016426318769597194,19.94459215077487,0.002533129882067442,0.5494543115297953,0.014137322548776865,0.0021826514766871696,0.132914736866951,0.4587486535310745,-0.06261563301086426,-0.013786844598750273,0.015991046675480902,0.0009859070802728336,0.018651455485572416,0.05008680559694767,0.015991046869506437,31.7213929494222
5,51,pg,backward,0.016831647498871793,0.5787738182327964,0.01393349189311266,0.0012321469798424996,0.1156841025433757,0.6540358635512266,-0.4126652018590407,0.0016660087487914345,0.025270331682722,0.0007259238753414883,0.02735591448039155,0.05524553684517741,0.025270331735638054,28.725526224483144,0.004504718196888764,0.5852405528227488,0.013754863602419695,0.002029294905393423,0.10504905631144841,0.40867894887924194,-0.10551571349302928,-0.011279440484941006,0.01378663241242369,0.000762239214964211,0.01633123479162653,0.04778645901630322,0.01378663241242369,32.746946811676025
5,52,pg,backward,0.014172212898053906,0.6141361025246707,0.013493538918820295,0.0008521299922928837,0.08840488642454147,0.5878779779780995,-0.41463425349105487,-0.00017345618371936408,0.021860859579068016,0.0007060765651245179,0.023883157917721706,0.05418019544925879,0.021860859684900126,27.485938592390582,0.003779946050296227,0.5855730871359507,0.013592359609901905,0.002263249512433655,0.07872489467263222,0.3669726351896922,-0.1456166903177897,-0.01207566309797888,0.01254263644417127,0.0008051896390194694,0.015458317783971628,0.051779514799515404,0.012542636754612127,36.92883634567261
5,53,pg,backward,0.011675430123101582,0.613721638917923,0.01360748132521456,0.0009106925459305289,0.07093754918737845,0.5962836850773204,-0.4213339225812392,-0.002842743605883284,0.019964443831916222,0.0007482424870514395,0.02194950564510443,0.051339285617524925,0.01996444402241402,27.30493851141496,0.025168101768940687,0.5833853781223297,0.013474030109743277,0.002339462264596174,0.08970591798424721,0.38100114464759827,-0.12345189601182938,0.009354609336393574,0.011204153260526558,0.0006852489993131409,0.013946126137549678,0.044878474126259484,0.011204153570967415,30.729737758636475
5,54,pg,backward,0.009415517772801897,0.6074877760627053,0.013490929014303467,0.000895946775456609,0.09952979026870294,0.6374638785015453,-0.40140023827552795,-0.004971357962031933,0.02164312642575665,0.0007382034885019741,0.023669390166601675,0.05146611202508211,0.021643126256425272,27.692899010398172,0.007002549556394418,0.5988832314809164,0.013688459216306606,0.0024894726435983707,0.1085766926407814,0.412607138355573,-0.08772935842474301,-0.009175382127674917,0.007940650025072197,0.0005649607313292412,0.009533422067761421,0.02582465422650178,0.00794065041312327,17.837092796961468
5,55,pg,backward,0.015566573647612875,0.6531836851076647,0.013922420669008385,0.0009540485776462695,0.09859360957687552,0.6417457542636178,-0.3765792209993709,0.0006901045403951271,0.021826733570461245,0.0007457450119545683,0.023860569408332758,0.05217633955180645,0.02182673351754519,28.534050486304544,-0.013942073409756025,0.651566614707311,0.013869941855470339,0.002073765118211668,0.09591569130619367,0.38494191070397693,-0.09425792843103409,-0.02988578045430283,0.015611821785569191,0.0010679408733267337,0.019307170684138935,0.06245659850537777,0.015611821475128332,44.05293560028076
5,56,pg,backward,0.015369128774512898,0.6728493083607067,0.013983399014581333,0.0005094416050907698,0.08372463285923004,0.5896327278830789,-0.4258966771039096,0.0008762884059582244,0.019884615353393285,0.0007583607128419152,0.02198564923707057,0.0505275978198783,0.019884615448642184,29.117162249305032,0.00686895443747441,0.6718849539756775,0.013980609830468893,0.0017888610576240656,0.07819618781407674,0.3525518874327342,-0.11814374725023906,-0.008900516229914501,0.0097065435256809,0.0007737292423068235,0.012247781967744231,0.04440104286186397,0.009706543680901328,28.58894149462382
5,57,pg,backward,0.0180099031210623,0.6877629702741449,0.013956445523283699,0.0007143437604265108,0.07575204562057149,0.6177045052701776,-0.45190859924663196,0.003339113635857674,0.021687599597498775,0.000795124443935823,0.023820830741897225,0.0553216322071173,0.02168759924825281,29.30485113100572,0.0031798367078105607,0.6597905655701956,0.013694885652512312,0.001668778730466632,0.07950006301204364,0.3437949816385905,-0.11355691154797871,-0.012183827580884099,0.011204597307369113,0.0008755117790618291,0.01427901117131114,0.052430555845300354,0.011204597695420185,37.9502215385437
5,58,pg,backward,0.019834398249672217,0.6846914101730693,0.013695950323546474,0.0010061805360353756,0.07336987080899152,0.562233408743685,-0.4321386841210452,0.005132267368026078,0.018853041740261357,0.0006878269632579759,0.02093983827878467,0.04976663958619942,0.018853041470389475,28.178401231765747,0.017287549873193104,0.6706855197747549,0.013802985350290934,0.0013500677232514136,0.07493302909036477,0.33125293254852295,-0.09417258203029633,0.0021344966953620315,0.01093330467119813,0.0008303839422296733,0.013946754159405828,0.056032986690600715,0.010933304593587915,34.26902421315511
5,59,pg,backward,0.009404894578355279,0.6888763416897167,0.013575092889368534,0.0007168116840690883,0.06399287689815868,0.578041902997277,-0.4194252247160131,-0.004887009716846726,0.017469552493738858,0.0007790812404974448,0.01951850652271374,0.04738230558789589,0.01746955254665491,28.520953525196422,0.017020951490849257,0.6396323641141256,0.013221216077605883,0.0017025099702247342,0.06605821723739307,0.3175166646639506,-0.11186261599262555,0.002097225389055287,0.006240967389506598,0.0005885774371563457,0.00800718879327178,0.03185763908550143,0.006240967253688723,21.282692074775696
5,60,pg,backward,0.009559258860959248,0.6555232107639313,0.013322066473351284,0.0008405643311975423,0.06649256785484878,0.5869521471587095,-0.4349366616119038,-0.0046033719554543495,0.0216396599161354,0.0007744649562730708,0.02399879600852728,0.05965909107842229,0.02163966033946384,32.38671359148893,0.01185834469894568,0.6214098036289215,0.012975051999092102,0.0015327905396892068,0.06551343016326427,0.3021469513575236,-0.10722741981347401,-0.0026494979077445655,0.007263147602013002,0.000805624105851166,0.009800791992650678,0.03980034791554014,0.007263147388584912,32.85405023892721
5,61,pg,backward,0.015018904094838283,0.6235709623856978,0.013177543878555298,0.0011480084753388423,0.04951129311865026,0.552586169405417,-0.4439605406739495,0.0006933514536781745,0.017775692193853585,0.0007508454582421109,0.020044501606290312,0.053368506614457474,0.017775692564265973,31.403153722936455,0.012072975747287273,0.574295699596405,0.013055948074907064,0.0019088878580078017,0.05034816451370716,0.2736369768778483,-0.12605512142181396,-0.002891860514258345,0.00897434625464181,0.0008377545843056092,0.012650139862671494,0.06098090298473835,0.008974346797913313,44.99126068751017
5,62,pg,backward,0.010180339301851664,0.5743362713943828,0.013267403045161203,0.0008177836177070736,0.06082331473854455,0.5848395526409149,-0.41939662532372907,-0.0039048477086577227,0.018793110688089986,0.0007112827687788839,0.020771322528492998,0.05052759726955132,0.018793110947378656,27.821382089094683,-0.006793411681428552,0.5333975652853647,0.013401939067989588,0.0017532928935300636,0.06909721406797568,0.3017694503068924,-0.08694254855314891,-0.021948643649617832,0.009310237287233273,0.0008005090542913725,0.012571800267323852,0.052213545267780624,0.009310237364843488,36.75952561696371
5,63,pg,backward,0.014395113780417225,0.5536418367515911,0.013505566822872921,0.0007128906715417378,0.0700162048028274,0.5883550210432573,-0.40021454339677637,0.0001766559011726217,0.020016224695030938,0.0008096862425604327,0.022169011750851165,0.05423092503439297,0.02001622490669516,29.77104978127913,-0.0018077619994680087,0.5606644550959269,0.013173596002161503,0.0016512578998420697,0.06237856733302275,0.2941701461871465,-0.10299040625492732,-0.01663261578263094,0.01123809046112001,0.0010808367126931746,0.015140970703214407,0.06488715608914693,0.011238090771560868,49.513283252716064
5,64,pg,backward,0.018227602503347127,0.6170639991760254,0.013233159033750946,0.0009836673197040373,0.054203943772749466,0.5714084871790626,-0.44326499781825324,0.004010776063130999,0.01780939658849754,0.0006991680559374138,0.019815090705047955,0.049081777603450144,0.017809396429749377,27.48329903862693,0.01186590843523542,0.6159629424413046,0.012993518728762865,0.0018093626901342457,0.04757211233178774,0.27482029298941296,-0.13373557974894842,-0.002936973158891002,0.00854612560942769,0.0007139936302943776,0.012174667712921897,0.05733507126569748,0.008546125764648119,39.86249605814616
5,65,pg,backward,0.015124576314437118,0.6401803818616,0.013126552993939682,0.0003759488098363694,0.03167724020948464,0.5596124976873398,-0.4432848326184533,0.001622074606447396,0.015442690277599137,0.0007676799207481301,0.017366367630364202,0.046646712347865105,0.015442690457513725,26.49018318002874,0.005231762770563364,0.632601131995519,0.012942688229183355,0.001568113649265494,0.032604618929326534,0.25483844180901843,-0.1566645527879397,-0.00927903973206412,0.007351657414498429,0.0009497080754954368,0.010945815360173583,0.05364583401630322,0.007351657569718857,46.115667740503945
5,66,pg,backward,0.011024223450063304,0.6164321357553656,0.013023309959945354,0.0014443107812977278,0.04241063500839201,0.5598510666327043,-0.46937946568835864,-0.003443397433412346,0.01651382145725868,0.0008414904772177,0.018700557316399434,0.0479149760001085,0.01651382156309079,31.059063261205498,0.010542818655570349,0.5761454800764719,0.012849646620452404,0.0019675020284163716,0.04840152648588022,0.28831731776396435,-0.13407513995965323,-0.0042743299272842705,0.007571447194398691,0.0007930659921839833,0.010125899803824723,0.0447048619389534,0.007571447601852317,31.56438620885213
