fold,epoch,model_variant,train_loss,train_policy_success_mean,train_mse_loss,train_fairness_penalty,train_mean_score,train_max_score,train_min_score,train_incremental_objective_mean,train_mean_rs_allocation,train_budget_fraction,train_batch_budget,val_loss,val_policy_success_mean,val_mse_loss,val_fairness_penalty,val_mean_score,val_max_score,val_min_score,val_incremental_objective_mean,val_mean_rs_allocation,val_budget_fraction,val_batch_budget
1,1,rs,0.021259915591640907,0.38963637805797835,0.0292580294507471,0.000278044167469783,0.04698715060525997,0.3223801407624375,-0.2365728345784274,0.008276158380877778,0.046798904722725805,0.04672997780135871,11.863636363636363,0.012435294377307097,0.6774386763572693,0.016707391012459993,0.0002537035731317398,0.09254449978470802,0.22258544464906058,-0.024866695205370586,0.0045258003325822456,0.03576389001682401,0.03682656541890031,7.833333333333333
1,2,rs,-0.00112991708076813,0.6131000600077889,0.01672551357610659,0.0003459446450516556,0.15559210188009523,0.5417081984606656,-0.2035197832367637,0.018201375327242367,0.0509334419938651,0.05138129839356295,12.954545454545455,-0.0005967944550017515,0.4967360595862071,0.014172150598218044,0.0003079092634834524,0.22938580314318338,0.4816606392463048,0.015175541241963705,0.015076854343836507,0.040451390823970236,0.04024150647563317,10.166666666666666
1,3,rs,-0.01687048151242462,0.4701248895038258,0.017835725014182655,0.0008258207601660284,0.305867344818332,0.7410133372653614,-0.06746437773108482,0.0355320277264003,0.058822037525136366,0.05825441397271645,15.045454545454545,-0.01651651319116354,0.42032983402411145,0.01849854178726673,0.000880831449952287,0.4154810806115468,0.8115602433681488,0.008997023105621338,0.035895886520544686,0.05121527798473835,0.05071781567458979,12.166666666666666
1,4,rs,-0.018177965782921423,0.4129142002625899,0.02238094857470556,0.0008701634562633196,0.46505671739578247,0.9204565422101454,-0.03170588578690182,0.04142907805825499,0.05136465124616569,0.05132898413838407,13.136363636363637,-0.01845173475642999,0.38672080139319104,0.021199132936696213,0.0011861327502629138,0.5184036195278168,0.8816528717676798,0.011473973592122396,0.040836999813715615,0.051475695023934044,0.05114154304097357,11.666666666666666
1,5,rs,-0.026506694795733147,0.4009841341863979,0.022506108592179688,0.0008844160307327184,0.4981367980892008,0.9276346320455725,-0.044254961000247436,0.049897219223732296,0.06021712826226245,0.06005443931647065,15.363636363636363,-0.02897209084282319,0.39176157613595325,0.02079507429152727,0.000587188116848362,0.523109902938207,0.8906163275241852,0.00793821612993876,0.05035435284177462,0.06354166846722364,0.0632865113738676,14.0
1,6,rs,-0.02015682529996742,0.40534103187647735,0.022636088288643143,0.0010294478605911454,0.5079963423989036,0.9386511770161715,-0.005349302833730524,0.043822361547923225,0.0521509742194956,0.0523123962157148,13.227272727272727,-0.0259174268382291,0.37984396517276764,0.020077130446831386,0.0012315346784816938,0.5223739643891653,0.8869425853093466,0.00920825203259786,0.04722609153638283,0.059765628849466644,0.0586197077763679,14.166666666666666
1,7,rs,-0.02265782044692473,0.41912071948701685,0.020870890383693306,0.0008627687026499974,0.47846451808105817,0.9284082813696428,-0.009729494764046236,0.04439147900451313,0.05372362118214369,0.053754960495781594,13.636363636363637,-0.02115812199190259,0.40609173476696014,0.019419678176442783,0.0007003634649057252,0.5016079097986221,0.8900491992632548,0.006649196147918701,0.041278163281579815,0.051736112063129745,0.05087807169892929,11.166666666666666
1,8,rs,-0.018538188231600958,0.41646405919031665,0.02084748557006771,0.0011372733722303317,0.4791082346981222,0.9379264387217435,-0.023743933574719864,0.04052294737828726,0.04854910731823607,0.04854109837703566,12.409090909090908,-0.018349246432383854,0.4109790176153183,0.01934522173057,0.0009619081180668824,0.5007407665252686,0.8968508839607239,0.006147255500157674,0.03865637661268314,0.04804687574505806,0.04805354207416133,11.166666666666666
1,9,rs,-0.021194258027456024,0.4392141225663098,0.02022911337288943,0.000559258523010571,0.4652518047527833,0.9409443275495009,-0.05874609269879081,0.041982629664496264,0.0500456579876217,0.050084052494704046,12.772727272727273,-0.011242259914676348,0.42756783465544385,0.019217527161041897,0.0015742438599772868,0.48103392124176025,0.9118489225705465,0.0035561720530192056,0.03203403111547232,0.038758680845300354,0.03866169854278881,9.166666666666666
1,10,rs,-0.02112331228669394,0.4506550688635219,0.020306047560139137,0.0011973634795131684,0.46555712006308814,0.9576062018221075,-0.024313248693943024,0.042626723276705226,0.04976664077151905,0.049760026284948265,12.681818181818182,-0.02517211561401685,0.43000199894110364,0.01871877598265807,0.0011850772266370768,0.47514526546001434,0.9209606448809305,0.003874520460764567,0.04507596883922815,0.05473090335726738,0.0546691927316141,12.5
1,11,rs,-0.012071480551226572,0.442363060333512,0.019172981212084942,0.0011901287310691218,0.4434649510817094,0.9493466480211779,-0.04910997233607552,0.03243459045717662,0.038225446827709675,0.03817505319377102,9.772727272727273,-0.022248586174100637,0.4738997320334117,0.017083448357880116,0.0015059720250671187,0.4302464872598648,0.9087824622790018,0.0027438104152679443,0.040838006883859634,0.050824653978149094,0.05201832480841418,11.5
1,12,rs,-0.02555941908874295,0.47998363186012616,0.018404756037687712,0.0006713458931334964,0.41543571786447003,0.9417245117100802,-0.07376280223781412,0.04463552059182389,0.053495332937348976,0.05302157799653628,13.636363636363637,-0.017690118712683518,0.4565557638804118,0.01889490770796935,0.001164830736949322,0.46810996532440186,0.940562496582667,0.0021907389163970947,0.0377498563999931,0.04405382089316845,0.04476973928123406,10.333333333333334
1,13,rs,-0.027176144109530884,0.45930890061638574,0.02022979383102872,0.0012987219925736067,0.4594177007675171,0.9724355719306252,-0.07865838774225929,0.04870465950278396,0.055067979603667154,0.05514821635355234,13.954545454545455,-0.03905125459035238,0.45949668685595196,0.018898291202882927,0.0012032301559277887,0.47217439115047455,0.9484299918015798,0.002018113931020101,0.059152777306735516,0.06866319477558136,0.06958106860325713,15.5
1,14,rs,-0.01886256445537914,0.46757250211455603,0.018725772853940725,0.001196412599532757,0.42717425525188446,0.9611110687255859,-0.11094682325016368,0.038784749509597365,0.04454139662398533,0.04436856619666375,11.272727272727273,-0.03123450605198741,0.5062283525864283,0.016821874771267176,0.000809110346987533,0.4069897284110387,0.9316754043102264,0.001068115234375,0.04886549121389786,0.058333334202567734,0.05776693531166183,12.666666666666666
1,15,rs,-0.0274787891486829,0.5067320587960157,0.018564131068573755,0.0014026584326943107,0.40281611680984497,0.9629647515036843,-0.16222765703092923,0.04744557837362994,0.0544084822547368,0.054946418187000544,13.863636363636363,-0.027581587589035433,0.4818989485502243,0.017857322779794533,0.0014042775552904156,0.42601923644542694,0.95207479596138,0.0008038977781931559,0.046843187883496284,0.053645835258066654,0.053058872711289846,13.166666666666666
1,16,rs,-0.02222470680929043,0.4928688555955887,0.01831180318682031,0.0012104310130367098,0.39845383031801745,0.96873124350201,-0.16147403825413098,0.041746941045857966,0.047306209887293255,0.04748806252226741,12.0,-0.029347472979376715,0.501504530509313,0.017073733421663444,0.0015120904844455236,0.39385128517945606,0.9473732610543569,-0.006919890642166138,0.04793329653330147,0.05542534729465842,0.05412335110697758,14.0
1,17,rs,-0.027680874378843742,0.5140280980955471,0.017737118019299072,0.0010968409049806642,0.3746043403040279,0.9646868868307634,-0.17673696171153674,0.046514833250760355,0.05311485392634164,0.052741193421349634,13.590909090909092,-0.01722489281867941,0.5075240582227707,0.018459523407121498,0.0013174847171436947,0.4097830802202225,0.9645996689796448,-0.019010235865910847,0.03700190130621195,0.041189237497746944,0.04182003053977854,10.166666666666666
1,18,rs,-0.023762184957211666,0.5155714343894612,0.01855579780584032,0.0017762379908067385,0.3820251646366986,0.9775441722436384,-0.22420498457821933,0.04409422043880278,0.049107142851095305,0.049052072799614675,12.454545454545455,-0.006534114480018616,0.504484012722969,0.01712301590790351,0.001138240964034291,0.3714713603258133,0.9575040141741434,-0.06787768006324768,0.024795370797316234,0.027517361255983513,0.026728359605695848,6.666666666666667
1,19,rs,-0.02425765326585282,0.5199326127767563,0.017168130386959423,0.0015430957300798748,0.3501412665302103,0.9750042368065227,-0.24845079400322653,0.04296887867068025,0.04814326360991055,0.048420230077171694,12.181818181818182,-0.034244123535851635,0.5431429743766785,0.01676655871172746,0.0010520090633955685,0.3581051180760066,0.9632895588874817,-0.0916187862555186,0.05206269087890784,0.05807291716337204,0.058574844934594215,13.166666666666666
1,20,rs,-0.020038359756158156,0.529549931937998,0.016823533456772566,0.0007764682545712276,0.33306074142456055,0.9696228937669233,-0.25739084861495276,0.037638361417603766,0.04218242673034018,0.04216514167367274,10.681818181818182,-0.031402782226602234,0.5492919087409973,0.016754984545211,0.001092784839139919,0.339120219151179,0.965184877316157,-0.12625167767206827,0.04925055212030808,0.054904514302810035,0.053512601560238245,12.166666666666666
1,21,rs,-0.03161305214532397,0.5398780703544617,0.017768894068219444,0.0012923072751685925,0.34049779312177136,0.9798857786438682,-0.2844904349608855,0.05067425339736722,0.05603185905651613,0.05635443157372093,14.272727272727273,-0.04381433594971895,0.5543055534362793,0.0172052391183873,0.001049596208758885,0.34348419308662415,0.9728021224339803,-0.13909587264060974,0.062069169245660305,0.06857638992369175,0.0687441977891379,15.666666666666666
1,22,rs,-0.024410425473681906,0.5555237342010845,0.016685421282256193,0.0007112381043208933,0.3065437918359583,0.9765316139567982,-0.3246616883711381,0.04180708446074277,0.046672077595510265,0.04638413504522276,11.909090909090908,-0.05195089367528757,0.5751548707485199,0.016460759410013754,0.0005910802659248778,0.3120734691619873,0.9708404640356699,-0.16747282445430756,0.06900273201366265,0.0770399309694767,0.07586415369900723,17.833333333333332
1,23,rs,-0.030896775170483372,0.5456576469269666,0.017609494272619486,0.0010506838576392593,0.3240153599869121,0.9865543110804125,-0.32267844541506335,0.04955695334567942,0.05433238763362169,0.05445501738593133,13.863636363636363,-0.027673084909717243,0.5509635508060455,0.017166365403681993,0.0007693036832279176,0.31997910638650257,0.9764306942621866,-0.18059693773587546,0.045608753648897014,0.0492621548473835,0.048862977418536985,11.666666666666666
1,24,rs,-0.02457319437102838,0.5581042631105944,0.016568591183220797,0.001161785348358535,0.2896443822167136,0.9814019392837178,-0.3221698173067786,0.042303571541031655,0.04669744326648387,0.046231232561124935,11.909090909090908,-0.020274048050244648,0.5594357152779897,0.016173197732617457,0.0008362181955211175,0.28548769156138104,0.9707481563091278,-0.1969823290904363,0.03728346336477747,0.04110243062799176,0.04055287746005871,10.333333333333334
1,25,rs,-0.01835604194043712,0.5664567852562125,0.015965895261615515,0.0006797511908147994,0.2624304104935039,0.9791668382557955,-0.37052081389860675,0.03500168823467737,0.038884943181818184,0.03859296101950638,9.863636363636363,-0.035229938415189586,0.608314593633016,0.015800547630836565,0.000517890557375722,0.2623941625157992,0.96782719095548,-0.2083496948083242,0.051548377300302185,0.057031250248352684,0.056279947276439195,12.333333333333334
1,26,rs,-0.030562845736064694,0.5782100951129739,0.016434750985354185,0.0010485802523693235,0.2736259746280583,0.9842704940925945,-0.36718219925056805,0.048046177295459944,0.0531148540745066,0.05299280191644764,13.590909090909092,-0.04115380408863226,0.5867168505986532,0.01783747070779403,0.0015562341369180406,0.3081785589456558,0.9799818595250448,-0.193581223487854,0.06054750892023245,0.065060763930281,0.06470877338351774,15.333333333333334
1,27,rs,-0.043370910369875754,0.5667915669354525,0.017482231963764538,0.0007984496585774795,0.29971857368946075,0.988302471962842,-0.3682224885983901,0.06165159269320694,0.06668526780876247,0.0668020779170379,16.954545454545453,-0.009398946228126684,0.5342351496219635,0.018169146652023,0.0009357955332992182,0.3178166796763738,0.9840380648771921,-0.1946027378241221,0.0285038889075319,0.030121527922650177,0.029757147603940742,7.333333333333333
1,28,rs,-0.03368940280581063,0.5615094006061554,0.01733825211836533,0.0013934437338321004,0.2924864183772694,0.9883624938401309,-0.3478752455928109,0.05242109889249233,0.05666599009948021,0.05663745150700941,14.5,-0.04093912368019422,0.5740604400634766,0.01723438718666633,0.0003121254967292468,0.28640933831532794,0.9837472339471182,-0.228737011551857,0.05848563462495804,0.06280381977558136,0.06178049643723807,14.0
1,29,rs,-0.03353072072125294,0.5672809969295155,0.01635191310197115,0.0009045047103251653,0.2612272013317455,0.985036784952337,-0.4066210375590758,0.050787138477475804,0.05549918927929618,0.05526260552277768,14.090909090909092,-0.03962999706466993,0.5881693065166473,0.017022259378184874,0.0009561237219960125,0.26968948543071747,0.9813429812590281,-0.24442493418852487,0.057608379671971,0.06163194589316845,0.06201836213799197,14.833333333333334
1,30,rs,-0.024509174198928205,0.5708519166166132,0.016279773363335567,0.0011744900624457634,0.2536783035505902,0.9860319549387152,-0.3973702842539007,0.04196343786845153,0.04558137203143402,0.045186623734215586,11.636363636363637,-0.017259208019822836,0.5805007219314575,0.016568188400318224,0.0017711555325756005,0.25292838364839554,0.9810603062311808,-0.2511853873729706,0.03559855247537295,0.03810763917863369,0.0387563592508763,9.0
1,31,rs,-0.03615406511182135,0.5976782088929956,0.01557617283172228,0.0012453069168662462,0.23695725067095322,0.9865309758619829,-0.43433487008918414,0.05297554564789276,0.0576552353291349,0.05750929393684589,14.636363636363637,-0.05041210694859425,0.6131594777107239,0.016707740413645904,0.00020611533985478067,0.24892879277467728,0.9827863673369089,-0.2586149473985036,0.06732596332828204,0.07256944601734479,0.07178372633391021,16.5
1,32,rs,-0.023561345074664463,0.5779163999990984,0.015839475588026373,0.0016422025435696758,0.23367974974892355,0.9864064671776511,-0.40737504037943756,0.04104302284858105,0.044769683979790316,0.04474553012088623,11.454545454545455,-0.04012727737426758,0.6188976466655731,0.01670492036888997,0.00040610468507414527,0.2373036320010821,0.9820377429326376,-0.26390987634658813,0.05723830250402292,0.061067708457509674,0.061258726602351266,14.5
1,33,rs,-0.025862949857996267,0.5853443497961218,0.01609577898952094,0.0011410987732951774,0.23919854245402597,0.9874862215735696,-0.3714985346252268,0.043099827683446085,0.046545252076942815,0.04613334337784328,11.863636363636363,-0.028200052057703335,0.5927807986736298,0.016232045056919258,0.0006072334626878728,0.23277742167313895,0.9828366835912069,-0.2653999576965968,0.04503933060914278,0.04787326417863369,0.048479761925927484,11.5
1,34,rs,-0.035745277450504626,0.5961397777904164,0.015307230705564672,0.0011395191367104087,0.22232365134087476,0.985766199502078,-0.4114306636831977,0.052192026833918964,0.05666599033231085,0.05648616209326219,14.363636363636363,-0.040515006675074496,0.5967279672622681,0.016679763638724882,0.0004920991001805911,0.2355996643503507,0.9851185778776804,-0.27124010026454926,0.05768686936547359,0.061414932211240135,0.06193250944917656,13.833333333333334
1,35,rs,-0.033537199974737385,0.5809777541594072,0.01670639729127288,0.0008933888253233653,0.24535699798302216,0.9903495338830081,-0.40955671668052673,0.051136986394836145,0.054738231130282984,0.054979372916401675,13.954545454545455,-0.019141665970285732,0.5663324197133383,0.01667328334103028,0.0005261011659361733,0.22899936387936273,0.9861355125904083,-0.28658880790074664,0.03634105032930771,0.03836805637304982,0.0372764705163216,8.5
1,36,rs,-0.02493755803020163,0.5868541923436251,0.015572637192566286,0.0006028567107808736,0.21652184291319412,0.9871462150053545,-0.41740006885745307,0.04111305174460127,0.044490665874697945,0.044318187336212,11.363636363636363,-0.03612326427052418,0.6051669319470724,0.01604928495362401,0.0007858862306117468,0.2094026654958725,0.9840796788533529,-0.2928091237942378,0.05295843735802919,0.05742187611758709,0.05826837863084599,13.0
1,37,rs,-0.035470435141839764,0.599128476598046,0.015696660700169476,0.0008098372484048675,0.2226883132349361,0.9894398884339766,-0.43374919349497015,0.051976933694359934,0.05585430244999853,0.055864186743677796,14.227272727272727,-0.024816787491242092,0.5682419240474701,0.016706992716838915,0.0010114405702097429,0.21725062280893326,0.986175666252772,-0.3066629022359848,0.042535221514602505,0.04500868062799176,0.043605152646910623,11.333333333333334
1,38,rs,-0.03507978981360793,0.5926025455648248,0.01549889346246015,0.0014151910843958665,0.20983716642314737,0.988238586620851,-0.43960679932074115,0.0519938741768287,0.05626014641232111,0.056104359445052876,14.318181818181818,-0.04006066049138705,0.6048653721809387,0.016892954086263973,0.0005572450695202255,0.22039105743169785,0.9869984289010366,-0.30338212847709656,0.05751085948819915,0.061154513930281006,0.06138094192620389,14.333333333333334
1,39,rs,-0.021566097328270025,0.5877363383769989,0.015550328291613947,0.001629318390105151,0.20262588492848657,0.9881413606080142,-0.45675404234365985,0.03874574370936237,0.04170048689808358,0.04146702150600705,10.636363636363637,-0.03513395258535942,0.6310811638832092,0.01589450690274437,0.0007508287808620414,0.19125515222549438,0.9854530692100525,-0.3037906140089035,0.0517792875568072,0.05564236268401146,0.05598530307983158,12.166666666666666
1,40,rs,-0.03264744888821786,0.6159857917915691,0.01506558551707051,0.0012011102294154211,0.19170314141295172,0.989981087771329,-0.458423758094961,0.04891414493745701,0.05293729744682258,0.052870414144104844,13.409090909090908,-0.02078203825900952,0.5955788393815359,0.016442792490124702,0.0009118487450905377,0.20582155138254166,0.987658311923345,-0.30379636585712433,0.038136679058273636,0.04045138896132509,0.04098379129020704,10.166666666666666
1,41,rs,-0.019801657858558676,0.5830945806069807,0.015241417483511295,0.0007448321830697647,0.19283995845101096,0.989107448946346,-0.4339584924957969,0.03578790757720443,0.03845373380251906,0.03835389289730085,9.727272727272727,-0.012767265240351358,0.5804713865121206,0.015310764933625856,0.0010768104775706888,0.1727884610493978,0.9831612010796865,-0.3308490266402562,0.029154840856790543,0.03151041672875484,0.03136298918415436,7.5
1,42,rs,-0.0270868706389923,0.6135358783331785,0.01477519507435235,0.0010612058689104227,0.18701206012205643,0.9864938340403817,-0.43120543929663574,0.04292327179361812,0.04672280840829692,0.04699856436299854,11.954545454545455,-0.04100800553957621,0.6257063349088033,0.016812449786812067,0.0004823400619973957,0.21497721721728644,0.987736572821935,-0.29279395937919617,0.058302796756227813,0.062196180845300354,0.06256653089003078,15.166666666666666
2,1,rs,0.026359212881123476,0.3505371544848789,0.03179167642850767,0.0002428287145877758,0.0021815836530136453,0.2485542595386505,-0.26494643600149587,0.005675292441248364,0.04920860525982624,0.04876694890770919,12.590909090909092,0.015261517216761908,0.68980739514033,0.017938188277184963,0.0002989682258582131,0.03712909544507662,0.15691358347733816,-0.06803812086582184,0.0029756388103123754,0.042534722636143364,0.042583819779186516,9.0
2,2,rs,-0.0002599927088753744,0.6660604964603077,0.016507454301145943,0.00048554349231980353,0.104291493835097,0.5010865818370472,-0.2343535761941563,0.01725299047856507,0.055778206177902495,0.055484746380789575,14.272727272727273,0.004943596199154854,0.5423359672228495,0.014671269804239273,0.0013437350989988772,0.20481909066438675,0.438066045443217,0.007559617360432942,0.011071408710752925,0.034114583395421505,0.03403174156514762,8.166666666666666
2,3,rs,-0.01180793819102374,0.5319242707707665,0.016024958511645145,0.0005658033634187053,0.25976988876407797,0.7041564177383076,-0.14123947308822113,0.028398700227791614,0.04933543079956011,0.04892433981598177,12.545454545454545,-0.016826935578137636,0.4982157697280248,0.0165334267852207,0.002999856291959683,0.36256501575311023,0.7396866679191589,0.004134446382522583,0.03636021881053845,0.0590277798473835,0.06012814478842848,14.166666666666666
2,4,rs,-0.022276210344650528,0.4682507501407103,0.020281864584169605,0.0008222633542903747,0.43329718708992004,0.8987471678040244,-0.052554561671885575,0.043380338698625565,0.05562601496719501,0.05522011738806019,14.227272727272727,-0.016410010556379955,0.409441739320755,0.021844700289269287,0.0015132675801699709,0.5198696057001749,0.8886372447013855,0.008039861917495728,0.03976797933379809,0.049262156089146934,0.04881268598883017,11.666666666666666
2,5,rs,-0.01544844117862257,0.4180521057410674,0.021433819424022327,0.0009463954913464725,0.48878602412613953,0.9456881176341664,-0.02884873781691898,0.03782865627330135,0.04459212703460997,0.044443977313572886,11.363636363636363,0.00512372050434351,0.4225875437259674,0.020004540371398132,0.0021152033314137952,0.4808415671189626,0.8739628195762634,0.004968315362930298,0.01699602324515581,0.021180555845300358,0.02069627557172519,4.666666666666667
2,6,rs,-0.02550573426891457,0.46946845813231036,0.02004642759195783,0.0008897195156123416,0.45109599422324786,0.9351267895915292,-0.03730223226276311,0.04644188132475723,0.05557528468356891,0.055402024088390296,14.136363636363637,-0.021957203280180693,0.45717812577883404,0.020000988617539406,0.001207620677784386,0.48154622813065845,0.885539730389913,0.0031887988249460855,0.043165811764386795,0.05355902792265018,0.05271983827092813,13.333333333333334
2,7,rs,-0.027980863116681576,0.4578350552103736,0.020156216130337933,0.0012009127135040774,0.4710208922624588,0.9500186497514899,-0.05035520311106335,0.049337992508133706,0.05806107958778739,0.05813627179009063,14.772727272727273,-0.025258259226878483,0.45365989208221436,0.02109938549498717,0.001286815987839418,0.5039679060379664,0.9069230556488037,0.0029725333054860434,0.047644459952910743,0.057074654226501785,0.057885437350286846,13.666666666666666
2,8,rs,-0.024078115355223417,0.4574279649691148,0.020764933560382236,0.0010941939660411167,0.4759704687378623,0.9594631086696278,-0.048424427820877594,0.04593724228272384,0.05288656682453372,0.05298413981098056,13.5,-0.01784007033954064,0.4451894362767537,0.019826540413002174,0.0016060251437011175,0.4802507162094116,0.905105342467626,0.0015562375386555989,0.039272636796037354,0.047222222511967026,0.04696347101015294,11.333333333333334
2,9,rs,-0.014540105126798153,0.4619728502902118,0.01889201503416354,0.0008660280376385675,0.43994218788363715,0.9519719020886854,-0.07515670697797429,0.03429814826019786,0.0400263800455088,0.039847903661314944,10.227272727272727,-0.02762842768182357,0.4756185362736384,0.018221371496717136,0.001318971422733739,0.43620296319325763,0.891827404499054,0.0007826487223307291,0.047168770184119545,0.058637154599030815,0.05810466268717369,13.5
2,10,rs,-0.01312528508292003,0.4857615828514099,0.01703082990239967,0.0011935278886622573,0.393344908952713,0.9382317201657728,-0.11152110181071541,0.03134964283725077,0.03723620183088563,0.037505665839014664,9.5,-0.02489957958459854,0.4905124008655548,0.017534866618613403,0.001484933239775425,0.4137369245290756,0.8776750067869822,-3.838539123535156e-05,0.04391938009454558,0.054991320396463074,0.05473164700595459,12.0
2,11,rs,-0.019691102926365354,0.49084556238217786,0.017432893795723266,0.0006960735245746201,0.3933112540028312,0.9495274885134264,-0.14832751588387924,0.03782007034698671,0.04436383955180645,0.04407152206734093,11.318181818181818,-0.03336718678474426,0.5161380469799042,0.01838602467129628,0.0010991285322840365,0.4215609629948934,0.911843458811442,-0.0025083720684051514,0.05285233942170938,0.06345486221835017,0.06488959435688296,14.166666666666666
2,12,rs,-0.02850292953239246,0.5161008618094705,0.01826275885105133,0.0006953195870458082,0.40106294642795215,0.9637102511796084,-0.15212331983176144,0.04746100813446736,0.05453530859879472,0.054779235655391,13.909090909090908,-0.017611118964850903,0.47223666310310364,0.01947867590934038,0.0011529673457365182,0.4454142898321152,0.9341680208841959,-0.009434431791305542,0.03824276205462714,0.044357640823970236,0.04401213440955621,11.166666666666666
2,13,rs,-0.02458722444928505,0.5046407702294263,0.018026991831985386,0.000701021848147899,0.39649451591751794,0.9677575501528654,-0.20039467310363596,0.043315238054757094,0.049157873896712605,0.048980791751190945,12.545454545454545,-0.028790691246589024,0.5140225092569987,0.01870810737212499,0.0011417813681570503,0.41565089921156567,0.9354294737180074,-0.03401517868041992,0.04864057960609595,0.05603298731148243,0.05646997136272886,12.833333333333334
2,14,rs,-0.027018825015561146,0.5092598714611747,0.018676645376465538,0.001174975058843715,0.400601788000627,0.9719931158152494,-0.21699340506033463,0.046870445874942976,0.05265827968039296,0.05238157883817545,13.363636363636363,-0.027346691116690636,0.5089432696501414,0.019003952542940777,0.0010729629194206798,0.4172594000895818,0.9479891161123911,-0.05295449495315552,0.04742360642800728,0.053906250900278486,0.05456234944659665,12.666666666666666
2,15,rs,-0.03376536985689944,0.521665708585219,0.018231890121982855,0.0012768763364367044,0.3840605901046233,0.9756612560965798,-0.26344010911204596,0.053274135613306,0.05958299503915689,0.059559032181848444,15.181818181818182,-0.04183955335368713,0.5187263041734695,0.01919018942862749,0.001129861278362417,0.40997769435246784,0.9524290859699249,-0.07818740606307983,0.062159604082504906,0.07035590490947168,0.06994663084929925,16.5
2,16,rs,-0.031382444949651304,0.5400573069399054,0.017799995754930107,0.0014251964085732734,0.36109867150133307,0.9734584336931055,-0.2598947896198793,0.0506076369730925,0.056640625931322575,0.05674191350288551,14.363636363636363,-0.04746386005232731,0.5537543197472891,0.01898935716599226,0.0007090350542663751,0.386146421233813,0.9527517159779867,-0.10656418402989705,0.06716225296258926,0.07582465310891469,0.07568171750326831,17.333333333333332
2,17,rs,-0.028518961742520332,0.5237872031601992,0.018183158498934725,0.000991512610942829,0.36191265285015106,0.9797593436457894,-0.2877090952613137,0.047693632606586274,0.0528358363292434,0.052753972553214075,13.5,-0.022709120375414688,0.5378531217575073,0.018475929585595924,0.0004780190621810713,0.3737882773081462,0.9596211214860281,-0.12165307501951854,0.04166306865712007,0.046571180845300354,0.04788865976104826,11.166666666666666
2,18,rs,-0.012100845702331175,0.5369872505014593,0.016514848367395727,0.0011498684177501611,0.31677449291402643,0.9695316715673967,-0.28622017394412647,0.029765562344850463,0.03325385591861876,0.033279807503506724,8.5,-0.02005924827729662,0.5459353029727936,0.016011427156627178,0.0009574577610086029,0.30574775735537213,0.9412618378798167,-0.16670586665471396,0.03702813355873028,0.042361111380159855,0.043313055510788366,9.333333333333334
2,19,rs,-0.03177149589596824,0.5607080838897012,0.016313790301368994,0.0010927012734265934,0.3028273413127119,0.9767773774537173,-0.323498742824251,0.0491779873105274,0.05534699703143402,0.05472363692854332,14.045454545454545,-0.027671060835321743,0.539653072754542,0.01825819754352172,0.0010360826987986609,0.3547849307457606,0.9656127393245697,-0.16577893495559692,0.046965340773264565,0.0516493059694767,0.05060439620166554,11.333333333333334
2,20,rs,-0.030835303647274322,0.5459927794608203,0.017489529553462158,0.000902327401547609,0.32769791781902313,0.9860042252323844,-0.33236138251694763,0.04922715997831388,0.05397727370092815,0.05411615671011834,13.681818181818182,-0.0217768382281065,0.5358361601829529,0.018457790836691856,0.0008331639872570425,0.35058929522832233,0.9690972367922465,-0.17871886988480887,0.04106779210269451,0.04513888961325089,0.04502963895668758,9.666666666666666
2,21,rs,-0.0352926343171434,0.5635457120158456,0.017290093809027563,0.0011106174753950622,0.3101498525251042,0.9842715453017842,-0.3559590605172244,0.05369334568438882,0.059151785617524925,0.05889706976412379,15.0,-0.02279185689985752,0.5612903734048208,0.017998645082116127,0.0012679478286372614,0.3266451954841614,0.9698360661665598,-0.1918311913808187,0.042058449083318315,0.04631076396132509,0.04583399527295931,11.666666666666666
2,22,rs,-0.023968860253014347,0.554049092260274,0.016958723098716953,0.0014085385320496161,0.2971535338596864,0.9852596440098502,-0.36999692158265546,0.042336121942339974,0.04626623481850733,0.04599710249830036,11.818181818181818,-0.042922678558776774,0.5736413796742758,0.01726060484846433,0.0007114787308874307,0.31102975209554035,0.9698982834815979,-0.2030032624801,0.06089476061364015,0.0677951389613251,0.06763135618790538,17.166666666666668
2,23,rs,-0.02680916381491856,0.55958045612682,0.01650701387023384,0.001362611946020629,0.2838395671410994,0.9807859496636824,-0.38192609358917584,0.044678788907317954,0.048929586159912025,0.04836709797073533,12.454545454545455,-0.027051172219216824,0.5648039281368256,0.016728457684318226,0.0009831634354213747,0.29165325065453845,0.9667483071486155,-0.20573695997397104,0.04476279330750307,0.049739583395421505,0.04970804625530204,12.166666666666666
2,24,rs,-0.036829335276376114,0.5827844928611409,0.016750944100997665,0.0010083201006885,0.2850942327217622,0.9850969639691439,-0.3612322360277176,0.054588599278676236,0.05986201276325367,0.060056425039372564,15.181818181818182,-0.03427824967851242,0.5656315783659617,0.01835815484325091,0.000881840537355553,0.32086552679538727,0.9770450492699941,-0.20984725654125214,0.0535182465488712,0.058159723257025085,0.05862986558895831,13.0
2,25,rs,-0.02952936135063117,0.5577183149077676,0.016913900109515947,0.0007976005245547475,0.2922402654181827,0.9871864237568595,-0.3888346647674387,0.047240862347693605,0.05103490209545602,0.05076317720862186,13.045454545454545,-0.030634583594898384,0.5560732980569204,0.017260239149133366,0.0008867655269568786,0.29551799098650616,0.9751091202100118,-0.232692817846934,0.04878158774226904,0.05308159813284874,0.05307131274272183,12.833333333333334
2,26,rs,-0.030392020813782106,0.5737136236645959,0.016103293916041202,0.0008575201665156452,0.2633469890464436,0.9844885956157338,-0.39164765450087463,0.04735283454118127,0.05174513080749999,0.05163202601344264,13.136363636363637,-0.0241552807080249,0.5561315218607584,0.01677513960748911,0.0009576968545085643,0.2721041242281596,0.9714714189370474,-0.24335006872812906,0.04188811747978131,0.04600694434096416,0.047141796842743916,10.833333333333334
2,27,rs,-0.03125097818503326,0.5708985816348683,0.016256162981418045,0.0009069601302371666,0.2654134983366186,0.9851176007227465,-0.3987355652180585,0.0484141021204943,0.05250608768652786,0.05223824069438649,13.409090909090908,-0.027714674671490986,0.5623707075913748,0.01678609848022461,0.0008471122641064236,0.269483357667923,0.9759086668491364,-0.2487549384435018,0.04534788398693005,0.049609375496705375,0.04954128277288936,11.0
2,28,rs,-0.02391133381223137,0.5841640762307427,0.015328475104814226,0.001764962529291965,0.22813987731933594,0.9806330529126254,-0.3959564390507611,0.0410047715254636,0.04525162381204692,0.04494547956604875,11.454545454545455,-0.04622283112257719,0.609691858291626,0.016540904839833576,0.0005290614179601268,0.24971918761730194,0.9770463109016418,-0.25542960067590076,0.06329279765486717,0.06987847263614337,0.069445990820397,16.0
2,29,rs,-0.03215236360715194,0.5832843319936232,0.015916601924056358,0.0016553444813987219,0.24865061112425543,0.9844188039953058,-0.3909960280765187,0.04972430968403139,0.053951907733624634,0.05378442307208526,13.727272727272727,-0.04337998852133751,0.5910763442516327,0.017125022908051808,0.0006704905629627925,0.2692188695073128,0.9802834391593933,-0.24350345631440481,0.06117550345758597,0.06636284664273262,0.06587565153823845,15.666666666666666
2,30,rs,-0.029121574945747852,0.5820052379911597,0.016396756283938885,0.0009483241954150078,0.2554089779203588,0.9874393371018496,-0.44751258329911664,0.046466655510647055,0.050273945152928885,0.05066442330037195,12.863636363636363,-0.04812631073097388,0.5948268075784048,0.016807491580645244,0.0006067200284860519,0.26585832238197327,0.9810528854529063,-0.24494220316410065,0.06554052233695984,0.07165798669060071,0.07200085349779071,16.833333333333332
2,31,rs,-0.03497203511439941,0.5881706367839467,0.01586329039524902,0.0010081335919742494,0.24069069596854123,0.9885291484269229,-0.4069800769740885,0.051843458638441836,0.05626014552333138,0.056225048502874436,14.272727272727273,-0.042608718387782574,0.5842878222465515,0.016576637513935566,0.0005680550893885083,0.25284264236688614,0.9809745848178864,-0.2547864119211833,0.059753412225594126,0.06540798644224803,0.0657588060853578,14.666666666666666
2,32,rs,-0.03790370976044373,0.5907880853522908,0.016180926214226267,0.0008588523586571351,0.2472644935954701,0.9898344738916918,-0.4091875187375329,0.054943488127636636,0.059101055122234604,0.05927273345575596,15.0,-0.01877082760135333,0.5603097279866537,0.01721247596045335,0.000927071894693654,0.2600299095114072,0.9826632936795553,-0.2544333338737488,0.036910374726479254,0.03975694626569748,0.03880672387166695,8.666666666666666
2,33,rs,-0.03059858511286703,0.5773197168653662,0.01590716572139751,0.0006282697729525146,0.23329534110697833,0.9861260815100237,-0.4098084555430846,0.047134020725603805,0.050629058217799124,0.050611691981120435,12.863636363636363,-0.05279944743961096,0.5979088544845581,0.01616910503556331,0.0006302844490164716,0.22847900539636612,0.9817761381467184,-0.26997990409533185,0.06959883806606133,0.07669270845750968,0.0761937709731747,18.5
2,34,rs,-0.03479745573448864,0.5901393998752941,0.015484293076125059,0.0007097181614674562,0.22474452514540066,0.9885264174504713,-0.39305776764046063,0.0509914672637189,0.054662135006351906,0.054458209300137894,13.954545454545455,-0.0118093133593599,0.5611311992009481,0.016553744052847225,0.0008220586557096491,0.2343334878484408,0.9852787454922994,-0.2738059461116791,0.029185116135825712,0.03133680562799176,0.03106362702113358,7.833333333333333
2,35,rs,-0.02388423482294787,0.5859883590178057,0.014945175583389673,0.0009585121772695195,0.2059648558497429,0.9871474965052172,-0.41945402730594983,0.03978792260485617,0.043298497796058655,0.04301813498647699,10.954545454545455,-0.05721726082265377,0.6074098149935404,0.01593169445792834,0.0005088600728413439,0.21544684966405234,0.9826906522115072,-0.2791558802127838,0.07365781627595425,0.08111979315678279,0.0805532498512824,18.5
2,36,rs,-0.03224602773446928,0.5893259888345544,0.015325839292596687,0.0004696771043510043,0.2188263095237992,0.9872120049866763,-0.45069029656323517,0.04804154403973371,0.05184659145941788,0.05176764753175381,13.181818181818182,-0.0328781457307438,0.5920294225215912,0.017028409987688065,0.0005915777199637281,0.24426992734273276,0.9861293931802114,-0.2626931567986806,0.05049813321481148,0.054253473257025085,0.05333431411364961,12.0
2,37,rs,-0.03870902561836622,0.5924237993630496,0.015965296082537283,0.0012552050351256514,0.2337758798490871,0.9890840568325736,-0.41103528304533526,0.05592952613634142,0.060064935591071844,0.059945097083402926,15.272727272727273,-0.009434554105003675,0.5798376699288686,0.017324577396114666,0.0009078175850542417,0.24087512493133545,0.9875312745571136,-0.27337945501009625,0.027666949201375246,0.02934027835726738,0.028166665241747695,6.0
2,38,rs,-0.02771244646812027,0.6016286909580231,0.015509868802672083,0.0006462362722459147,0.2137638499790972,0.9879373610019684,-0.4172822264107791,0.043868551390584216,0.047154018486087974,0.047362881511055714,12.0,-0.03048283824076255,0.6111794312795004,0.01644070679321885,0.000369178551030321,0.21427164475123087,0.985072543223699,-0.292773316303889,0.04729272238910198,0.050651042411724724,0.05101320357416304,11.833333333333334
2,39,rs,-0.03224241147241132,0.5961074829101562,0.014976552433588287,0.0007593552950868408,0.197529406032779,0.9902175773273815,-0.4605986313386397,0.04797831923827867,0.05177049558948387,0.05176603763838446,13.136363636363637,-0.02497418923303485,0.6001766522725424,0.016272607104231913,0.0005740669268258595,0.2144697681069374,0.9854215681552887,-0.29381123681863147,0.041820863572259746,0.04518229110787312,0.044850809244205835,11.0
2,40,rs,-0.03120884176513011,0.6109942658381029,0.015350696461444551,0.001114061354304464,0.2044948461380872,0.9896987812085585,-0.4462741274725307,0.04767359941351143,0.0509841728489846,0.05125364099396101,13.045454545454545,-0.03202680125832558,0.5904900332291921,0.016374118626117706,0.0006775015038632167,0.21058830867211023,0.9853916962941488,-0.29685088992118835,0.049078421046336494,0.05303819477558136,0.05287128645626766,11.5
2,41,rs,-0.03701557642356916,0.594175560907884,0.015563618603416464,0.0005136430381340192,0.21403056654063138,0.9897594018415972,-0.47491677511822095,0.05309283830733462,0.056894277561117305,0.05747193713025092,14.454545454545455,-0.030219515785574913,0.5671279033025106,0.016734450745085876,0.000860219567433281,0.22248935451110205,0.9852468768755595,-0.2763238747914632,0.047814186507215105,0.051736111442248024,0.050890145336847714,11.166666666666666
2,42,rs,-0.04004123527556658,0.6043534224683588,0.015477222263474356,0.0009301446059732528,0.2163473144173622,0.9917425052686171,-0.4487141181122173,0.05644860304892063,0.06026785761456598,0.06041505325118913,15.363636363636363,-0.010992773032436768,0.5859905282656351,0.01655212603509426,0.0013279933004544848,0.2160801887512207,0.9863373835881551,-0.282064492503802,0.02887289288143317,0.030772570831080277,0.03159888552894624,7.5
2,43,rs,-0.037636109670116144,0.5990129492499612,0.015231386546722868,0.0005071957770067828,0.21069782159545206,0.9902102513746782,-0.44458960267630493,0.0533746919086711,0.057173295793208206,0.05786091665572743,14.545454545454545,-0.031144058642288048,0.593730499347051,0.017316256339351337,0.0007201479439800096,0.2259671837091446,0.9876824816068014,-0.29490065574645996,0.04918046295642853,0.052300348257025085,0.052780382529429036,11.5
2,44,rs,-0.03715876879339868,0.6025701083920219,0.01541297294368798,0.0009758462393472718,0.20222809233448721,0.9916675849394365,-0.4776268276301297,0.053547588769685135,0.05699573821303519,0.0566899239590082,14.545454545454545,-0.03310738053793708,0.5915000935395559,0.01686765595028798,0.0009993750589103456,0.2114098866780599,0.9863256712754568,-0.30779942373434704,0.05097441111380855,0.05486111156642437,0.05471005165345592,13.666666666666666
2,45,rs,-0.025679219810461455,0.601831159808419,0.014219968410378153,0.0007458013444027694,0.17309084263714877,0.9887705932963978,-0.46749892830848694,0.04064498920078305,0.043602881614457474,0.04335533889646215,11.136363636363637,-0.027333798663069803,0.6024537781874338,0.01548771265273293,0.0008825506218575659,0.1818985864520073,0.9826836784680685,-0.3054258351524671,0.04370406254505118,0.047699653543531895,0.04807807497067068,11.833333333333334
2,46,rs,-0.039692534916949546,0.6130385182120583,0.014942483172159304,0.0008921774797422702,0.20105858959934927,0.9898414178328081,-0.4677725095640529,0.055527195376767355,0.05948153375224634,0.0588024013447104,15.181818181818182,-0.019654299442966778,0.5803878307342529,0.01703817428400119,0.0009344487716589356,0.22290664662917456,0.9878017803033193,-0.28668661167224246,0.037626922285805144,0.04006076417863369,0.04061774349422705,9.5
2,47,rs,-0.025520102290267296,0.5978055786002766,0.014905854847959497,0.0012922338370383488,0.18662021444602447,0.9898788034915924,-0.4601679200475866,0.041718190726400775,0.04451603095301173,0.044500876326581035,11.318181818181818,-0.009371761853496233,0.5837701161702474,0.015391293913125992,0.00103095718050857,0.16953469316164652,0.982723613580068,-0.31375997761885327,0.02579401379140715,0.027604167194416124,0.027794999722095506,6.5
2,48,rs,-0.028188710820607164,0.6031431339003823,0.014194676737216387,0.0008990885444549432,0.18330524455417285,0.988514477556402,-0.45830617303198035,0.043282475862228734,0.04672280834479765,0.046746870208193236,11.863636363636363,-0.02854429588963588,0.5899328887462616,0.016235584082702797,0.0009015679581902228,0.19691716382900873,0.9851091702779134,-0.2891460557778676,0.045681448032458626,0.04926215298473835,0.04955249834396196,11.666666666666666
2,49,rs,-0.035912679889324034,0.6072540283203125,0.014615149321881208,0.0014290975522251094,0.19797264513644305,0.9910657487132333,-0.45919234508817847,0.051956926747648555,0.05557528493756598,0.05577942825901983,14.136363636363637,-0.020411982977141935,0.5745392243067423,0.016747501057883103,0.001016724308707732,0.20942252377669016,0.9859602848688761,-0.3019927789767583,0.03817620772557954,0.04071180522441864,0.040765928328879875,9.666666666666666
2,50,rs,-0.03220624629069458,0.6037153547460382,0.014749410773881456,0.0013235346535554722,0.1964206411079927,0.9916959242387251,-0.4455863576043736,0.04827919160015881,0.051694399253888565,0.05198285366579736,13.090909090909092,-0.031016688483456772,0.6163467665513357,0.015778284675131243,0.0006985374411669909,0.17808445543050766,0.983840823173523,-0.3241175214449565,0.047493510879576206,0.05138888955116272,0.05212139854503998,11.833333333333334
2,51,rs,-0.030262843642214484,0.6037404266270724,0.014500486198812723,0.001178544724382391,0.18745978515256534,0.99074310335246,-0.46190379695458844,0.04594187501987273,0.04915787313472141,0.049005544536460555,12.5,-0.03887935169041157,0.6088815132776896,0.01618865489338835,0.0012285493119937503,0.18189091483751932,0.9851594269275665,-0.3376818646987279,0.05629655532538891,0.06080729405706128,0.0605726177101359,15.0
2,52,rs,-0.04106145292859186,0.6168680759993467,0.01484499346803535,0.00087739240900026,0.18636806241490625,0.9913959747011011,-0.48869539390910754,0.056783839213577186,0.060978084675629034,0.0607244746243337,15.5,-0.0277375274648269,0.5779264171918234,0.01791615877300501,0.0003318882768799843,0.22125724703073502,0.9881815612316132,-0.3128271549940109,0.04598557467882832,0.048480903108914696,0.04750744232252966,10.333333333333334
2,53,rs,-0.01933292701671069,0.5830847783522173,0.01485913564366373,0.001282106854556663,0.186771363358606,0.9908186468211088,-0.4553827954964204,0.0354741693855348,0.03759131474759091,0.03693344510946192,9.590909090909092,-0.02008205217619737,0.6176225344340006,0.015297622419893742,0.0008334672545468417,0.15682052820920944,0.9831788837909698,-0.34552139540513355,0.03621314303018153,0.03901909850537777,0.0390156978597592,8.666666666666666
2,54,rs,-0.03210204524326731,0.6103397634896365,0.014070865909822962,0.0010777249151604192,0.17074474421414462,0.9892241358757019,-0.493906706571579,0.04725063601720401,0.051187094639648094,0.051287609504400075,13.045454545454545,-0.03488237022732695,0.5952336192131042,0.01671525587638219,0.0006393421798141693,0.19940554350614548,0.9875529209772745,-0.3143637925386429,0.0522369680305322,0.056206597636143364,0.05615195733638891,12.5
2,55,rs,-0.02555143583396619,0.6044746826995503,0.014333173844285986,0.0008264684179783382,0.17535910281268033,0.9905268224802884,-0.4825926572084427,0.04071107818956741,0.04352678578685631,0.04377095949218448,11.045454545454545,-0.018132082264249522,0.594648947318395,0.015271216010053953,0.0008462318483234791,0.1567846784989039,0.9821979304154714,-0.3423826942841212,0.03424953017383814,0.03754340298473835,0.03873522503370738,8.666666666666666
3,1,rs,0.012994704471731728,0.46625530381094327,0.022183504590595312,0.00013827560640451836,0.07717071964659473,0.3398226628249342,-0.1737551296299154,0.009327075761658225,0.05268364602869207,0.052389480660693405,13.454545454545455,0.007365890157719453,0.6693836748600006,0.015856416585544746,0.0003030474357122633,0.13186903049548468,0.27729492882887524,0.012148002783457438,0.008793574175797403,0.04848090442828834,0.047823607571136934,10.333333333333334
3,2,rs,-0.005218799860978668,0.5439269881356846,0.015698126347904854,0.00023006779906092396,0.21979257091879845,0.6301230585033243,-0.08445382389155301,0.02114699405766177,0.04710328858345747,0.04689796715114265,12.045454545454545,-3.676100944479307e-05,0.4084404508272807,0.016568189176420372,0.0012105405488303707,0.33349435528119403,0.6625301639238993,0.0068409740924835205,0.017815490408490103,0.03207465292265018,0.03182909857151481,7.833333333333333
3,3,rs,-0.01706544995646585,0.4315094554966146,0.019440599632534115,0.0006382524635558763,0.3996199762279337,0.8736375922506506,-0.01397632197900252,0.03714430203068663,0.05055296251719648,0.05068418567659925,12.909090909090908,-0.023035351497431595,0.40709711114565533,0.02060061041265726,0.001176628395114676,0.485645925005277,0.8645178178946177,0.004417816797892253,0.044812590815126896,0.05872396069268385,0.05810685757123471,13.333333333333334
3,4,rs,-0.015148941258137876,0.4136524782939391,0.021589036438275467,0.0008776934017484402,0.4686956053430384,0.9323007464408875,-0.016921979121186516,0.03761567133055492,0.04558137220076539,0.045669486446900005,11.636363636363637,-0.00545271501565973,0.3937181681394577,0.01990195984641711,0.0011281509990415846,0.48509616156419116,0.8683227896690369,0.0062217116355896,0.026482825943579275,0.034027778233091034,0.034712190442961956,8.333333333333334
3,5,rs,-0.012421043716709722,0.4161034321243113,0.019991138695993206,0.0008781642713519101,0.4539978233250705,0.923279112035578,-0.021739694205197422,0.03329034658699212,0.04106635553762317,0.041127790930259665,10.5,-0.030344728690882523,0.42711489895979565,0.01890909702827533,0.0010073876716584589,0.4710810234149297,0.8445226649443308,0.008994271357854208,0.05026121406505505,0.06783854216337204,0.06864823435403768,15.666666666666666
3,6,rs,-0.008471566167744722,0.42996691031889483,0.01904463276944377,0.0006436202303348182,0.43188926442102954,0.907350009137934,-0.010721308941190893,0.02815981932111423,0.03538453763096847,0.035273047479581016,9.0,-0.023926473843554657,0.44799789786338806,0.01753640454262495,0.0007404847832124991,0.42565971116224927,0.8304165800412496,0.006374180316925049,0.04220336279831827,0.05868055593843261,0.05914379286511507,14.833333333333334
3,7,rs,-0.019676548936827618,0.42395258898084814,0.019415383650497955,0.0011858317185132446,0.44125461307438935,0.9285893358967521,-0.005061209201812744,0.04027776452924379,0.05014711872420528,0.050220991680436484,12.772727272727273,-0.012534255472322306,0.4511572519938151,0.019100656112035114,0.0010472468954200547,0.45793259143829346,0.8811064263184866,0.006008177995681763,0.03268215867380301,0.0418836809694767,0.043063028190086894,8.833333333333334
3,8,rs,-0.021889850581911476,0.4298202490264719,0.020339965058321304,0.0010777723884778177,0.46505888077345764,0.9480190520936792,-0.0031687874685634265,0.04330758799121461,0.05194805185733871,0.05200364048719866,13.227272727272727,-0.03060355254759391,0.44422775010267895,0.019604377758999664,0.0009469044311648153,0.48150064547856647,0.9014650881290436,0.006901413202285767,0.05115483359744152,0.06393229309469461,0.0631967212459693,14.666666666666666
3,9,rs,-0.017679570623758165,0.4418460957028649,0.020057231187820435,0.001097073406981508,0.45795944604006683,0.943796309557828,-0.0037046416916630483,0.03883387544192374,0.04651988699862903,0.046811518518908565,11.818181818181818,-0.010905541634807983,0.4272504101196925,0.01873698364943266,0.0013384891984363396,0.46534423033396405,0.9012470344702402,0.006496330102284749,0.030981014482676983,0.039322917039195694,0.03977941695772232,9.5
3,10,rs,-0.022329210346056658,0.44578874788501044,0.0191488343460316,0.0012454227273585936,0.44468587095087225,0.9458350051533092,-0.01925129782069813,0.042723467626439575,0.0513139208778739,0.051298078644113405,13.0,-0.024855215878536303,0.4553939600785573,0.018782473790148895,0.0010789146496487472,0.45798661311467487,0.9130959510803223,0.005102753639221191,0.044716603976363935,0.056293404971559845,0.05712909949967269,12.333333333333334
3,11,rs,-0.012303295037285849,0.46800845996900037,0.018756683238527992,0.0010882668225226605,0.4245640608397397,0.944539647210728,-0.02639660103754564,0.032148245626806536,0.038073255511170086,0.03811185103167602,9.681818181818182,-0.011802485523124536,0.4851633161306381,0.017237220890820026,0.0008257955463098673,0.41072434186935425,0.8879114389419556,0.0058256884415944414,0.029865501448512077,0.038368056217829384,0.03934025124874102,8.5
3,12,rs,-0.026532091200351715,0.4730601527474143,0.0184266519817439,0.0008591140126554819,0.42595160549337213,0.9441202824765985,-0.02790440415794199,0.04581785733303563,0.05461140468039296,0.054443596603249156,13.909090909090908,-0.003633833800752958,0.4406963835159938,0.019680532937248547,0.0012138325352376949,0.4675006965796153,0.9351513385772705,0.004582256078720093,0.02452819949636857,0.029166667101283867,0.028304124129952996,6.333333333333333
3,13,rs,-0.02085499313067306,0.4684557074850256,0.019356210292740303,0.0009003267928061508,0.43763624267144635,0.963765873150392,-0.04019508036700162,0.04111153111708435,0.04776278489523313,0.047653581346334566,12.136363636363637,-0.014416218114395937,0.4647594789663951,0.018229025105635326,0.001211762670815612,0.43053723871707916,0.9238555530707041,0.0039955973625183105,0.03385700526026388,0.040972222263614334,0.04011503894543949,9.166666666666666
3,14,rs,-0.026551666669547558,0.48161024938930164,0.01835894656621597,0.0012804958678807245,0.418471251021732,0.9590064720673994,-0.038719933818687095,0.04619110862470486,0.05362215993756598,0.05371905892730319,13.590909090909092,-0.01904925548781951,0.48109615842501324,0.01884758627663056,0.0012312808151667316,0.441651185353597,0.935458650191625,0.004712412754694621,0.03912812277364234,0.046440973257025085,0.046274298750692056,10.0
3,15,rs,-0.031496909870342774,0.4782733768224716,0.019416394643485546,0.0009623704224643668,0.441520403731953,0.9732082052664324,-0.04686023430390791,0.05187567526643926,0.05861911558630792,0.05882843111438518,14.909090909090908,-0.024035499120752018,0.49197736382484436,0.019212331622838974,0.0012373316349112429,0.4385452816883723,0.9511164625485738,0.002662181854248047,0.04448516278838118,0.05086805593843261,0.050151317139858355,12.833333333333334
3,16,rs,-0.03272757365960966,0.5018693642182783,0.019109160724011334,0.0010188652902963274,0.41488257998769934,0.9710331044413827,-0.08418145301667126,0.05285560037009418,0.05983664815060117,0.060161785063576806,15.272727272727273,-0.0246387238924702,0.48394393424193066,0.019002413066724937,0.00104480064571059,0.42764026920000714,0.9555417795976003,0.002458681662877401,0.044685937852288284,0.050998265544573464,0.05080504943964467,11.166666666666666
3,17,rs,-0.019814939407462425,0.5065214064988223,0.01782975447448817,0.0009581667976722744,0.3772519813342528,0.9683774330399253,-0.10818036306988109,0.03860286021054807,0.0438818997618827,0.04340832066050588,11.090909090909092,-0.03351038849602143,0.5372159779071808,0.01689615783592065,0.001152317027541964,0.35243724286556244,0.9391575952370962,-0.012388755877812704,0.05155886306116978,0.060894099374612175,0.060649243259368324,14.833333333333334
3,18,rs,-0.029637867923487316,0.5364079976623709,0.017385643779892813,0.0009521906134802356,0.34742792221632873,0.9744308536702936,-0.1724308038299734,0.04797570216892795,0.054484578780829906,0.0547511461165428,13.818181818181818,-0.025280502003928024,0.5253346612056097,0.017845606586585443,0.0011556688380854514,0.3663252393404643,0.9546521604061127,-0.03309438129266103,0.04428177730490764,0.050824654599030815,0.05107402790239054,11.5
3,19,rs,-0.013137021821669558,0.5261842662637884,0.01705577673221176,0.0005093062011790101,0.3329838974909349,0.9719207368113778,-0.19091850383715195,0.030702104993079873,0.03457284930416129,0.0343467491101071,8.818181818181818,-0.024791101614634197,0.5753980080286661,0.015980690252035856,0.0008524352633685339,0.29193904002507526,0.9464625120162964,-0.09223419924577077,0.041624228159586586,0.049435763930281006,0.05015791661727088,11.333333333333334
3,20,rs,-0.035357742020013655,0.5628523081541061,0.016653221820227125,0.001218086876535422,0.3111113797534596,0.9748475687070326,-0.23741075667467984,0.05322905052029951,0.06014103095301173,0.060067450856296827,15.272727272727273,-0.02400546505426367,0.5224218666553497,0.018801324690381687,0.0009950233264438186,0.36422596375147503,0.9686872164408366,-0.10745339592297871,0.0438018135416011,0.0483940988779068,0.048637325046312414,10.5
3,21,rs,-0.036324539010158995,0.5497583746910095,0.01884846550158479,0.0008319086185689561,0.3538565974343907,0.9879819696599786,-0.2471804605288939,0.05600491346029395,0.06110491074452346,0.06059017246406104,15.636363636363637,-0.03324084418515364,0.550418496131897,0.018557393302520115,0.0011033692474787433,0.34113824367523193,0.9739744663238525,-0.16871665914853415,0.052901607006788254,0.058246528108914696,0.057754196375706675,12.833333333333334
3,22,rs,-0.022706230340356178,0.5521045543930747,0.016717472367665985,0.001136268683735993,0.29250573028217663,0.9838302433490753,-0.30686579847877676,0.04055997117591852,0.04484577942639589,0.044693480007855675,11.409090909090908,-0.02558865894873937,0.5875063240528107,0.016923490290840466,0.0015683695353345684,0.27466268340746564,0.9699335296948751,-0.22499087701241174,0.04408051764282087,0.04956597229465842,0.04867410766206943,12.5
3,23,rs,-0.02746472888710824,0.575873542915691,0.016354534394023092,0.0008488587597448507,0.2590817782011899,0.9806362959471616,-0.3940327357162129,0.04466812119988555,0.0496398134326393,0.049469869399257564,12.590909090909092,-0.034605104476213455,0.5952800810337067,0.01693410115937392,0.0006582058864902743,0.2692476386825244,0.968355784813563,-0.22912839303414026,0.05219741010417541,0.058637152115503945,0.058888260513115166,13.5
3,24,rs,-0.02331599402664737,0.5692331926389174,0.016843863381919535,0.0017756442347573202,0.27552981132810767,0.9835813885385339,-0.35293983735821466,0.04193550153550776,0.04606331254101612,0.04630178403978303,11.772727272727273,-0.02771526559566458,0.5827846725781759,0.016855330672115088,0.0007518453639931977,0.2595060095191002,0.9743602971235911,-0.23703716446956,0.04532244149595499,0.05026041716337204,0.05054268929143318,11.166666666666666
3,25,rs,-0.018799704414877026,0.5794088000600989,0.015285198449749838,0.0012245503870489797,0.21495826745575125,0.9785876355387948,-0.4076731516556306,0.035309453145600855,0.03977272739972581,0.039634040424013244,10.045454545454545,-0.02126543161769708,0.5851269066333771,0.01610519054035346,0.0011175590373871576,0.23945009211699167,0.9667729536692301,-0.22995166977246603,0.038488180531809725,0.04322916610787312,0.04241734258944324,10.5
3,26,rs,-0.02711164024235173,0.5872192464091561,0.0164417596957223,0.0010692542690652442,0.2565875791690566,0.9833312251351096,-0.33943173763426865,0.044622654603286224,0.04905641248280352,0.04879163116494897,12.5,-0.02040650090202689,0.5730964144070944,0.017404363335420687,0.0005778021337998022,0.28151513636112213,0.9765551388263702,-0.20572389165560404,0.03838866576552391,0.042361111690600715,0.043223257419504786,9.333333333333334
3,27,rs,-0.0293704236603596,0.5832735814831473,0.01641920767724514,0.001819196951832454,0.2545359893278642,0.9830968298695304,-0.35834855383092706,0.04760882823558694,0.052429992155256594,0.052689930222700604,13.409090909090908,-0.02949711416537563,0.6036772827307383,0.017129512658963602,0.0015718791999574933,0.2582039361198743,0.976958692073822,-0.2378080611427625,0.04819850561519464,0.053081597511967026,0.05317897828985143,12.833333333333334
3,28,rs,-0.028891163243150168,0.5881407884034243,0.016295660752803087,0.000985269672541604,0.24303675442934036,0.9864995344118639,-0.3759542094035582,0.046172093473036184,0.050324675500054254,0.0506824731463378,12.772727272727273,-0.041549562166134514,0.6232446432113647,0.016768102689335745,0.0010355734575568931,0.23995470255613327,0.9788628121217092,-0.2609378347794215,0.059353237971663475,0.06540798644224803,0.0652728946419286,14.666666666666666
3,29,rs,-0.03169808875430714,0.5924892696467313,0.016351397530260412,0.0011441834464097735,0.2408775727857243,0.9861853583292528,-0.39247367598793725,0.04919366957619786,0.05377435133877126,0.053577610124744,13.727272727272727,-0.02463496895506978,0.5783893366654714,0.01755975295479099,0.0012163046400625415,0.2552766303221385,0.9808812936147054,-0.24759668111801147,0.04341102639834086,0.046831597884496055,0.04713591071671951,10.666666666666666
3,30,rs,-0.03593639000742273,0.5822637893936851,0.017190019811757586,0.0004622640794186788,0.25683671506968414,0.988268955187364,-0.41915215822783386,0.05358867423439568,0.05793425309556452,0.05807704354150158,14.818181818181818,-0.03591403582443794,0.60252117117246,0.01737502310425043,0.0010380805653464147,0.2442741890748342,0.9816271464029948,-0.253345067302386,0.0543271383891503,0.05872395820915699,0.05781234096970139,13.333333333333334
3,31,rs,-0.02575367714532397,0.5960259275002913,0.015643036119978537,0.001147880957267427,0.21275745399973608,0.9853913242166693,-0.4084788953716105,0.04254459488120946,0.04641842566938563,0.04655314277418132,11.863636363636363,-0.015949268980572622,0.5866244236628214,0.016323821774373453,0.0017845027274840202,0.20808311055103937,0.9752395848433176,-0.25888412694136304,0.03405759297311306,0.03719618062799176,0.03710106107693076,9.333333333333334
3,32,rs,-0.02912233266132799,0.5978921380910006,0.01583930803462863,0.0011032928432541667,0.21308778090910477,0.9863326224413785,-0.4275055175477808,0.046064934015951374,0.050603693774478,0.05049088719488006,12.909090909090908,-0.01924535787353913,0.5887228747208914,0.01732486564045151,0.0016613967700322974,0.2441497544447581,0.9821237524350485,-0.23450193802515665,0.0382316194785138,0.04118923625598351,0.04037912719034865,10.166666666666666
3,33,rs,-0.03157739066095515,0.5881953645836223,0.016587138345295734,0.0009855359913340774,0.23197121647271243,0.9875295297666029,-0.4082366011359475,0.04915006570941345,0.05334314094348387,0.05284960505812944,13.636363636363637,-0.023977298134317,0.5803005894025167,0.01793727185577154,0.0017475635650043841,0.25670331964890164,0.9842808246612549,-0.23344232638676962,0.04366213300575813,0.047005208830038704,0.04654769918524754,10.333333333333334
3,34,rs,-0.019682579250498253,0.5875070989131927,0.01571810757741332,0.0011690180566471429,0.2126120782711289,0.9854351851073179,-0.4335002072832801,0.036569704449820245,0.039874188813634893,0.040070861188902754,10.181818181818182,-0.0468701229741176,0.6313919425010681,0.015741604069868725,0.0017537856309862339,0.18272549659013748,0.9731666743755341,-0.26570504407087964,0.06436551331231992,0.07243923749774694,0.07160414899093798,18.166666666666668
3,35,rs,-0.034446159758689726,0.6080020557750355,0.01534036093984138,0.001049573478026518,0.20304886251688004,0.988456896760247,-0.41294967315413733,0.05083609431643377,0.055524553087624634,0.05577791091445438,14.090909090909092,-0.01075449384128054,0.599319984515508,0.016937643755227327,0.0018899794055566115,0.23101757218440375,0.9816424349943796,-0.22539618611335754,0.029582117684185505,0.0315972234432896,0.031837381529390946,7.333333333333333
3,36,rs,-0.029742281248962336,0.5952075909484517,0.015648891937664965,0.000865665082187984,0.2147472541440617,0.9893586798147722,-0.40983759408647363,0.04625683786897836,0.04976664009419354,0.049699747752855745,12.636363636363637,-0.028389902785420418,0.5983974039554596,0.016281417415787775,0.0016571535882879591,0.20110732316970825,0.9788493613402048,-0.26427803933620453,0.04632847313769162,0.05039062506208817,0.04997098284357248,12.333333333333334
3,37,rs,-0.03689856789159504,0.6019873483614488,0.015889477916061878,0.0008779482923273463,0.21957830949263138,0.9895857111974196,-0.4118503156033429,0.05366599458185109,0.05813717524605719,0.05787334300867366,14.772727272727273,-0.02783873522033294,0.5859244664510092,0.01778885132322709,0.0011693672048143828,0.24993053575356802,0.9861462811628977,-0.23407639066378275,0.046796953616042934,0.05021701396132509,0.04919499526576775,12.666666666666666
3,38,rs,-0.03079173070463267,0.5942265581000935,0.016052651896395466,0.0006730644608784979,0.2150165452198549,0.9897939481518485,-0.4095097834413702,0.04751744730906053,0.051415381910787386,0.05105934202878069,13.136363636363637,-0.022819893279423315,0.5942409833272299,0.016926414643724758,0.0021268583222990856,0.22197089592615762,0.9848140776157379,-0.2633771449327469,0.04187316633760929,0.04453125037252903,0.044854141054803516,10.833333333333334
3,39,rs,-0.035570114575834436,0.6179267195138064,0.015921414491127838,0.0012615721709107288,0.20469218492507935,0.989433307539333,-0.4373952949588949,0.0527531010183421,0.056767451407557186,0.05696718762284321,14.409090909090908,-0.03106094415610035,0.6024903655052185,0.01695005890602867,0.0013436550774107066,0.2077722450097402,0.9853128592173258,-0.2798132697741191,0.04935465718153864,0.05303819477558136,0.05239731523002578,11.5
3,40,rs,-0.024168809621848843,0.6063715707172047,0.015492485920813951,0.0011814701195114387,0.19168024577877738,0.9899481426585804,-0.4610581953417171,0.040842766291461885,0.044313109225847504,0.04417082784106202,11.318181818181818,-0.01833671781544884,0.6211675306161245,0.016186501520375412,0.001297249565520057,0.1860979770620664,0.981579969326655,-0.2805339495340983,0.03582046918260554,0.03854166731859247,0.038191548476326755,8.166666666666666
3,41,rs,-0.028644632421095263,0.6189256445928053,0.014669503000649538,0.0009038693715410773,0.16290955821221526,0.9851589094508778,-0.4522536031224511,0.04421800569715825,0.04827008929780938,0.048282683721110685,12.272727272727273,-0.030494104449947674,0.6202375888824463,0.01641691755503416,0.0012451199727365747,0.1937369704246521,0.9838770925998688,-0.2819363474845886,0.048156141924361386,0.05177951417863369,0.052266224419732256,12.5
3,42,rs,-0.023552361452444034,0.6083341186696832,0.014951949727467516,0.0009795119259169123,0.18427131325006485,0.9864234111525796,-0.4834918704899875,0.03948382339016958,0.04238534951582551,0.04236489279579278,10.818181818181818,-0.045155816711485386,0.6355717976888021,0.01631703631331523,0.0009398080445256104,0.18542336424191794,0.9844788710276285,-0.2868429720401764,0.062412661810715996,0.06736111144224803,0.06736402120491658,15.166666666666666
3,43,rs,-0.021806160115044226,0.608002857728438,0.014286268121478233,0.0008886483564393446,0.15016275576569818,0.9843186898664995,-0.4652779589999806,0.036981076721779325,0.04066051161763343,0.04058576732405013,10.272727272727273,-0.026758454584827025,0.6181090672810873,0.01571052862952153,0.0013212270200331961,0.17241530617078146,0.9836184879144033,-0.2881532162427902,0.04379021042647461,0.04748263955116272,0.04654061117326252,10.833333333333334
3,44,rs,-0.023839262314140797,0.6084657094695352,0.014767491004683754,0.0012501124432343534,0.17987677251750772,0.9858526452021166,-0.4632600342685526,0.03985686585391787,0.04309557657688856,0.04308692489271365,10.909090909090908,-0.03077692398801446,0.6063553392887115,0.015937422402203083,0.0009905192514641688,0.17396040509144464,0.9844324290752411,-0.2922663688659668,0.047704864758998156,0.051171875248352684,0.051142967921332584,10.833333333333334
3,45,rs,-0.03669898694550449,0.6073182875459845,0.01546798392452977,0.0006557902450158405,0.19423583285375076,0.9889642216942527,-0.45577975565736945,0.05282276071904397,0.056894278577105564,0.05695110468470726,14.454545454545455,-0.016359726898372173,0.5749474267164866,0.01745153187463681,0.002251781924921185,0.21986654897530875,0.9895017246405283,-0.2702157720923424,0.03606304153800011,0.03849826365088423,0.0385220989717617,9.666666666666666
3,46,rs,-0.031240053517235952,0.6032760278745131,0.015350166242569685,0.0013981007530012655,0.18901004100387747,0.9901347512548621,-0.4440892541950399,0.04798832078548995,0.05187195598740469,0.05161493390953971,13.181818181818182,-0.0126491937165459,0.5802120765050253,0.016827286841968696,0.0016517754665983375,0.19978416711091995,0.9876685738563538,-0.2836515853802363,0.031128255805621546,0.03307291694606344,0.033387944734823205,7.333333333333333
3,47,rs,-0.034534645436162296,0.6013104265386408,0.015961407726122576,0.0011505649273715335,0.2099860513752157,0.9915887930176475,-0.44458981400186365,0.051646618426523426,0.055270901203832844,0.055471281824855743,14.045454545454545,-0.02810604094217221,0.607298731803894,0.016749163003017504,0.0009833920263796851,0.19538545856873193,0.9857877989610037,-0.29194189856449765,0.04583859622168044,0.04904513961325089,0.0496825900971618,10.666666666666666
3,48,rs,-0.03489889217201959,0.6140287491408262,0.01468249194493348,0.0008666282544864275,0.17196340588006107,0.9911996776407416,-0.4665106548504396,0.05044801302508197,0.05445921302519061,0.05411800290652333,13.818181818181818,-0.04276992722103993,0.6353548169136047,0.016518805796901386,0.001262067455778985,0.18996878961722055,0.9869450132052103,-0.2898207555214564,0.06055079959332943,0.06484375149011612,0.0651452103939195,14.333333333333334
3,49,rs,-0.026416271353479136,0.605652622201226,0.01485514822839336,0.0016087754901780665,0.1772340481931513,0.9895684177225287,-0.4503903930837458,0.04288019597615031,0.046037946065718476,0.04580823950386024,11.681818181818182,-0.004820551412800948,0.6002056996027628,0.016196174236635368,0.0009578738404751874,0.18143746008475622,0.9847693045934042,-0.27940862129131955,0.021974599454551935,0.023480904133369524,0.02320351612009945,4.5
3,50,rs,-0.03943173185160214,0.6136580895293843,0.015226237518204884,0.0011225572657890966,0.19318463585593484,0.9902125759558245,-0.4267088540575721,0.05578052629293366,0.06026785655624487,0.06017329424959967,15.409090909090908,-0.032262872283657394,0.6049259702364603,0.01832227564106385,0.0011495498344705386,0.23918205996354422,0.9908724029858907,-0.2758937329053879,0.051734697073698044,0.054644096021850906,0.054926343776553775,12.666666666666666
3,51,rs,-0.02560317423194647,0.5996593941341747,0.015408804851838133,0.0007229697616408389,0.18934142589569092,0.9917185279456052,-0.45989874276247894,0.04173494843681427,0.04459212722510777,0.04411701858116637,11.409090909090908,-0.013955260006090006,0.6049998700618744,0.01628203596919775,0.0011350287701740551,0.17859691629807153,0.9865790605545044,-0.32594074805577594,0.03137232448595265,0.033333334140479565,0.033159452211610714,6.833333333333333
3,52,rs,-0.0362305361777544,0.6193399700251493,0.014865105760029772,0.0009689186833645118,0.1709596108306538,0.9893824403936212,-0.4773377640680833,0.052064560523087326,0.05613332004709677,0.055575427285135114,14.227272727272727,-0.037200396259625755,0.6107607384522756,0.01683024037629366,0.0011806626789621077,0.19546675185362497,0.9886234303315481,-0.31631899376710254,0.055211300340791546,0.059201388930281006,0.059633723523718096,13.833333333333334
3,53,rs,-0.030725412197749723,0.6030232120643962,0.014901112849739466,0.0013200015820302724,0.17914824526418338,0.9904842620546167,-0.4501196389848536,0.04694652715062892,0.05019784905016422,0.04993108414290408,12.772727272727273,-0.011555324463794628,0.5848028361797333,0.016975113190710545,0.0013262016622661577,0.19714894145727158,0.9891358216603597,-0.31964237491289776,0.029856639448553324,0.031510417660077415,0.03171966300271509,7.5
3,54,rs,-0.03409780261360786,0.6134685792706229,0.014931092123416338,0.0008712641289166227,0.17820691723715176,0.9915324314074083,-0.4441723484884609,0.0499001585836099,0.053317776500162756,0.05344136460784,13.636363636363637,-0.04421968447665373,0.6252592106660207,0.016301863205929596,0.0007694930887680584,0.17962238440910974,0.9872283041477203,-0.3232536067565282,0.061291041473547615,0.06597222201526165,0.06577727184666014,15.0
4,1,rs,0.01288124051114375,0.5514810451052405,0.02171298920769583,0.00022000829148861487,0.03907952453962273,0.3346518711610274,-0.2274032160639763,0.009051756901581857,0.05263291439041495,0.05231991236638398,13.454545454545455,0.008123623672872782,0.6493504246075948,0.016750378844638664,0.0003923936428691377,0.11661318317055702,0.2745155841112137,0.010394593079884848,0.009019148768857121,0.051475695644815765,0.05155069157924839,11.666666666666666
4,2,rs,-0.00717959502203898,0.5774272246794268,0.015135842629454353,0.0005233642425782715,0.1930092183703726,0.6048134782097556,-0.16171641105955298,0.022838802002793687,0.050603693605146625,0.05058118960700086,12.818181818181818,0.00043714713926116627,0.509329155087471,0.016841827891767025,0.0010194423330176505,0.2884083290894826,0.6142244040966034,0.0056031545003255205,0.017424123051265877,0.034114583705862365,0.03352672390375365,8.166666666666666
4,3,rs,-0.012324764943596992,0.49931092966686597,0.017798221373761244,0.00047358921103130507,0.352689879861745,0.8686379275538705,-0.07864975675263187,0.030596575361083855,0.04129464314742522,0.041327866209997746,10.5,-0.003201753211518129,0.4419644623994827,0.020171293057501316,0.001031785571456112,0.4263843099276225,0.8219813207785288,0.006846268971761067,0.02440483154108127,0.03328993132648369,0.033286847409726025,8.333333333333334
4,4,rs,-0.020649829583073206,0.4505780989473516,0.02067802617834373,0.0014604465208197905,0.4503435573794625,0.9304840862751007,-0.04649957506494089,0.04278830220838162,0.05194805333898826,0.05198208828968172,13.272727272727273,-0.013953491114079952,0.4044251541296641,0.021953115239739418,0.002868873846854155,0.4894244621197383,0.8677935699621836,0.007875730593999227,0.03877547996429106,0.04978298799445232,0.05011116413583094,10.666666666666666
4,5,rs,-0.016390569592741402,0.4493313160809604,0.020564139397306877,0.0014614099936471287,0.45879659869454126,0.9395258237015117,-0.028739316896958786,0.038416119207712734,0.04596185091544281,0.04604327253329892,11.727272727272727,-0.0243915820804735,0.4652928163607915,0.020557525878151257,0.0010625869156986785,0.4625448137521744,0.86428235967954,0.005185802777608235,0.0460116951726377,0.059461806590358414,0.060308638612143105,13.333333333333334
4,6,rs,-0.023667863273823805,0.4737617183815349,0.019104119813577694,0.0015957839645621293,0.439072077924555,0.9334062961014834,-0.050606197931549766,0.044367766812105074,0.053267045454545456,0.053289276453501254,13.5,-0.016121334706743557,0.4656103402376175,0.0204346530760328,0.00033243934466990294,0.4613274335861206,0.8774962921937307,0.004273901383082072,0.036888426169753075,0.04631076396132509,0.04553538323382786,11.666666666666666
4,7,rs,-0.0242641574957154,0.45878892053257336,0.01978602505881678,0.0009765330456006764,0.4631988324902274,0.947767669504339,-0.03997767242518338,0.045026715506206856,0.052632914813743395,0.05288205041856275,13.363636363636363,-0.010182836558669806,0.4400646487871806,0.021066297466556232,0.0011944243869947968,0.48335722585519153,0.9046793778737386,0.0029134750366210938,0.03244355786591768,0.039322917039195694,0.03879429697948909,9.5
4,8,rs,-0.011021998499266127,0.4645840146324851,0.019205121577463367,0.001475683628396754,0.4365503638982773,0.9478336816484277,-0.06685352528637106,0.03170280350075865,0.037363028174943545,0.03663214291749453,9.545454545454545,-0.016778776111702125,0.4940164436896642,0.019352052981654804,0.000506763828828601,0.42887215316295624,0.8813466926415762,0.0018256902694702148,0.036637592517460384,0.04631076271956166,0.04634226402483804,11.666666666666666
4,9,rs,-0.017753259363499554,0.48474361815235834,0.018183589743619614,0.0007592992725862628,0.42042362012646417,0.9437482384118167,-0.08071045916188847,0.03669614787213504,0.043526786464181816,0.043687446618475706,11.045454545454545,-0.0325377956032753,0.48758403460184735,0.019291717869540054,0.0008824649444629055,0.4365592549244563,0.8978207806746165,0.0013634860515594482,0.05271197917560736,0.06605902904023726,0.06591074425753086,14.833333333333334
4,10,rs,-0.03119831570339474,0.48097439110279083,0.019196001643484287,0.0016964068036031676,0.4383454512466084,0.9568388516252692,-0.0885742103511637,0.05209072395651178,0.060952719766646624,0.06052515911346393,15.590909090909092,-0.015315410991509756,0.4580051451921463,0.02146917985131343,0.001628819903544354,0.48391718169053394,0.9351869424184164,0.0007849037647247314,0.03841341162721316,0.04453125006208817,0.043451470068879026,10.833333333333334
4,11,rs,-0.02315455065532164,0.4699279164726084,0.019947758960452946,0.0016036963274617929,0.44958434863524005,0.9643429680304094,-0.09283364293250171,0.04470600573007356,0.05080661550164223,0.050687171774012205,12.863636363636363,-0.029106063147385914,0.4897073010603587,0.01990955291936795,0.0003736084478684158,0.4403875768184662,0.91579869389534,0.0001293917496999105,0.049389224499464035,0.059027778605620064,0.058796957854363036,14.166666666666666
4,12,rs,-0.030231071170419455,0.5031154237010262,0.01853354580023072,0.0006540703867689114,0.41712730852040375,0.964735743674365,-0.08751509948210283,0.049418687439438974,0.057071834802627563,0.05655882457197916,14.545454545454545,-0.027622828880945843,0.4836537738641103,0.01984281154970328,0.001176875382649693,0.4522761056820552,0.935886561870575,-0.0014978647232055664,0.04864251706749201,0.0565104183430473,0.05737946509137392,13.333333333333334
4,13,rs,-0.03364659189669923,0.49174014275724237,0.019169737076894802,0.0008626558561156179,0.4393621805039319,0.9742426682602275,-0.10182662443681197,0.053678985219448805,0.06054687559265982,0.06054489243202416,15.363636363636363,-0.021033480763435364,0.5018480867147446,0.02033025740335385,0.0013084924200181074,0.4439946512381236,0.9417233467102051,-0.006434122721354167,0.042672230396419764,0.04869791679084301,0.048408457382633795,11.333333333333334
4,14,rs,-0.03243335226381367,0.522151459347118,0.01892301126975905,0.001600488685405501,0.4178927175023339,0.9748177474195306,-0.11775497076186267,0.05295685232108967,0.05922788195312023,0.05892528800110313,15.045454545454545,-0.04542340338230133,0.5244745165109634,0.0196255873888731,0.0006469544702364752,0.42663778364658356,0.9472087919712067,-0.022798866033554077,0.06569594331085682,0.07591145858168602,0.07578806694145926,17.166666666666668
4,15,rs,-0.024590242992747913,0.5176770036870783,0.018001758324151688,0.0008406142881789626,0.3930214684117924,0.9725994278084148,-0.14230389080264352,0.043432615443386814,0.048752029511061584,0.048644319855529757,12.409090909090908,-0.020544555503875017,0.5141823589801788,0.018757446358601253,0.001067833286166812,0.4003031700849533,0.9419423441092173,-0.04045490423838297,0.04036983475089073,0.046440974809229374,0.04638111098176473,10.0
4,16,rs,-0.021963610059835693,0.5230301198634234,0.017117938577112825,0.0006972783730262545,0.3637657395818017,0.9730849807912653,-0.17014653235673904,0.039778827583755956,0.04489651030268182,0.04483355585962084,11.454545454545455,-0.018455959856510162,0.5382520109415054,0.017908286303281784,0.0003506837535193578,0.36337096989154816,0.9393716951211294,-0.06371796131134033,0.03671492946644624,0.04240451365088423,0.04243910524024632,10.666666666666666
4,17,rs,-0.022887348324399103,0.5538356778296557,0.016344403255392204,0.0015470580474202093,0.3312721320173957,0.9674359587105837,-0.23127271912314676,0.04077880901538513,0.046037946743043984,0.04543139797400932,11.681818181818182,-0.027711581749220688,0.5549951791763306,0.017558561482777197,0.0010341895892148993,0.34506887197494507,0.9384075303872427,-0.08264866471290588,0.04630433271328608,0.053689237063129745,0.053091394062407066,11.666666666666666
4,18,rs,-0.02814054781232368,0.5417331294579939,0.016998151571235874,0.0007497175501291829,0.3427640294486826,0.9758671874349768,-0.22198054194450378,0.04588841661726209,0.05149147693406452,0.051410093469753844,13.045454545454545,-0.024903506971895695,0.5405830244223276,0.018393535477419693,0.0012036641477758774,0.36140528321266174,0.9585607349872589,-0.08849096298217773,0.04450070640693108,0.05008680559694767,0.050324979355942524,11.5
4,19,rs,-0.02872533795677803,0.5480033199895512,0.01752493699843233,0.0006880653298951115,0.34500460868532007,0.982289815490896,-0.22713575512170792,0.04693834083578126,0.05174513059583577,0.05200593125975544,13.136363636363637,-0.02165934133032958,0.5430944462617239,0.017929475133617718,0.0003595987001029736,0.3402826339006424,0.9575421710809072,-0.10591134428977966,0.039948415011167526,0.04518229172875484,0.04477449968617104,11.0
4,20,rs,-0.02117457329718904,0.5605424588376825,0.016186702615496786,0.0007279396331486251,0.3098655641078949,0.9736924577843059,-0.2368951913985339,0.038089215914210814,0.04261363661763343,0.042477018418264297,10.863636363636363,-0.01562904193997383,0.541212280591329,0.016592285906275112,0.00038382674604993855,0.29149114340543747,0.9516367216904958,-0.14837531248728433,0.03260515428458651,0.03728298687686523,0.03703929011133768,9.166666666666666
4,21,rs,-0.026989568194205112,0.5510971288789402,0.01697180356661027,0.00044477667763038136,0.3182006451216611,0.9799649011005055,-0.23532912947914816,0.044406148361634805,0.04974127444438636,0.049222465451112925,12.727272727272727,-0.020852556452155113,0.5377765397230784,0.01852545514702797,0.0005856674257245231,0.34154772261778515,0.96851314107577,-0.12013219793637593,0.03996367907772461,0.04414062605549892,0.04451265842892429,10.166666666666666
4,22,rs,-0.025458615230904383,0.5569089678200808,0.016448544338345528,0.001533168064270285,0.3059310736981305,0.982742886651646,-0.2685082067142833,0.043440328085456385,0.048041801984337246,0.04791191618506183,12.181818181818182,-0.030223704408854246,0.5745738943417867,0.016975988168269396,0.0007048416300676763,0.29212385167678195,0.960989773273468,-0.13933837413787842,0.04790453426539898,0.054296876303851604,0.05410444085291283,13.333333333333334
4,23,rs,-0.027623829431831837,0.5744380354881287,0.016134602737359026,0.0012086845689763107,0.28866650841452857,0.9836990860375491,-0.2877587093548341,0.04496711703144352,0.04946225652979179,0.04955517523341455,12.636363636363637,-0.008940926752984524,0.5601792335510254,0.017082893755286932,0.0005662452131218743,0.28381357590357464,0.9658584098021189,-0.15613463521003723,0.02659006556496024,0.029644097511967022,0.028618517498328253,6.833333333333333
4,24,rs,-0.03586918166415258,0.5875529917803678,0.016553830313072962,0.0009006220180212536,0.28212622756307776,0.9834358285773884,-0.28200209682637994,0.05332363388416442,0.05856838475235484,0.05861218723482953,14.954545454545455,-0.028716119316716988,0.5618198017279307,0.018626063441236813,0.001086307666052259,0.31331197917461395,0.9755410254001617,-0.16321206092834473,0.048428490525111556,0.05282118062799176,0.05172998083466102,13.333333333333334
4,25,rs,-0.032309517984024504,0.5800015384500677,0.016400066839361734,0.0010243132198659375,0.2791975343769247,0.985327810049057,-0.3205432322892276,0.04973389858125963,0.05453530859879472,0.05437121607958011,13.909090909090908,-0.03971946813787023,0.610148549079895,0.018476453764985006,0.0006128899907101489,0.2876414880156517,0.9726508955160776,-0.19431518018245697,0.05880881093131999,0.06354166567325592,0.06309720365254011,14.0
4,26,rs,-0.03448198413984342,0.5776753696528348,0.017247643279419703,0.0010254467238853108,0.28451780365272,0.9877480999989943,-0.3245744082060727,0.05275507364422083,0.05707183484496041,0.057299399221454834,14.5,-0.0284410643701752,0.6033174494902293,0.01852465545137723,0.0005179443950661758,0.27684276799360913,0.9740615487098694,-0.20528842012087503,0.04748366462687651,0.05112847313284874,0.050867006019144956,12.333333333333334
4,27,rs,-0.034139652524820784,0.5886322693391279,0.01653949742798101,0.0003707892871137698,0.2603580409830267,0.9868795113130049,-0.3265632160685279,0.051049939674240624,0.055702110583131965,0.05582944744538277,14.136363636363637,-0.025313536481310923,0.5764113565286001,0.01810028140122692,0.0007101953078745282,0.27519025405248004,0.9752162396907806,-0.20358925561110178,0.044124012890582286,0.04782986221835017,0.048881710974550664,10.166666666666666
4,28,rs,-0.033483496867120266,0.5749011405489661,0.01666331913491542,0.0005982169163427642,0.26966361701488495,0.9887309480797161,-0.3374869606711648,0.05074503344737671,0.05491578849879178,0.05505915967961617,13.954545454545455,-0.018319078100224335,0.5598381360371908,0.017891836818307638,0.0005740098252620859,0.27419742941856384,0.9774240752061208,-0.20600576202074686,0.03678492549806833,0.039670138930281006,0.03994397406235946,8.833333333333334
4,29,rs,-0.021290983898903836,0.5797006135637109,0.015547345942732963,0.0009454062255051874,0.24310489879413086,0.9860936186530374,-0.33446456491947174,0.03778373572806066,0.04101562521166422,0.040913272437183595,10.409090909090908,-0.035698059325416885,0.6106603145599365,0.015872853032002848,0.0002637964212984419,0.21472079306840897,0.9684089024861654,-0.22914778192838034,0.051834709476679564,0.058550347263614334,0.05804958401500762,13.666666666666666
4,30,rs,-0.028399561362510376,0.5946510217406533,0.014876703308387236,0.0012562299479296516,0.22135255147110333,0.9845565747131001,-0.35662746971303766,0.04453249366699972,0.04898031707853079,0.048962134855839355,12.409090909090908,-0.048418273528416954,0.6081659893194834,0.017197477476050455,0.0005132372177361807,0.25323418031136197,0.9764721194903055,-0.20585268239180246,0.06612898781895638,0.07256944725910823,0.07296394887533363,16.5
4,31,rs,-0.036163920875300064,0.585533773357218,0.016297933730212124,0.001194023361253213,0.2655859542163936,0.9884520145979795,-0.3329172716899352,0.053655878005718645,0.05778206169435924,0.057755571737470264,14.772727272727273,-0.021105936107536156,0.5824226637681326,0.018273630334685247,0.0003089755676531543,0.2704526012142499,0.981492429971695,-0.22136320173740387,0.039688541709134974,0.042838541169961296,0.04267867638057501,9.833333333333334
4,32,rs,-0.027556906750595026,0.5956986871632662,0.015864367808469317,0.0008744452468363306,0.23998764157295227,0.9885673929344524,-0.3456426384774121,0.04429571933790364,0.04750913254578005,0.048408082385574654,12.136363636363637,-0.027626036666333675,0.6060990889867147,0.01602925065283974,0.0013833485063514672,0.20657565196355185,0.9741606414318085,-0.2591315557559331,0.045038636308163404,0.050303819899757705,0.050915523461800234,12.5
4,33,rs,-0.0329960535957732,0.6189318136735396,0.01483051444996487,0.0007984568465686111,0.1988105828111822,0.9840826473452828,-0.36436881124973297,0.04862502450123429,0.053393872497095304,0.053114634025190344,13.590909090909092,-0.015498057628671328,0.5769959390163422,0.018240121969332296,0.0007542316049390744,0.2530216450492541,0.9798409938812256,-0.23407155772050223,0.0344924113402764,0.0368923619389534,0.03792816789432105,8.5
4,34,rs,-0.02578740359537981,0.5815864665941759,0.01635455403646285,0.001809955657253423,0.24525865776972336,0.9898736558177255,-0.3564509573307904,0.04395191252908923,0.0471286529421129,0.047116024811410036,12.0,-0.03042458090931177,0.6359991729259491,0.017114076142509777,0.000674380224760777,0.2207607477903366,0.9788190126419067,-0.25763289133707684,0.04821303766220808,0.05195312605549892,0.05342034111744787,12.166666666666666
4,35,rs,-0.030975343130359597,0.6083092228932814,0.014880539129742167,0.0007611332360035951,0.21154649623415686,0.9868339571085843,-0.3581160699779337,0.04661701594225385,0.05050223261456598,0.04994718430441885,12.818181818181818,-0.01860828014711539,0.5903364916642507,0.01620679395273328,0.0006321501253599612,0.20610911895831427,0.9778100748856863,-0.25148346026738483,0.035447223422427974,0.038585069589316845,0.039003662442399945,9.5
4,36,rs,-0.02933774511753158,0.6111249652775851,0.015251455743881788,0.0008159914833124111,0.21393841030922803,0.9888634166934274,-0.38205046545375476,0.045405192067846656,0.04910714234310118,0.04915997377914023,12.454545454545455,-0.026176886012156803,0.6057849526405334,0.017078925545016926,0.0003551108551012779,0.21752975632747015,0.9810380637645721,-0.27518153190612793,0.04361092260417839,0.04761284853642186,0.04769198643944716,12.0
4,37,rs,-0.03260320465249771,0.6114464646035974,0.014965203379026869,0.0010855994386867512,0.2074698263948614,0.9874413961713965,-0.3783906332471154,0.04865400758783587,0.05286120166155425,0.05278222556122871,13.454545454545455,-0.014130867319181561,0.6009444892406464,0.018039365764707327,0.001013301222580291,0.23303149392207465,0.9840624729792277,-0.2799117813507716,0.033183534163981676,0.03524305624887347,0.03585185284280659,8.833333333333334
4,38,rs,-0.03205638759854165,0.5947173942219127,0.016186950050971725,0.0009675489591103315,0.2261552241715518,0.9900497360662981,-0.3996690728447654,0.04921088698955083,0.05263291400941936,0.05275688040995137,13.409090909090908,-0.017835527658462524,0.6126606166362762,0.01703159821530183,0.0010868368262890726,0.21293141196171442,0.9813039600849152,-0.28950851162274677,0.03595396317541599,0.03854166793947419,0.03885893130331645,8.166666666666666
4,39,rs,-0.03569703312082724,0.6246532689441334,0.01533660034395077,0.0007270384339170215,0.2076519490642981,0.9906955009157007,-0.38192160156640137,0.05176067157563838,0.05575284090909091,0.055837984818633245,14.181818181818182,-0.026662106004854042,0.6068680385748545,0.01702664963280161,0.0006459155742485715,0.21246322244405746,0.9806779126326243,-0.2846641093492508,0.0443346705675746,0.047960069651405014,0.04791592885181168,11.333333333333334
4,40,rs,-0.038579001133753496,0.6089837388558821,0.01587000950662927,0.0006831922705301126,0.2226139787923206,0.9909958866509524,-0.3680767525326122,0.05513220263475722,0.05910105596889149,0.05916116499159967,15.090909090909092,-0.034483319924523435,0.587077409029007,0.018034208410729963,0.0011994205579147395,0.23740054418643317,0.984153151512146,-0.2756986866394679,0.05371694810067614,0.057595487063129745,0.05792905634956102,12.666666666666666
4,41,rs,-0.02281386705792763,0.5998116081411188,0.014900969849391417,0.0011422096835179798,0.19968283311887222,0.9892887852408669,-0.3824907067147168,0.038857046091421085,0.04203023560429839,0.04200787133602968,10.681818181818182,-0.019253447962303955,0.6272863348325094,0.016302278731018305,0.000664550271456695,0.1821591556072235,0.9785512189070383,-0.30896560351053876,0.036220276883492865,0.03923611125598351,0.03914549729882177,9.666666666666666
4,42,rs,-0.022335420912978323,0.6196254437619989,0.01428644900972193,0.00042084312661701387,0.17753930965607817,0.9880592850121585,-0.3884264406832782,0.03704271301500161,0.04015320660123094,0.04005761691514583,10.272727272727273,-0.02581826535363992,0.617160310347875,0.01634619990363717,0.0009651202517488855,0.18587890764077505,0.9805457095305125,-0.30410706251859665,0.04312958630422751,0.04713541672875484,0.04789896092307691,11.5
4,43,rs,-0.031231366521255535,0.6066851209510457,0.014799550598995253,0.0012443475205125313,0.2069209014827555,0.9901356155222113,-0.38340987129644916,0.04727526527660137,0.050755885006351906,0.05093661327005308,12.954545454545455,-0.029656635752568643,0.5947741170724233,0.01688846480101347,0.000471440340030919,0.20334540059169134,0.9832681318124136,-0.28666868309179944,0.04701653914526105,0.05151909729465842,0.05025069193635387,13.0
4,44,rs,-0.03674225663681599,0.6131834414872256,0.014635844621807337,0.0007681687557834493,0.19987961649894714,0.9897569661790674,-0.38761155984618445,0.05214627049016682,0.05636160778389736,0.05594389874252768,14.363636363636363,-0.047621428656081356,0.6438809136549631,0.018067949761946995,0.00044405069532634417,0.2174122929573059,0.9851452112197876,-0.2937074229121208,0.06613342774411042,0.070920138930281,0.07101323826588775,16.833333333333332
4,45,rs,-0.0212314520242878,0.6007551117376848,0.015149001709439537,0.0009889937946664677,0.20377208631147037,0.9925356019626964,-0.38594190640883014,0.03736944717820734,0.0400010146708651,0.040067852763285734,10.181818181818182,-0.04217664012685418,0.6332809925079346,0.01616502444570263,0.0005033088428187208,0.16933915143211684,0.9806348184744517,-0.32343444724877674,0.05884497364362081,0.06471354172875483,0.0641563804366667,16.0
4,46,rs,-0.025849701201712542,0.6210825172337618,0.013962740078568459,0.0014461495152679825,0.16658431697975506,0.9865493720228021,-0.42817195708101446,0.04125859061340717,0.04474431826648387,0.04445940750507671,11.363636363636363,-0.023735965136438608,0.6371601621309916,0.01571807125583291,0.0005836173113493714,0.15416420996189117,0.9794941842556,-0.3278173506259918,0.04003765371938547,0.043663195023934044,0.0430980748120715,9.666666666666666
4,47,rs,-0.04595876108347015,0.6405835856090892,0.014855132649906656,0.0012552203459211921,0.18637543442574414,0.9915189715948972,-0.3982436995614659,0.062069113958965645,0.06668526848608797,0.0665338053654982,16.954545454545453,-0.019329623474429052,0.5728846192359924,0.01829194479311506,0.00046530494798465344,0.2212445264061292,0.988554040590922,-0.2887641067306201,0.038086872935915984,0.04053819707284371,0.03975271087611296,10.0
4,48,rs,-0.02894238479943438,0.6041431562467054,0.015304482499645515,0.0008669584533436137,0.2012559805404056,0.9912893717939203,-0.41756273941560224,0.045113825535571035,0.04814326272092082,0.0476401973643954,12.272727272727273,-0.04484733147546649,0.6454261640707651,0.01750786028181513,0.000628833859044183,0.1916509891549746,0.9867730637391409,-0.31743695338567096,0.06298402417451143,0.06736111144224803,0.06691915934104192,15.166666666666666
4,49,rs,-0.037079593082043255,0.6121062419631265,0.01483910031278025,0.001466518279745411,0.19494328851049597,0.9903562394055453,-0.4359547346830368,0.053385211154818535,0.05707183450629765,0.0567271772883623,14.545454545454545,-0.030422984311978023,0.6150408287843069,0.018249830696731806,0.0007704193110906014,0.20803282409906387,0.9872579773267111,-0.29093726476033527,0.04944323468953371,0.05234375006208817,0.0523151350596389,12.833333333333334
4,50,rs,-0.04614198123189536,0.6199795359914954,0.015188157050447031,0.000829212002096049,0.20909163559024985,0.9935467432845723,-0.4093532887372104,0.062159350480545654,0.06600040624934164,0.06603040101895628,16.818181818181817,-0.016561042051762342,0.5958468914031982,0.017708525527268648,0.0009650731014213912,0.20433944463729858,0.9883468250433604,-0.2917723208665848,0.03523464066286882,0.03728298703208566,0.037720884537059705,9.166666666666666
5,1,rs,0.018096743828871033,0.5162202641367912,0.024547307244078678,0.00017857671253874617,0.013132287115281955,0.332438377155499,-0.3173813941803845,0.006629140190356834,0.040685877119275654,0.04072995308987306,10.363636363636363,0.011283442533264557,0.7194286485513052,0.016945514362305403,0.0005994128902481558,0.07737839097778003,0.21281063059965769,-0.014546145995457968,0.006261484736266236,0.05520833547537526,0.05484409110399341,13.0
5,2,rs,0.001928490459580313,0.6180515912446108,0.014890738635916601,0.0005100291630862392,0.14328663525256244,0.53131887587634,-0.2088321101936427,0.013472277427684854,0.037540584463964806,0.0375409754985624,9.545454545454545,-0.0033675747302671275,0.50804103910923,0.01494892779737711,0.0010876679346741487,0.22285009175539017,0.46235472957293194,0.004690229892730713,0.01940417056903243,0.055468751738468804,0.05554864647469904,12.5
5,3,rs,-0.01194333407858556,0.49475627595728094,0.01594056146727367,0.0012380769227837102,0.30002610317685385,0.7650831883603876,-0.08232733844356104,0.02912197239823978,0.04753449705260044,0.0470934373342625,12.090909090909092,-0.014317036606371403,0.4393690178791682,0.019252351485192776,0.0013671223581089482,0.41290246446927387,0.77925972143809,0.004360059897104899,0.034936509716014065,0.052039931838711105,0.052019866422401556,12.0
5,4,rs,-0.02134366820312359,0.4299106868830594,0.020960388535803013,0.0008419698251600494,0.4579121741381558,0.909475489096208,0.0051164886152202434,0.04314602671233429,0.0541548298841173,0.05383660357158516,13.727272727272727,-0.012409189715981483,0.4108581393957138,0.02202032972127199,0.0011849346046801656,0.49692198634147644,0.8797533909479777,0.0038070778052012124,0.03561445395462215,0.04570312611758709,0.04632297188224585,10.0
5,5,rs,-0.01827592533928427,0.41644116152416577,0.02216706264086745,0.0008945232504515843,0.4989734793251211,0.9459020278670571,-0.0005002103068611839,0.041337511713870546,0.04910714314742522,0.048862894315574355,12.5,-0.019223210712273914,0.4115712294975917,0.02149552634606759,0.002197945155785419,0.4998779445886612,0.8799288968245188,0.00489113728205363,0.04291668223838011,0.054644097263614334,0.05504140824674464,12.666666666666666
5,6,rs,-0.021790272132916885,0.43129540573466907,0.020504727282307365,0.0010616253370533907,0.4641139263456518,0.9276418062773618,-0.014893892136487093,0.043356624209660695,0.05311485470949926,0.05317016577200195,13.454545454545455,-0.017821954873700935,0.42456190288066864,0.020815901458263397,0.001654107500144164,0.4892905205488205,0.8908361792564392,0.0035503904024759927,0.04029196322274705,0.05095486156642437,0.05095116680172815,12.666666666666666
5,7,rs,-0.019548996436324986,0.430925426158038,0.020829752849584274,0.000968317431316605,0.48293795775283466,0.93488255685026,-0.02570371465249495,0.04134706604633142,0.04943689200180498,0.049558217560399485,12.636363636363637,-0.009936756609628597,0.3985883295536041,0.021095231796304386,0.0017273817453921463,0.4967623253663381,0.9009422163168589,0.0038489103317260742,0.03275937090317408,0.04014757058272759,0.03888370020843437,9.333333333333334
5,8,rs,-0.024629806295375933,0.44612634859301825,0.020427111197601665,0.0007241400244265864,0.4713080823421478,0.9562778499993411,-0.005888218229467218,0.04578105773014778,0.05412946404381232,0.05333649847316208,13.772727272727273,-0.010536435370643934,0.4412755270799001,0.021002767297128837,0.0013706684216382807,0.4911709874868393,0.9160774846871694,0.003462990125020345,0.03290987107902765,0.03984375080714623,0.03936077196140098,8.5
5,9,rs,-0.021786485036665745,0.44414747574112634,0.01990148120305755,0.0013743901203035027,0.47524616393175995,0.9471069384704937,-0.017980388619683006,0.043062356004322115,0.05088271200656891,0.050502321018933725,13.0,-0.028860099303225677,0.46089079479376477,0.02076075195024411,0.0017982107480444636,0.4913350393374761,0.9223388334115347,0.003142287333806356,0.05141906253993511,0.06210937568296989,0.06233052404742324,15.333333333333334
5,10,rs,-0.02275467812168327,0.4685530242594806,0.019312770359895447,0.0008979259798393778,0.45695509829304437,0.9576237310062755,-0.016087884252721615,0.042965374273163354,0.050248579968782986,0.049905870300630824,12.727272727272727,-0.035061804267267384,0.49698836108048755,0.02014389851440986,0.0013735873872064985,0.4615177164475123,0.9245639443397522,0.0022969643274943032,0.056579291354864836,0.06801215062538783,0.06756136928051361,15.333333333333334
5,11,rs,-0.02670896180312742,0.48014882884242316,0.019229647788134487,0.0017275702388856603,0.447773126038638,0.9568676433779977,-0.05669853091239929,0.04766617980997332,0.05509334502064369,0.05494443323863504,14.0,-0.015492376250525316,0.4646935313940048,0.020312045079966385,0.001199316962204951,0.47155988216400146,0.9420564373334249,0.0020423432191212973,0.037003737913134195,0.04322916672875484,0.04251539044930099,10.5
5,12,rs,-0.025346805891868742,0.48522322286259045,0.01935439082709226,0.0005861071602763249,0.44384443082592706,0.9615261012857611,-0.06337567622011359,0.04528730352070521,0.05210024414753372,0.051796644149459954,13.272727272727273,-0.013904980073372522,0.4756033917268117,0.019962615954379242,0.0013076360813405092,0.4521167625983556,0.9463332692782084,0.0006518761316935221,0.03517523167344431,0.04062500037252903,0.0398807903506882,9.833333333333334
5,13,rs,-0.027633896393870764,0.4949382259087129,0.019182550128210674,0.001058117962238405,0.4355563494292172,0.9724920283664357,-0.07494616914879192,0.04787456417794932,0.053901176984337246,0.05386917769230934,13.727272727272727,-0.00903300397718946,0.4823625832796097,0.019575090147554874,0.0012807683589812768,0.4385455548763275,0.9446055293083191,-0.009147574504216513,0.02988886305441459,0.034288194961845875,0.035202969343889556,7.833333333333333
5,14,rs,-0.0337934034707194,0.5010062699968164,0.018869347277690064,0.0012741875773036265,0.42669442296028137,0.9735785858197645,-0.12456525184891441,0.05393693795089017,0.06105418075722727,0.061024084403875384,15.5,-0.024683030943075817,0.4906492034594218,0.01993089821189642,0.0013180316260748743,0.4399192879597346,0.953546424706777,-0.025868405898412068,0.045931961076955,0.052430555845300354,0.05206594436300573,12.666666666666666
5,15,rs,-0.02018317753787745,0.5066543289206245,0.01841123994778503,0.0014856658615580317,0.4029936451803554,0.9739477932453156,-0.1753675422885201,0.0400800839997828,0.0448965103873475,0.04522886392793207,11.454545454545455,-0.022735640096167724,0.5102007438739141,0.01826186167697112,0.001469498475974736,0.38953761259714764,0.9474555055300394,-0.05832762519518534,0.04246699996292591,0.049045139302810035,0.047924132897508825,10.666666666666666
5,16,rs,-0.01987320857799866,0.5337167043577541,0.016505156093361704,0.0013379678942080566,0.3478717654943466,0.9573609937321056,-0.19955061376094818,0.0377163326325403,0.04372970789501613,0.04347408609073035,11.181818181818182,-0.022783763551463682,0.5334579149881998,0.018264060684790213,0.0017154762226709863,0.3732341180245082,0.9521354734897614,-0.08398691813151042,0.04276330086092154,0.04908854172875484,0.04909470281129314,12.0
5,17,rs,-0.023567136631093243,0.5331679745153948,0.01742781956934116,0.0009939005081336786,0.3654664416204799,0.9742899862202731,-0.2085581123828888,0.0419888565401462,0.047255479243837974,0.047384231490898834,12.090909090909092,-0.02858293956766526,0.5266766846179962,0.01874772614488999,0.001405872016524275,0.3815016994873683,0.964905858039856,-0.10652648409207661,0.04873653749624888,0.054644099747141205,0.05418569996307563,12.666666666666666
5,18,rs,-0.030215647494928402,0.5580870915542949,0.017188183539970356,0.0014402958877132671,0.34130406921560114,0.9770691069689664,-0.2582621845332059,0.04884412698447704,0.05491578748280352,0.054861508147053664,14.0,-0.015872130636125803,0.5345784227053324,0.01850357325747609,0.0012085292094828521,0.35078098376592,0.9623382389545441,-0.14403133591016135,0.03558423354600867,0.03949652782951792,0.03958104810972529,9.166666666666666
5,19,rs,-0.015632517847486517,0.540996327996254,0.01702847865156152,0.0014882216954984788,0.3308297883380543,0.9764246507124468,-0.2964387983083725,0.03414921819190071,0.03789569795216349,0.03818916744221295,9.681818181818182,-0.018848646742602188,0.557105133930842,0.017312354408204556,0.0015502155850602624,0.3055281937122345,0.956770122051239,-0.19830337166786194,0.03771121675769488,0.042013889799515404,0.0423830665685637,10.0
5,20,rs,-0.023337060162289577,0.5679708908904683,0.016233988444913517,0.0010681114694390008,0.29822132736444473,0.9759090298956091,-0.340327418663285,0.040639160190370276,0.045885755214840174,0.04614062396590663,11.727272727272727,-0.012820298473040262,0.5482937494913737,0.018637230309347313,0.0020087052471353672,0.3345574885606766,0.9685143828392029,-0.185744176308314,0.03346623356143633,0.03671875006208817,0.03735327510334222,8.833333333333334
5,21,rs,-0.03127464588562196,0.5795233330943368,0.016400942536578936,0.0011212374781528276,0.2921506735411557,0.9785963947122748,-0.3445994677868756,0.0487968258517371,0.054078733548521996,0.05385701541144126,13.727272727272727,-0.0033977956821521125,0.5585359632968903,0.018482519934574764,0.0013604032214213173,0.30922848482926685,0.9694163501262665,-0.21677334109942117,0.023240718292072415,0.025260417101283867,0.024075679359282443,5.333333333333333
5,22,rs,-0.0237295242365111,0.5762434303760529,0.016496436839753933,0.00097586665949543,0.2847057824785059,0.9813784550536763,-0.3747795711864125,0.041201827518472615,0.04537844945761291,0.04567801135835599,11.545454545454545,-0.0021581671511133513,0.5581372976303101,0.01837124985953172,0.0009167101422159855,0.3001912186543147,0.9729006787141165,-0.2269856482744217,0.021446127522115905,0.023133680845300358,0.0246715522599843,5.166666666666667
5,23,rs,-0.017687379213219338,0.5855340497060255,0.015888640614734453,0.0014847554095006902,0.2555410238829526,0.9773892489346591,-0.37650958516381006,0.03506077556151219,0.03885957865383138,0.03866131686862588,9.818181818181818,-0.033955184587587915,0.6222205658753713,0.01699341383452217,0.0008380285653402098,0.24247715870539346,0.9614590605099996,-0.24953752756118774,0.051786625757813454,0.058116319589316845,0.05763553137092061,14.5
5,24,rs,-0.026219913735985756,0.6015334508635781,0.015615650368007746,0.0011317417976008735,0.2455585836009546,0.9808108806610107,-0.37535171888091345,0.04296730589968237,0.04771205368028446,0.04733922074063237,12.090909090909092,-0.020710970119883616,0.5588663915793101,0.01818436197936535,0.0012026652808951137,0.2794850865999858,0.9728562633196512,-0.25530050694942474,0.040097997368623815,0.04379340292265018,0.04375832717824552,10.833333333333334
5,25,rs,-0.01799635263159871,0.5940712798725475,0.015764729416167193,0.0013838166068208839,0.23927424238486725,0.9811098575592041,-0.4176464243368669,0.035144898839379574,0.039087865416976536,0.03939843529302098,9.909090909090908,-0.03680075565353036,0.6132347186406454,0.01685956120491028,0.0007243901942880863,0.23113402227560678,0.9654972751935323,-0.2667358418305715,0.054384707007557154,0.060677083830038704,0.06057694970415047,13.833333333333334
5,26,rs,-0.03448977321386337,0.5941827622326937,0.016280053606764835,0.0009396767789307991,0.2569368522275578,0.9850013960491527,-0.36945687369866803,0.051709502945992754,0.05658989492803812,0.05654461333406901,14.454545454545455,-0.021172274369746447,0.5692030886809031,0.019239843357354403,0.001196513937581282,0.29448264340559643,0.9809156457583109,-0.23137213289737701,0.04160863327948997,0.04457465326413512,0.043564274293925266,9.333333333333334
5,27,rs,-0.024886297866363417,0.5908714397387071,0.016330136663534424,0.0010102527030539932,0.2592239508574659,0.9862406335093759,-0.39526004005562176,0.042226686999625104,0.04575892791829326,0.04577228934174333,11.681818181818182,-0.014425226952880621,0.5767086644967397,0.01786770795782407,0.0015247996858912909,0.24614699184894562,0.9738015631834666,-0.27622799575328827,0.033817734414090715,0.036718751303851604,0.037092726503807856,8.833333333333334
5,28,rs,-0.03238464510914954,0.6063761982050809,0.015623190651901743,0.0006719284679868244,0.2255265326662497,0.9856351261789148,-0.4418274746699767,0.048679764213209804,0.05324168029156598,0.0534855025209045,13.545454545454545,-0.032856072299182415,0.5996489922205607,0.018296027245620888,0.000771577154409897,0.24675226459900537,0.9771435062090555,-0.29542964200178784,0.05192367732524872,0.055772569651405014,0.05547936143033358,13.333333333333334
5,29,rs,-0.031817892608656126,0.6064300239086151,0.016372326761484146,0.0006315508183185805,0.24241053042086688,0.9880524006756869,-0.43511520055207337,0.0488217702050778,0.052734375253997066,0.05284348790408217,13.454545454545455,-0.02473036665469408,0.5868241290251414,0.018297950116296608,0.0009959711856595277,0.24353024860223135,0.977351446946462,-0.30062471330165863,0.04402428772300482,0.047395833457509674,0.0465229866928297,11.0
5,30,rs,-0.03448072723536329,0.5982677638530731,0.016443380747329105,0.0008681090879411551,0.2403854558413679,0.9864560501141981,-0.40013803948055615,0.05179221674122594,0.05626014569266276,0.05634390135937505,14.318181818181818,-0.034331997546056904,0.6039725244045258,0.019293699103097122,0.0012294242214920814,0.2620438312490781,0.9810501833756765,-0.290504718820254,0.0548551210667938,0.05885416641831398,0.058776689044504914,14.5
5,31,rs,-0.02115819306874817,0.6063768565654755,0.015208187724717638,0.0015414172872128388,0.20937872203913602,0.9826921062035994,-0.4555725970051505,0.03790779818188061,0.04172585261139003,0.04186611017980408,10.545454545454545,-0.03709656900415818,0.6278376579284668,0.0167222386226058,0.0008957271444766471,0.1876404732465744,0.9709465702374777,-0.36020372807979584,0.054714534509306155,0.060763888681928314,0.05913314900850349,13.666666666666666
5,32,rs,-0.03267207496206869,0.6130900139158423,0.015880576758222145,0.0009473442996026774,0.23105953701517798,0.9877947839823636,-0.4500689587809823,0.04949999603823843,0.053748984736475075,0.05373292996402706,13.727272727272727,-0.01348378819723924,0.5961385866006216,0.01939003619675835,0.0010514817501340683,0.2608071913321813,0.9819691677888235,-0.2801007231076558,0.03392530636241039,0.03606770901630322,0.035785818128836605,8.666666666666666
5,33,rs,-0.02263162522153421,0.6087822751565413,0.015488293868574228,0.0015017432235502135,0.20735213025049729,0.987208528952165,-0.4670837399634448,0.03962166230617599,0.042918019610541785,0.04281515524379362,10.909090909090908,-0.041306568309664726,0.640279640754064,0.017197256286938984,0.0008052434426417676,0.19111667076746622,0.9732482333978018,-0.3495660871267319,0.05930906844635805,0.06458333383003871,0.06523385440120251,14.833333333333334
5,34,rs,-0.028944092252376406,0.6089057976549322,0.015426829414950176,0.0011674303147256896,0.20990495112809268,0.9862615709955042,-0.442494274540381,0.04553835180757398,0.04971590951423754,0.049741284677104855,12.681818181818182,-0.04006848748152455,0.6093211770057678,0.018693733339508373,0.0007538953702047971,0.24145716428756714,0.9814849098523458,-0.3111887474854787,0.05951611860655248,0.06345486144224803,0.06400433019501496,14.166666666666666
5,35,rs,-0.03927093257450245,0.6041756272315979,0.01615787966346199,0.0008956385712962342,0.23453808982263913,0.9876701235771179,-0.42640094594521954,0.05632445112463425,0.06090198863636364,0.06035666183289821,15.454545454545455,-0.026872041324774425,0.5880567928155264,0.01937862206250429,0.0007718472853639469,0.2559004972378413,0.98503710826238,-0.28693142036596936,0.047022510319948196,0.050173612932364144,0.05050121940648982,11.333333333333334
5,36,rs,-0.03479859419167042,0.6030297089706768,0.01613545235754414,0.0009231618414560216,0.22608975727449765,0.9899227944287387,-0.4574822607365521,0.05185720904476263,0.05572747604244135,0.05548051006743053,14.136363636363637,-0.030574260900417965,0.6126431226730347,0.0182991330511868,0.0009426088302202373,0.2179828112324079,0.9820134739081064,-0.3271128038565318,0.04981600310808668,0.053515625496705375,0.05381806700163294,12.0
5,37,rs,-0.03799100338735364,0.6209155564958398,0.015797317917035383,0.0007170581335832986,0.2152050564234907,0.9909347214482047,-0.46636623550545087,0.054505379531871186,0.05864448117261583,0.058053417596617425,15.0,-0.031402883430322014,0.6219448149204254,0.019452609432240326,0.0008553699857050864,0.2399054542183876,0.9854575792948405,-0.32477038105328876,0.05171086429618299,0.055034722589577235,0.05551700638140782,13.333333333333334
5,38,rs,-0.02630588242953474,0.6065683391961184,0.015752364161678335,0.0010622774775532146,0.20431843196803873,0.988891834562475,-0.4897278587926518,0.04312052394644442,0.046088677471164956,0.04619943899659797,11.727272727272727,-0.030082435968021553,0.637209395567576,0.017732225203265745,0.000819437052361612,0.18336056172847748,0.9800118505954742,-0.38499631981054944,0.0486340985322992,0.05221354216337204,0.052277363746859394,11.666666666666666
5,39,rs,-0.03561855234544386,0.6230019981210883,0.015095614108510992,0.0007587828645072973,0.19253239916129547,0.9877251847223802,-0.513289289040999,0.05147294924509796,0.055778206580064514,0.05525153372237819,14.227272727272727,-0.03389138619725903,0.6163360973199209,0.019264283900459606,0.0006328878213632075,0.23090530435244241,0.9852263331413269,-0.3521878470977147,0.05378855733821789,0.05737847260509928,0.05805274459573085,14.5
5,40,rs,-0.03708477775481614,0.6156555603850972,0.015886220530691473,0.0014472103672460435,0.22111121971498837,0.990808137438514,-0.4646357609467073,0.054418208077549934,0.05844155851412903,0.05818723445549721,14.863636363636363,-0.013614285116394361,0.6045807898044586,0.018651720757285755,0.000607973898581804,0.20496283719937006,0.9832705557346344,-0.38399945696194965,0.03287397976964712,0.03476562537252903,0.03359215581419014,8.333333333333334
5,41,rs,-0.031152567953209986,0.6237226291136309,0.014926472043787891,0.0012448769083758552,0.1824531304565343,0.9890525178475813,-0.5046183331446215,0.04732391751498322,0.05095880631018768,0.0509470065497921,12.954545454545455,-0.022106826305389404,0.5920302967230479,0.018463886032501858,0.0010276945216295037,0.19942593574523926,0.9830568929513296,-0.37387733658154804,0.04159840712479005,0.04440104216337204,0.04309847277287204,9.666666666666666
5,42,rs,-0.038134181491014635,0.6210085505788977,0.015608480538834225,0.0012738357782030687,0.204820916056633,0.9909090318463065,-0.4806210832162337,0.05501649778505618,0.05927861219441349,0.059522921813266905,15.090909090909092,-0.04396716536333164,0.6179646054903666,0.01930427209784587,0.0007232839913437298,0.21603661527236304,0.9866372446219126,-0.3889203369617462,0.06399472119907539,0.06801215310891469,0.06769509123886591,15.333333333333334
5,43,rs,-0.04104977757246657,0.6218790005553853,0.016225037545981733,0.0013752233819766182,0.20625739138234744,0.9924172975800254,-0.48133598268032074,0.058650039210492236,0.06262682636522433,0.06254400665912944,15.954545454545455,-0.004037386272102594,0.5847811897595724,0.019648829164604347,0.0010850065760716159,0.2212685520450274,0.9866834779580435,-0.366379514336586,0.024771221758176882,0.025911458457509678,0.025932128004874173,5.5
5,44,rs,-0.033760674255476755,0.5954909947785464,0.016153007407080044,0.0008824016939538059,0.21647890453988855,0.9929333464665846,-0.4639925861900503,0.05079608452929692,0.054332386469468474,0.05433393236318636,13.818181818181818,-0.0407746604954203,0.6268725792566935,0.018888397452731926,0.0007648846518577557,0.21310598403215408,0.9855752686659495,-0.36792544027169544,0.06042794200281302,0.06423611069718997,0.06311637217028715,15.5
5,45,rs,-0.04179545716297897,0.628558562560515,0.014913605060428381,0.0007985165253061991,0.18959118764508853,0.9898183101957495,-0.47493715448813006,0.05750757847404615,0.06194196476347067,0.06207299007796891,15.727272727272727,-0.043693336037298046,0.6278656423091888,0.018993251336117584,0.00044859941050863955,0.2089451402425766,0.9867619077364603,-0.39071518182754517,0.06313518558939298,0.06718750049670537,0.0670373192241477,15.5
5,46,rs,-0.03581508321010254,0.614778461781415,0.0161590906791389,0.0006614580792617372,0.2137144614349712,0.9924827407706868,-0.4911642914468592,0.052635632434182546,0.05575284116308798,0.05538757106881029,14.227272727272727,-0.03603477186212937,0.6003517508506775,0.018948735824475687,0.0009497843392030821,0.19219273080428442,0.9867094953854879,-0.3930787692467372,0.05593329140295585,0.059505208395421505,0.060197727622863705,14.666666666666666
5,47,rs,-0.04066262936050242,0.6322604553266005,0.014676783233880997,0.0010394486723312598,0.16489069976589896,0.9889103336767717,-0.5309902090917934,0.05637886118016799,0.06092735379934311,0.06070422326513649,15.454545454545455,-0.02573770595093568,0.6133704980214437,0.01913185976445675,0.001185284413319702,0.2052997574210167,0.9871341188748678,-0.395349125067393,0.046054851186151304,0.048958333830038704,0.049769040710003015,10.833333333333334
5,48,rs,-0.04119446439753202,0.626511961221695,0.015551808586513454,0.0005492454086178226,0.19579372961412778,0.9920261881568215,-0.5019599456678737,0.05729551827111705,0.061054180206900295,0.0610954408860127,15.590909090909092,-0.030342139303684235,0.6048820714155833,0.019646547734737396,0.0008371885955966718,0.2159514327843984,0.9888485272725424,-0.374195064107577,0.05082587649424871,0.0536024309694767,0.054202459099236135,11.833333333333334
5,49,rs,-0.035807633264498276,0.6157947941259905,0.015611356124281883,0.0007088685157131378,0.20011838254603473,0.9916909580880945,-0.5177676731889899,0.052127858052368865,0.05542309243570675,0.05559469224058338,14.136363636363637,-0.03478562769790491,0.6182999809583029,0.01854986495648821,0.00038078649110199575,0.18537694215774536,0.9849124948183695,-0.3939097275336583,0.05371627894540628,0.057161458457509674,0.05754161779817981,13.5
5,50,rs,-0.01658961900763891,0.6047455262054097,0.014295529531822964,0.001015578540122161,0.16448349979790775,0.9891676713119854,-0.4895881116390228,0.03190072696782987,0.034293831029737536,0.033922095101327314,8.772727272727273,-0.028781365603208542,0.6344055036703745,0.016676810880502064,0.0007861359032782881,0.13710792114337286,0.9740119278430939,-0.4090290466944377,0.046244312077760696,0.05008680559694767,0.049695692711704285,11.5
5,51,rs,-0.035400891888209364,0.6379184641621329,0.01413721955296668,0.0011969335431455295,0.16468248279257255,0.9843775602904233,-0.44284545562484046,0.05073504539375955,0.05524553553285924,0.054756372407216355,14.045454545454545,-0.025006051485737164,0.6168035964171091,0.019220594316720963,0.0007866744942172469,0.2210434004664421,0.9864114622275034,-0.3495689580837886,0.04501332125316063,0.04778645932674408,0.04747121795189177,11.666666666666666
5,52,rs,-0.03400212551721118,0.6070965013720773,0.01582525069402023,0.0009189622926467936,0.20901016213677145,0.9926825599236921,-0.4489616331729022,0.05074633880179714,0.054180194581435484,0.05448026401531543,13.727272727272727,-0.029391236913700897,0.6095965107282003,0.018674621048072975,0.000866413281187306,0.19494704405466715,0.9839426974455515,-0.38109136124451953,0.048932271699110665,0.051779514799515404,0.05159980984896546,12.5
5,53,rs,-0.0319446370174939,0.6188538453795693,0.014723935884169558,0.0012885369770339655,0.1812039776281877,0.9910424216227098,-0.5353697619654916,0.047957109975289895,0.05133928578685631,0.051129625835005174,13.090909090909092,-0.023421158082783222,0.6263512273629507,0.01802839431911707,0.0007522133862115273,0.16811317205429077,0.982640673716863,-0.4189463307460149,0.042201765812933445,0.044878472263614334,0.045076791643968606,10.166666666666666
5,54,rs,-0.032548307652839205,0.629582407799634,0.014352358623661778,0.0007981194381417564,0.16558278860016304,0.9903826876120134,-0.5249139084057375,0.04769878486298363,0.05146611219441349,0.05106222704291332,13.136363636363637,-0.004917862359434366,0.5928319891293844,0.018544835348924,0.001168149905121633,0.1849195882678032,0.9846930702527364,-0.3904801905155182,0.024630847076574963,0.025824653295179207,0.0265676820620566,5.666666666666667
5,55,rs,-0.03356205777857791,0.6296444697813555,0.014417940115725452,0.0006787193835422881,0.17232003672556442,0.9883246557279066,-0.48767678981477564,0.04865871737076139,0.05217634005980058,0.052277628612590284,13.227272727272727,-0.039287145249545574,0.6198467413584391,0.01882344592983524,0.0006003420197278805,0.19792416940132776,0.9854949613412222,-0.36451031267642975,0.05871093273162842,0.062456599126259484,0.0630252218791198,14.666666666666666
5,56,rs,-0.03142859048040753,0.6157580397345803,0.014894430864263664,0.0010209879909242854,0.18644081530245868,0.9913412928581238,-0.5041553947058591,0.04734400924379853,0.05052759735421701,0.05038456156398856,12.818181818181818,-0.022213836200535297,0.609796792268753,0.018843618221580982,0.0011158714260091074,0.1901992311080297,0.9861095945040385,-0.374181404709816,0.04217332601547241,0.04440104216337204,0.04399083888222293,9.666666666666666
5,57,rs,-0.035990544721822844,0.6322638121518221,0.014320131941613827,0.001331014240042288,0.16878072917461395,0.9890269962224093,-0.5015515116128054,0.05164169091519646,0.0553216314451261,0.055802856112863314,14.045454545454545,-0.03053273105372985,0.611433078845342,0.01876165345311165,0.00047098237215929356,0.18595812221368155,0.9845999677975973,-0.37534185747305554,0.04976536612957716,0.052430554603536926,0.052772678642459714,12.666666666666666
5,58,rs,-0.03089588804339821,0.6201900812712583,0.014570279978215694,0.0012731766171922036,0.18231844969771124,0.9910758435726166,-0.5154182355512272,0.04673934452743693,0.04976664000952786,0.05026973243468644,12.681818181818182,-0.03291282104328275,0.6162588099638621,0.018829713730762403,0.0007418010985323539,0.18752198666334152,0.9843908747037252,-0.3789040942986806,0.0524843359986941,0.056032986690600715,0.05576211633597267,12.833333333333334
5,59,rs,-0.02920513456179337,0.6178853457624262,0.014227174391800707,0.0008752380707102765,0.17078246819702061,0.989785061641173,-0.4791236397894946,0.04430754685943777,0.047382305206900295,0.047063644274397694,12.090909090909092,-0.010967830506463846,0.6122297247250875,0.017937603872269392,0.0010663463513083116,0.15891788651545843,0.9827398955821991,-0.41100655496120453,0.029971781147954363,0.031857638930281006,0.03283842716772641,6.833333333333333
5,60,rs,-0.040458395251665606,0.6448973715305328,0.013967616991563276,0.0009710893483646611,0.15821318633177064,0.9893676855347373,-0.5069065364924344,0.055397102355279705,0.05965909073975953,0.05964516523959835,15.181818181818182,-0.01685763740291198,0.5965709487597147,0.02024149615317583,0.0008375259294552961,0.21643516918023428,0.9895245432853699,-0.38325636088848114,0.03793666018949201,0.03980034853642186,0.04006331767307278,10.0
5,61,rs,-0.03457655374553393,0.6172502338886261,0.01491030432622541,0.000843905812871526,0.1829261461442167,0.9920155622742393,-0.49953424524177203,0.0503307640213858,0.05336850627579472,0.053288833622246394,13.545454545454545,-0.037813883274793625,0.6415308117866516,0.01846482480565707,0.001053655614668969,0.16613557686408362,0.9852311511834463,-0.4118816057840983,0.05733236360053221,0.06098090298473835,0.06161802241226986,14.666666666666666
5,62,rs,-0.031535777898336,0.6155485266988928,0.014457767278971996,0.0014534756768295085,0.17393585768612949,0.9914515641602603,-0.5296975306489251,0.047447020367888566,0.05052759786221114,0.05056214713532725,12.863636363636363,-0.030198180427153904,0.6045665144920349,0.018649031408131123,0.0006617582015072306,0.17373186846574148,0.987473875284195,-0.3829776595036189,0.049508970230817795,0.052213542784253754,0.05224268646117236,11.666666666666666
